{"name": "eigen", "eigen": 5, "normalized": false, "process_time": 0.02365708351135254, "data": {"0": 0.010067400253736489, "1": 0.010067400253736453, "2": 0.010067400253736425, "3": 0.01006740025373648, "4": 0.010067400253736425, "5": 0.010067400253736591, "6": 0.010067400253736425, "7": 0.010067400253736501, "8": 0.010067400253736564, "9": 0.01006740025373648, "10": 0.01006740025373637, "11": 0.010067400253736591, "12": 0.01006740025373655, "13": 0.010067400253736543, "14": 0.010067400253736494, "15": 0.010067400253736508, "16": 0.010067400253736536, "17": 0.010067400253736453, "18": 0.010067400253736522, "19": 0.010067400253736494, "20": 0.01006740025373648, "21": 0.01006740025373648, "22": 0.010067400253736286, "23": 0.01006740025373648, "24": 0.01006740025373648, "25": 0.010067400253736508, "26": 0.010067400253736493, "27": 0.010067400253736486, "28": 0.010067400253736486, "29": 0.010067400253736487, "30": 0.010067400253736489, "31": 0.010067400253736484, "32": 0.010067400253736487, "33": 0.010067400253736482, "34": 0.010067400253736489, "35": 0.010067400253736484, "36": 0.010067400253736484, "37": 0.010067400253736489, "38": 0.010067400253736487, "39": 0.010067400253736496, "40": 0.0100674002537365, "41": 0.010067400253736486, "42": 0.010067400253736486, "43": 0.010067400253736486, "44": 0.010067400253736487, "45": 0.010067400253736489, "46": 0.01006740025373649, "47": 0.010067400253736487, "48": 0.010067400253736493, "49": 0.006545723556359366, "50": -0.16830619379176118, "51": -0.284282931275977, "52": -0.3008146731005514, "53": -0.2121184516190918, "54": -0.049221086910667004, "55": 0.13089430334795268, "56": 0.26522156496344784, "57": 0.30677168636074253, "58": 0.24101002198983337, "59": 0.09094065584051002, "60": -0.09094065584051579, "61": -0.24101002198983704, "62": -0.3067716863607489, "63": -0.2652215649634549, "64": -0.13089430334795668, "65": 0.049221086910667865, "66": 0.2121184516190976, "67": 0.30081467310056, "68": 0.28428293127598303, "69": 0.16830619379176642, "70": -0.006545723556359448, "71": -0.010067400253736702, "72": -0.010067400253736702, "73": -0.010067400253736704, "74": -0.010067400253736704, "75": -0.010067400253736702, "76": -0.010067400253736702, "77": -0.010067400253736704, "78": -0.010067400253736704, "79": -0.010067400253736702, "80": -0.010067400253736702, "81": -0.010067400253736704, "82": -0.010067400253736704, "83": -0.010067400253736702, "84": -0.010067400253736702, "85": -0.010067400253736704, "86": -0.010067400253736704, "87": -0.010067400253736702, "88": -0.010067400253736702, "89": -0.010067400253736706, "90": -0.010067400253736706, "91": -0.010067400253736706, "92": -0.010067400253736706, "93": -0.010067400253736708, "94": -0.010067400253736708, "95": -0.01006740025373671, "96": -0.01006740025373671, "97": -0.01006740025373671, "98": -0.01006740025373671, "99": -0.01006740025373671, "100": -0.01006740025373671, "101": -0.01006740025373671, "102": -0.01006740025373671, "103": -0.01006740025373671, "104": -0.01006740025373671, "105": -0.010067400253736708, "106": -0.010067400253736708, "107": -0.01006740025373671, "108": -0.01006740025373671, "109": -0.010067400253736706, "110": -0.010067400253736706, "111": -0.010067400253736706, "112": -0.010067400253736706, "113": -0.010067400253736704, "114": -0.010067400253736704, "115": -0.010067400253736704, "116": -0.010067400253736704, "117": -0.010067400253736702, "118": -0.010067400253736702, "119": -0.010067400253736704}}