{"0": 2.4983077894720094e-18, "1": -1.6131875801388737e-16, "2": -3.501762042842517e-17, "3": 2.9051413345588475e-17, "4": -5.983111951807087e-16, "5": 9.573614155605249e-16, "6": 3.5454500765858444e-16, "7": 1.0691323146289519e-16, "8": -8.554246168352386e-16, "9": 2.069673809355724e-16, "10": -0.14165905825955913, "11": 0.4242815298478153, "12": 0.4692527548489564, "13": 0.030774302029366058, "14": 0.29184323253558503, "15": 0.29184323253558503, "16": -0.0707704225078627, "17": -0.2316015082618423, "18": -0.23160150826184198, "19": -0.08861434408054118, "20": -0.29536406633599027, "21": -0.44838414408967026, "22": 1.8202280434652546e-16, "23": 5.099697180165225e-17, "24": 1.0829405995733555e-15, "25": -1.1739346426724705e-15}