{"name":"fiedler","normalized":true,"weight":"value","num_of_nodes":35,"num_of_edges":118,"process_time":0.022397756576538086,"data":{"YUG":-0.12004454490735106,"ROM":0.052938792568593865,"NOR":0.3067795795718581,"CHE":0.017629062482961724,"BGR":0.013682472465696309,"PRT":-0.09170335451305851,"NLD":0.07110007362361172,"AUT":0.031236676768713622,"BEL":-0.0069169434747963065,"GBR":0.45452960803125075,"DEU":0.07578575142551486,"ESP":-0.13111902597400513,"FRA":-0.09461702128909652,"ITA":-0.13317952250094317,"TUR":0.04068150767560729,"SCO":0.2838897723703194,"GRE":0.07880050596029685,"DNK":0.2142640871078909,"HRV":0.007402111355822133,"PRY":-0.33865520974221724,"ARG":-0.12374005918911915,"COL":-0.1145715959668432,"BRA":-0.3639693125093055,"CHL":-0.030300286374314162,"KOR":-0.2141046149435171,"IRN":0.02699868368545834,"JPN":-0.25173660979556345,"MEX":-0.12668194308351852,"JAM":0.22937962196579675,"USA":0.03157810340322862,"ZAF":0.08996201357872967,"NGA":-0.012461923505027263,"TUN":-0.03012860001698791,"MAR":-0.07171817113427172,"CMR":-0.11235825729999091}}