{"name": "eigen", "eigen": 5, "normalized": false, "process_time": 0.0049779415130615234, "data": {"0": 1.1753847753435683e-18, "1": 0.076072471577301, "2": -0.07607247157728866, "3": -0.07246663736548829, "4": 0.07246663736547619, "5": -1.1799454626521999e-14, "6": 0.18939415469049917, "7": -0.18939415469046889, "8": -0.18041687410081314, "9": 0.18041687410078303, "10": 2.9702069812747136e-14, "11": 0.008977280589686292, "12": 0.18939415469046983, "13": -0.00897728058968481, "14": -0.18939415469049786, "15": 0.0805437616200238, "16": -0.08054376162001049, "17": -0.07672598831549207, "18": 0.0767259883154791, "19": 0.2005261210964667, "20": -0.20052612109643508, "21": -0.19102118543683078, "22": 0.1910211854367986, "23": 1.2734739494217984e-14, "24": 0.0038177733045317644, "25": 0.08054376162001069, "26": 0.28106988271648947, "27": 0.08054376162005437, "28": 0.09004869727966003, "29": 0.2810698827164588, "30": -0.003817773304531262, "31": -0.08054376162002284, "32": -0.2810698827164449, "33": -0.08054376161997896, "34": -0.09004869727964503, "35": -0.28106988271647537, "36": -0.06722105265585508, "37": -0.2677471737523223, "38": 0.26774717375227775, "39": 0.06722105265584422, "40": 0.20052612109642315, "41": -0.2005261210964779}}