{"0": -0.08414118400336945, "1": -0.011936153806227869, "2": 0.09607732840706079, "3": -0.2044448816411444, "4": 0.025399178237847493, "5": 0.17904572162472024, "6": -0.08420791773841874, "7": 0.010461540564192176, "8": -0.25293405599999347, "9": -0.051484988873607536, "10": 0.07374633140842723, "11": -0.18964926508267688, "12": 0.14646481693503735, "13": 0.1064692603223223, "14": 0.241134275417308, "15": -0.06891924055730266, "16": 0.008562162934129007, "17": -0.20701169217011167, "18": -0.042137451271984934, "19": -0.12076200720604467, "20": -0.0528526864747848, "21": -0.24179447119706557, "22": -0.09728883279010703, "23": 0.06035705802268743, "24": -0.15521679708155228, "25": 0.11987285431012738, "26": -0.06896711211748574, "27": 0.044338337651325874, "28": -0.14460344696052466, "29": 0.0965015683440783, "30": 0.08713884730800427, "31": 0.19735425780155869, "32": 0.07642361210520492, "33": 0.12181974114275625, "34": 0.1452929156328632, "35": 0.2418922928382457, "36": -0.2826958985733333, "37": -0.32809202772131524, "38": -0.01871214841623104, "39": 0.09459330142674832, "40": 0.23349876812295073, "41": 0.3014080891256863}