{"0": -0.27532273254854767, "1": 0.15927780964258875, "2": 0.11604492410517656, "3": -0.16411230366909543, "4": -0.2252528301569168, "5": 0.3893651320894082, "6": -0.046417969157501605, "7": -0.0637111252712576, "8": -0.20296503389552106, "9": -0.2375513367132172, "10": 0.1101290968667485, "11": -0.029124811743100273, "12": 0.2839693033150295, "13": -0.08100427068878881, "14": 0.26667614722237515, "15": -0.02524804673314344, "16": -0.03465428280466649, "17": -0.11039842331103257, "18": -0.12921089278927905, "19": -0.08010076731071879, "20": -0.08762575720657416, "21": -0.1482210700038431, "22": -0.1632710445411251, "23": 0.05990233021734306, "24": -0.015841810289102722, "25": 0.1544589388302109, "26": 0.014455845711432392, "27": 0.08257614923751538, "28": 0.021980836430234428, "29": 0.158221433778607, "30": -0.04406051583866485, "31": 0.14505270275893778, "32": -0.0024753802564383945, "33": 0.07316991316580645, "34": -0.010000364064749368, "35": 0.14129020779525914, "36": -0.06316954014721815, "37": -0.1388148335596696, "38": -0.1726772775754426, "39": -0.10455697404909088, "40": 0.24337180632032154, "41": 0.23584681640865332}