{"0": 2.354023757621933, "1": 2.354023757621933, "2": 2.354023757621933, "3": 1.40902501336096, "4": 1.40902501336096, "5": 1.40902501336096, "6": 1.40902501336096, "7": 1.40902501336096, "8": 1.40902501336096, "9": 1.40902501336096, "10": 1.40902501336096, "11": 1.40902501336096, "12": 1.40902501336096}