{"0": 0.0, "1": 0.0, "2": -1.7768149255941036e-17, "3": 0.5244040353619666, "4": -0.8155719994403201, "5": 0.1144591061359237, "6": -0.0215543451965001, "7": 0.06324760800093268, "8": -0.08255279992907935, "9": 0.06314760822639678, "10": -0.01114403555087254, "11": 0.17670885794242505, "12": -0.01114403555087254}