{"0": 1.2511440276792091e-17, "1": -6.032195694756907e-20, "2": 8.846924262130167e-18, "3": 0.029742490810975148, "4": -0.1010352558439887, "5": 0.4955627211077455, "6": 0.05797199299896596, "7": 0.057971992998965986, "8": 0.12849158551336745, "9": 0.057971992998965986, "10": 0.057971992998965986, "11": -0.8426215065829292, "12": 0.057971992998965986}