{"0": -0.2723845779527738, "1": -0.06188692419783754, "2": 0.3342714962041622, "3": 0.17941924096497072, "4": 0.1814738268469574, "5": -0.06753173523244285, "6": -0.22720777311470527, "7": 0.3178557009848501, "8": -0.27458217058908935, "9": 0.38106498852337967, "10": 0.2596397193170971, "11": -0.2788070687628978, "12": -0.47132471808143855}