{"0": 0.2536994658224585, "1": 0.2722936657587099, "2": 0.2675045470851007, "3": 0.24511367581249874, "4": 0.15817902967731054, "5": 0.11200089472186434, "6": 0.12389452656328614, "7": 0.086957604187855, "8": -0.056453442079031475, "9": -0.13263083444243742, "10": -0.11301059944844989, "11": -0.13667931700210606, "12": -0.22857532050950796, "13": -0.2773888400956116, "14": -0.26481643907938784, "15": -0.2573939247395155, "16": -0.22857532050950788, "17": -0.2132673914556362, "18": -0.21721009881263584, "19": -0.18428565726885815, "20": -0.056453442079030254, "21": 0.011448752812405743, "22": -0.00604012386142342, "23": 0.02759346886758267, "24": 0.15817902967731157, "25": 0.22754375270070898, "26": 0.20967818755351336, "27": 0.2186941501425466}