{"name": "eigen", "eigen": 1, "normalized": true, "process_time": 0.005767822265625, "data": {"0": 0.256808615640173, "1": 0.22009846256056376, "2": 0.26902996075395885, "3": 0.2872158398611048, "4": 0.16011755288110677, "5": 0.09036727919087602, "6": 0.12454557153714566, "7": 0.10165649342560273, "8": -0.05714529300028051, "9": -0.1074123085660993, "10": -0.11372417331380362, "11": -0.1604522659739396, "12": -0.23137656770091541, "13": -0.2243082371610095, "14": -0.2663572961090897, "15": -0.30173719646535646, "16": -0.2313765677009155, "17": -0.17229548811950068, "18": -0.2184179422355661, "19": -0.21580786370125116, "20": -0.05714529300028029, "21": 0.009459277663446862, "22": -0.00600542294460138, "23": 0.03262919210805696, "24": 0.16011755288110724, "25": 0.1840910144317187, "26": 0.21092930231195095, "27": 0.2564958007457762}}