{"name": "fiedler", "normalized": true, "process_time": 0.013533830642700195, "data": {"0": -0.03919652512786387, "1": -0.0928297875024016, "2": -0.09565905863366335, "3": -0.1417008029248715, "4": -0.2228672349049115, "5": -0.22078965404719808, "6": -0.26092178119243753, "7": -0.2984558810598215, "8": -0.2387143806542067, "9": -0.18249042348662514, "10": -0.2297050979142234, "11": -0.2304676117046991, "12": -0.07480473776644198, "13": -0.0067721852450798896, "14": -0.02551579636771436, "15": 0.01106746825048785, "16": 0.1454344118994841, "17": 0.17404566383060135, "18": 0.19788744006518325, "19": 0.2442685380262858, "20": 0.25615848593503326, "21": 0.22380357378423715, "22": 0.272277394691146, "23": 0.293530409634952, "24": 0.17398998062333323, "25": 0.10503281266217408, "26": 0.14163689935893406, "27": 0.1217578797706111}}