{"2": -0.5800037585685258, "1": 0.15992815919364506, "3": -0.31426500850083955, "0": 0.7343406078757202}