{"2": 0.0, "1": 0.30323921743156135, "3": -0.8081517730143934, "0": 0.5049125555828322}