{"name": "eigen", "eigen": 4, "normalized": false, "process_time": 0.01323699951171875, "data": {"0": 1.9036836784379955e-05, "1": -0.05188315169571552, "2": 0.051864114858904235, "3": 0.05085044110544926, "4": -0.05086910587103903, "5": 1.86647656428535e-05, "6": -0.11266823350060531, "7": 0.11270958862205689, "8": 0.11050751052897784, "9": -0.1104653471298315, "10": -4.13551215668122e-05, "11": -0.0022434332146444697, "12": -0.11266904177812764, "13": 0.002161531249206182, "14": 0.112708780344533, "15": -0.04565817062694304, "16": 0.04567492955830087, "17": 0.044782549743833534, "18": -0.04476546326246623, "19": -0.09916984520519709, "20": 0.0992397697278772, "21": 0.09730118738474552, "22": -0.09723055130107537, "23": -1.6758931405475988e-05, "24": -0.0009091387458723002, "25": -0.04565849817688198, "26": -0.14486153369490273, "27": -0.04571133621834193, "28": -0.047649918561472084, "29": -0.144862245255741, "30": 0.0008759484330708909, "31": 0.04567460200836167, "32": 0.1448811814234143, "33": 0.04562176396690133, "34": 0.047561057871021446, "35": 0.14488046986257463, "36": 0.042790801809304294, "37": 0.14205021926581585, "38": -0.1420295324263056, "39": -0.042879334949745745, "40": -0.09917088431597436, "41": 0.09923873061709845, "42": -0.037292046528561565, "43": 0.03730573465577742, "44": 0.03657686906380772, "45": -0.036562913404843855, "46": -0.08099856894923751, "47": 0.0810556809297976, "48": 0.07947231256556361, "49": -0.07941461940609955, "50": -0.03281607534333065, "51": 0.03285550183426306, "52": 0.03221385067232213, "53": -0.032174188661893956, "54": -0.07129277283679727, "55": 0.07137042717969827, "56": 0.06997652114011473, "57": -0.06989835516088053, "58": -1.368812725430213e-05, "59": -0.0007425537192236415, "60": -0.03729231406025232, "61": -0.11831799173226862, "62": -0.03733547038196989, "63": -0.038918838746202805, "64": -0.11831857291104825, "65": -0.0701354981263626, "66": -0.037317784892293204, "67": -0.03795943605423381, "68": -0.07013573364580748, "69": -0.14146605956335315, "70": -0.07017372597838595, "71": -0.07156763201796842, "72": -0.14146657119957726, "73": 0.07149005005946187, "74": 0.14146598717884923, "75": 0.0007154449964632539, "76": 0.03730546712408677, "77": 0.11833403933110485, "78": 0.03726231080236897, "79": 0.03884626034550589, "80": 0.11833345815232421, "81": 0.07013386023557058, "82": 0.1414664988150746, "83": 0.03727999629204585, "84": 0.07009563238354646, "85": 0.03792188297348209, "86": 0.07013362471612505, "87": 0.06733120959005415, "88": 0.1387020760215811, "89": 0.03590947953813576, "90": 0.06876334348166009, "91": 0.11602180537490145, "92": 0.03495007684616684, "93": -0.1387006220822835, "94": -0.06740828849731689, "95": -0.11600490906541422, "96": -0.06876447832120837, "97": -0.03594676508713942, "98": -0.03502238771511565, "99": 0.07136941249233741, "100": -0.0712937875241571, "101": -0.03281657839446629, "102": -0.08099941765970754, "103": 0.0810548322193263, "104": 0.03285499878312745, "105": -0.18517258198402886, "106": -0.15231871804050445, "107": 0.18521644508909485, "108": 0.15239873185502611, "109": 0.1494214574512086, "110": 0.1815975195233365, "111": -0.18155232808353908, "112": -0.14934035082145064, "113": -0.03289772704876258, "114": 0.03277385012883077, "115": -0.0358750014525778, "116": 0.029154924563074964, "117": -0.1523200463749534, "118": -0.18517367479903224, "119": 0.03575221734788306, "120": -0.029277473148274252, "121": 0.15239740352057496, "122": 0.18521535227408917}}