{"name": "eigen", "eigen": 4, "normalized": true, "process_time": 0.02417922019958496, "data": {"0": 7.03037346221404e-20, "1": 0.20483243423349337, "2": -0.18531690116347602, "3": -0.1448384032534504, "4": 0.13103883748117098, "5": -0.013799565772279837, "6": 0.2048324342334924, "7": -0.1853169011634764, "8": -0.2048324342334938, "9": 0.1853169011634775, "10": 0.01951553307001891, "11": 9.979860769162782e-16, "12": 0.1853169011634755, "13": -1.5655743845419123e-15, "14": -0.20483243423349312, "15": 0.057935361301380266, "16": -0.052415534992468225, "17": -0.05793536130138014, "18": 0.052415534992468454, "19": 0.11587072260275944, "20": -0.10483106998493674, "21": -0.115870722602761, "22": 0.1048310699849379, "23": 0.0055198263089119215, "24": 1.6879466152727482e-16, "25": 0.052415534992468225, "26": 0.17380608390414004, "27": 0.06897501391920496, "28": 0.05793536130138078, "29": 0.16276643128631674, "30": -4.671000773624963e-17, "31": -0.05793536130138031, "32": -0.15724660497740559, "33": -0.04137588237464354, "34": -0.05241553499246928, "35": -0.16828625759522864, "36": -0.05793536130137944, "37": -0.17380608390414107, "38": 0.157246604977406, "39": 0.05241553499246729, "40": 0.09931124367602458, "41": -0.12139054891167228, "42": 0.03151268218976827, "43": -0.02851029248668865, "44": -0.031512682189768194, "45": 0.02851029248668852, "46": 0.06302536437953601, "47": -0.057020584973377406, "48": -0.06302536437953653, "49": 0.05702058497337774, "50": 0.025210145751814607, "51": -0.02280823398935079, "52": -0.025210145751814517, "53": 0.022808233989350862, "54": 0.05042029150362875, "55": -0.045616467978701745, "56": -0.05042029150362944, "57": 0.04561646797870225, "58": 0.003002389703079614, "59": 1.0385963470461198e-17, "60": 0.02851029248668858, "61": 0.09453804656930428, "62": 0.03751746159592792, "63": 0.031512682189768486, "64": 0.08853326716314525, "65": 0.0567228279415828, "66": 0.03391459395223193, "67": 0.03151268218976833, "68": 0.05432091617911899, "69": 0.10714311944521154, "70": 0.0615266514665106, "71": 0.05672282794158301, "72": 0.10233929592028436, "73": -0.051318526476039836, "74": -0.1017388179796685, "75": -3.9386167303263795e-17, "76": -0.03151268218976822, "77": -0.085530877460066, "78": -0.022505513080528873, "79": -0.028510292486689057, "80": -0.0915356568662249, "81": -0.051318526476039364, "82": -0.09693499445474141, "83": -0.02610838072422487, "84": -0.046514702951111514, "85": -0.028510292486688613, "86": -0.05372043823850319, "87": -0.05672282794158233, "88": -0.10714311944521204, "89": -0.031512682189768076, "90": -0.056722827941582614, "91": -0.09453804656930466, "92": -0.03151268218976787, "93": 0.09693499445474155, "94": 0.0513185264760389, "95": 0.08553087746006631, "96": 0.051318526476039523, "97": 0.028510292486688543, "98": 0.028510292486688113, "99": -0.05582459296917242, "100": 0.04021216651315828, "101": 0.019805844286271128, "102": 0.054018195270297435, "103": -0.06602775408261592, "104": -0.028212535454894227, "105": 0.13865580163497945, "106": 0.11344565588316466, "107": -0.1254452869414301, "108": -0.102637052952079, "109": -0.11344565588316592, "110": -0.13865580163498037, "111": 0.12544528694143076, "112": 0.10263705295208002, "113": 0.03601874868290208, "114": -0.011999631058263219, "115": 0.025210145751815082, "116": -0.025210145751813882, "117": 0.10023514118961499, "118": 0.12784719870389324, "119": -0.022808233989351778, "120": 0.022808233989349867, "121": -0.11584756764562912, "122": -0.13625388987251622}}