{"0": -0.024044014776168465, "1": 0.20308606394514117, "2": -0.1790420419260001, "3": 0.25320366535544914, "4": -0.2872070511975433, "5": 0.03400337558331104, "6": 0.07161682780351486, "7": -0.08123442394873867, "8": 0.13361601150229005, "9": -0.17208644489588595, "10": 0.009617610627772258, "11": 0.22446804608640838, "12": 0.10046964335471055, "13": -0.23408566211325135, "14": -0.052381608429429995, "15": 0.03895441537512684, "16": -0.04418570101786173, "17": 0.07267753154179477, "18": -0.09360268791145931, "19": 0.025932249223031882, "20": -0.04057984922868309, "21": 0.052910734354951694, "22": -0.08011343587689436, "23": 0.0052312897333658005, "24": 0.1220945222865695, "25": 0.0546482799752611, "26": 0.07534923996985074, "27": 0.04837073588956867, "28": 0.14186131947274672, "29": 0.08790432916802525, "30": -0.12732581354803937, "31": -0.028491836408474084, "32": -0.07430297486004943, "33": -0.034769380502777815, "34": -0.14081506559365808, "35": -0.06174788563608089, "36": 0.1755844356223472, "37": 0.13605084126694147, "38": -0.16325354841373177, "39": -0.19023205248722222, "40": 0.05418120303232235, "41": -0.012330895409680354, "42": 0.02469545530426169, "43": -0.028011869938593666, "44": 0.046074488539654665, "45": -0.05934015460409483, "46": 0.016439950959852942, "47": -0.025725912085496076, "48": 0.03354317333893767, "49": -0.050788538314552385, "50": 0.011880787846970452, "51": -0.02055448964811024, "52": 0.02503711536447512, "53": -0.03983343383009174, "54": 0.0068004780301065965, "55": -0.019147746290813762, "56": 0.01732553664839877, "57": -0.03457090038062789, "58": 0.0033164168787690705, "59": 0.07740277533578517, "60": 0.03464470337170409, "61": 0.04776823774739412, "62": 0.03066500511773506, "63": 0.08993409046923156, "64": 0.055727634918149783, "65": 0.04320907468927003, "66": 0.030052743063289308, "67": 0.07564434804351407, "68": 0.04933168868281797, "69": 0.05740771069895754, "70": 0.0468826438370168, "71": 0.08335592673353971, "72": 0.06230580086218385, "73": -0.0796313372649587, "74": -0.04878502614202028, "75": -0.08071919302869361, "76": -0.01806262182394677, "77": -0.047104950503270744, "78": -0.022042320113134672, "79": -0.08927080932352657, "80": -0.03914555332388424, "81": -0.04193352798976202, "82": -0.05368311629392896, "83": -0.02265458215155894, "84": -0.03825995882755633, "85": -0.07436880384123322, "86": -0.03581091399637946, "87": 0.1178912874718466, "88": 0.10246813006150515, "89": 0.09702338127450413, "90": 0.07774443539489964, "91": 0.08625049335463657, "92": 0.11131312375374335, "93": -0.11971349931250207, "94": -0.1302385661326942, "95": -0.10349586140694031, "96": -0.0925407569086653, "97": -0.10569708852927683, "98": -0.12059909409313496, "99": 0.0018222060097233639, "100": 0.027770430315230576, "101": 0.027952650011233163, "102": 0.034348596263453005, "103": -0.007817266806496385, "104": -0.004482627496670344, "105": 0.04915220640603595, "106": 0.029873260519063378, "107": -0.0513971584792019, "108": -0.03824082684303702, "109": 0.057501541469881075, "110": 0.0899368148377118, "111": -0.11116188294870812, "112": -0.07872660715734064, "113": 0.021523906884783037, "114": -0.010911370625571912, "115": 0.11726627522708345, "116": 0.13042260273617468, "117": 0.04885336183284547, "118": 0.0620096936993095, "119": -0.11951123827975227, "120": -0.13879018251306127, "121": -0.0192607255294163, "122": -0.03853967118187898}