{"0": 14.398193040424635, "1": 14.398193040424635, "2": 14.398193040424635, "3": 14.398193040424635, "4": 14.398193040424635, "5": 14.398193040424635, "6": 14.398193040424635, "7": 14.398193040424635, "8": 14.398193040424635, "9": 14.398193040424635, "10": 14.398193040424635, "11": 14.398193040424635, "12": 14.398193040424635, "13": 14.398193040424635, "14": 14.398193040424635, "15": 14.398193040424635, "16": 14.398193040424635, "17": 14.398193040424635, "18": 14.398193040424635, "19": 14.398193040424635, "20": 14.398193040424635, "21": 14.398193040424635, "22": 14.398193040424635, "23": 14.398193040424635, "24": 14.398193040424635, "25": 14.398193040424635, "26": 14.398193040424635, "27": 14.398193040424635, "28": 14.398193040424635, "29": 14.398193040424635, "30": 14.398193040424635, "31": 14.398193040424635, "32": 14.398193040424635, "33": 14.398193040424635, "34": 14.398193040424635, "35": 14.398193040424635, "36": 14.398193040424635, "37": 14.398193040424635, "38": 14.398193040424635, "39": 14.398193040424635, "40": 14.398193040424635, "41": 14.398193040424635, "42": 14.398193040424635, "43": 14.398193040424635, "44": 14.398193040424635, "45": 14.398193040424635, "46": 14.398193040424635, "47": 14.398193040424635, "48": 14.398193040424635, "49": 14.398193040424635, "50": 14.398193040424635, "51": 14.398193040424635, "52": 14.398193040424635, "53": 14.398193040424635, "54": 14.398193040424635, "55": 14.398193040424635, "56": 14.398193040424635, "57": 14.398193040424635, "58": 14.398193040424635, "59": 14.398193040424635, "60": 14.398193040424635, "61": 14.398193040424635, "62": 14.398193040424635, "63": 14.398193040424635, "64": 14.398193040424635, "65": 14.398193040424635, "66": 14.398193040424635, "67": 14.398193040424635, "68": 14.398193040424635, "69": 14.398193040424635, "70": 14.398193040424635, "71": 14.398193040424635, "72": 14.398193040424635, "73": 14.398193040424635, "74": 14.398193040424635, "75": 14.398193040424635, "76": 14.398193040424635, "77": 14.398193040424635, "78": 14.398193040424635, "79": 14.398193040424635, "80": 14.398193040424635, "81": 14.398193040424635, "82": 14.398193040424635, "83": 14.398193040424635, "84": 14.398193040424635, "85": 14.398193040424635, "86": 14.398193040424635, "87": 14.398193040424635, "88": 14.398193040424635, "89": 14.398193040424635, "90": 14.398193040424635, "91": 14.398193040424635, "92": 14.398193040424635, "93": 14.398193040424635, "94": 14.398193040424635, "95": 14.398193040424635, "96": 14.398193040424635, "97": 14.398193040424635, "98": 14.398193040424635, "99": 14.398193040424635}