{"0": -0.09217605608554824, "1": 0.04024782463771516, "2": 0.08134635429157973, "3": -0.010182264358934842, "4": 0.06935871336313537, "5": 0.07206605899631308, "6": -0.07309695895651776, "7": -0.009114832360174921, "8": -0.0667919782621904, "9": -0.036026516209135, "10": 0.2808269699454092, "11": -0.060214005408401904, "12": 0.0384391616193854, "13": -0.016076699827404443, "14": 0.04867077008315286, "15": 0.014164626815084595, "16": 0.1868526175279668, "17": -0.06500024819874975, "18": -0.11870079176767608, "19": 0.0531443926852207, "20": 0.030907394594704568, "21": 0.14780243353311673, "22": -0.12627510034356473, "23": 0.052233267195561144, "24": 0.002207815107911002, "25": 0.2189137370035314, "26": -0.0880886976638608, "27": 0.11028537898725842, "28": -0.1272392439466104, "29": 0.11539895704750161, "30": -0.06006696188468644, "31": -0.009482376441347092, "32": 0.05098245269289358, "33": 0.025302227430484655, "34": 0.02708259318222837, "35": 0.03680772083905964, "36": -0.010256837314158544, "37": -0.13537831266768707, "38": -0.11859640911220784, "39": 0.15751277569257713, "40": -0.020299991998767485, "41": 0.028732615143240107, "42": -0.09826515523256028, "43": -0.2760454729257854, "44": -0.013131332054935066, "45": 0.001783826963482643, "46": -0.031575415325859335, "47": -0.039632621914713485, "48": 0.11555922309520461, "49": 0.01682131890179134, "50": -0.1647249834492203, "51": 0.0003003273047749006, "52": -0.2204382556919074, "53": -0.1262934640829268, "54": -0.07851745626461634, "55": 0.001657753177056742, "56": 0.1148939937362514, "57": 0.0900401372016583, "58": 0.009720054328725922, "59": 0.10041312241212204, "60": 0.1877861657893133, "61": -0.1416715478144741, "62": -0.010592695311978121, "63": 0.022127684304839836, "64": 0.15463201045680858, "65": -0.04808318900751312, "66": 0.2321031117975952, "67": -0.06023685087699515, "68": 0.10385993401691272, "69": -0.08959981316613627, "70": 0.09918448718619684, "71": 0.05544379083973996, "72": -0.11375678414489142, "73": -0.13538676988330942, "74": 0.0025537725832396746, "75": -0.043662113986425284, "76": -0.06055393644003381, "77": -0.017551819260819727, "78": 0.011858253279597981, "79": -0.1475706501236423, "80": 0.05294178332009878, "81": 0.054258960954936646, "82": 0.09101757762741619, "83": 0.06765009716107627, "84": -0.011331378378732155, "85": 0.024593966249975983, "86": -0.017191540711094758, "87": -0.0854073262057726, "88": -0.238244840557972, "89": -0.002973449016106595, "90": -0.1485776415498748, "91": 0.08097533874461052, "92": 0.08843415914315249, "93": 0.021932582032327275, "94": -0.03637123978886781, "95": 0.13888118655536807, "96": -0.055154831288828664, "97": -0.03399454073505444, "98": -0.06748396947350235, "99": 0.026373889892867597}