{"name": "density", "eps": 0.5, "process_time": 0.003916025161743164, "data": {"0": 1.27167700004691, "1": 1.407347761141405, "2": 1.4076832389992997, "3": 1.407683254229292, "4": 1.4076832542293047, "5": 1.4076832542293047, "6": 1.407683254229292, "7": 1.4076832389992997, "8": 1.407347761141405, "9": 1.27167700004691, "10": 1.2710060595611254, "11": 1.1356707610945203, "12": 1.2713415374190202, "13": 1.1356707763245126, "14": 1.2713415526490126, "15": 1.1356707763245253, "16": 1.2713415526490253, "17": 1.1356707763245253, "18": 1.2713415526490253, "19": 1.1356707763245253, "20": 1.2713415526490253, "21": 1.1356707763245253, "22": 1.2713415526490253, "23": 1.1356707763245253, "24": 1.2713415526490126, "25": 1.1356707763245253, "26": 1.2713415374190202, "27": 1.1356707763245126, "28": 1.2710060595611254, "29": 1.1356707610945203}}