{"0": -0.1433987400080848, "1": -0.025176589140065236, "2": 0.11380188440897188, "3": 0.15895872781743908, "4": 0.07306530745955617, "5": -0.07306530745955478, "6": -0.15895872781743914, "7": -0.11380188440897199, "8": 0.025176589140066236, "9": 0.1433987400080882, "10": -0.23619260178948182, "11": -0.2871034333707125, "12": -0.04146845427541197, "13": -0.05040689466496842, "14": 0.18744351007258084, "15": 0.2278465747748591, "16": 0.26182151599261105, "17": 0.31825660754100316, "18": 0.12034614159404819, "19": 0.14628650593961093, "20": -0.12034614159404558, "21": -0.1462865059396076, "22": -0.2618215159926124, "23": -0.3182566075410053, "24": -0.18744351007258198, "25": -0.22784657477486062, "26": 0.041468454275412306, "27": 0.05040689466496872, "28": 0.23619260178948762, "29": 0.28710343337071964}