{"name": "eigen", "eigen": 5, "normalized": true, "process_time": 0.005278110504150391, "data": {"0": 0.09730381864086812, "1": -0.10185930932004347, "2": -0.11511168983067704, "3": 0.10644828390457362, "4": 0.11086808546587784, "5": -0.11086808546588037, "6": -0.10644828390457013, "7": 0.11511168983067704, "8": 0.10185930932004278, "9": -0.09730381864086861, "10": 0.24174522035068896, "11": 0.2097786898778596, "12": -0.20662511554094204, "13": -0.17930259788036665, "14": -0.23350802563017703, "15": -0.2026307184961255, "16": 0.21593400846464966, "17": 0.18738055432937417, "18": 0.22489972808683018, "19": 0.19516071607745278, "20": -0.2248997280868354, "21": -0.19516071607745739, "22": -0.21593400846464061, "23": -0.18738055432936626, "24": 0.2335080256301752, "25": 0.20263071849612385, "26": 0.2066251155409412, "27": 0.179302597880366, "28": -0.2417452203506891, "29": -0.20977868987785986}}