{"0": -0.13594003953247527, "1": 0.04504162587825827, "2": 0.19240696669849844, "3": 0.0656614354522883, "4": -0.1546280752131558, "5": -0.1546280752131554, "6": 0.06566143545228814, "7": 0.1924069666984965, "8": 0.04504162587825858, "9": -0.1359400395324739, "10": -0.2667576246838525, "11": -0.2229906859622679, "12": 0.07216687158929236, "13": 0.06032644884478652, "14": 0.3082794767699171, "15": 0.2577000454044529, "16": 0.1052044700486984, "17": 0.0879435666375396, "18": -0.24774914826939562, "19": -0.20710093135907398, "20": -0.24774914826939493, "21": -0.20710093135907334, "22": 0.10520447004869861, "23": 0.0879435666375398, "24": 0.3082794767699131, "25": 0.2577000454044499, "26": 0.07216687158929293, "27": 0.060326448844786815, "28": -0.26675762468385006, "29": -0.2229906859622655}