{"name": "pagerank", "alpha": 0.85, "process_time": 0.01544499397277832, "data": {"0": 0.034563040138510866, "1": 0.048125060446712865, "2": 0.04661471328244188, "3": 0.046015873014699386, "4": 0.045805804390602715, "5": 0.045805804390602715, "6": 0.046015873014699386, "7": 0.046614713282441884, "8": 0.048125060446712865, "9": 0.034563040138510866, "10": 0.03747944452568536, "11": 0.020928141115032255, "12": 0.035827487045580544, "13": 0.020227248862499884, "14": 0.035159296212537716, "15": 0.019942255561083207, "16": 0.034892382797481275, "17": 0.019829544275816995, "18": 0.034799864939436626, "19": 0.01978984339187841, "20": 0.034799864939436626, "21": 0.01978984339187841, "22": 0.034892382797481275, "23": 0.019829544275816995, "24": 0.035159296212537716, "25": 0.019942255561083207, "26": 0.035827487045580544, "27": 0.020227248862499884, "28": 0.03747944452568536, "29": 0.020928141115032255}}