{"1": 0.08533087402894063, "2": -0.06888376639619512, "3": 0.06993617132204087, "4": 0.05880428164545485, "5": -0.04038582664076935, "6": 0.05664760625704922, "7": 0.04679309394513232, "8": -0.02230343398206949, "9": 0.04582760401072327, "10": 0.03714358973567316, "11": -0.008695147176670796, "12": 0.036566742888008194, "13": 0.0288048811737189, "14": 0.001855838496094435, "15": 0.028415540484894978, "16": 0.021433674823820366, "17": 0.010036215819743916, "18": 0.021152875003591896, "19": 0.014858040116248819, "20": 0.016284516180092558, "21": 0.014647088003896129, "22": 0.008970938520213814, "23": 0.02092186389848584, "24": 0.008808144419151447, "25": 0.003696382823850708, "26": 0.024201679698973008, "27": 0.003568433180953172, "28": -0.0010243467443418197, "29": 0.026332863689911758, "30": -0.0011261767101982817, "31": -0.0052392825781472085, "32": 0.027492257399746464, "33": -0.005320999912941646, "34": -0.0089892834623265, "35": 0.027832093169280696, "36": -0.009055186507637189, "37": -0.012310075996338654, "38": 0.027484832723275527, "39": -0.012363336766020826, "40": -0.015233521930492225, "41": 0.026566526269684525, "42": -0.015276540955482733, "43": -0.017788448551627645, "44": 0.02517927386098103, "45": -0.017823080884457304, "46": -0.02000121785126189, "47": 0.02341310998805866, "48": -0.02002892242608073, "49": -0.021896131939011795, "50": 0.021347499118617733, "51": -0.021918073414100965, "52": -0.023495731604811478, "53": 0.019052557491244765, "54": -0.02351285169197072, "55": -0.024821022723995067, "56": 0.01659007506062411, "57": -0.024834091322104224, "58": -0.025891652457261466, "59": 0.014014386731408594, "60": -0.02590130506195234, "61": -0.02672604958869849, "62": 0.01137312664220778, "63": -0.02673281515774466, "64": -0.02734153864097301, "65": 0.008707889386602254, "66": -0.027345860684638547, "67": -0.02775443440861061, "68": 0.006054815525406256, "69": -0.027756687181989464, "70": -0.02798012158725023, "71": 0.003445114306257593, "72": -0.027980622683016564, "73": -0.028033122860248814, "74": 0.0009055334181114157, "75": -0.028032143116558182, "76": -0.027927157901854564, "77": -0.0015412165884517688, "78": -0.02792492928060828, "79": -0.02767519512585593, "80": -0.0038760771782069166, "81": -0.027671917037741696, "82": -0.027289497560366846, "83": -0.006083291146899809, "84": -0.027285341987873774, "85": -0.026781663905479803, "86": -0.008150082402826825, "87": -0.026776779586059715, "88": -0.026162665592947942, "89": -0.010066362918658315, "90": -0.02615718146032003, "91": -0.025442880490454723, "92": -0.011824464082832137, "93": -0.025436908525180373, "94": -0.02463212376007636, "95": -0.013418890092830142, "96": -0.024625761365911877, "97": -0.023739676279298808, "98": -0.01484609136185359, "99": -0.02373300827597123, "100": -0.022774310955008325, "101": -0.016104256176113448, "102": -0.022767411258542893, "103": -0.021744317200269307, "104": -0.017193119056945205, "105": -0.021737250247125677, "106": -0.020657523796117662, "107": -0.018113784461212777, "108": -0.020650345755979724, "109": -0.01974563914471941, "110": -0.018868564603009577, "111": -0.019289761314348074, "112": -0.020848234794380992, "113": -0.02085261567212511, "114": -0.020856957519014084, "115": -0.01582461798488904, "116": -0.015548467851913043, "117": -0.015538515032310423, "118": -0.02230935173246076, "119": -0.022313184175650563, "120": -0.022316983930359496, "121": -0.011994314256852101, "122": -0.012138345143192996, "123": -0.012129238666307218, "124": -0.023645065417428654, "125": -0.0236483922473976, "126": -0.023651692082947075, "127": -0.008271923537610689, "128": -0.008854293082447784, "129": -0.00884594930597419, "130": -0.024864439189567593, "131": -0.024867328790424987, "132": -0.0248701960331145, "133": -0.004671501168869441, "134": -0.005695108765645097, "135": -0.005687454872145382, "136": -0.02597556910542506, "137": -0.02597807858595108, "138": -0.025980569510912148, "139": -0.001204441474785007, "140": -0.002659366486263833, "141": -0.0026523387054934403, "142": -0.026985704507398785, "143": -0.026987881936028697, "144": -0.02699004394829575, "145": 0.0021201306084065834, "146": -0.001005588330070509, "147": 0.0015211262438263075, "148": -0.027901376312838042, "149": -0.027903262438169672, "150": -0.02790513575375256, "151": 0.011542336071235143, "152": -0.000845527997013297, "153": 0.011583927023843879, "154": -0.0018696285434990998, "155": -0.001875339630697706, "156": -0.0018810132045307057, "157": -0.028728552296975095, "158": -0.028730130201756153, "159": -0.028731697942336168, "160": 0.020873174779741703, "161": -0.0006871831529071393, "162": 0.02091021942143178, "163": -0.004459638696796673, "164": -0.004464717368691338, "165": -0.00446976454326593, "166": -0.029458433910596545, "167": -0.029459744998895247, "168": -0.02946104810450311, "169": 0.029628642723322295, "170": -0.0005341582701622362, "171": 0.029661541238737994, "172": -0.006899947732511117, "173": -0.006904484307737972, "174": -0.006908994235067775, "175": -0.030100296732406107, "176": -0.03010138438208662, "177": -0.030102465753535236, "178": 0.03784826061348565, "179": -0.0003866348588213043, "180": 0.03787757059404278, "181": -0.009202249303377373, "182": -0.00920631756025476, "183": -0.00921036312004894, "184": -0.030716332016090517, "185": -0.030636066925716562, "186": -0.03063671754320839, "187": 0.04556694088617029, "188": -0.00024474161996383866, "189": 0.045593124227251106, "190": -0.011376710054556668, "191": -0.011380370898375826, "192": -0.011384012294592663, "193": -0.03153086650290344, "194": -0.031532241321853616, "195": -0.03153360895188466, "196": -0.030054990560115805, "197": -0.029946674426356783, "198": -0.029945447484643575, "199": 0.05281597432676686, "200": -0.00010856399162381507, "201": 0.05283882942138796, "202": -0.013432324534364624, "203": -0.01343554703080354, "204": -0.013438753353412651, "205": -0.03231527756499028, "206": -0.032316429780098445, "207": -0.032317576297979725, "208": -0.029307261171003275, "209": -0.029224998280638854, "210": -0.029244886440529964, "211": 0.05952067372650912, "212": 1.9892119685073137e-05, "213": 0.05954061517085749, "214": -0.015348141687918565, "215": -0.015350979328328438, "216": -0.015353803535573791, "217": -0.033010707073609966, "218": -0.033011669240694125, "219": -0.03301262691673651, "220": -0.029333990521112227, "221": -0.029341158532834817, "222": -0.029333990521112283, "223": -0.028495002174413947, "224": -0.028407066218472943, "225": -0.02842841053182596, "226": 0.06572973627575289, "227": 0.000140999492812109, "228": 0.06574682246513057, "229": -0.017137353698782474, "230": -0.01713981001838351, "231": -0.017142255432708454, "232": -0.03362608640587264, "233": -0.03362687272519562, "234": -0.033627655599397385, "235": -0.02851422125432691, "236": -0.028512386527811923, "237": -0.02851422125432689, "238": -0.0276598048212909, "239": -0.02751759486814606, "240": -0.027516325389528536, "241": 0.0714085696677283, "242": 0.0002535902291651718, "243": 0.07142323627267796, "244": -0.018789291659450834, "245": -0.01879142345937662, "246": -0.018793546385728006, "247": -0.03416202486158696, "248": -0.034162665551026504, "249": -0.03416330360650076, "250": -0.026781085010480883, "251": -0.02662595215552513, "252": -0.02662413155931563, "253": 0.07661305773193718, "254": 0.00035833515170272416, "255": 0.07662596999379921, "256": -0.020318864053129514, "257": -0.02032076269773281, "258": -0.020322653844965677, "259": -0.0346275260867609, "260": -0.03462805807386887, "261": -0.03462858798486014, "262": -0.025855906814818516, "263": -0.02573245645680562, "264": -0.025731308180031505, "265": 0.08144676442207288, "266": 0.0004569641957990801, "267": 0.08145820549961144, "268": -0.021679721377159348, "269": -0.021794733495207684, "270": -0.021796192989358143, "271": -0.035034796040891616, "272": -0.03503523738449796, "273": -0.035035677082781685, "274": -0.024891447765474486, "275": -0.0248319078612291,