{"1": 0.010948780887382069, "2": -0.04498161793129835, "3": 0.01730655758810669, "4": 0.024420234278063425, "5": -0.07768642004813554, "6": 0.027832203718644158, "7": 0.03351479783170394, "8": -0.10229631936560594, "9": 0.03604837718815325, "10": 0.040424529110680896, "11": -0.12145259170184763, "12": 0.0425162417031866, "13": 0.04607204349138562, "14": -0.1372585548545625, "15": 0.04788177738099601, "16": 0.050819493103021834, "17": -0.1506025093957468, "18": 0.052426352027697895, "19": 0.0548494318458755, "20": -0.16194840741206645, "21": 0.05629916218013553, "22": 0.05826706898459444, "23": -0.17156944312663283, "24": 0.059588829272645374, "25": 0.06113857110237801, "26": -0.17964002319083472, "27": 0.06235223685550134, "28": 0.0635083765057019, "29": -0.18627867674120552, "30": 0.06462818409711174, "31": 0.06540805490259402, "32": -0.19157050229044956, "33": 0.06644460268377275, "34": 0.06686126077661553, "35": -0.19557992425981166, "36": 0.06782269014592668, "37": 0.06788669306372765, "38": -0.19835841113747055, "39": 0.0687794257986987, "40": 0.06849995660472154, "41": -0.1999493774454206, "42": 0.06932917636385733, "43": 0.0687147806556911, "44": -0.20039141727710189, "45": 0.06948475921892552, "46": 0.06854384161421358, "47": -0.19972050047829382, "48": 0.069258166809515, "49": 0.067999331514458, "50": -0.19797149673420958, "51": 0.06866107062236917, "52": 0.06709335706931267, "53": -0.1951792482800637, "54": 0.06770517656534515, "55": 0.06583822200409242, "56": -0.191379329608691, "57": 0.06640247695939025, "58": 0.06424662659723535, "59": -0.18660858374839692, "60": 0.06476542849686953, "61": 0.062331806880007085, "62": -0.18090549476267964, "63": 0.06280707576904022, "64": 0.060107628752440995, "65": -0.1743104372277122, "66": 0.060541133789256726, "67": 0.057588647635434746, "68": -0.16686583119854687, "69": 0.057982038925959746, "70": 0.05479014121936514, "71": -0.15861622305780512, "72": 0.05514497499369641, "73": 0.05172812080894566, "74": -0.14960830715069723, "75": 0.052045879443984665, "76": 0.048419325350615744, "77": -0.13989089933062968, "78": 0.04870143335208965, "79": 0.04488120124338996, "80": -0.12951487089610772, "81": 0.045129038023255484, "82": 0.041131870337131754, "83": -0.11853304952442073, "84": 0.04134678042223762, "85": 0.037190088022816536, "86": -0.10700009246043558, "87": 0.03737338918436556, "88": 0.03307519295728316, "89": -0.09497233623988217, "90": 0.033228182642289536, "91": 0.02880704969962696, "92": -0.08250762650759493, "93": 0.028931010064435395, "94": 0.024405985339971542, "95": -0.06966513095794305, "96": 0.024502187124498892, "97": 0.01989272105451019, "98": -0.05650513802530178, "99": 0.019962426488946264, "100": 0.015288299409834588, "101": -0.04308884365027804, "102": 0.015332764309344672, "103": 0.010614008154951532, "104": -0.029478128216333922, "105": 0.01063448332976305, "106": 0.005891301174013448, "107": -0.015735325572499525, "108": 0.005889033260193636, "109": 0.001633443511978895, "110": -0.0033391865689490485, "111": 0.001199141496510056, "112": -0.0001550271020134622, "113": -0.00015530825011433186, "114": -0.00015551174473285578, "115": 0.0007627165916722911, "116": -0.000791078036680111, "117": -0.0007924736146001097, "118": -0.00012235336386822587, "119": -0.0001225458054242498, "120": -0.00012267969079365199, "121": 0.0005853749019565091, "122": -0.000692442075103307, "123": -0.0006935621757881091, "124": -8.976857315357717e-05, "125": -8.98787119389989e-05, "126": -8.99481036032504e-05, "127": 0.0004051919886288516, "128": -0.0005903959146159564, "129": -0.0005912607414542206, "130": -5.674445781188309e-05, "131": -5.677926691821655e-05, "132": -5.6789655127675864e-05, "133": 0.00022308290145635346, "134": -0.00048547896350716047, "135": -0.00048610703810011285, "136": -2.3447048103201334e-05, "137": -2.341292011829796e-05, "138": -2.336934503060009e-05, "139": 3.994905635490431e-05, "140": -0.00037822889962593753, "141": -0.0003786373424211689, "142": 9.960148188867257e-06, "143": 1.0057309562258587e-05, "144": 1.0150187643144515e-05, "145": -0.0002493956959192401, "146": -0.00033600570057734647, "147": -0.00034257413107975296, "148": 4.33162585562058e-05, "149": 4.347096564984165e-05, "150": 4.3608810362361083e-05, "151": -0.00021983217164166236, "152": -0.00018225077266543393, "153": -0.00022048563187657133, "154": -0.0002939161757783276, "155": -0.0002944196350926631, "156": -0.00029481440525030295, "157": 7.696572786863518e-05, "158": 7.717022678456475e-05, "159": 7.734655033656695e-05, "160": -0.0002064966276285555, "161": -0.0001711826996003002, "162": -0.0002070732328711168, "163": -0.0002852618467717935, "164": -0.0002857204857247657, "165": -0.00028607959074575945, "166": 0.00011035433929942797, "167": 0.00011060185247073733, "168": 0.00011081132249271194, "169": -0.0001928363314768651, "170": -0.00015984691458510464, "171": -0.00019333939309207696, "172": -0.0002751467537631877, "173": -0.00027556300551419104, "174": -0.0002758883835127582, "175": 0.00014317126870296015, "176": 0.00014345625710794618, "177": 0.0001436945544588536, "178": -0.0001782014144000449, "179": -0.00014770672692483722, "180": -0.00017863585699633144, "181": -0.0002636455499805748, "182": -0.0002640216065346035, "183": -0.0002643150063082328, "184": 0.000187720455368039, "185": 0.0001929240621648546, "186": 0.0001932520200887851, "187": -0.0001626791810028479, "188": -0.0001348341624105298, "189": -0.00016304946229902997, "190": -0.00025083488391895725, "191": -0.0002511727446884264, "192": -0.000251435763686525, "193": 0.00022791788053463935, "194": 0.00022833063569895062, "195": 0.00022867614064149555, "196": 8.23878942597658e-05, "197": 0.00011493526666151235, "198": 0.0001150320157174145, "199": -0.00014711164834106671, "200": -0.0001219253615358535, "201": -0.00014742126329166105, "202": -0.00023799592137678863, "203": -0.00023829639533086422, "204": -0.00023852981508015042, "205": 0.0002808942064200272, "206": 0.0002813533347093347, "207": 0.0002817342033501376, "208": 8.808887056536985e-05, "209": 9.421716141208222e-05, "210": 0.00010742075649641455, "211": -0.00013121428183241433, "212": -0.00010874554732414818, "213": -0.00013146760220488808, "214": -0.0002245807584124568, "215": -0.00022484571524727937, "216": -0.00022505102379475, "217": 0.00033298193156751366, "218": 0.00033347918414425304, "219": 0.0003338889589968308, "220": 7.337170277782468e-05, "221": 5.163801552515723e-05, "222": 7.345741434237885e-05, "223": 5.921876439660828e-05, "224": 6.350965843615955e-05, "225": 7.235305402637782e-05, "226": -0.00011516386748623014, "227": -9.544114541455359e-05, "228": -0.00011536549338227176, "229": -0.00021095433860635754, "230": -0.00021118558625900924, "231": -0.00021136431529910488, "232": 0.00038504250550683555, "233": 0.00038556850265516075, "234": 0.0003859996420546184, "235": 4.93742707036917e-05, "236": 3.4824390296728236e-05, "237": 4.942818109647529e-05, "238": 2.1132326140773337e-05, "239": 2.9861261466465616e-05, "240": 2.9851744835607263e-05, "241": -9.880615807779727e-05, "242": -8.188472265601918e-05, "243": -9.89608547175419e-05, "244": -0.0001967173878996151, "245": -0.0001969173016908585, "246": -0.00019707132268722075, "247": 0.00043576844506565404, "248": 0.0004363161037949023, "249": 0.00043676310995560685, "250": 5.25994370691174e-07, "251": 7.371138680059564e-07, "252": 6.850319498874491e-07, "253": -8.160140416395636e-05, "254": -6.762945440772286e-05, "255": -8.171366368405278e-05, "256": -0.00018072541885993595, "257": -0.00018089696048281811, "258": -0.0001810285225083523, "259": 0.00048227757189922907, "260": 0.0004828444602925572, "261": 0.0004833056680158092, "262": -2.0120571185264224e-05, "263": -2.832150583674531e-05, "264": -2.8384568659459153e-05, "265": -6.379091316910531e-05, "266": -5.287449748198232e-05, "267": -6.386429748168334e-05, "268": -0.00017473933768333977, "269": -0.0001798761916921368, "270": -0.00018003445469382331,