{"name": "eigen", "eigen": 2, "normalized": true, "process_time": 0.15270185470581055, "data": {"1": 0.0007790296955660767, "2": 0.0007655581908110839, "3": 0.0012316650060427404, "4": 0.0017408542789206357, "5": 0.0013250269156133633, "6": 0.001984679812150108, "7": 0.002396982742646949, "8": 0.0017508176227991994, "9": 0.0025790097348228147, "10": 0.002905141674000307, "11": 0.0020891262538767453, "12": 0.003056477210080584, "13": 0.003332403528504363, "14": 0.0023767186713344393, "15": 0.003464477820400942, "16": 0.0037056934178715077, "17": 0.002629499326783531, "18": 0.003824186042752797, "19": 0.00403895726825932, "20": 0.002856014144798212, "21": 0.004147169679728353, "22": 0.004340472882018633, "23": 0.003061449660790163, "24": 0.004440521125416059, "25": 0.004615595600030914, "26": 0.003249211838494622, "27": 0.004708930022420857, "28": 0.004868002972203376, "29": 0.0034216648369132605, "30": 0.004955667579158848, "31": 0.00510033361300106, "32": 0.0035805187069798752, "33": 0.005183108571666017, "34": 0.005314545650863453, "35": 0.003727050539629295, "36": 0.0053930314478967106, "37": 0.005512131857429102, "38": 0.003862238900338678, "39": 0.005586801878376892, "40": 0.005694255770298075, "41": 0.003986849767108438, "42": 0.005765490669113335, "43": 0.0058618415805464005, "44": 0.004101493756266549, "45": 0.005929952596372425, "46": 0.0060156356171195855, "47": 0.004206665540357365, "48": 0.006080880892393929, "49": 0.006156249665535804, "50": 0.00430277178492414, "51": 0.006218845971886167, "52": 0.0062841922665574, "53": 0.0043901514362663, "54": 0.006344323624585571, "55": 0.0063998918263090164, "56": 0.00446909076754276, "57": 0.006457715968597363, "58": 0.006503714005361092, "59": 0.0045398347438263984, "60": 0.006559367307201585, "61": 0.006595975021310763, "62": 0.004602595745858809, "63": 0.006649576320658754, "64": 0.00667695197469746, "65": 0.0046575603620725575, "66": 0.006728605572361543, "67": 0.006746890968475951, "68": 0.004704894743540459, "69": 0.006796689013556409, "70": 0.006806013566086431, "71": 0.004744748873306421, "72": 0.006854037973719324, "73": 0.006854521980604149, "74": 0.004777260004093228, "75": 0.0069008459892304, "76": 0.006892603282087242, "77": 0.0048025554508159575, "78": 0.0069372927295759034, "79": 0.006920432836178849, "80": 0.004820754876640173, "81": 0.006963547214293941, "82": 0.006938177134137986, "83": 0.0048319721771871325, "84": 0.006979770466509989, "85": 0.0069459961361609335, "86": 0.004836317042652677, "87": 0.006986117714432714, "88": 0.0069440452217280025, "89": 0.004833896259350783, "90": 0.006982740226769273, "91": 0.006932476819809149, "92": 0.004824814798566075, "93": 0.0069697868490623096, "94": 0.006911441776056482, "95": 0.004809176730357762, "96": 0.0069474052936574614, "97": 0.006881090502185669, "98": 0.004787085992150076, "99": 0.006915743225117215, "100": 0.006841573943603028, "101": 0.004758647035947592, "102": 0.006874949174526657, "103": 0.0067930443942659045, "104": 0.004723965373377521, "105": 0.006825173309640377, "106": 0.006735656182246107, "107": 0.004683148034121028, "108": 0.006766568082738082, "109": 0.00828760445574788, "110": 0.008050752604174871, "111": 0.008553705592404207, "112": 0.00902596002632547, "113": 0.00905079004520135, "114": 0.009071066701059796, "115": 0.003949747716717555, "116": 0.005355470766691655, "117": 0.005363356124141894, "118": 0.010016343242116917, "119": 0.010042374741985261, "120": 0.01006357413532674, "121": 0.0031423410870459884, "122": 0.004147198220494635, "123": 0.0041522539997776355, "124": 0.01102965465121832, "125": 0.01105663016867512, "126": 0.011078549304037203, "127": 0.0023298514393019394, "128": 0.0029321507626494537, "129": 0.002934630184644906, "130": 0.012024186159743043, "131": 0.01205197797269562, "132": 0.012074518352077752, "133": 0.0015137851914643202, "134": 0.001712547363974079, "135": 0.00171267393476926, "136": 0.01299893079968473, "137": 0.013027425905732271, "138": 0.013050500240648145, "139": 0.0006955502683077572, "140": 0.0004904645796227269, "141": 0.0004884369086193647, "142": 0.013952927127042124, "143": 0.013982024868964703, "144": 0.014005555289700596, "145": -0.00021495019849152204, "146": -0.001604770694912337, "147": -0.000206126469384579, "148": 0.014885253904310706, "149": 0.014914864063359718, "150": 0.014938780678130655, "151": -0.0016619461400409971, "152": -0.009634098879416266, "153": -0.0016739178150076816, "154": 0.000990526944748599, "155": 0.0009958401689852629, "156": 0.0010007746794352427, "157": 0.015898415683063077, "158": 0.0159282380659566, "159": 0.015952297181136867, "160": -0.003178406364194095, "161": -0.01844440728475964, "162": -0.0031943818550896454, "163": 0.0026486123258892044, "164": 0.0026564036085499274, "165": 0.0026632605299432384, "166": 0.01693143892297825, "167": 0.01696130837564941, "168": 0.016985380760959186, "169": -0.004693975304770939, "170": -0.027247568647538162, "171": -0.004713473147385835, "172": 0.0043012780291377326, "173": 0.004311278602051206, "174": 0.004319850205348158, "175": 0.017932938346981547, "176": 0.01796280017689915, "177": 0.017986844862139046, "178": -0.006200619141940871, "179": -0.03599750249832667, "180": -0.0062232576162636775, "181": 0.005945822022295786, "182": 0.005957798866162215, "183": 0.0059679047504617964, "184": 0.019971112295094698, "185": 0.02094649676194349, "186": 0.02097851663621615, "187": -0.0076960888278773, "188": -0.044681350837942446, "189": -0.007721534888347823, "190": 0.00757974689051768, "191": 0.00759349629052404, "192": 0.007604978499495952, "193": 0.02007355783248172, "194": 0.020104001324388835, "195": 0.020128551621318738, "196": 0.010993088790362385, "197": 0.015567847551084191, "198": 0.01558740040472986, "199": -0.009225693729404662, "200": -0.05356108222408057, "201": -0.009253447847562312, "202": 0.009247523351912954, "203": 0.009262754077446441, "204": 0.009275375011525255, "205": 0.021318029779689142, "206": 0.0213484563087461, "207": 0.02137296823966868, "208": 0.015736450261514927, "209": 0.016962950818342492, "210": 0.0192985694967246, "211": -0.010756911903516962, "212": -0.06244862836701852, "213": -0.010786605426685851, "214": 0.01091644753620835, "215": 0.010932935883288196, "216": 0.010946521546398231, "217": 0.022572790930670862, "218": 0.02260307715766463, "219": 0.02262745480926372, "220": 0.013115408475050721, "221": 0.009276358850436487, "222": 0.013130696670938281, "223": 0.015891155138063023, "224": 0.01711925583364602, "225": 0.01948048859632305, "226": -0.012322763395249427, "227": -0.07153515629456383, "228": -0.012353953224745313, "229": 0.01262050760176735, "230": 0.012637990435820014, "231": 0.012652329025621599, "232": 0.02389012970838598, "233": 0.023920095804204008, "234": 0.023944195472516017, "235": 0.013242274435453843, "236": 0.009366277916191197, "237": 0.013256702168100586, "238": 0.011261317336406469, "239": 0.015950523724069438, "240": 0.015966983724289556, "241": -0.013886326592148503, "242": -0.0806071242374571, "243": -0.01391870699731268, "244": 0.014321955502552745, "245": 0.014340244077526135, "246": 0.014355189955981248, "247": 0.02520795794184212, "248": 0.02523752235436587, "249": 0.025261281574774946, "250": 0.011280169057253318, "251": 0.01456019125608726, "252": 0.014577166929494222, "253": -0.01535867442101927, "254": -0.08915012689388649, "255": -0.015392214803070282, "256": 0.015930054459320536, "257": 0.015949115860960095, "258": 0.015964652157401817, "259": 0.026370701583617324, "260": 0.026399976678113918, "261": 0.02642348928887639, "262": 0.011255941904446861, "263": 0.015940752400795517, "264": 0.01595559892100435, "265": -0.016775731409953663, "266": -0.09737220607533227, "267": -0.01681033901191727, "268": 0.018394187655353847, "269": 0.019399893268285624, "270": 0.01942111658992813, "271": 0.027437998903546257, "272": 0.02746702098593233, "273": 0.0274903175573622, "274": 0.015916800169241713, "275": 0.017167212813334574,