{"name": "fiedler", "normalized": true, "process_time": 0.09865808486938477, "data": {"1": -0.0009064515241745674, "2": -0.0006670609059004949, "3": -0.0013845088325677626, "4": -0.0020922118921147498, "5": -0.0012474217366628287, "6": -0.002338922494166161, "7": -0.0029093409245762435, "8": -0.0016986375004966578, "9": -0.0030910135666573943, "10": -0.0035386531390096715, "11": -0.0020511309977307144, "12": -0.0036888924651053614, "13": -0.004066683027325065, "14": -0.0023490463775880095, "15": -0.004197427674659157, "16": -0.004527587249345097, "17": -0.0026104933482566654, "18": -0.00464467797364899, "19": -0.004938917869494995, "20": -0.0028449622803710744, "21": -0.00504571903325439, "22": -0.005311044556125639, "23": -0.0030581330482477853, "24": -0.005409699610746026, "25": -0.005650655260076424, "26": -0.003253705003644141, "27": -0.0057426270976262935, "28": -0.005962332549476781, "29": -0.003434233534437568, "30": -0.006048670879058154, "31": -0.006249358945493032, "32": -0.003601561995718446, "33": -0.006330846287734881, "34": -0.006514167233973713, "35": -0.0037570651432834138, "36": -0.006591404728677435, "37": -0.006758610009977889, "38": -0.0039017957493822208, "39": -0.006832070822228236, "40": -0.006984129872723597, "41": -0.004036577638065929, "42": -0.007054193994585127, "43": -0.007191871617751699, "44": -0.004162067275666376, "45": -0.0072588494180652035, "46": -0.007382758869184465, "47": -0.0042787959799494195, "48": -0.007446907538750838, "49": -0.007557548004645625, "50": -0.0043871997172514115, "51": -0.00761908335139156, "52": -0.007716867077148243, "53": -0.004487640666485282, "54": -0.007775972183341868, "55": -0.007861244529437393, "56": -0.004580423162811149, "57": -0.007918076233471356, "58": -0.007991130782308604, "59": -0.004665805719751442, "60": -0.008045824617420911, "61": -0.00810691474037874, "62": -0.004744010229440502, "63": -0.008159588757173817, "64": -0.008208936596879953, "65": -0.004815229122846118, "66": -0.008259694361985287, "67": -0.008297497896011322, "68": -0.004879631007358084, "69": -0.008346430874745639, "70": -0.008372869534834687, "71": -0.004937365155913142, "72": -0.008420059005230818, "73": -0.008435298191525144, "74": -0.004988565128459496, "75": -0.008480816796417956, "76": -0.008485011534077797, "77": -0.005033351706262033, "78": -0.008528924553777965, "79": -0.008522222479319825, "80": -0.005071835306655305, "81": -0.008564588881340419, "82": -0.008547132695253172, "83": -0.005104117973293086, "84": -0.008588006008475178, "85": -0.00855993550453437, "86": -0.0051302950299916585, "87": -0.008599364551584707, "88": -0.008560818299510472, "89": -0.005150456469493669, "90": -0.008598847814835643, "91": -0.008549964562931925, "92": -0.0051646881158227305, "93": -0.008586635716664641, "94": -0.008527555561399272, "95": -0.0051730726132045626, "96": -0.008562906407453065, "97": -0.00849377177320538, "98": -0.005175690260679736, "99": -0.00852783763145411, "100": -0.008448794088140248, "101": -0.005172619725302062, "102": -0.008481607876293935, "103": -0.008392804821641512, "104": -0.0051639386535099, "105": -0.008424397340785313, "106": -0.008325988567993619, "107": -0.005149724189981203, "108": -0.008356388751338276, "109": -0.010567954053651234, "110": -0.010307280009537447, "111": -0.011017489070134539, "112": -0.011600969334494194, "113": -0.011630176047357312, "114": -0.01165281189861056, "115": -0.004143462589379106, "116": -0.006615066058786664, "117": -0.006621899104102606, "118": -0.012922577065604386, "119": -0.012953268140939615, "120": -0.012976951801668626, "121": -0.0030576057753209365, "122": -0.0051045277354843125, "123": -0.0051085923393984585, "124": -0.01427948813454815, "125": -0.01431134086974814, "126": -0.014335835229753882, "127": -0.0019671121534671743, "128": -0.003585471326678522, "129": -0.0035870151312496334, "130": -0.015611328914653796, "131": -0.01564418697378311, "132": -0.01566938087592534, "133": -0.0008737480126649592, "134": -0.002060676225614993, "135": -0.0020599179540602528, "136": -0.016916638126815674, "137": -0.016950363025955248, "138": -0.016976157778936178, "139": 0.00022085805181643593, "140": -0.0005327390721015007, "141": -0.0005298731990712415, "142": -0.018194021984627332, "143": -0.01822849022394855, "144": -0.01825479762717072, "145": 0.0026511387984353217, "146": 0.0003075679896566539, "147": 0.0023630081360066406, "148": -0.019442146428660254, "149": -0.019477247188509763, "150": -0.019503987940849163, "151": 0.007869795852742906, "152": 0.00020093159335961752, "153": 0.007916306840601727, "154": -0.0005048857852531006, "155": -0.0005104531007802549, "156": -0.0005157911510465395, "157": -0.020786715610674016, "158": -0.020822097971756305, "159": -0.020849002124041654, "160": 0.013905819086788791, "161": 0.00024982652576725013, "162": 0.013964557403731384, "163": -0.002725322896724871, "164": -0.0027339189521786225, "165": -0.002741429299358894, "166": -0.02216447670950884, "167": -0.022199927973854765, "168": -0.022226840945526412, "169": 0.019946739279724714, "170": 0.0002993164735530615, "171": 0.02001620222600102, "172": -0.0049401311224894435, "173": -0.004951429375205886, "174": -0.0049608789032362976, "175": -0.02349973398697027, "176": -0.023535186412774543, "177": -0.023562062202478758, "178": 0.02595104018768895, "179": 0.0003483299118620404, "180": 0.02603005919981078, "181": -0.007145459738079392, "182": -0.007159176809105296, "183": -0.007170362736602252, "184": -0.02636443545801639, "185": -0.027787715867444125, "186": -0.027826812761150326, "187": 0.03190981394948184, "188": 0.0003968141404659069, "189": 0.031997368485575724, "190": -0.00933774670747266, "191": -0.009353634617090842, "192": -0.009366379107191998, "193": -0.02637192163195402, "194": -0.02640819981750754, "195": -0.026435767064451252, "196": -0.012408276050466275, "197": -0.019711223891206844, "198": -0.01973090222084406, "199": 0.037991095712205346, "200": 0.00044644965321823115, "201": 0.03808557946599168, "202": -0.0115686838231883, "203": -0.011586390839346173, "204": -0.011600421564150858, "205": -0.02803876490553041, "206": -0.02807505491396086, "207": -0.02810258700734312, "208": -0.019907603197644654, "209": -0.021757152060136436, "210": -0.025217388479786648, "211": 0.04409891036497792, "212": 0.0004969021236076985, "213": 0.044199155184709474, "214": -0.013803360236961036, "215": -0.013822612839627109, "216": -0.013837733035517377, "217": -0.029726304499623664, "218": -0.029762444413023597, "219": -0.029789824734104655, "220": -0.01568745805811924, "221": -0.008968759269891472, "222": -0.01568745805811927, "223": -0.020064999645215825, "224": -0.021916072166407136, "225": -0.025409202270504447, "226": 0.050327421701784364, "227": 0.0005483851574243006, "228": 0.050432034994036395, "229": -0.016078043398123045, "230": -0.01609852505148018, "231": -0.016114494597316193, "232": -0.031486323883652016, "233": -0.03152210281181179, "234": -0.031549173232644, "235": -0.015816594283336153, "236": -0.009049197321190534, "237": -0.015816594283336153, "238": -0.012641091231098371, "239": -0.020094364577470537, "240": -0.020110841853257476, "241": 0.05657058972352563, "242": 0.0006005718884557726, "243": 0.056678604567585916, "244": -0.018352608380747024, "245": -0.018374086384355556, "246": -0.018390739841465102, "247": -0.03325401347610253, "248": -0.03328932123564157, "249": -0.033316004026414874, "250": -0.012659310713053493, "251": -0.01794134782462567, "252": -0.017958660217065228, "253": 0.06246858250728556, "254": 0.0006496687943528105, "255": 0.0625799551869858, "256": -0.020511188043298666, "257": -0.020533616536651374, "258": -0.020550935711293294, "259": -0.03482331890864228, "260": -0.0348582805890265, "261": -0.034884676727635865, "262": -0.012617944813297954, "263": -0.020036581834077184, "264": -0.02005138877461839, "265": 0.06811850165402858, "266": 0.0006959109758672156, "267": 0.0682330079261201, "268": -0.023920082821581735,