{"name": "fiedler", "normalized": true, "process_time": 0.11937808990478516, "data": {"1": -0.0009064393587963071, "2": -0.0006670524153672274, "3": -0.0013844902518459824, "4": -0.002092183816529794, "5": -0.0012474058615402977, "6": -0.002338891108904164, "7": -0.002909301893335033, "8": -0.0016986158875339598, "9": -0.0030909720992338976, "10": -0.0035386056829959617, "11": -0.0020511049083453124, "12": -0.0036888429956664272, "13": -0.004066628518536266, "14": -0.0023490165123705594, "15": -0.0041973714150512695, "16": -0.004527526602993094, "17": -0.0026104601785924167, "18": -0.004644615760641644, "19": -0.0049388517662277455, "20": -0.0028449261570777195, "21": -0.005045651502458725, "22": -0.005310973538924684, "23": -0.0030580942489524445, "24": -0.005409627276536771, "25": -0.005650579784024717, "26": -0.003253663760400456, "27": -0.005742550395458176, "28": -0.00596225300885897, "29": -0.0034341900464292872, "30": -0.006048590189078602, "31": -0.0062492756922122306, "32": -0.003601516440224695, "33": -0.006330761951531699, "34": -0.006514080588012159, "35": -0.003757017679798613, "36": -0.006591317058165174, "37": -0.006758520267709996, "38": -0.0039017465242067034, "39": -0.006831980107405604, "40": -0.006984037310768327, "41": -0.0040365267885976155, "42": -0.007054100507098553, "43": -0.007191776498285422, "44": -0.004162014931145941, "45": -0.007258753415907503, "46": -0.0073826614422072825, "47": -0.004278742262086178, "48": -0.007446809268447186, "49": -0.007557448510302342, "50": -0.004387144742841176, "51": -0.007618983050300707, "52": -0.007716765747241932, "53": -0.004487584548054838, "54": -0.007775870080795408, "55": -0.00786114158861003, "56": -0.00458036600993404, "57": -0.00791797255196045, "58": -0.00799102645017925, "59": -0.00466574763701794, "60": -0.008045719574880704, "61": -0.008106809231918439, "62": -0.004743951319713822, "63": -0.008159482566922664, "64": -0.008208830121963094, "65": -0.004815169486487224, "66": -0.008259587232632449, "67": -0.008297390660516804, "68": -0.004879570742147243, "69": -0.008346323010971879, "70": -0.008372761740417282, "71": -0.0049373043577450185, "72": -0.008419950607273345, "73": -0.008435190035427783, "74": -0.004988503890333358, "75": -0.008480708060796736, "76": -0.008484903209647371, "77": -0.005033290119879902, "78": -0.008528815672851882, "79": -0.008522114176561528, "80": -0.005071773463904908, "81": -0.008564480044358244, "82": -0.0085470246014705, "83": -0.005104055963076257, "84": -0.008587897402061296, "85": -0.008559827803505919, "86": -0.005130232941189974, "87": -0.008599256358944297, "88": -0.00856071117197083, "89": -0.005150394388513351, "90": -0.008598740215991196, "91": -0.008549858187002032, "92": -0.005164626129861752, "93": -0.008586528889302475, "94": -0.008527450112229412, "95": -0.0051730108058962625, "96": -0.008562800525715269, "97": -0.008493667421871952, "98": -0.005175628715013213, "99": -0.008527732866303822, "100": -0.008448691002120094, "101": -0.0051725585234642275, "102": -0.008481504394705247, "103": -0.008392703164849712, "104": -0.005163877875607186, "105": -0.008424295306247843, "106": -0.008325888500558702, "107": -0.005149663915869291, "108": -0.00835628832347494, "109": -0.010567825882170138, "110": -0.010307160075476064, "111": -0.011017360100257258, "112": -0.011600821401788126, "113": -0.011630027713672208, "114": -0.011652663247931247, "115": -0.004143417370769035, "116": -0.006615007331641519, "117": -0.006621840380935501, "118": -0.012922402600896936, "119": -0.012953093237715447, "120": -0.012976776554665734, "121": -0.0030575787634926446, "122": -0.005104505126308333, "123": -0.0051085697919280686, "124": -0.01427928675863054, "125": -0.014311139023962534, "126": -0.014335633017984144, "127": -0.001967103395943246, "128": -0.003585484875629217, "129": -0.0035870287942283523, "130": -0.015611101042752923, "131": -0.01564395860439357, "132": -0.015669152121014794, "133": -0.0008737575245310298, "134": -0.0020607259025671714, "135": -0.002059967792570069, "136": -0.016916384215169975, "137": -0.016950108592485955, "138": -0.0169759029427975, "139": 0.00022083028531905363, "140": -0.0005328247802050688, "141": -0.0005299591119956787, "142": -0.018193742529230814, "143": -0.018228210225397525, "144": -0.018254517210928436, "145": 0.002651046117611343, "146": 0.0003073592405731603, "147": 0.002362902156271172, "148": -0.01944184196421236, "149": -0.019476942162253978, "150": -0.01950368248380906, "151": 0.007869751536568262, "152": 0.00020043298480481935, "153": 0.007916262547457944, "154": -0.0005049759518082988, "155": -0.0005105433193117937, "156": -0.0005158813844556862, "157": -0.020786384686993148, "158": -0.020821766474303782, "159": -0.020848670187852126, "160": 0.013905806223135756, "161": 0.0002489295685492275, "162": 0.013964544637840283, "163": -0.0027253703403396553, "164": -0.0027339663804381424, "165": -0.002741476693984785, "166": -0.02216411891974329, "167": -0.022199569602699316, "168": -0.02222648213089282, "169": 0.0199467577152768, "170": 0.00029802034813166664, "171": 0.02001622082617949, "172": -0.004940135744106263, "173": -0.00495143392108412, "174": -0.004960883371980005, "175": -0.023499350127981246, "176": -0.023534801966744665, "177": -0.023561677309547266, "178": 0.0259510898814207, "179": 0.0003466369685322857, "180": 0.026030109118141135, "181": -0.007145421534277177, "182": -0.007159138475270492, "183": -0.007170324286422887, "184": -0.026364000166811983, "185": -0.02778725744160061, "186": -0.027826353684404156, "187": 0.03190989479809867, "188": 0.00039472733056509715, "189": 0.03199744961272166, "190": -0.009337665763493506, "191": -0.009353553494067444, "192": -0.009366297832516005, "193": -0.02637148089454656, "194": -0.02640775846495358, "195": -0.02643532524237786, "196": -0.012408072839976272, "197": -0.01971090124423498, "198": -0.019730579256065573, "199": 0.03799120807728299, "200": 0.00044396285256118425, "201": 0.038085692155152076, "202": -0.011568559716978566, "203": -0.011586266511851828, "204": -0.011600297054936773, "205": -0.02803829119338144, "206": -0.02807458058110246, "207": -0.028102112201745216, "208": -0.019907279866868077, "209": -0.021756798817479068, "210": -0.025216979000067533, "211": 0.0440990542463999, "212": 0.0004940118455127539, "213": 0.04419929942936886, "214": -0.013803193028511487, "215": -0.013822445373236129, "216": -0.0138375653613347, "217": -0.029725797623584866, "218": -0.029761936914181105, "219": -0.029789316761847765, "220": -0.015687203253355902, "221": -0.008968613639305588, "222": -0.015687203253416875, "223": -0.020064676608788908, "224": -0.021915719424889363, "225": -0.02540879325863075, "226": 0.050327597498838424, "227": 0.0005450856810828924, "228": 0.05043221118594408, "229": -0.01607783258926318, "230": -0.016098313954402987, "231": -0.016114283271020376, "232": -0.03148578274524402, "233": -0.03152156105281873, "234": -0.031548631003012154, "235": -0.015816339619347856, "236": -0.009049051656542809, "237": -0.015816339619350125, "238": -0.012640889606965104, "239": -0.020094044113291368, "240": -0.020110521130470505, "241": 0.05657079740512361, "242": 0.0005968600830534193, "243": 0.056678812670160866, "244": -0.01835235407917507, "245": -0.018373831768985265, "246": -0.018390484979270632, "247": -0.033253438120551454, "248": -0.03328874526445303, "249": -0.033315427588841075, "250": -0.012659110717049338, "251": -0.01794106440703117, "252": -0.017958376531441438, "253": 0.062468820712002875, "254": 0.0006455648614684951, "255": 0.06258019383732469, "256": -0.02051089198234579, "257": -0.02053332013828585, "258": -0.02055063904930913, "259": -0.034822712958094006, "260": -0.03485767402602709, "261": -0.034884069701256175, "262": -0.012617747436678352, "263": -0.02003626843619213, "264": -0.020051075149138484, "265": 0.06811876938769762, "266": 0.0006914336153452854, "267": 0.06823327612801437, "268": -0.02391972678358003,