{"0": 4.957713580403912e-17, "1": -0.20108426641846275, "2": -0.19693584969906722, "3": -0.18955375177219827, "4": -0.17905918648172664, "5": -0.16562447429958327, "6": -0.149470212828376, "7": -0.1308616545948541, "8": -0.11010435161075093, "9": -0.08753913821719786, "10": -0.06353653459426828, "11": -0.03849066282986312, "12": -0.012812775445923763, "13": 0.013075497356609272, "14": 0.03874907085403831, "15": 0.0637863856793204, "16": 0.08777632981521773, "17": 0.11032498904225618, "18": 0.13106211499931997, "19": 0.14964720465150272, "20": 0.16577509134052834, "21": 0.17918095561284214, "22": 0.18964467354771825, "23": 0.1969944311859506, "24": 0.20110954571031464, "25": 0.20192244705408888, "26": 0.19941978739968236, "27": 0.19364266034943062, "28": 0.1846859261697815, "29": 0.17269665418834246, "30": 0.15787170791958757, "31": 0.14045451257139233, "32": 0.12073105800984915, "33": 0.09902520281357466, "34": 0.07569335652480072, "35": 0.05111862741454526, "36": 0.025704531855393235, "37": -0.00013163140618376382, "38": -0.02596563328371005, "39": -0.051373280180576755, "40": -0.07593737923716952, "41": -0.0992545886260902, "42": -0.12094204041381158, "43": -0.1406436272415611, "44": -0.15803584959830713, "45": -0.17283312767378628, "46": -0.18479249057109118, "47": -0.1937175658820829, "48": -0.1994618041169023, "49": -0.20193088504254172}