{"name": "eigen", "eigen": 5, "normalized": false, "process_time": 0.028853893280029297, "data": {"0": 0.08982894828347025, "1": 0.0885351565445518, "2": 0.08596620733880295, "3": 0.07431557382426998, "4": 0.06050858862073827, "5": 0.044945877254345734, "6": 0.028735817724568104, "7": 0.012111880883594647, "8": -0.004863496085689447, "9": -0.021768824911494702, "10": -0.03836062089098882, "11": -0.05325357526484952, "12": -0.06737952705143603, "13": -0.0805350224635776, "14": -0.0925305850395006, "15": -0.10184126646513017, "16": -0.10670866857455238, "17": -0.09879352958732095, "18": -0.08945548345399501, "19": -0.0720748607650935, "20": -0.05365615557357467, "21": -0.034464649496041666, "22": -0.014776754674626358, "23": 0.005123967342157337, "24": 0.024950889690299308, "25": 0.044418448430419116, "26": 0.06324625547876264, "27": 0.07619317048458737, "28": 0.08804268764240569, "29": 0.09733754514502661, "30": 0.10523046580878075, "31": 0.11160776918047502, "32": 0.11637760399638605, "33": 0.11947127110107676, "34": 0.12084421291016532, "35": 0.1169447871383675, "36": 0.11136102460876032, "37": 0.10417334734532332, "38": 0.09548527829520362, "39": 0.08542195030453834, "40": 0.0741283038504135, "41": 0.06176699948673545, "42": 0.048516075070716244, "43": 0.034566381512558364, "44": 0.020118833980822592, "45": 0.005087515384655378, "46": -0.010017077868535465, "47": -0.0249773967776308, "48": -0.036608748412705956, "49": -0.047712830195761585, "50": -0.05743246943622386, "51": -0.06632491815601167, "52": -0.06727236106337138, "53": -0.05466788925543952, "54": -0.04127604472574787, "55": -0.026686528373322776, "56": -0.011322671763936622, "57": 0.008102893331615998, "58": 0.027411753771775314, "59": 0.046325807178601505, "60": 0.05964628930605767, "61": 0.07210769562514766, "62": 0.08353054652646907, "63": 0.09375032054546648, "64": 0.10261982393834101, "65": 0.11001131068961209, "66": 0.10331132235160809, "67": 0.09512335783276904, "68": 0.08272275248068935, "69": 0.06913070477260694, "70": 0.05353275030330344, "71": 0.036381481628201505, "72": 0.018706216387631213, "73": 0.0007615285534402355, "74": -0.017228012850037687, "75": -0.034454593062266954, "76": -0.048047101291796665, "77": -0.05661776399139607, "78": -0.06437297024039838, "79": -0.07120102306393879, "80": -0.07700357912721487, "81": -0.08057178794178949, "82": -0.08297953439293965, "83": -0.08419214009994912, "84": 0.08988797083867153, "85": 0.0912015316730131, "86": 0.0912015316730131, "87": 0.08988797083867192, "88": 0.0912015316730136, "89": 0.09120153167301363, "90": 0.07540157038472622, "91": 0.06139281941838462, "92": 0.012288875560529149, "93": -0.03950696071009441, "94": -0.0400842881966145, "95": -0.09388276321587484, "96": -0.10332950452079191, "97": -0.10332950452079186, "98": -0.10989746982410334, "99": -0.11150343568146201, "100": -0.10989746982410317, "101": -0.11150343568146182, "102": -0.11157669956591591, "103": -0.11320720452900956, "104": -0.11320720452900963, "105": -0.09353642712631928, "106": -0.09490330398549178, "107": -0.09490330398549177, "108": -0.09212870355155416, "109": -0.09347500890893254, "110": 0.06821622198536456, "111": 0.06921308682312523, "112": 0.069213086823125, "113": 0.06921308682312519, "114": 0.06921308682312516, "115": 0.08932928278031099, "116": 0.122610146923967, "117": 0.12261014692396702, "118": 0.020412836750083548, "119": -0.0253423992339638, "120": -0.02572380243631816, "121": -0.02609971235035248, "122": -0.02534239923396385, "123": -0.025723802436318152, "124": -0.02609971235035248, "125": -0.02572380243631819, "126": -0.026099712350352522, "127": -0.04841007260156927, "128": -0.06830692191182135, "129": -0.0693051121757756, "130": -0.06830692191182133, "131": -0.06930511217577563, "132": -0.06935064944285177, "133": -0.07036409202136722, "134": -0.07036409202136722, "135": -0.07255870376894437, "136": -0.0736190266416515, "137": -0.0736190266416515, "138": -0.0736190266416515, "139": -0.0736190266416515, "140": -0.07255870376894447, "141": -0.07361902664165167, "142": -0.07361902664165164, "143": -0.07361902664165164, "144": -0.07361902664165165, "145": -0.0692826774873761, "146": -0.07029512677059617, "147": -0.04187922438641217, "148": -0.02707650690046783, "149": -0.013487976848167785, "150": -0.013685080842806181, "151": -0.013685080842806181, "152": -0.013685080842806223, "153": -0.013685080842806188, "154": -0.013685080842806181, "155": -0.013685080842806181, "156": -0.013685080842806195, "157": -0.013685080842806202, "158": -0.013685080842806209, "159": -0.013685080842806167, "160": -0.011839210090092842, "161": -0.012012220144038735, "162": -0.012012220144038735, "163": -0.012022919912833923, "164": -0.012198614575474099, "165": -0.01219861457547412, "166": -0.012198614575474113, "167": -0.011839210090092856, "168": -0.012012220144038783, "169": -0.01201222014403877, "170": 0.04771017260824202, "171": 0.04840737617789777, "172": 0.04919081655088718, "173": 0.04990965723032009, "174": 0.0499096572303201, "175": 0.04990965723032012, "176": 0.04700278058629221, "177": 0.12251831075521633, "178": 0.12430870888075157, "179": 0.1243087088807516, "180": 0.12430870888075157, "181": 0.12430870888075157, "182": 0.12430870888075157, "183": 0.12430870888075157, "184": 0.0979659524070485, "185": 0.09939755929482452, "186": 0.07014093323134796, "187": 0.05431504100913319, "188": 0.0007842854975126899, "189": 0.0007957465050631857, "190": 0.0007726570066994773, "191": -0.017742841772910835, "192": -0.01800212343012665, "193": -0.03495808873123698, "194": -0.03495808873123698, "195": -0.03658542980432574, "196": -0.037120064052380414, "197": -0.03712006405238044, "198": -0.037120064052380455, "199": -0.0494829045745406, "200": -0.05020601362697684, "201": -0.048749228504945355, "202": -0.05023900173679428, "203": -0.05097315987188336, "204": -0.05097315987188333, "205": -0.07812885634397562}}