{"name": "eigen", "eigen": 1, "normalized": true, "process_time": 0.035337209701538086, "data": {"0": 0.08191835207913986, "1": 0.11581457937994306, "2": 0.1636361137518045, "3": 0.1409746765691108, "4": 0.14006368230375665, "5": 0.11347764546798676, "6": 0.11252429547109451, "7": 0.13656156562623378, "8": 0.11034326056466834, "9": 0.10911691101419155, "10": 0.132056589251136, "11": 0.10633244674779233, "12": 0.10477603684620673, "13": 0.10315547683431912, "14": 0.12427701632245274, "15": 0.14094586569523915, "16": 0.15443412545844243, "17": 0.09520281744453446, "18": 0.13106171734848956, "19": 0.08980567344911769, "20": 0.086881733442123, "21": 0.08390459927975343, "22": 0.08087609374029593, "23": 0.07779807105464362, "24": 0.07467241577102701, "25": 0.07150104160118007, "26": 0.08363279387044766, "27": 0.06481934130540609, "28": 0.0750929122610979, "29": 0.05773178612560459, "30": 0.0541151193111194, "31": 0.05046532000778184, "32": 0.046784622839413634, "33": 0.043075281347343564, "34": 0.055634548638670844, "35": 0.03553158644346975, "36": 0.03170185172955426, "37": 0.027852707259873606, "38": 0.023986509709195428, "39": 0.02010562619319598, "40": 0.016212432819171722, "41": 0.012309313231244595, "42": 0.008398657150954586, "43": 0.004482858914129202, "44": 0.0006911431328817854, "45": -0.0033549179726943493, "46": -0.007272097870354326, "47": -0.02092489221018256, "48": -0.015035887142924297, "49": -0.02312041900243736, "50": -0.022696481067462967, "51": -0.041902270743693085, "52": -0.047712828679732755, "53": -0.03361046756147795, "54": -0.04534509417017317, "55": -0.049470410400947594, "56": -0.07571012748559285, "57": -0.04643903136332492, "58": -0.049138367510379644, "59": -0.08191503688000841, "60": -0.0542228048492185, "61": -0.05660479304660074, "62": -0.05895212442905799, "63": -0.06126336182095691, "64": -0.06353709014554842, "65": -0.08055381838418602, "66": -0.06768350551425112, "67": -0.08518548087203548, "68": -0.07129598235986828, "69": -0.08939983450617647, "70": -0.09137080011288275, "71": -0.07612187164431694, "72": -0.07759319107066441, "73": -0.11174691777972177, "74": -0.09828236926271283, "75": -0.1285939609384233, "76": -0.1297541465389509, "77": -0.0824454909070156, "78": -0.08277677600684834, "79": -0.08305738024995951, "80": -0.10200548756632713, "81": -0.08341488895619081, "82": -0.0834915745312558, "83": -0.05905553717598372, "84": 0.14193030349134383, "85": 0.0819685919461218, "86": 0.08196859194612169, "87": 0.14193030349134392, "88": 0.08196859194612173, "89": 0.0819685919461217, "90": 0.08141669153222575, "91": 0.08089056768576572, "92": 0.07886800051141296, "93": 0.10792287892043237, "94": 0.07633636835820888, "95": 0.07177334077805272, "96": 0.07049451331077058, "97": 0.07049451331077079, "98": 0.09776251016494414, "99": 0.06914970266014114, "100": 0.09776251016494433, "101": 0.06914970266014128, "102": 0.11980756492035458, "103": 0.06919211161705134, "104": 0.0691921116170513, "105": 0.11367679721104784, "106": 0.06565142732117588, "107": 0.0656514273211759, "108": 0.09275982739696971, "109": 0.06561118850655825, "110": 0.1082678091295792, "111": 0.048433663179792905, "112": 0.04843366317979292, "113": 0.04843366317979286, "114": 0.04843366317979293, "115": 0.043368189398335644, "116": 0.027825792620464078, "117": 0.02782579262046405, "118": 0.00039915386666535685, "119": -0.007911287737019011, "120": -0.011195107871966899, "121": -0.007918560798905367, "122": -0.00791128773701908, "123": -0.011195107871966854, "124": -0.007918560798905336, "125": -0.011195107871966814, "126": -0.007918560798905287, "127": -0.013352667782815755, "128": -0.026525686323240018, "129": -0.01876223635229387, "130": -0.026525686323239955, "131": -0.01876223635229382, "132": -0.03250712242215012, "133": -0.018773743081063513, "134": -0.0187737430810635, "135": -0.04784466667497607, "136": -0.021403337606211603, "137": -0.021403337606211586, "138": -0.02140333760621161, "139": -0.021403337606211614, "140": -0.047844666674975986, "141": -0.021403337606211586, "142": -0.021403337606211586, "143": -0.021403337606211572, "144": -0.02140333760621157, "145": -0.03020398428750007, "146": -0.02136398225770131, "147": -0.02618801925566288, "148": -0.028570501040390946, "149": -0.103175379917159, "150": -0.03111807369224009, "151": -0.031118073692240084, "152": -0.031118073692240088, "153": -0.031118073692240077, "154": -0.031118073692240084, "155": -0.031118073692240067, "156": -0.031118073692240077, "157": -0.031118073692240098, "158": -0.03111807369224006, "159": -0.031118073692240053, "160": -0.0536172237211862, "161": -0.030965397976154288, "162": -0.030965397976154323, "163": -0.06194983043038911, "164": -0.03098440045994606, "165": -0.030984400459946035, "166": -0.03098440045994605, "167": -0.05361722372118616, "168": -0.030965397976154302, "169": -0.030965397976154316, "170": -0.051855246383342546, "171": -0.03667842471236255, "172": -0.07342439870285104, "173": -0.03672344148699855, "174": -0.03672344148699855, "175": -0.03672344148699854, "176": -0.03664473621017157, "177": -0.12353970881225389, "178": -0.04670791961765452, "179": -0.046707919617654525, "180": -0.046707919617654525, "181": -0.04670791961765452, "182": -0.046707919617654525, "183": -0.04670791961765452, "184": -0.06961759644153763, "185": -0.04924214901728519, "186": -0.051630824245609344, "187": -0.05276911023233542, "188": -0.07908964581799625, "189": -0.05594195037119058, "190": -0.055890568652034456, "191": -0.08032099191795312, "192": -0.05681291017510801, "193": -0.0575265782241219, "194": -0.0575265782241219, "195": -0.11526496988034686, "196": -0.057650133357335924, "197": -0.05765013335733594, "198": -0.05765013335733593, "199": -0.08213917119873435, "200": -0.058098950769163216, "201": -0.05804558788224425, "202": -0.10066122554845447, "203": -0.05813458238874969, "204": -0.05813458238874971, "205": -0.058910930089706964}}