{"name": "eigen", "eigen": 2, "normalized": true, "process_time": 0.035337209701538086, "data": {"0": -0.04957278697358327, "1": -0.07002350344573466, "2": -0.09867630915283843, "3": -0.08372845391487616, "4": -0.08160407090496222, "5": -0.06457925003513999, "6": -0.062376135001054184, "7": -0.07351569870746572, "8": -0.057390140601389764, "9": -0.05461906780198045, "10": -0.06334216358051643, "11": -0.048450123260544375, "12": -0.04506685924690322, "13": -0.04157687933807905, "14": -0.04652615639289687, "15": -0.0483944636070878, "16": -0.047763783928373764, "17": -0.025622628034845753, "18": -0.029664704466701372, "19": -0.01603048320869626, "20": -0.011046893406332234, "21": -0.006037145155419851, "22": -0.0010131012699686262, "23": 0.004013341584719391, "24": 0.009030281062712458, "25": 0.014025837321562413, "26": 0.023255677484353657, "27": 0.023678458900624894, "28": 0.034675794111353964, "29": 0.032812750287219625, "30": 0.037235134416334394, "31": 0.0415693477528111, "32": 0.04580512711292973, "33": 0.04993244239932559, "34": 0.07628482965642068, "35": 0.057567255051289984, "36": 0.06105667359174635, "37": 0.06440151321793772, "38": 0.06759385352979846, "39": 0.07062613523742409, "40": 0.073491178061064, "41": 0.07618219773363658, "42": 0.0786928220655084, "43": 0.08101710603349534, "44": 0.10183697984856388, "45": 0.08488808169513622, "46": 0.0864256071269323, "47": 0.1641810850469258, "48": 0.08721713759306642, "49": 0.10590279291512573, "50": 0.08531176856359132, "51": 0.13274017045699674, "52": 0.12806722526436692, "53": 0.07552738470208117, "54": 0.08558406877270493, "55": 0.07826092343883846, "56": 0.09979685507832371, "57": 0.04828811583518132, "58": 0.03884414686934212, "59": 0.04634032840507281, "60": 0.019214436344214852, "61": 0.009075176882101216, "62": -0.0010855721100374582, "63": -0.011243750525893395, "64": -0.02137530434614545, "65": -0.03852587179402398, "66": -0.040933445543056654, "67": -0.06162147089175456, "68": -0.059335866363580785, "69": -0.08354904342570106, "70": -0.0940309923068281, "71": -0.0849707486032498, "72": -0.09296430733096604, "73": -0.14246466625221343, "74": -0.13172796193323102, "75": -0.17962932336867776, "76": -0.1862073965405497, "77": -0.11996985148230616, "78": -0.12188772277078494, "79": -0.12351697049719032, "80": -0.1529139736859674, "81": -0.12559903381113338, "82": -0.1260469191848934, "83": -0.0892342822902529, "84": -0.08596533498165587, "85": -0.04969094202970421, "86": -0.049690942029704366, "87": -0.08596533498165572, "88": -0.049690942029704206, "89": -0.04969094202970423, "90": -0.048397947272684906, "91": -0.04716998029021415, "92": -0.042494620925113843, "93": -0.051903088412069226, "94": -0.03674453031497514, "95": -0.02689373037024453, "96": -0.02422591463400976, "97": -0.0242259146340094, "98": -0.030316192590360662, "99": -0.021462196022464436, "100": -0.030316192590360398, "101": -0.021462196022464308, "102": -0.03721809854056195, "103": -0.021513350438633463, "104": -0.021513350438633547, "105": -0.025843449947666144, "106": -0.014938409458545989, "107": -0.014938409458546024, "108": -0.021050914381316996, "109": -0.014902888928327925, "110": 0.03034648568924529, "111": 0.013587448148541202, "112": 0.013587448148541181, "113": 0.013587448148541185, "114": 0.013587448148541157, "115": 0.020043810396236223, "116": 0.03818762795122193, "117": 0.038187627951221916, "118": 0.05886530266199768, "119": 0.06212817537422931, "120": 0.08807142757536196, "121": 0.06234972406138189, "122": 0.06212817537422925, "123": 0.088071427575362, "124": 0.0623497240613819, "125": 0.08807142757536204, "126": 0.062349724061381964, "127": 0.0612154834812455, "128": 0.08425162834850425, "129": 0.059645516416278625, "130": 0.08425162834850433, "131": 0.05964551641627871, "132": 0.10343269184384572, "133": 0.059787679481334746, "134": 0.05978767948133477, "135": 0.12944731112818042, "136": 0.05795921959245438, "137": 0.057959219592454383, "138": 0.057959219592454356, "139": 0.05795921959245436, "140": 0.12944731112818056, "141": 0.057959219592454425, "142": 0.05795921959245443, "143": 0.05795921959245447, "144": 0.057959219592454474, "145": 0.08128565926539286, "146": 0.0575457735257896, "147": 0.04947055695133622, "148": 0.04523752522595653, "149": 0.13857292417273287, "150": 0.04183083527175181, "151": 0.0418308352717518, "152": 0.041830835271751785, "153": 0.0418308352717518, "154": 0.041830835271751785, "155": 0.04183083527175179, "156": 0.0418308352717518, "157": 0.0418308352717518, "158": 0.04183083527175181, "159": 0.0418308352717518, "160": 0.07098746847633014, "161": 0.04103321625682611, "162": 0.0410332162568261, "163": 0.08216510581025539, "164": 0.04113125119878552, "165": 0.04113125119878552, "166": 0.041131251198785496, "167": 0.07098746847633014, "168": 0.04103321625682613, "169": 0.04103321625682615, "170": 0.029412709904547533, "171": 0.020822580000497755, "172": 0.04179461159731856, "173": 0.02092207697431599, "174": 0.020922076974315994, "175": 0.02092207697431599, "176": 0.020748590655208714, "177": -0.05976969881846089, "178": -0.02261760134668892, "179": -0.02261760134668893, "180": -0.022617601346688925, "181": -0.02261760134668892, "182": -0.02261760134668893, "183": -0.02261760134668892, "184": -0.05049313870864164, "185": -0.035746363515942514, "186": -0.04829424179397046, "187": -0.05435317141160713, "188": -0.10109696171100009, "189": -0.0715710854207651, "190": -0.07131677026136729, "191": -0.10793897252769569, "192": -0.07641485255603625, "193": -0.08042790002845165, "194": -0.08042790002845165, "195": -0.16200873105726987, "196": -0.08110038620167316, "197": -0.08110038620167317, "198": -0.08110038620167317, "199": -0.11818785763997024, "200": -0.08367049920875254, "201": -0.08337319092820811, "202": -0.14509497915450517, "203": -0.0838699250053081, "204": -0.08386992500530813, "205": -0.08838957474640877}}