{"name": "eigen", "eigen": 4, "normalized": true, "process_time": 0.035337209701538086, "data": {"0": -0.07569475935383205, "1": -0.106517530610934, "2": -0.1483930401988221, "3": -0.11746702189539784, "4": -0.10408817035245949, "5": -0.07237538950880887, "6": -0.059045093630201245, "7": -0.05527151130710031, "8": -0.03031632332808669, "9": -0.015202872568223516, "10": 7.521013567420021e-05, "11": 0.015323847088890726, "12": 0.03043425452064218, "13": 0.045242717851323125, "14": 0.07299763508652532, "15": 0.10292334461101875, "16": 0.13247341345739905, "17": 0.0880402773693551, "18": 0.12929242008891206, "19": 0.08927932173627598, "20": 0.08624933912454044, "21": 0.08236366020678179, "22": 0.07766083555196718, "23": 0.07218752278931345, "24": 0.06599802370895844, "25": 0.05915374552344349, "26": 0.0633469788399624, "27": 0.04109902091028195, "28": 0.036825260001575405, "29": 0.018439018411892355, "30": 0.0066274008875023965, "31": -0.0052499683576024, "32": -0.017075251655430203, "33": -0.028731128092703187, "34": -0.056712732137776764, "35": -0.05027722566500469, "36": -0.05995368381600363, "37": -0.0690353299221272, "38": -0.0774320632231315, "39": -0.08506057811063433, "40": -0.0918451906191011, "41": -0.09771858930104461, "42": -0.10262250303686049, "43": -0.10650827915382802, "44": -0.13391037840527834, "45": -0.10999423501170932, "46": -0.10955982991312385, "47": -0.20212145215381896, "48": -0.0967837892641445, "49": -0.10357533546282069, "50": -0.0706738850422686, "51": -0.0886666188282251, "52": -0.058445653357340505, "53": -0.012911867151676387, "54": 0.013801213464966391, "55": 0.0431419797032741, "56": 0.10129395044328736, "57": 0.0680901867607287, "58": 0.07702274810797502, "59": 0.13469903830532043, "60": 0.08646134346370986, "61": 0.08687373534969711, "62": 0.08642423617444592, "63": 0.08511730550585261, "64": 0.08296590965480914, "65": 0.09796904837378219, "66": 0.0702988431923646, "67": 0.07337305064900987, "68": 0.04772075021197497, "69": 0.04293858602882142, "70": 0.026578362132212763, "71": 0.007911935843907258, "72": -0.005955765959229295, "73": -0.027951053485830213, "74": -0.040151071206853337, "75": -0.07086362876287607, "76": -0.08487341881087887, "77": -0.05875992065072288, "78": -0.06325820956131324, "79": -0.06712890159062089, "80": -0.08614070958823926, "81": -0.07214096247782523, "82": -0.07323260571428188, "83": -0.052041428623089185, "84": -0.13178738078259708, "85": -0.07646680069967125, "86": -0.07646680069967118, "87": -0.13178738078259705, "88": -0.07646680069967117, "89": -0.07646680069967118, "90": -0.0681577196444701, "91": -0.0603949280293001, "92": -0.03207010879487615, "93": 6.233806214366033e-05, "94": 4.429941799721955e-05, "95": 0.04235531187099662, "96": 0.05171822554406938, "97": 0.05171822554406956, "98": 0.08505136295563182, "99": 0.06044021500232892, "100": 0.08505136295563176, "101": 0.06044021500232887, "102": 0.10522865383402068, "103": 0.06105666910471998, "104": 0.06105666910471998, "105": 0.114824181617489, "106": 0.06662426826534833, "107": 0.06662426826534842, "108": 0.09280697596147572, "109": 0.06595160131359333, "110": 0.08561121065071114, "111": 0.03847736801985284, "112": 0.03847736801985285, "113": 0.03847736801985277, "114": 0.03847736801985288, "115": 0.02136706716934654, "116": -0.028497731812029713, "117": -0.028497731812029713, "118": -0.07769862452935347, "119": -0.07677558080969385, "120": -0.1096733078994575, "121": -0.07793735548856229, "122": -0.07677558080969388, "123": -0.10967330789945755, "124": -0.07793735548856232, "125": -0.10967330789945749, "126": -0.07793735548856226, "127": -0.060097366585518765, "128": -0.05692626605740163, "129": -0.04045362284886591, "130": -0.05692626605740162, "131": -0.04045362284886591, "132": -0.07043125632381249, "133": -0.04086622564587478, "134": -0.040866225645874776, "135": -0.06118325448742379, "136": -0.02749839164370419, "137": -0.027498391643704177, "138": -0.027498391643704198, "139": -0.027498391643704177, "140": -0.06118325448742366, "141": -0.02749839164370413, "142": -0.027498391643704122, "143": -0.02749839164370413, "144": -0.027498391643704108, "145": -0.037523623398386816, "146": -0.02666548526739081, "147": 0.00800785806025021, "148": 0.025032208274945532, "149": 0.1531439183077692, "150": 0.046404824322975775, "151": 0.04640482432297578, "152": 0.046404824322975796, "153": 0.046404824322975775, "154": 0.046404824322975796, "155": 0.04640482432297578, "156": 0.04640482432297577, "157": 0.04640482432297575, "158": 0.046404824322975775, "159": 0.04640482432297578, "160": 0.07345107789845534, "161": 0.04261841233571948, "162": 0.042618412335719516, "163": 0.08568796527285821, "164": 0.04305757387833303, "165": 0.04305757387833303, "166": 0.04305757387833303, "167": 0.0734510778984554, "168": 0.0426184123357195, "169": 0.04261841233571951, "170": 0.086480271759318, "171": 0.06145564323666013, "172": 0.12482208696864047, "173": 0.0627221829131511, "174": 0.0627221829131511, "175": 0.06272218291315113, "176": 0.06053955351641805, "177": 0.1599914200361187, "178": 0.06077254080132349, "179": 0.06077254080132348, "180": 0.06077254080132348, "181": 0.06077254080132349, "182": 0.06077254080132348, "183": 0.06077254080132348, "184": 0.060815390771793564, "185": 0.04321735908706505, "186": 0.024914193458385678, "187": 0.015421524489057651, "188": -0.02006345574762599, "189": -0.014257732468188856, "190": -0.014045199306705673, "191": -0.033279290744385306, "192": -0.0236493269221909, "193": -0.03184916907968942, "194": -0.03184916907968942, "195": -0.06566747724140043, "196": -0.032997425527864256, "197": -0.03299742552786426, "198": -0.03299742552786426, "199": -0.05449093338936858, "200": -0.03872299767199588, "201": -0.03814577256725387, "202": -0.06741817376534927, "203": -0.039117949125607884, "204": -0.039117949125607905, "205": -0.04998129891569976}}