{"name": "fiedler", "normalized": false, "process_time": 0.051310062408447266, "data": {"0": -0.11543017965329994, "1": -0.1153602520996879, "2": -0.11522043935342845, "3": -0.1145910907809892, "4": -0.11382286163947213, "5": -0.1129166829763982, "6": -0.11194209940100366, "7": -0.11089970130161654, "8": -0.10972289637297171, "9": -0.1084796212847904, "10": -0.10717062919434332, "11": -0.10566666804929122, "12": -0.1040986939531327, "13": -0.10246765676466427, "14": -0.10077454454501077, "15": -0.0989592965892905, "16": -0.09696412682522249, "17": -0.09449827985525787, "18": -0.09197518560973894, "19": -0.08911723732395908, "20": -0.0862053015452248, "21": -0.08324114229737341, "22": -0.08022655524077324, "23": -0.07716336658486549, "24": -0.07405343198264082, "25": -0.07089863540588467, "26": -0.06770088800387392, "27": -0.06425633556116642, "28": -0.060772856149314394, "29": -0.05721572102106899, "30": -0.0536239240847513, "31": -0.04999964123087626, "32": -0.046345068030487366, "33": -0.04266241840549303, "34": -0.0389539232873777, "35": -0.03517460284730701, "36": -0.03137397300342079, "37": -0.02755433616522057, "38": -0.023718006258793906, "39": -0.01986730732256163, "40": -0.016004572103019848, "41": -0.012132140636424595, "42": -0.00825235883812431, "43": -0.0043675770744055565, "44": -0.00048014874450501846, "45": 0.00340786289115051, "46": 0.007293810730184557, "47": 0.011175340661145994, "48": 0.014995876700044585, "49": 0.018807328893760043, "50": 0.022595988491272406, "51": 0.026370960047520785, "52": 0.030017928438219408, "53": 0.03342780439924473, "54": 0.03681743027696008, "55": 0.04016243547713992, "56": 0.0434587658352412, "57": 0.046173141631503864, "58": 0.04885954593900183, "59": 0.051516351244598295, "60": 0.05392301401597572, "61": 0.056297010150575866, "62": 0.05863690138699601, "63": 0.06094127012382136, "64": 0.06320872028029523, "65": 0.06543787814033024, "66": 0.06734856625758576, "67": 0.06921845397827255, "68": 0.07096241469130261, "69": 0.07266338556859404, "70": 0.07427628902960029, "71": 0.07579917013047437, "72": 0.07727613105282502, "73": 0.07870627697998844, "74": 0.07994552353771477, "75": 0.08103932640518179, "76": 0.08178883845553486, "77": 0.08219099601157304, "78": 0.08254336089585708, "79": 0.0828457196271287, "80": 0.08309788902033019, "81": 0.08324934366365884, "82": 0.08335036443160782, "83": 0.0834008901207283, "84": -0.11543030701868034, "85": -0.11550027703608419, "86": -0.11550027703611376, "87": -0.11543030701868025, "88": -0.11550027703609655, "89": -0.11550027703610144, "90": -0.11466055210496699, "91": -0.11389185729888232, "92": -0.11096692507808725, "93": -0.10730067421751699, "94": -0.10736571643031671, "95": -0.10083563091585482, "96": -0.0990192826384929, "97": -0.09901928263848697, "98": -0.09708178714933197, "99": -0.09714063513615762, "100": -0.09708178714934006, "101": -0.09714063513615548, "102": -0.09714074232348405, "103": -0.09719962604654207, "104": -0.09719962604655953, "105": -0.09214271417853215, "106": -0.09219856831339032, "107": -0.09219856831339451, "108": -0.09208679227090104, "109": -0.09214261250966428, "110": -0.06790667938853244, "111": -0.06794784265290969, "112": -0.06794784265294826, "113": -0.06794784265294786, "114": -0.0679478426529195, "115": -0.06080969516617736, "116": -0.03897753649682272, "117": -0.03897753649680571, "118": -0.00048044048719005046, "119": 0.011182114107699294, "120": 0.011188899879273784, "121": 0.011195681541866032, "122": 0.011182114107640044, "123": 0.01118889987927758, "124": 0.011195681541864979, "125": 0.0111888998792767, "126": 0.011195681541865227, "127": 0.018818728643856496, "128": 0.02640295839835112, "129": 0.026418962420450463, "130": 0.02640295839834346, "131": 0.026418962420452635, "132": 0.026418991565061598, "133": 0.02643500530555488, "134": 0.02643500530555891, "135": 0.030109170591742066, "136": 0.03012742123339912, "137": 0.030127421233321742, "138": 0.030127421233373582, "139": 0.030127421233348498, "140": 0.030109170591742142, "141": 0.030127421233376896, "142": 0.03012742123334118, "143": 0.03012742123336604, "144": 0.030127421233358914, "145": 0.03005435224067297, "146": 0.03007256965965229, "147": 0.0368397473748791, "148": 0.04018678027193083, "149": 0.04375046752693923, "150": 0.04377698732284981, "151": 0.043776987322843325, "152": 0.04377698732283735, "153": 0.04377698732284286, "154": 0.04377698732287663, "155": 0.04377698732284047, "156": 0.04377698732283644, "157": 0.04377698732283984, "158": 0.043776987322852984, "159": 0.04377698732287746, "160": 0.043537922748870035, "161": 0.04356431371539755, "162": 0.04356431371540897, "163": 0.04356437784795164, "164": 0.043590784850203, "165": 0.04359078485022398, "166": 0.04359078485024594, "167": 0.04353792274887012, "168": 0.04356431371541097, "169": 0.043564313715395535, "170": 0.05157886309340093, "171": 0.0516101284876621, "172": 0.05164154584140928, "173": 0.051672849231415685, "174": 0.051672849231445175, "175": 0.05167284923140661, "176": 0.051547578747451576, "177": 0.06571670506903259, "178": 0.06575654093501021, "179": 0.06575654093500674, "180": 0.06575654093503364, "181": 0.06575654093503007, "182": 0.06575654093496269, "183": 0.06575654093503747, "184": 0.06930244772461971, "185": 0.06934445732350883, "186": 0.07270743261906576, "187": 0.07432131384809842, "188": 0.07880178454518148, "189": 0.07884955279775252, "190": 0.07875398733465915, "191": 0.08004253497966618, "192": 0.08009105539871303, "193": 0.08108845109750216, "194": 0.08108845109749795, "195": 0.08123627290762207, "196": 0.08128551699177088, "197": 0.08128551699177489, "198": 0.08128551699178335, "199": 0.08188808683742205, "200": 0.0819377260657906, "201": 0.08183841751667778, "202": 0.08193781648342616, "203": 0.08198748585654383, "204": 0.0819874858565367, "205": 0.08314826165441999}}