{"name": "fiedler", "normalized": false, "process_time": 0.03196525573730469, "data": {"0": -0.3600610611762416, "1": -0.21702345383625402, "2": 0.18443912288532985, "3": 0.4264169484228746, "4": 0.3497352421192838, "5": -0.06635587313212621, "6": -0.2833793128534492, "7": -0.3171509531883609, "8": 0.20939350870058174, "9": 0.4340468653291122, "10": -0.21702341181625429, "11": -0.14303762145449594}}