{"name": "fiedler", "normalized": true, "process_time": 0.037444114685058594, "data": {"0": -0.36006104146483753, "1": -0.2170234089998368, "2": 0.18443915744415268, "3": 0.4264169534748842, "4": 0.3497352172445768, "5": -0.06635592778616736, "6": -0.28337935256210967, "7": -0.3171509183613439, "8": 0.2093935286989052, "9": 0.4340468653280412, "10": -0.21702345632738518, "11": -0.14303761668887957}}