{"name": "agd", "process_time": 0.04101109504699707, "data": {"0": 3.8181818181818183, "1": 3.9393939393939394, "2": 3.3838383838383836, "3": 4.0, "4": 3.5757575757575757, "5": 3.6464646464646466, "6": 4.01010101010101, "7": 4.222222222222222, "8": 4.0606060606060606, "9": 4.02020202020202, "10": 4.03030303030303, "11": 3.6565656565656566, "12": 3.797979797979798, "13": 3.494949494949495, "14": 3.707070707070707, "15": 3.8181818181818183, "16": 3.717171717171717, "17": 3.707070707070707, "18": 3.808080808080808, "19": 3.6161616161616164, "20": 3.6262626262626263, "21": 3.7676767676767677, "22": 3.878787878787879, "23": 3.717171717171717, "24": 3.727272727272727, "25": 3.404040404040404, "26": 3.9292929292929295, "27": 3.4646464646464645, "28": 3.95959595959596, "29": 4.181818181818182, "30": 3.5353535353535355, "31": 3.98989898989899, "32": 3.5454545454545454, "33": 4.3232323232323235, "34": 3.757575757575758, "35": 4.515151515151516, "36": 3.686868686868687, "37": 4.212121212121212, "38": 4.101010101010101, "39": 4.0, "40": 4.1313131313131315, "41": 3.8282828282828283, "42": 3.505050505050505, "43": 3.595959595959596, "44": 3.9797979797979797, "45": 3.6161616161616164, "46": 3.8686868686868685, "47": 3.9696969696969697, "48": 4.101010101010101, "49": 4.0, "50": 4.0606060606060606, "51": 4.0, "52": 3.878787878787879, "53": 3.787878787878788, "54": 3.98989898989899, "55": 3.8383838383838382, "56": 3.8686868686868685, "57": 3.797979797979798, "58": 3.7373737373737375, "59": 3.5757575757575757, "60": 3.494949494949495, "61": 3.898989898989899, "62": 4.070707070707071, "63": 3.7777777777777777, "64": 3.717171717171717, "65": 3.5656565656565657, "66": 3.797979797979798, "67": 3.6262626262626263, "68": 3.7676767676767677, "69": 3.98989898989899, "70": 3.6161616161616164, "71": 3.898989898989899, "72": 3.98989898989899, "73": 4.0, "74": 3.585858585858586, "75": 3.494949494949495, "76": 3.8484848484848486, "77": 4.767676767676767, "78": 4.101010101010101, "79": 4.141414141414141, "80": 4.08080808080808, "81": 3.9292929292929295, "82": 4.404040404040404, "83": 4.414141414141414, "84": 4.505050505050505, "85": 4.2727272727272725, "86": 3.909090909090909, "87": 3.878787878787879, "88": 3.717171717171717, "89": 3.6565656565656566, "90": 3.787878787878788, "91": 3.8585858585858586, "92": 3.909090909090909, "93": 3.6666666666666665, "94": 3.787878787878788, "95": 3.3434343434343434, "96": 3.3838383838383836, "97": 3.8686868686868685, "98": 3.696969696969697, "99": 4.070707070707071}}