{"name": "eigen", "eigen": 1, "normalized": false, "process_time": 0.009372949600219727, "data": {"0": 0.11840575656548274, "1": 0.11602743954828632, "2": 0.060567637264349355, "3": 0.12505732667018718, "4": 0.08316252659030657, "5": 0.09276933308340748, "6": 0.05156566904806463, "7": -0.014032947611285929, "8": 0.0296232910155797, "9": 0.033172778030496175, "10": 0.0371366277453114, "11": 0.027526051779914573, "12": 0.044871937506354376, "13": -0.030952275601125345, "14": 0.03244181984606784, "15": -0.07468852219964178, "16": -0.019778552464378707, "17": -0.009291906212877052, "18": -0.02046423439325082, "19": -0.05636510055260047, "20": -0.059527691410607264, "21": -0.0837311176734915, "22": -0.04675023740272134, "23": -0.005766122091759654, "24": -0.021166998091936496, "25": 0.004038495240921584, "26": -0.08085392696689926, "27": 0.06624957193329131, "28": 0.07109880798953312, "29": 0.06567604149783, "30": 0.0558072759703584, "31": 0.04650825846697805, "32": 0.07829371503587876, "33": 0.1482052518134063, "34": 0.12392631398867175, "35": 0.15912078442230818, "36": 0.10545157727266777, "37": 0.1555782071841463, "38": 0.1515589661191056, "39": 0.15024344809568388, "40": 0.14046969485649774, "41": 0.12141091917764223, "42": 0.09793340316114979, "43": 0.049697498571303296, "44": 0.08425756043768164, "45": 0.05160883378839567, "46": 0.07293568809829101, "47": 0.036883041354559755, "48": -0.004037609367980415, "49": 0.013763977088176718, "50": -0.011624070891469886, "51": -0.008915974563495379, "52": -0.016665295165322967, "53": -0.01793277587859663, "54": -0.09089518983457337, "55": -0.05926579657327645, "56": -0.0704211378178185, "57": -0.043127248874950834, "58": -0.05264364818366727, "59": -0.006175213958266408, "60": 0.010376261469139138, "61": 0.06979811752759901, "62": 0.09582622388467926, "63": 0.09464747057932558, "64": 0.11919707857548535, "65": 0.0977702958998496, "66": 0.08857882114832376, "67": 0.04915094175222723, "68": 0.003187421380502412, "69": -0.06191005959447699, "70": -0.06421605326545307, "71": -0.10244182140872436, "72": -0.10963326218080802, "73": -0.13523329018139726, "74": -0.09003186820360441, "75": -0.0695562547504098, "76": -0.15306312725275775, "77": -0.2319391739050231, "78": -0.18454721777361976, "79": -0.19593753656769874, "80": -0.21308341096564573, "81": -0.1902031590398795, "82": -0.23651580600072994, "83": -0.23357980089829142, "84": -0.22415773425396135, "85": -0.19945902436003593, "86": -0.1464805243347991, "87": -0.12190266313692932, "88": -0.06554059138300176, "89": -0.07334921785537747, "90": -0.05372166495128449, "91": 0.003233319712948118, "92": 0.056615194667404105, "93": 0.025271444127011305, "94": 0.05044780576963291, "95": 0.05878255255646753, "96": 0.020831162513718166, "97": 0.09219968038909827, "98": 0.10425609774220425, "99": 0.11836144009200071}}