{"name": "eigen", "eigen": 3, "normalized": false, "process_time": 0.012122869491577148, "data": {"0": -0.04018441886101317, "1": -0.06806153144518287, "2": -0.070875835257855, "3": -0.15989552197778586, "4": -0.05032213530772667, "5": -0.2938793208395466, "6": -0.3151364451424501, "7": -0.2826851052677274, "8": -0.23596046994167025, "9": -0.16656359025207845, "10": -0.07995864789034741, "11": -0.0027394185325721604, "12": 0.03254032468291004, "13": 0.040355205650829146, "14": 0.15878279255512207, "15": 0.24562228128804334, "16": 0.24965898789084456, "17": 0.21418715894948992, "18": 0.27476933634675743, "19": 0.21316400871230856, "20": 0.136351499636174, "21": 0.13746259432646205, "22": 0.0893759464658517, "23": 0.052994697584693246, "24": 0.041986508709235704, "25": -0.005635263261344559, "26": -0.017720611831902183, "27": -0.004100550470165887, "28": -0.023868374749514212, "29": -0.02980672444493071, "30": -0.03378096994658158, "31": -0.046471691249296024, "32": -0.028152312614685704, "33": 0.004015785484613208, "34": -0.02450131274664536, "35": -0.02235252632096614, "36": -0.04118466254947864, "37": -0.04114683969696613, "38": -0.047324172796972375, "39": -0.03637549764758195, "40": -0.04449486877415684, "41": -0.05500561509650698, "42": -0.05937152309568851, "43": -0.05658620399218306, "44": -0.07455091392465713, "45": -0.013555905769741722, "46": -0.012325474999789574, "47": 0.0004798482907297161, "48": 0.04995096132345982, "49": 0.0006389052238391368, "50": 0.05423501505348867, "51": 0.03255113819831092, "52": 0.05733351977205431, "53": 0.012003720659341868, "54": 0.04949776250187969, "55": 0.03889313199428033, "56": 0.06888882184464071, "57": 0.03869856659908616, "58": 0.08942160011997688, "59": 0.030293284827557394, "60": 0.016799784660086983, "61": 0.017928753837338357, "62": -0.004906695438212793, "63": -0.0007328377051882412, "64": 0.00862561078036262, "65": -0.011746788902796151, "66": -0.026361233473282772, "67": -0.002537179510771287, "68": 0.05790118882059307, "69": 0.058835888142298454, "70": 0.16066459585687065, "71": 0.19570579495502075, "72": 0.15970422866429987, "73": 0.13430828075697493, "74": 0.0807953279176581, "75": -0.013412829699256043, "76": -0.005539287990131168, "77": -0.01563054713753828, "78": -0.01914235214606376, "79": -0.007745484370470068, "80": -0.04593767638505383, "81": -0.0985103060965655, "82": -0.0841867370365447, "83": -0.07439756972306397, "84": -0.08240214624620404, "85": -0.06508576919275123, "86": -0.07119177257500077, "87": -0.07992684918404784, "88": -0.027332697884639975, "89": -0.01278695730939737, "90": 0.013506089065544347, "91": 0.017618026950511734, "92": 0.042350415661295604, "93": -0.010431465074313143, "94": -0.02639003822746537, "95": -0.022898069021116393, "96": -0.0187540484525988, "97": -0.02572815157472509, "98": -0.005494541095681801, "99": -0.03511290261225121}}