{"name": "eigen", "eigen": 4, "normalized": false, "process_time": 0.012122869491577148, "data": {"0": 0.16292699549753156, "1": 0.1511462965730409, "2": 0.1191929495029489, "3": 0.12567115699159243, "4": 0.12038126236850405, "5": 0.045945501237759354, "6": -0.003641743932756153, "7": -0.005960943343074787, "8": -0.049184406279933535, "9": -0.01413895197888046, "10": -0.14969342523979878, "11": -0.16882203082352973, "12": -0.1601521709435697, "13": -0.11663608851072821, "14": -0.1295803328109485, "15": -0.08171930848932898, "16": -0.0984212653613259, "17": -0.03730010752367249, "18": -0.09845534031183059, "19": -0.06857933076423389, "20": -0.03773937799377597, "21": -0.06833102007785649, "22": -0.07427540613423932, "23": -0.06035613276812869, "24": -0.06607664657054395, "25": -0.041591808884039905, "26": 0.08759774819580186, "27": 0.05173617300890135, "28": 0.0819573110101623, "29": 0.08068995362559694, "30": 0.0689756800274608, "31": 0.024618816736328257, "32": -0.028099791106469055, "33": -0.08976441932731509, "34": -0.10291613847572242, "35": -0.11123780497783582, "36": -0.13380298770000626, "37": -0.14895738900503558, "38": -0.15637978114428808, "39": -0.12383603336318669, "40": -0.12225639541429628, "41": -0.1228442734034079, "42": -0.10870751332010031, "43": -0.0783760600531935, "44": -0.034754464888755804, "45": -0.010065022502250144, "46": 0.01929733519845831, "47": -0.028045905067326852, "48": 0.0031094453013225283, "49": 0.11917797579647868, "50": 0.0574525378041736, "51": 0.054469906468232784, "52": 0.08755843026724394, "53": 0.08315992705253969, "54": 0.09536557413473884, "55": 0.060818373699828926, "56": 0.10474331689797883, "57": 0.0964668484609831, "58": 0.07277229773128638, "59": 0.07791498184876963, "60": 0.010081480433025928, "61": -0.025270780033596785, "62": -0.027176158703063613, "63": -0.011659533000723359, "64": 0.013031051607718103, "65": -0.000722904549631545, "66": 0.15303285058861157, "67": 0.10897876542164095, "68": 0.13481221228046078, "69": 0.15128326321148844, "70": 0.10466787602634417, "71": 0.03829663300785852, "72": 0.07483424382692039, "73": 0.03725956320164493, "74": 0.08365797669344775, "75": 0.02534906736930494, "76": 0.06372469432523192, "77": -0.025036426612447225, "78": -0.03544601353528143, "79": -0.053150589409270664, "80": -0.06658212806104824, "81": -0.09328915008851027, "82": -0.10782011070648312, "83": -0.09332164353294975, "84": -0.1270045691188245, "85": -0.1091875071809924, "86": -0.13751686100409988, "87": -0.14038443457045557, "88": -0.10833827129838133, "89": -0.07939202535973247, "90": -0.056777481669953965, "91": -0.012775986828189855, "92": 0.009595525363348425, "93": 0.014906995748812487, "94": 0.20060495248857899, "95": 0.14906745984623396, "96": 0.157099942422243, "97": 0.2605160672543234, "98": 0.18499929889601638, "99": 0.2126056783041205}}