{"name": "eigen", "eigen": 5, "normalized": true, "process_time": 0.010786056518554688, "data": {"0": 0.10543511125898006, "1": 0.09546573754566734, "2": 0.029179029382927768, "3": 0.10557190356186455, "4": 0.009404307103813868, "5": 0.04913442013863076, "6": 0.0478313433680589, "7": 0.00391104324839249, "8": 0.00360461497049289, "9": -0.001853795611501348, "10": -0.046666631723720625, "11": -0.08465904868254999, "12": -0.07157503058249473, "13": -0.05216849419733775, "14": -0.056544738763549256, "15": -0.10138888711732572, "16": -0.11465600015900808, "17": -0.040435709127018465, "18": -0.13094290004621634, "19": -0.03974819421877343, "20": -0.12952281782810127, "21": 0.02514758490283188, "22": -0.05634188089728825, "23": -0.008438393112351908, "24": -0.08771850159891587, "25": -0.06750204076044025, "26": -0.06215834122358965, "27": -0.045572085088424474, "28": -0.05274441733072055, "29": -0.06805801881897677, "30": -0.035937768367690553, "31": -0.08870429543521309, "32": -0.08846923377920439, "33": -0.10859437366734045, "34": -0.1003423122532063, "35": 0.09942106033187262, "36": 0.07787417446767594, "37": 0.16957052348592339, "38": 0.1761311894636204, "39": 0.18206342023023192, "40": 0.14629052584152474, "41": 0.1831431464844427, "42": 0.09826467033085673, "43": 0.1259662379546478, "44": 0.06623406084514541, "45": 0.04686573564756816, "46": 0.07173741304017578, "47": 0.07922399470493101, "48": 0.06291525259550981, "49": 0.10043105875005874, "50": 0.07945391851257132, "51": 0.09557065960981047, "52": 0.06138332599255173, "53": 0.0665097726739702, "54": 0.11287678570729687, "55": 0.06453240478342293, "56": 0.03225067354410853, "57": 0.01698853701392126, "58": 0.006818471643921648, "59": -0.10859371846607037, "60": -0.06120880453720219, "61": -0.17172323508820125, "62": -0.17638242661529713, "63": -0.20231583912434692, "64": -0.1725403133345192, "65": -0.08669542480126616, "66": -0.12735570845472946, "67": -0.11036186684970102, "68": -0.07739792047143647, "69": -0.029705851284026485, "70": 0.017137751427783343, "71": -0.02013594757995757, "72": 0.08017606150241123, "73": 0.07949053797506139, "74": 0.15144974160261301, "75": 0.08909152320525386, "76": 0.1744424783306074, "77": 0.17263152138714938, "78": 0.21691146786579651, "79": 0.18793051922584206, "80": 0.13707531560487343, "81": 0.06578682060108164, "82": 0.03339623244970381, "83": -0.021355425200656496, "84": -0.0638026928729745, "85": -0.09926040115864981, "86": -0.13906358796332938, "87": -0.13378068931587417, "88": -0.09761382678537711, "89": -0.1151834000369859, "90": -0.039847533425797624, "91": -0.12706879932587228, "92": -0.10076592291654117, "93": -0.1455863510324022, "94": -0.10947928811841823, "95": -0.06540005562653485, "96": 0.0421919072838352, "97": 0.04433342254910638, "98": 0.014552230107290065, "99": 0.07657990177891036}}