{"name": "fiedler", "normalized": true, "process_time": 0.03758692741394043, "data": {"0": -0.14525101260578555, "1": -0.1258810915296867, "2": -0.08481163602276359, "3": -0.11259830559091084, "4": -0.0761579450179928, "5": -0.11115243010362291, "6": -0.045543236157520414, "7": 0.011681907089169708, "8": -0.030746695090674122, "9": -0.030688692108721282, "10": -0.04034390625828413, "11": -0.03134490360964564, "12": -0.0492324809327305, "13": 0.029048681861842042, "14": -0.03130365352806493, "15": 0.06671519432940519, "16": 0.01986284604921228, "17": 0.007217427592115818, "18": 0.019946317097798757, "19": 0.05961685406292528, "20": 0.07584349651015417, "21": 0.07990404296090031, "22": 0.0497971531351853, "23": 0.007573706073579281, "24": 0.02583447701524518, "25": -0.0028855684836054303, "26": 0.07625107072950403, "27": -0.07967046381501347, "28": -0.06075135087758489, "29": -0.053788636678269545, "30": -0.06486827480993869, "31": -0.03575339446360507, "32": -0.07636107851433947, "33": -0.09047921228019155, "34": -0.11570820659586055, "35": -0.09609323503771063, "36": -0.12194680698010099, "37": -0.1476081304329558, "38": -0.14873652967029694, "39": -0.15275682411587377, "40": -0.12222179237529593, "41": -0.14470413688359274, "42": -0.13090054627386982, "43": -0.05774383454890562, "44": -0.0766731077884564, "45": -0.0694946484645084, "46": -0.07792655632638594, "47": -0.03878157033651471, "48": 0.006905258343824737, "49": -0.014884976149699223, "50": 0.014798289917968019, "51": 0.009128013876457616, "52": 0.012161226594657766, "53": 0.015309541425852018, "54": 0.08720428191059253, "55": 0.07232872019184985, "56": 0.08651167161443878, "57": 0.05714548409982298, "58": 0.07445917119686009, "59": 0.01475176233498268, "60": -0.002933354671935998, "61": -0.05399897246448647, "62": -0.07847905580675163, "63": -0.1053731599935592, "64": -0.13084163832342902, "65": -0.11582460239044343, "66": -0.09063668818092975, "67": -0.05349666194049198, "68": -0.00793812200265948, "69": 0.047816635513758414, "70": 0.06712977010950258, "71": 0.08533420677083929, "72": 0.08698360525775263, "73": 0.13099502633731439, "74": 0.09278865451682221, "75": 0.06256109072149993, "76": 0.14112920911998716, "77": 0.1301552811697619, "78": 0.16111209220472614, "79": 0.17368180259193486, "80": 0.20672439899152156, "81": 0.21752096664699777, "82": 0.2426403373238738, "83": 0.244278877593684, "84": 0.23710064010688592, "85": 0.2143235104081228, "86": 0.1803007832857396, "87": 0.153177485868042, "88": 0.07672756092186728, "89": 0.09237787160564792, "90": 0.06241629131939527, "91": 0.0008880184801542167, "92": -0.047602483371994145, "93": -0.024861081067093387, "94": -0.04479675328901369, "95": -0.07017736169160482, "96": -0.02861058868552756, "97": -0.08521395516603522, "98": -0.12759647620982556, "99": -0.12873951923217064}}