{"name": "pagerank", "alpha": 0.85, "process_time": 0.027009010314941406, "data": {"0": 0.009801754281481397, "1": 0.012304535422857973, "2": 0.011921799160200437, "3": 0.008081773901587999, "4": 0.00995820568212064, "5": 0.00837494578905065, "6": 0.008320592767276024, "7": 0.010479853512761636, "8": 0.010446725034480818, "9": 0.011931710221169825, "10": 0.008232437722681108, "11": 0.008129821666815567, "12": 0.01039272739125853, "13": 0.012280900297201743, "14": 0.010200365191984308, "15": 0.010325096537567632, "16": 0.010396850187395605, "17": 0.007936282898301776, "18": 0.008065302200726815, "19": 0.010174311080303622, "20": 0.01197407175605235, "21": 0.00989956371813935, "22": 0.009799373344458094, "23": 0.009978401751616343, "24": 0.009891619933061162, "25": 0.009783195788726978, "26": 0.005948454930099872, "27": 0.010478243996224844, "28": 0.010453399429840705, "29": 0.010035664176125269, "30": 0.012150104306775203, "31": 0.009726297391930934, "32": 0.009736356349903637, "33": 0.009683260262622888, "34": 0.009632137334125488, "35": 0.011685815272693852, "36": 0.009506678046112365, "37": 0.009566646125518325, "38": 0.007449357895851239, "39": 0.016067237370844138, "40": 0.011567533143454762, "41": 0.009350276112933322, "42": 0.011423642712231093, "43": 0.009375183588065791, "44": 0.011526591770410514, "45": 0.011694499645195451, "46": 0.011751638276752789, "47": 0.00955160450940426, "48": 0.009790221955953634, "49": 0.00988890102593807, "50": 0.007859913391240527, "51": 0.012648793383881609, "52": 0.010023220810153714, "53": 0.00986779195069764, "54": 0.010042626117374397, "55": 0.00998482057180226, "56": 0.0077439706478930675, "57": 0.012028885514786038, "58": 0.012149169089693214, "59": 0.011949016675252864, "60": 0.007720706598467405, "61": 0.009952459633126794, "62": 0.012202966793720805, "63": 0.009743943799989217, "64": 0.00792864068962757, "65": 0.007878643698609687, "66": 0.010164601973654444, "67": 0.010267368924832713, "68": 0.005892014308931011, "69": 0.010550039372057781, "70": 0.008054893931064129, "71": 0.010174009271691355, "72": 0.0101204023429003, "73": 0.01203779100807511, "74": 0.010018581923386225, "75": 0.006094138930301412, "76": 0.010445349622217614, "77": 0.008381317949509906, "78": 0.01254661869217875, "79": 0.010151190568287368, "80": 0.011901865798622983, "81": 0.011756307201701942, "82": 0.009610931332893754, "83": 0.011830530149192896, "84": 0.009780477184122002, "85": 0.009806954911440091, "86": 0.01008752237885498, "87": 0.007592277505494898, "88": 0.008026082281078012, "89": 0.008018461004892707, "90": 0.012417812530717364, "91": 0.007798544620149634, "92": 0.012116657070369281, "93": 0.010012311091166383, "94": 0.0059267692158331674, "95": 0.010502159990621322, "96": 0.010329588822402338, "97": 0.005766527557572717, "98": 0.0146877606300976, "99": 0.010284607669084239}}