{"name": "pagerank", "alpha": 0.85, "process_time": 0.02652597427368164, "data": {"0": 0.0117988463438413, "1": 0.009776127057701997, "2": 0.014181614050504276, "3": 0.00768262452338612, "4": 0.007654422919987056, "5": 0.012199515818587265, "6": 0.007899680521022563, "7": 0.0057715494164110315, "8": 0.010684373221848628, "9": 0.008074245676052819, "10": 0.010373921523163557, "11": 0.010139296432000549, "12": 0.010168250796789043, "13": 0.010047879146860129, "14": 0.007891832578636772, "15": 0.007889144796972603, "16": 0.01046186144209595, "17": 0.007860407922679523, "18": 0.007980713016848322, "19": 0.009927493235353285, "20": 0.01211976361799304, "21": 0.010061666265485344, "22": 0.009952280080134455, "23": 0.009869979894970847, "24": 0.01015036277710005, "25": 0.012040341572548002, "26": 0.007687288653971123, "27": 0.012189446994962442, "28": 0.008025612138211532, "29": 0.008211139857192844, "30": 0.01251142358935043, "31": 0.008150734976992141, "32": 0.010202540855014245, "33": 0.005807612009446219, "34": 0.010319953677520012, "35": 0.005741818294479966, "36": 0.014606562778704462, "37": 0.010223204033643072, "38": 0.009995631763794085, "39": 0.009833868748772212, "40": 0.007636968740311198, "41": 0.011952745188227622, "42": 0.013988290193309326, "43": 0.009601332460478628, "44": 0.00759810506956827, "45": 0.014321774173109324, "46": 0.00982648414007408, "47": 0.009747859808639257, "48": 0.009765676944649901, "49": 0.01209551877539317, "50": 0.009755441500412, "51": 0.010058008024655264, "52": 0.00788658795915069, "53": 0.007744573683313382, "54": 0.009986206812545303, "55": 0.011810383820465276, "56": 0.011796408076044658, "57": 0.01168891568150622, "58": 0.014127810110452051, "59": 0.009888553416319796, "60": 0.009788279305044107, "61": 0.00798167774712781, "62": 0.00801151370135525, "63": 0.012413518319868918, "64": 0.012438066441273309, "65": 0.011919144339100213, "66": 0.010069953225034903, "67": 0.010070097751125322, "68": 0.01010282087192696, "69": 0.00796951058047745, "70": 0.012149503648799154, "71": 0.007965807827315582, "72": 0.007761322134472117, "73": 0.010052470231046419, "74": 0.012117040650897887, "75": 0.00992550703967168, "76": 0.010031308830278671, "77": 0.005978705610294337, "78": 0.01053469207981478, "79": 0.010541240849073888, "80": 0.009991524546992103, "81": 0.011980677822846729, "82": 0.009804146343903333, "83": 0.00975323608354426, "84": 0.0097494079522502, "85": 0.009701578965883594, "86": 0.011954694409159142, "87": 0.01191370673143006, "88": 0.009741928322368018, "89": 0.012187403805810576, "90": 0.009718404563786413, "91": 0.008010678521054668, "92": 0.007908528520504958, "93": 0.010345274308852126, "94": 0.007909993148505313, "95": 0.012188202912354583, "96": 0.012352821628974772, "97": 0.00772249760584297, "98": 0.011990546415358315, "99": 0.009809888606924364}}