{"0": 0.13293684709023174, "1": -0.17930191113110688, "2": -0.24981598283936923, "3": -0.2087653942358161, "4": -0.197924207426492, "5": -0.4117416375932656, "6": -0.4117416375932652, "7": 0.3052707847458159, "8": 0.30527078474581604, "9": 0.30527078474581615, "10": 0.30527078474581604, "11": 0.30527078474581604}