{"0": -0.5640760748359368, "1": 0.33709993126372345, "2": 0.16116459369755595, "3": 0.22792115216877604, "4": 0.2791452639953646, "5": 0.11396057488655287, "6": 0.11396057601505787, "7": -0.2779797256480973, "8": -0.2779797189428083, "9": -0.2779797264950349, "10": -0.27797971866205184, "11": -0.2779797330782109}