{"name": "eigen", "eigen": 1, "normalized": false, "process_time": 0.06961512565612793, "data": {"0": 0.0815948288851582, "1": 0.08151430464011128, "2": 0.08135333561772601, "3": 0.08111208067499366, "4": 0.0807907779014151, "5": 0.08038974438403665, "6": 0.07990937589452296, "7": 0.07935014649857743, "8": 0.07871260808809756, "9": 0.07799738983652335, "10": 0.07720519757791866, "11": 0.07633681311040122, "12": 0.07539309342459863, "13": 0.0743749698579042, "14": 0.07328344717535953, "15": 0.07211960257807062, "16": 0.07088458464014266, "17": 0.06957961217517393, "18": 0.06820597303343613, "19": 0.06676502283092149, "20": 0.06525818361151106, "21": 0.06368694244359188, "22": 0.06205284995249889, "23": 0.060357518790234294, "24": 0.058602622043975, "25": 0.056789891584938565, "26": 0.054921116359234856, "27": 0.052998140622391166, "28": 0.05102286211929624, "29": 0.04899723021135452, "30": 0.04692324395270146, "31": 0.04480295011737896, "32": 0.04263844117941662, "33": 0.04043185324781175, "34": 0.038185363958448515, "35": 0.03590119032503272, "36": 0.03358158655116945, "37": 0.031228841805734417, "38": 0.028845277963741256, "39": 0.026433247314930547, "40": 0.023995130242344564, "41": 0.021533332873176617, "42": 0.01905028470421341, "43": 0.016548436204215852, "44": 0.01403025639560189, "45": 0.011498230417819076, "46": 0.008954857074812327, "47": 0.006402646369005546, "48": 0.0038441170242331374, "49": 0.0012817940000633896, "50": -0.0012817940000315609, "51": -0.0038441170242014544, "52": -0.006402646368974391, "53": -0.00895485707478167, "54": -0.011498230417788746, "55": -0.01403025639557149, "56": -0.016548436204185293, "57": -0.019050284704182754, "58": -0.021533332873145693, "59": -0.023995130242313516, "60": -0.02643324731489932, "61": -0.028845277963710086, "62": -0.031228841805703185, "63": -0.03358158655113787, "64": -0.03590119032500062, "65": -0.03818536395841581, "66": -0.04043185324777852, "67": -0.04263844117938235, "68": -0.04480295011734326, "69": -0.04692324395266362, "70": -0.048997230211314816, "71": -0.05102286211925487, "72": -0.052998140622348, "73": -0.05492111635918967, "74": -0.0567898915848917, "75": -0.05860262204392584, "76": -0.060357518790182786, "77": -0.062052849952445116, "78": -0.0636869424435359, "79": -0.06525818361145261, "80": -0.06676502283086094, "81": -0.06820597303337395, "82": -0.06957961217510987, "83": -0.07088458464007766, "84": -0.07211960257800533, "85": -0.07328344717529334, "86": -0.07437496985783708, "87": -0.07539309342453045, "88": -0.07633681311033204, "89": -0.07720519757784902, "90": -0.07799738983645281, "91": -0.07871260808802699, "92": -0.07935014649850684, "93": -0.07990937589445175, "94": -0.08038974438396497, "95": -0.08079077790134236, "96": -0.08111208067492046, "97": -0.08135333561765264, "98": -0.0815143046400373, "99": -0.08159482888508347, "100": 0.08164852642787986, "101": 0.08167537961362897, "102": 0.0815679491898413, "103": 0.08159477587473725, "104": 0.08140687423377052, "105": 0.08143364794311521, "106": 0.08116546052120197, "107": 0.0811921548325767, "108": 0.08084394629832395, "109": 0.08087053486766566, "110": 0.08044264886085714, "111": 0.08046910544845845, "112": 0.07996196424092367, "113": 0.07998826273732637, "114": 0.0794023668162102, "115": 0.07942848126797386, "116": 0.07876440884181356, "117": 0.07879031347712735, "118": 0.07804871990523173, "119": 0.07807438915934795, "120": 0.07725600630503944, "121": 0.07728141484550236, "122": 0.07638705035385489, "123": 0.07641217310550344, "124": 0.07544270960629025, "125": 0.07546752177600191, "126": 0.07442391601265341, "127": 0.07444839311381198, "128": 0.07333167499922091, "129": 0.07335579287588258, "130": 0.07216706447600486, "131": 0.07219079932673739, "132": 0.07093123377298644, "133": 0.07095456217435797, "134": 0.0696254025058653, "135": 0.06964830143555946, "136": 0.06825085937244656, "137": 0.06827330623198505, "138": 0.0668089608808542, "139": 0.06683093351789621, "140": 0.0653011300108147, "141": 0.06532260674102032, "142": 0.06372885480935575, "143": 0.06374981443778505, "144": 0.062093686922278124, "145": 0.062114108764308645, "146": 0.06039724006286991, "147": 0.0604171039646091, "148": 0.058641188419366407, "149": 0.05866047477754126, "150": 0.056827265002729936, "151": 0.05684595478403348, "152": 0.054957259936374445, "153": 0.05497533469624916, "154": 0.053033018689532196, "155": 0.05305046059037222, "156": 0.051056440255997704, "157": 0.05107323208475241, "158": 0.049029475280049056, "159": 0.04904560046521111, "160": 0.04695412413139906, "161": 0.04696956675935717, "162": 0.044832434931071974, "163": 0.04484717976181683, "164": 0.04266650153015307, "165": 0.04268053401231703, "166": 0.04045846144341372, "167": 0.04047176772863113, "168": 0.03821049373983898, "169": 0.03822306069641296, "170": 0.035924816892152156, "171": 0.0359366321180136, "172": 0.03360368658744783, "173": 0.033614738422395096, "174": 0.031249393501104256, "175": 0.031259671038310545, "176": 0.028864261036160365, "177": 0.02887375413293767, "178": 0.026450643030398756, "179": 0.0264593423182065, "180": 0.024010921433390613, "181": 0.024018818327081876, "182": 0.021547503955801694, "183": 0.021554590662095915, "184": 0.019062821693269772, "185": 0.019069091218443253, "186": 0.016559326727208477, "187": 0.016564772883997003, "188": 0.014039489704899592, "189": 0.014044107118603823, "190": 0.011505797401260443, "191": 0.011509581515050568, "192": 0.008960750264698206, "193": 0.008963697344110861, "194": 0.006406859949469481, "195": 0.006408967086093124, "196": 0.0038466468369795707, "197": 0.0038479119513245117, "198": 0.0012826375484726238, "199": 0.0012830593920238617, "200": -0.0012826375484404438, "201": -0.0012830593919916278, "202": -0.0038466468369476414, "203": -0.003847911951292563, "204": -0.0064068599494381834, "205": -0.006408967086061607, "206": -0.008960750264667668, "207": -0.008963697344080127, "208": -0.011505797401229959, "209": -0.011509581515020094, "210": -0.014039489704869184, "211": -0.014044107118573559, "212": -0.01655932672717778, "213": -0.016564772883966263, "214": -0.019062821693238717, "215": -0.019069091218412014, "216": -0.02154750395577054, "217": -0.021554590662064495, "218": -0.0240109214333596, "219": -0.02401881832705083, "220": -0.026450643030367555, "221": -0.026459342318175275, "222": -0.028864261036129397, "223": -0.028873754132906635, "224": -0.03124939350107308, "225": -0.03125967103827947, "226": -0.033603686587416165, "227": -0.03361473842236342, "228": -0.03592481689211997, "229": -0.035936632117981315, "230": -0.038210493739806665, "231": -0.038223060696380595, "232": -0.04045846144338062, "233": -0.04047176772859807, "234": -0.042666501530119055, "235": -0.0426805340122832, "236": -0.04483243493103606, "237": -0.04484717976178122, "238": -0.046954124131361505, "239": -0.04696956675931981, "240": -0.04902947528000936, "241": -0.04904560046517136, "242": -0.05105644025595638, "243": -0.05107323208471112, "244": -0.05303301868948936, "245": -0.053050460590329244, "246": -0.05495725993632934, "247": -0.05497533469620404, "248": -0.05682726500268297, "249": -0.05684595478398664, "250": -0.058641188419317584, "251": -0.05866047477749231, "252": -0.060397240062818484, "253": -0.06041710396455744, "254": -0.06209368692222435, "255": -0.06211410876425477, "256": -0.06372885480929963, "257": -0.06374981443772917, "258": -0.0653011300107562, "259": -0.06532260674096192, "260": -0.06680896088079316, "261": -0.06683093351783499, "262": -0.06825085937238437, "263": -0.06827330623192239, "264": -0.06962540250580089, "265": -0.06964830143549487, "266": -0.07093123377292117, "267": -0.07095456217429233, "268": -0.07216706447593928, "269": -0.07219079932667195, "270": -0.07333167499915492, "271": -0.07335579287581677, "272": -0.07442391601258676, "273": -0.07444839311374524, "274": -0.07544270960622217, "275": -0.07546752177593374, "276": -0.07638705035378521, "277": -0.07641217310543398,