{"name": "eigen", "eigen": 3, "normalized": true, "process_time": 0.059845924377441406, "data": {"0": -0.08154079379040435, "1": -0.09912268431269944, "2": -0.09749300872112415, "3": -0.09499220386924173, "4": -0.09164261519811806, "5": -0.08747417228670204, "6": -0.08252412142206206, "7": -0.07683669279264772, "8": -0.07046270527829439, "9": -0.06345911236829772, "10": -0.05588849326491194, "11": -0.04781849371941836, "12": -0.039321221597057976, "13": -0.030472602571637197, "14": -0.02135170170687127, "15": -0.012040016986337124, "16": -0.0026207511045595044, "17": 0.006821931974011125, "18": 0.016203659045250327, "19": 0.025440601565232653, "20": 0.034450224683403696, "21": 0.04315202471621121, "22": 0.051468248471653405, "23": 0.05932458799735911, "24": 0.06665084454441833, "25": 0.07338155581424764, "26": 0.0794565808838535, "27": 0.08482163758301045, "28": 0.0894287875217233, "29": 0.09323686443411519, "30": 0.09621184201135122, "31": 0.09832713793691283, "32": 0.09956385140756058, "33": 0.09991093201768103, "34": 0.09936527849797094, "35": 0.09793176642621004, "36": 0.09562320466251195, "37": 0.09246022089831749, "38": 0.0884710773417897, "39": 0.08369141818650942, "40": 0.07816395111992155, "41": 0.07193806571734224, "42": 0.06506939213129907, "43": 0.05761930401943921, "44": 0.049654370152500835, "45": 0.04124575960238906, "46": 0.03246860582518282, "47": 0.023401335321180466, "48": 0.014124966870607672, "49": 0.004722387606528752, "50": -0.004722387606537107, "51": -0.014124966870615999, "52": -0.023401335321188446, "53": -0.03246860582519062, "54": -0.041245759602396244, "55": -0.04965437015250724, "56": -0.057619304019444775, "57": -0.06506939213130424, "58": -0.07193806571734775, "59": -0.07816395111992726, "60": -0.0836914181865153, "61": -0.088471077341795, "62": -0.09246022089832245, "63": -0.09562320466251667, "64": -0.09793176642621455, "65": -0.0993652784979753, "66": -0.09991093201768556, "67": -0.09956385140756532, "68": -0.09832713793691777, "69": -0.09621184201135624, "70": -0.09323686443411937, "71": -0.08942878752172738, "72": -0.08482163758301375, "73": -0.07945658088385625, "74": -0.07338155581424997, "75": -0.06665084454442036, "76": -0.05932458799736058, "77": -0.05146824847165364, "78": -0.04315202471621023, "79": -0.03445022468340182, "80": -0.0254406015652301, "81": -0.016203659045246926, "82": -0.006821931974007291, "83": 0.002620751104563942, "84": 0.012040016986342574, "85": 0.021351701706877193, "86": 0.030472602571643803, "87": 0.0393212215970654, "88": 0.0478184937194259, "89": 0.055888493264919195, "90": 0.06345911236830458, "91": 0.0704627052783015, "92": 0.07683669279265515, "93": 0.08252412142206957, "94": 0.08747417228670969, "95": 0.09164261519812643, "96": 0.09499220386925031, "97": 0.09749300872113352, "98": 0.099122684312709, "99": 0.08154079379041237, "100": -0.08190599378533683, "101": -0.05800244742176588, "102": -0.08129581216909271, "103": -0.057570341961856744, "104": -0.07995922809948354, "105": -0.05662382823753224, "106": -0.07790818435586547, "107": -0.05517136363267398, "108": -0.0751610076289681, "109": -0.053225926353959147, "110": -0.07174224476642338, "111": -0.05080489946669706, "112": -0.06768244343931483, "113": -0.047929915571921416, "114": -0.06301787918958784, "115": -0.04462666351262365, "116": -0.05779023129720131, "117": -0.04092465883623408, "118": -0.05204621036326715, "119": -0.03685698006435789, "120": -0.04583714093682778, "121": -0.03245997312626957, "122": -0.03921850291462201, "123": -0.027772926597137298, "124": -0.03224943581157788, "125": -0.022837720642827325, "126": -0.024992210331514178, "127": -0.017698452808064126, "128": -0.017511671959734416, "129": -0.012401043991649185, "130": -0.009874661549178584, "131": -0.0069928281294658855, "132": -0.002149418077360535, "133": -0.0015221292515689086, "134": 0.005595031089351582, "135": 0.003962170307508728, "136": 0.013289486975948728, "137": 0.00941106668707211, "138": 0.020865197312366537, "139": 0.014775872364446996, "140": 0.028254470855630598, "141": 0.02000865119259342, "142": 0.03539128223140456, "143": 0.02506264672394984, "144": 0.042211861890504285, "145": 0.029892699993308125, "146": 0.048655265908937706, "147": 0.03445565302670727, "148": 0.0546639205401362, "149": 0.038710734470869375, "150": 0.060184136653637275, "151": 0.04261992389746091, "152": 0.06516658946356317, "153": 0.046148291527021476, "154": 0.0695667592603704, "155": 0.04926431033701295, "156": 0.0733453292077994, "157": 0.051940137765218254, "158": 0.0764685366505943, "159": 0.054151864491381374, "160": 0.07890847479394925, "161": 0.05587972807415172, "162": 0.08064334205908484, "163": 0.05710828953442174, "164": 0.08165763688689257, "165": 0.05782657130723397, "166": 0.08194229624901074, "167": 0.058028155329615416, "168": 0.08149477662870061, "169": 0.05771124038789215, "170": 0.08031907674793087, "171": 0.05687865821207666, "172": 0.07842570183759943, "173": 0.05553784817350971, "174": 0.0758315697701442, "175": 0.05370079081184648, "176": 0.07255985989328108, "177": 0.05138390078534402, "178": 0.06863980591558466, "179": 0.04860788020096849, "180": 0.06410643469453697, "181": 0.0453975336348636, "182": 0.05900025326105517, "183": 0.04178154649602554, "184": 0.053366886877027425, "185": 0.03779222871357515, "186": 0.047256671359918526, "187": 0.03346522603785402, "188": 0.04072420331715265, "189": 0.028839201534959388, "190": 0.033827852309057896, "191": 0.02395549012065897, "192": 0.026629239299345856, "193": 0.018857729220525653, "194": 0.019192686053326448, "195": 0.01359146885645654, "196": 0.011584640403654495, "197": 0.008203764643575164, "198": 0.003873082519021479, "199": 0.002742757334200456, "200": -0.003873082519028486, "201": -0.0027427573342054066, "202": -0.01158464040366112, "203": -0.008203764643579857, "204": -0.019192686053332998, "205": -0.013591468856461161, "206": -0.02662923929935202, "207": -0.018857729220529983, "208": -0.03382785230906386, "209": -0.023955490120663215, "210": -0.0407242033171577, "211": -0.028839201534962937, "212": -0.04725667135992287, "213": -0.033465226037856975, "214": -0.05336688687703152, "215": -0.03779222871357802, "216": -0.05900025326105972, "217": -0.041781546496028825, "218": -0.06410643469454176, "219": -0.045397533634866975, "220": -0.06863980591558927, "221": -0.04860788020097175, "222": -0.07255985989328534, "223": -0.05138390078534691, "224": -0.07583156977014807, "225": -0.05370079081184929, "226": -0.07842570183760338, "227": -0.05553784817351241, "228": -0.08031907674793444, "229": -0.056878658212079145, "230": -0.08149477662870398, "231": -0.057711240387894526, "232": -0.08194229624901435, "233": -0.05802815532961772, "234": -0.08165763688689652, "235": -0.05782657130723689, "236": -0.08064334205908902, "237": -0.05710828953442465, "238": -0.07890847479395319, "239": -0.055879728074154554, "240": -0.07646853665059805, "241": -0.05415186449138405, "242": -0.07334532920780272, "243": -0.05194013776522063, "244": -0.06956675926037323, "245": -0.049264310337014915, "246": -0.06516658946356568, "247": -0.0461482915270233, "248": -0.060184136653639315, "249": -0.04261992389746253, "250": -0.05466392054013807, "251": -0.038710734470870645, "252": -0.04865526590893916, "253": -0.03445565302670826, "254": -0.04221186189050439, "255": -0.029892699993308007, "256": -0.0353912822314035, "257": -0.02506264672394903, "258": -0.0282544708556289, "259": -0.020008651192592302, "260": -0.020865197312364372, "261": -0.014775872364445268, "262": -0.013289486975945902, "263": -0.009411066687070096, "264": -0.0055950310893485055, "265": -0.003962170307506555, "266": 0.00214941807736421, "267": 0.0015221292515717392, "268": 0.009874661549182711, "269": 0.006992828129468863, "270": 0.017511671959739107, "271": 0.0124010439916525, "272": 0.024992210331519292, "273": 0.017698452808067585, "274": 0.03224943581158382, "275": 0.022837720642831526, "276": 0.039218502914628375, "277": 0.027772926597141662,