{"name": "fiedler", "normalized": true, "process_time": 0.029481887817382812, "data": {"0": -0.08175861522840511, "1": -0.10005053961702329, "2": -0.09986823630411884, "3": -0.09958671586419028, "4": -0.09920625797550466, "5": -0.09872724060554319, "6": -0.09815013963704805, "7": -0.09747552839514191, "8": -0.09670407707695296, "9": -0.09583655208556306, "10": -0.09487381526893301, "11": -0.09381682306483398, "12": -0.09266662554993695, "13": -0.09142436539815037, "14": -0.09009127674232156, "15": -0.08866868395052883, "16": -0.08715800031088113, "17": -0.08556072662588528, "18": -0.08387844972342703, "19": -0.08211284087947279, "20": -0.0802656541581401, "21": -0.07833872466870498, "22": -0.07633396674187326, "23": -0.07425337203153083, "24": -0.07209900753268875, "25": -0.06987301352963596, "26": -0.0675776014695885, "27": -0.06521505176728937, "28": -0.06278771153613254, "29": -0.06029799226017977, "30": -0.057748367395908745, "31": -0.05514136991671302, "32": -0.05247958979584266, "33": -0.04976567143412468, "34": -0.04700231103172898, "35": -0.04419225391108397, "36": -0.04133829178949791, "37": -0.03844326000562869, "38": -0.035510034701255515, "39": -0.03254152996732357, "40": -0.029540694944368086, "41": -0.02651051089633575, "42": -0.02345398824772976, "43": -0.02037416359415002, "44": -0.01727409668374399, "45": -0.014156867378618791, "46": -0.011025572593127593, "47": -0.007883323219072454, "48": -0.004733241035114805, "49": -0.0015784556056295297, "50": 0.0015778988298575064, "51": 0.004732686470205974, "52": 0.00788277306766906, "53": 0.011025029041421986, "54": 0.014156332587026171, "55": 0.01727357277627049, "56": 0.020373652651112205, "57": 0.02345349229834085, "58": 0.02651003191041749, "59": 0.029540234825178077, "60": 0.032541090543265046, "61": 0.03550961771822944, "62": 0.038442867119732736, "63": 0.04133792456276476, "64": 0.044191913802103605, "65": 0.047001999391722046, "66": 0.049765389501546894, "67": 0.05247933869206095, "68": 0.05514115063983053, "69": 0.05774818081715852, "70": 0.060297839120387074, "71": 0.0627875924443633, "72": 0.06521496719615541, "73": 0.06757755175579284, "74": 0.06987299886985832, "75": 0.07209902798575364, "76": 0.07425342751695745, "77": 0.07633405704008775, "78": 0.07833884942141295, "79": 0.08026581287075053, "80": 0.08211303292142326, "81": 0.08387867433134935, "82": 0.08556098290700875, "83": 0.08715828724663262, "84": 0.08866900040071864, "85": 0.0900916214489688, "86": 0.0914247369919583, "87": 0.09266702255511959, "88": 0.09381724390385299, "89": 0.09487425827077936, "90": 0.09583701549007366, "91": 0.09670455904346494, "92": 0.09747602700869652, "93": 0.09815065291569293, "94": 0.09872776650933751, "95": 0.09920679441483643, "96": 0.0995872607078438, "97": 0.09986878738648902, "98": 0.10005109474879217, "99": 0.08175906999677433, "100": -0.08179923922117661, "101": -0.05785037297284154, "102": -0.08173151387602849, "103": -0.057802475993656656, "104": -0.08158258988583529, "105": -0.05769715339608868, "106": -0.08135261519969322, "107": -0.057534509813622424, "108": -0.08104181828726245, "109": -0.0573147068253149, "110": -0.08065050791062534, "111": -0.05703796279496608, "112": -0.08017907281934736, "113": -0.05670455265542272, "114": -0.07962798136439363, "115": -0.056314807635959946, "116": -0.07899778103182839, "117": -0.05586911493149834, "118": -0.07828909789748402, "119": -0.05536791731830787, "120": -0.0775026360062263, "121": -0.05481171271277507, "122": -0.07663917667562575, "123": -0.05420105368230396, "124": -0.07569957771384536, "125": -0.053536546888573545, "126": -0.07468477257535419, "127": -0.05281885249294079, "128": -0.07359576942561169, "129": -0.05204868349456398, "130": -0.0724336501435678, "131": -0.051226805023371506, "132": -0.07119956924765157, "133": -0.050354033582774994, "134": -0.06989475274670146, "135": -0.049431236235255, "136": -0.06852049692394013, "137": -0.04845932974308958, "138": -0.06707816704827048, "139": -0.04743927965728032, "140": -0.06556919601914242, "141": -0.046372099358358725, "142": -0.06399508294115853, "143": -0.045258849048633046, "144": -0.06235739163443373, "145": -0.044100634699062294, "146": -0.0606577490876528, "147": -0.04289860695537811, "148": -0.05889784383161411, "149": -0.0416539599860255, "150": -0.057079424270123996, "151": -0.040367930304036785, "152": -0.05520429693901029, "153": -0.03904179553497866, "154": -0.053274324715282394, "155": -0.037676873149710445, "156": -0.05129142496003189, "157": -0.03627451915155435, "158": -0.049257567620671766, "159": -0.0348361267345326, "160": -0.04717477326895403, "161": -0.03336312489492718, "162": -0.04504511109663468, "163": -0.031856977014654106, "164": -0.042870696859114564, "165": -0.030319179406423414, "166": -0.04065369077255034, "167": -0.028751259826319105, "168": -0.03839629536981389, "169": -0.027154775958419728, "170": -0.03610075331032872, "171": -0.025531313864805085, "172": -0.033769345154503166, "173": -0.023882486412155356, "174": -0.03140438709704565, "175": -0.022209931668567176, "176": -0.02900822866393331, "177": -0.02051531127490057, "178": -0.026583250384376835, "179": -0.018800308798271916, "180": -0.024131861416631456, "181": -0.017066628052958138, "182": -0.02165649716200117, "183": -0.015315991412365523, "184": -0.019159616842791192, "185": -0.013550138097394315, "186": -0.01664370106138774, "187": -0.011770822449280634, "188": -0.014111249333232195, "189": -0.009979812184920087, "190": -0.011564777604652262, "191": -0.008178886641699556, "192": -0.009006815751886495, "193": -0.006369835008366859, "194": -0.006439905068727662, "195": -0.004554454548056194, "196": -0.0038665957440573323, "197": -0.002734548815630913, "198": -0.001289444326142264, "199": -0.0009119258631296686, "200": 0.001288988817090616, "201": 0.0009116035564878322, "202": 0.0038661420434737137, "203": 0.0027342277886417874, "204": 0.006439454978272873, "205": 0.004554136075318301, "206": 0.009006371060601358, "207": 0.006369520355789428, "208": 0.011564340081160002, "209": 0.008178577061221317, "210": 0.014110820714543785, "211": 0.0099795089053531, "212": 0.016643283048929983, "213": 0.011770526674285586, "214": 0.01915921109681551, "215": 0.013549851001909776, "216": 0.02165610529346807, "217": 0.015315714135895617, "218": 0.02413148498355551, "219": 0.017066361698317954, "220": 0.02658289088272675, "221": 0.018800054424057588, "222": 0.029007887522091498, "223": 0.02051506989162719, "224": 0.031404065668830014, "225": 0.022209704234120945, "226": 0.033769044718846425, "227": 0.02388227383134701, "228": 0.036100475059895346, "229": 0.025531116981764388, "230": 0.038396040410650416, "231": 0.02715459555564523, "232": 0.040653460117374834, "233": 0.028751096620449005, "234": 0.04287049142571368, "235": 0.030319034046900506, "236": 0.04504493170178626, "237": 0.031856850079356916, "238": 0.04717462062505538, "239": 0.03336301688795159, "240": 0.04925744233368337, "241": 0.03483603808454424, "242": 0.05129132752874214, "243": 0.03627445021167862, "244": 0.05327425552568035, "245": 0.03767682419279805, "246": 0.055204256267497594, "247": 0.03904176675691493, "248": 0.05707941227619186, "249": 0.04036792181736269, "250": 0.05889786056416501, "251": 0.041653971825379034, "252": 0.06065779448072573, "253": 0.042898639074137636, "254": 0.06235746550925903, "255": 0.044100686971118554, "256": 0.06399518500355128, "257": 0.04525892126533066, "258": 0.06556932586480771, "259": 0.04637219123374776, "260": 0.06707832416167786, "261": 0.04743939082666112, "262": 0.06852068068040183, "263": 0.048459459764687456, "264": 0.06989496241540409, "265": 0.04943138459143039, "266": 0.07119980399610286, "267": 0.050354199684998574, "268": 0.07243390903827761, "269": 0.051226988210904295, "270": 0.07359605143728197, "271": 0.052048883038952484, "272": 0.07468507658377409, "273": 0.052819067601673195, "274": 0.07569990251209487, "275": 0.053536776707678986, "276": 0.07663952097183366,