{"name": "pagerank", "alpha": 0.85, "process_time": 0.06668424606323242, "data": {"0": 0.003451487899419939, "1": 0.004818963743235215, "2": 0.0046555682254173164, "3": 0.004601761441635278, "4": 0.00457134673935428, "5": 0.004564112261352367, "6": 0.004558402978244731, "7": 0.004557566310707625, "8": 0.004556574057368032, "9": 0.004556493579154969, "10": 0.004556344639673202, "11": 0.004556338402096946, "12": 0.004556319926145131, "13": 0.004556319550269381, "14": 0.004556317716544776, "15": 0.004556317699708851, "16": 0.004556317559240722, "17": 0.004556317558709685, "18": 0.004556317550855305, "19": 0.004556317550844002, "20": 0.00455631755055606, "21": 0.004556317550555905, "22": 0.004556317550550656, "23": 0.004556317550550656, "24": 0.004556317550550656, "25": 0.004556317550550656, "26": 0.004556317550550656, "27": 0.004556317550550656, "28": 0.004556317550550656, "29": 0.004556317550550656, "30": 0.004556317550550656, "31": 0.004556317550550656, "32": 0.004556317550550656, "33": 0.004556317550550656, "34": 0.004556317550550656, "35": 0.004556317550550656, "36": 0.004556317550550656, "37": 0.004556317550550656, "38": 0.004556317550550656, "39": 0.004556317550550656, "40": 0.004556317550550656, "41": 0.004556317550550656, "42": 0.004556317550550656, "43": 0.004556317550550656, "44": 0.004556317550550656, "45": 0.004556317550550656, "46": 0.004556317550550656, "47": 0.004556317550550656, "48": 0.004556317550550656, "49": 0.004556317550550656, "50": 0.004556317550550656, "51": 0.004556317550550656, "52": 0.004556317550550656, "53": 0.004556317550550656, "54": 0.004556317550550656, "55": 0.004556317550550656, "56": 0.004556317550550656, "57": 0.004556317550550656, "58": 0.004556317550550656, "59": 0.004556317550550656, "60": 0.004556317550550656, "61": 0.004556317550550656, "62": 0.004556317550550656, "63": 0.004556317550550656, "64": 0.004556317550550656, "65": 0.004556317550550656, "66": 0.004556317550550656, "67": 0.004556317550550656, "68": 0.004556317550550656, "69": 0.004556317550550656, "70": 0.004556317550550656, "71": 0.004556317550550656, "72": 0.004556317550550656, "73": 0.004556317550550656, "74": 0.004556317550550656, "75": 0.004556317550550656, "76": 0.004556317550550656, "77": 0.004556317550550656, "78": 0.004556317550555905, "79": 0.004556317550556059, "80": 0.004556317550844002, "81": 0.004556317550855305, "82": 0.004556317558709685, "83": 0.004556317559240722, "84": 0.004556317699708851, "85": 0.004556317716544776, "86": 0.004556319550269381, "87": 0.004556319926145131, "88": 0.004556338402096946, "89": 0.004556344639673202, "90": 0.004556493579154969, "91": 0.004556574057368032, "92": 0.004557566310707625, "93": 0.004558402978244731, "94": 0.004564112261352366, "95": 0.00457134673935428, "96": 0.004601761441635278, "97": 0.004655568225417317, "98": 0.0048189637432352155, "99": 0.003451487899419939, "100": 0.0037540817080586627, "101": 0.0020901612901391203, "102": 0.0035784589552076817, "103": 0.00202504054449635, "104": 0.003518760814929406, "105": 0.0019923759368360816, "106": 0.0034859539971786742, "107": 0.001983233973570814, "108": 0.003477894303594567, "109": 0.0019769418162677204, "110": 0.0034716489928766784, "111": 0.001975838509849523, "112": 0.0034707180911250574, "113": 0.001974681906861914, "114": 0.0034696172330968642, "115": 0.0019745717531479677, "116": 0.0034695283136082487, "117": 0.0019743869798974816, "118": 0.0034693618549868207, "119": 0.001974378182337674, "120": 0.003469355045340566, "121": 0.00197435394572841, "122": 0.0034693344151028975, "123": 0.0019743534035699126, "124": 0.0034693340111725817, "125": 0.001974350885704356, "126": 0.003469331981109806, "127": 0.001974350861045733, "128": 0.003469331963330588, "129": 0.0019743506611978167, "130": 0.003469331810204852, "131": 0.001974350660412516, "132": 0.0034693318096527927, "133": 0.00197435064894139, "134": 0.0034693318012763313, "135": 0.001974350648924552, "136": 0.00346933180126472, "137": 0.0019743506484965747, "138": 0.0034693318009662785, "139": 0.0019743506484963427, "140": 0.003469331800966124, "141": 0.001974350648488469, "142": 0.003469331800960875, "143": 0.001974350648488469, "144": 0.003469331800960875, "145": 0.001974350648488469, "146": 0.003469331800960875, "147": 0.001974350648488469, "148": 0.003469331800960875, "149": 0.001974350648488469, "150": 0.003469331800960875, "151": 0.001974350648488469, "152": 0.003469331800960875, "153": 0.001974350648488469, "154": 0.003469331800960875, "155": 0.001974350648488469, "156": 0.003469331800960875, "157": 0.001974350648488469, "158": 0.003469331800960875, "159": 0.001974350648488469, "160": 0.003469331800960875, "161": 0.001974350648488469, "162": 0.003469331800960875, "163": 0.001974350648488469, "164": 0.003469331800960875, "165": 0.001974350648488469, "166": 0.003469331800960875, "167": 0.001974350648488469, "168": 0.003469331800960875, "169": 0.001974350648488469, "170": 0.003469331800960875, "171": 0.001974350648488469, "172": 0.003469331800960875, "173": 0.001974350648488469, "174": 0.003469331800960875, "175": 0.001974350648488469, "176": 0.003469331800960875, "177": 0.001974350648488469, "178": 0.003469331800960875, "179": 0.001974350648488469, "180": 0.003469331800960875, "181": 0.001974350648488469, "182": 0.003469331800960875, "183": 0.001974350648488469, "184": 0.003469331800960875, "185": 0.001974350648488469, "186": 0.003469331800960875, "187": 0.001974350648488469, "188": 0.003469331800960875, "189": 0.001974350648488469, "190": 0.003469331800960875, "191": 0.001974350648488469, "192": 0.003469331800960875, "193": 0.001974350648488469, "194": 0.003469331800960875, "195": 0.001974350648488469, "196": 0.003469331800960875, "197": 0.001974350648488469, "198": 0.003469331800960875, "199": 0.001974350648488469, "200": 0.003469331800960875, "201": 0.001974350648488469, "202": 0.003469331800960875, "203": 0.001974350648488469, "204": 0.003469331800960875, "205": 0.001974350648488469, "206": 0.003469331800960875, "207": 0.001974350648488469, "208": 0.003469331800960875, "209": 0.001974350648488469, "210": 0.003469331800960875, "211": 0.001974350648488469, "212": 0.003469331800960875, "213": 0.001974350648488469, "214": 0.003469331800960875, "215": 0.001974350648488469, "216": 0.003469331800960875, "217": 0.001974350648488469, "218": 0.003469331800960875, "219": 0.001974350648488469, "220": 0.003469331800960875, "221": 0.001974350648488469, "222": 0.003469331800960875, "223": 0.001974350648488469, "224": 0.003469331800960875, "225": 0.001974350648488469, "226": 0.003469331800960875, "227": 0.001974350648488469, "228": 0.003469331800960875, "229": 0.001974350648488469, "230": 0.003469331800960875, "231": 0.001974350648488469, "232": 0.003469331800960875, "233": 0.001974350648488469, "234": 0.003469331800960875, "235": 0.001974350648488469, "236": 0.003469331800960875, "237": 0.001974350648488469, "238": 0.003469331800960875, "239": 0.001974350648488469, "240": 0.003469331800960875, "241": 0.001974350648488469, "242": 0.003469331800960875, "243": 0.001974350648488469, "244": 0.003469331800960875, "245": 0.001974350648488469, "246": 0.003469331800960875, "247": 0.001974350648488469, "248": 0.003469331800960875, "249": 0.001974350648488469, "250": 0.003469331800960875, "251": 0.001974350648488469, "252": 0.003469331800960875, "253": 0.001974350648488469, "254": 0.003469331800960875, "255": 0.001974350648488469, "256": 0.003469331800960875, "257": 0.001974350648488469, "258": 0.003469331800966124, "259": 0.001974350648488469, "260": 0.0034693318009662785, "261": 0.0019743506484963427, "262": 0.00346933180126472, "263": 0.0019743506484965747, "264": 0.0034693318012763313, "265": 0.001974350648924552, "266": 0.0034693318096527927, "267": 0.00197435064894139, "268": 0.003469331810204852, "269": 0.001974350660412516, "270": 0.003469331963330588, "271": 0.0019743506611978167, "272": 0.0034693319811098062, "273": 0.001974350861045733, "274": 0.0034693340111725817, "275": 0.001974350885704356,