{"0": -1.8788018823449927e-16, "1": -0.7071067811865474, "2": 0.7071067811865483, "3": -3.0531133177191805e-16, "4": -1.3877787807814457e-16, "5": -1.3877787807814457e-16}