{"0": 0.0, "1": 2.3452045146929937e-16, "2": -2.8422566389888525e-16, "3": 0.8164965809277258, "4": -0.4082482904638628, "5": -0.408248290463863}