{"0": 0.22029347593751172, "1": 0.18087279564122646, "2": 0.18087279564122646, "3": 0.13932031092667843, "4": 0.13932031092667843, "5": 0.13932031092667843}