{"0": 2.35637199601725, "1": 2.35637199601725, "2": 2.35637199601725, "3": 2.35637199601725, "4": 2.35637199601725, "5": 2.35637199601725, "6": 2.35637199601725, "7": 2.35637199601725, "8": 2.35637199601725, "9": 2.35637199601725, "10": 2.35637199601725, "11": 2.35637199601725, "12": 2.35637199601725, "13": 2.35637199601725, "14": 2.35637199601725, "15": 2.35637199601725, "16": 2.35637199601725, "17": 2.35637199601725, "18": 2.35637199601725, "19": 2.35637199601725}