{"0": 0.0, "1": -0.22563386120105083, "2": 0.046402780629838894, "3": -0.2519513098090389, "4": 0.41684481075639324, "5": 0.02702651496765612, "6": 0.364897536171596, "7": -0.024901702327000484, "8": 0.036651555605522905, "9": -0.3893363247939171, "10": 0.4109217358117509, "11": -0.3344898839027616, "12": -0.16396807909413172, "13": -0.07792982544405631, "14": 0.29610146481263283, "15": -0.08241276776850844, "16": -0.08241276776850844, "17": 0.07496339614537105, "18": 0.00036117778959302016, "19": -0.041134450581381266}