{"0": 0.0, "1": 0.15152273797774835, "2": -0.14551296037884634, "3": 0.06815815543830453, "4": -0.000427642191064774, "5": -0.03681011838394896, "6": -0.2677371671989785, "7": -0.0436256015916633, "8": 0.5946946169795391, "9": -0.3202620206510902, "10": 0.22668448256269505, "11": 0.2849675154446937, "12": -0.029838820252655086, "13": -0.22057393288640192, "14": -0.10299762178489685, "15": -0.2251943281644956, "16": -0.2251943281644956, "17": -0.14582326266903578, "18": 0.28496944051848266, "19": 0.15300085539610941}