{"0": 0.0, "1": 0.7119436463651383, "2": 0.04515758761898859, "3": -0.615771981678854, "4": -0.09506326715033478, "5": -0.009253197030987525, "6": -0.009253197030987525, "7": -0.009253197030987528, "8": -0.009253197030987528, "9": -0.009253197030987528, "10": 0.033079211308309785, "11": 0.033079211308309785, "12": 0.033079211308309785, "13": 0.033079211308309785, "14": 0.20374117495046426, "15": 0.033079211308309785, "16": 0.033079211308309785, "17": -0.15148624612370232, "18": -0.12536509833831044, "19": -0.12536509833831044}