{"0": 0.0, "1": -0.09963571832065105, "2": -0.10331162435721669, "3": -0.013069728445155276, "4": -0.044012012957112094, "5": 0.029105960626913244, "6": -0.06594976839482898, "7": -0.011033833820917039, "8": -0.2042559137623277, "9": 0.5121626394312956, "10": 0.40072745396072906, "11": -0.4279627090724905, "12": -0.268459777179851, "13": -0.20674471424089855, "14": -0.05911726623294109, "15": 0.39028029984588236, "16": 0.16038987130136062, "17": -0.09413518588863734, "18": 0.1346052053038492, "19": -0.02958317779700289}