{"name": "eigen", "eigen": 1, "normalized": false, "process_time": 0.0987398624420166, "data": {"0": 0.07011484787466997, "1": 0.0701341007599986, "2": 0.070720532041247, "3": 0.07072053204124712, "4": 0.07072053204124713, "5": 0.07072053204124651, "6": 0.07072053204124719, "7": 0.07072053204124712, "8": 0.07072053204124712, "9": 0.07072053204124716, "10": 0.07072053204124712, "11": 0.0707205320412471, "12": 0.07072053204124713, "13": 0.07072053204124715, "14": 0.07072053204124715, "15": 0.07072053204124713, "16": 0.07072053204124715, "17": 0.07072053204124715, "18": 0.07072053204124713, "19": 0.07072053204124713, "20": 0.07072053204124715, "21": 0.07072053204124712, "22": 0.07072053204124713, "23": 0.0707205320412471, "24": 0.0707205320412471, "25": 0.0707205320412471, "26": 0.07072053204124712, "27": 0.07072053204124712, "28": 0.0707205320412471, "29": 0.0707205320412471, "30": 0.0707205320412471, "31": 0.0707205320412471, "32": 0.0707205320412471, "33": 0.0707205320412471, "34": 0.07072053204124709, "35": 0.07072053204124709, "36": 0.07072053204124709, "37": 0.07072053204124706, "38": 0.07072053204124708, "39": 0.07072053204124709, "40": 0.07072053204124708, "41": 0.07072053204124709, "42": 0.07072053204124709, "43": 0.07072053204124709, "44": 0.07072053204124709, "45": 0.07072053204124709, "46": 0.07072053204124709, "47": 0.07072053204124709, "48": 0.07072053204124709, "49": 0.07072053204124706, "50": 0.07072053204124706, "51": 0.07072053204124708, "52": 0.07072053204124708, "53": 0.07072053204124708, "54": 0.07072053204124708, "55": 0.07072053204124704, "56": 0.07072053204124706, "57": 0.07072053204124702, "58": 0.07072053204124704, "59": 0.07072053204124705, "60": 0.07072053204124704, "61": 0.07072053204124704, "62": 0.07072053204124704, "63": 0.07072053204124705, "64": 0.07072053204124706, "65": 0.07072053204124704, "66": 0.07072053204124706, "67": 0.07072053204124706, "68": 0.07072053204124704, "69": 0.07072053204124704, "70": 0.07072053204124706, "71": 0.07072053204124706, "72": 0.07072053204124705, "73": 0.07072053204124704, "74": 0.07072053204124704, "75": 0.07072053204124706, "76": 0.07072053204124704, "77": 0.07072053204124705, "78": 0.07072053204124704, "79": 0.07072053204124705, "80": 0.02322948356172449, "81": 0.02167493365001704, "82": 0.0226430522804759, "83": 0.022643052280475896, "84": 0.0226430522804759, "85": 0.022643052280475903, "86": 0.0226430522804759, "87": 0.022643052280475896, "88": 0.0226430522804759, "89": 0.022643052280475903, "90": 0.022643052280475903, "91": 0.022643052280475903, "92": 0.022643052280475903, "93": 0.022643052280475903, "94": 0.022643052280475907, "95": 0.022643052280475903, "96": 0.022643052280475903, "97": 0.022643052280475903, "98": 0.022643052280475907, "99": 0.022643052280475903, "100": 0.022643052280475903, "101": 0.022643052280475907, "102": 0.022643052280475907, "103": 0.022643052280475903, "104": 0.022643052280475896, "105": 0.022643052280475907, "106": 0.022643052280475907, "107": 0.022643052280475903, "108": 0.022643052280475903, "109": 0.022643052280475903, "110": 0.0226430522804759, "111": 0.022643052280475903, "112": 0.0226430522804759, "113": 0.022643052280475903, "114": 0.022643052280475903, "115": 0.022643052280475903, "116": 0.022643052280475896, "117": 0.022643052280475896, "118": 0.0226430522804759, "119": 0.022643052280475896, "120": 0.022643052280475896, "121": 0.022643052280475893, "122": 0.022643052280475896, "123": 0.0226430522804759, "124": 0.022643052280475896, "125": 0.022643052280475896, "126": 0.0226430522804759, "127": 0.022643052280475893, "128": 0.022643052280475896, "129": 0.022643052280475896, "130": 0.022643052280475896, "131": 0.022643052280475893, "132": 0.022643052280475893, "133": 0.022643052280475896, "134": 0.0226430522804759, "135": 0.022643052280475893, "136": 0.022643052280475893, "137": 0.022643052280475896, "138": 0.022643052280475903, "139": 0.022643052280475893, "140": 0.022643052280475893, "141": 0.022643052280475896, "142": 0.022643052280475896, "143": 0.02264305228047589, "144": 0.022643052280475893, "145": 0.022643052280475896, "146": 0.022643052280475896, "147": 0.022643052280475893, "148": 0.022643052280475896, "149": 0.022643052280475896, "150": 0.022643052280475896, "151": 0.022643052280475893, "152": 0.02264305228047589, "153": 0.022643052280475893, "154": 0.022643052280475893, "155": 0.022643052280475893, "156": 0.022643052280475893, "157": 0.022643052280475893, "158": 0.022643052280475893, "159": 0.022643052280475893, "160": -0.05575823749240174, "161": -0.05673825506037559, "162": -0.05672635612286059, "163": -0.0567263561228606, "164": -0.0567263561228606, "165": -0.05672635612286062, "166": -0.05672635612286062, "167": -0.056726356122860616, "168": -0.056726356122860616, "169": -0.05672635612286059, "170": -0.05672635612286059, "171": -0.0567263561228606, "172": -0.0567263561228606, "173": -0.0567263561228606, "174": -0.0567263561228606, "175": -0.05672635612286061, "176": -0.05672635612286062, "177": -0.05672635612286059, "178": -0.05672635612286059, "179": -0.0567263561228606, "180": -0.0567263561228606, "181": -0.0567263561228606, "182": -0.0567263561228606, "183": -0.05672635612286061, "184": -0.056726356122860616, "185": -0.05672635612286058, "186": -0.05672635612286059, "187": -0.0567263561228606, "188": -0.0567263561228606, "189": -0.056726356122860595, "190": -0.05672635612286059, "191": -0.056726356122860595, "192": -0.05672635612286059, "193": -0.05672635612286059, "194": -0.05672635612286059, "195": -0.05672635612286058, "196": -0.05672635612286058, "197": -0.05672635612286059, "198": -0.05672635612286059, "199": -0.056726356122860574, "200": -0.056726356122860574, "201": -0.05672635612286059, "202": -0.05672635612286059, "203": -0.05672635612286058, "204": -0.05672635612286058, "205": -0.056726356122860574, "206": -0.05672635612286058, "207": -0.05672635612286058, "208": -0.05672635612286059, "209": -0.05672635612286058, "210": -0.05672635612286058, "211": -0.056726356122860574, "212": -0.05672635612286059, "213": -0.05672635612286056, "214": -0.056726356122860574, "215": -0.05672635612286058, "216": -0.056726356122860574, "217": -0.05672635612286059, "218": -0.056726356122860574, "219": -0.056726356122860574, "220": -0.05672635612286058, "221": -0.056726356122860574, "222": -0.05672635612286057, "223": -0.056726356122860574, "224": -0.05672635612286058, "225": -0.056726356122860574, "226": -0.05672635612286058, "227": -0.05672635612286058, "228": -0.056726356122860595, "229": -0.05672635612286058, "230": -0.05672635612286058, "231": -0.05672635612286059, "232": -0.05672635612286058, "233": -0.056726356122860574, "234": -0.05672635612286058, "235": -0.05672635612286056, "236": -0.05672635612286057, "237": -0.05672635612286057, "238": -0.05672635612286057, "239": -0.05672635612286057, "240": -0.05768996948464194, "241": -0.05674110373951173, "242": -0.0577018684221569, "243": -0.057701868422156896, "244": -0.057701868422156896, "245": -0.057701868422156896, "246": -0.0577018684221569, "247": -0.0577018684221569, "248": -0.05770186842215689, "249": -0.05770186842215689, "250": -0.0577018684221569, "251": -0.057701868422156896, "252": -0.0577018684221569, "253": -0.05770186842215691, "254": -0.0577018684221569, "255": -0.057701868422156896, "256": -0.057701868422156896, "257": -0.0577018684221569, "258": -0.05770186842215689, "259": -0.057701868422156896, "260": -0.05770186842215692, "261": -0.05770186842215691, "262": -0.057701868422156896, "263": -0.05770186842215689, "264": -0.057701868422156896, "265": -0.057701868422156896, "266": -0.0577018684221569, "267": -0.0577018684221569, "268": -0.057701868422156875, "269": -0.0577018684221569, "270": -0.0577018684221569, "271": -0.0577018684221569, "272": -0.057701868422156896, "273": -0.0577018684221569, "274": -0.0577018684221569, "275": -0.057701868422156896, "276": -0.05770186842215689, "277": -0.057701868422156896, "278": -0.05770186842215689, "279": -0.0577018684221569,