{"name": "eigen", "eigen": 2, "normalized": false, "process_time": 0.0987398624420166, "data": {"0": 0.0016432293806875773, "1": 2.4232311810722107e-06, "2": 0.0008298203259232593, "3": 0.0008298203259234074, "4": 0.0008298203259232733, "5": 0.0008298203259233597, "6": 0.0008298203259233046, "7": 0.0008298203259233219, "8": 0.0008298203259232972, "9": 0.0008298203259233163, "10": 0.0008298203259237136, "11": 0.0008298203259233361, "12": 0.0008298203259233333, "13": 0.0008298203259233328, "14": 0.0008298203259233353, "15": 0.0008298203259233357, "16": 0.0008298203259233365, "17": 0.0008298203259233333, "18": 0.0008298203259233352, "19": 0.0008298203259233371, "20": 0.0008298203259233358, "21": 0.0008298203259233351, "22": 0.0008298203259233371, "23": 0.0008298203259233357, "24": 0.0008298203259233366, "25": 0.0008298203259233353, "26": 0.0008298203259233403, "27": 0.000829820325923338, "28": 0.0008298203259233361, "29": 0.0008298203259233391, "30": 0.0008298203259233351, "31": 0.0008298203259233375, "32": 0.0008298203259233374, "33": 0.0008298203259233365, "34": 0.0008298203259233335, "35": 0.0008298203259233329, "36": 0.0008298203259233335, "37": 0.0008298203259233335, "38": 0.0008298203259233329, "39": 0.0008298203259233355, "40": 0.0008298203259233338, "41": 0.0008298203259233335, "42": 0.0008298203259233312, "43": 0.0008298203259233324, "44": 0.0008298203259233338, "45": 0.0008298203259233341, "46": 0.0008298203259233315, "47": 0.0008298203259233324, "48": 0.0008298203259233314, "49": 0.0008298203259233309, "50": 0.0008298203259233331, "51": 0.0008298203259233331, "52": 0.0008298203259233318, "53": 0.0008298203259233333, "54": 0.0008298203259233291, "55": 0.0008298203259233293, "56": 0.0008298203259233298, "57": 0.0008298203259233279, "58": 0.0008298203259233273, "59": 0.0008298203259233297, "60": 0.0008298203259233293, "61": 0.0008298203259233281, "62": 0.0008298203259233324, "63": 0.0008298203259233326, "64": 0.0008298203259233306, "65": 0.000829820325923331, "66": 0.0008298203259233305, "67": 0.0008298203259233305, "68": 0.0008298203259233325, "69": 0.0008298203259233309, "70": 0.0008298203259233305, "71": 0.0008298203259233305, "72": 0.000829820325923331, "73": 0.0008298203259233318, "74": 0.0008298203259233318, "75": 0.0008298203259233306, "76": 0.0008298203259233325, "77": 0.000829820325923331, "78": 0.0008298203259233318, "79": 0.0008298203259233317, "80": -0.06617539715592431, "81": -0.06670074472264646, "82": -0.06700279425066652, "83": -0.06700279425066652, "84": -0.06700279425066652, "85": -0.06700279425066652, "86": -0.0670027942506665, "87": -0.06700279425066652, "88": -0.06700279425066652, "89": -0.06700279425066652, "90": -0.0670027942506665, "91": -0.0670027942506665, "92": -0.06700279425066652, "93": -0.06700279425066652, "94": -0.0670027942506665, "95": -0.0670027942506665, "96": -0.06700279425066652, "97": -0.0670027942506665, "98": -0.06700279425066652, "99": -0.0670027942506665, "100": -0.0670027942506665, "101": -0.06700279425066653, "102": -0.06700279425066653, "103": -0.0670027942506665, "104": -0.06700279425066652, "105": -0.06700279425066652, "106": -0.0670027942506665, "107": -0.06700279425066652, "108": -0.0670027942506665, "109": -0.0670027942506665, "110": -0.06700279425066652, "111": -0.0670027942506665, "112": -0.0670027942506665, "113": -0.06700279425066652, "114": -0.0670027942506665, "115": -0.0670027942506665, "116": -0.0670027942506665, "117": -0.0670027942506665, "118": -0.0670027942506665, "119": -0.06700279425066652, "120": -0.06700279425066652, "121": -0.06700279425066652, "122": -0.0670027942506665, "123": -0.0670027942506665, "124": -0.06700279425066649, "125": -0.0670027942506665, "126": -0.0670027942506665, "127": -0.06700279425066653, "128": -0.06700279425066652, "129": -0.0670027942506665, "130": -0.06700279425066652, "131": -0.0670027942506665, "132": -0.0670027942506665, "133": -0.06700279425066652, "134": -0.0670027942506665, "135": -0.06700279425066652, "136": -0.0670027942506665, "137": -0.06700279425066652, "138": -0.0670027942506665, "139": -0.0670027942506665, "140": -0.0670027942506665, "141": -0.06700279425066652, "142": -0.06700279425066649, "143": -0.06700279425066649, "144": -0.06700279425066652, "145": -0.0670027942506665, "146": -0.06700279425066652, "147": -0.0670027942506665, "148": -0.0670027942506665, "149": -0.06700279425066652, "150": -0.06700279425066649, "151": -0.06700279425066653, "152": -0.06700279425066652, "153": -0.0670027942506665, "154": -0.06700279425066649, "155": -0.0670027942506665, "156": -0.06700279425066652, "157": -0.06700279425066652, "158": -0.06700279425066652, "159": -0.06700279425066652, "160": -0.042541874042120086, "161": -0.041225750544754476, "162": -0.04223982451410003, "163": -0.04223982451410003, "164": -0.04223982451410003, "165": -0.04223982451410003, "166": -0.042239824514100036, "167": -0.04223982451410003, "168": -0.042239824514100036, "169": -0.042239824514100036, "170": -0.04223982451410003, "171": -0.04223982451410004, "172": -0.04223982451410003, "173": -0.042239824514100036, "174": -0.042239824514100036, "175": -0.042239824514100036, "176": -0.04223982451410004, "177": -0.042239824514100036, "178": -0.042239824514100036, "179": -0.042239824514100036, "180": -0.042239824514100036, "181": -0.042239824514100036, "182": -0.04223982451410003, "183": -0.042239824514100036, "184": -0.042239824514100036, "185": -0.042239824514100036, "186": -0.042239824514100036, "187": -0.042239824514100036, "188": -0.04223982451410003, "189": -0.042239824514100036, "190": -0.042239824514100036, "191": -0.04223982451410004, "192": -0.042239824514100036, "193": -0.042239824514100036, "194": -0.042239824514100036, "195": -0.042239824514100036, "196": -0.042239824514100036, "197": -0.042239824514100036, "198": -0.042239824514100036, "199": -0.04223982451410004, "200": -0.04223982451410004, "201": -0.04223982451410004, "202": -0.042239824514100036, "203": -0.04223982451410004, "204": -0.042239824514100036, "205": -0.042239824514100036, "206": -0.042239824514100036, "207": -0.042239824514100036, "208": -0.04223982451410005, "209": -0.042239824514100036, "210": -0.04223982451410004, "211": -0.04223982451410004, "212": -0.04223982451410005, "213": -0.04223982451410004, "214": -0.04223982451410005, "215": -0.04223982451410005, "216": -0.04223982451410004, "217": -0.042239824514100036, "218": -0.04223982451410005, "219": -0.04223982451410004, "220": -0.042239824514100036, "221": -0.04223982451410005, "222": -0.04223982451410004, "223": -0.04223982451410004, "224": -0.042239824514100036, "225": -0.04223982451410004, "226": -0.042239824514100036, "227": -0.042239824514100036, "228": -0.04223982451410004, "229": -0.042239824514100036, "230": -0.042239824514100036, "231": -0.042239824514100036, "232": -0.042239824514100036, "233": -0.042239824514100036, "234": -0.042239824514100036, "235": -0.04223982451410004, "236": -0.04223982451410004, "237": -0.042239824514100036, "238": -0.042239824514100036, "239": -0.042239824514100036, "240": 0.03988307305281463, "241": 0.041221829674301075, "242": 0.04089714702216018, "243": 0.04089714702216018, "244": 0.04089714702216018, "245": 0.04089714702216018, "246": 0.040897147022160185, "247": 0.040897147022160185, "248": 0.04089714702216018, "249": 0.040897147022160185, "250": 0.04089714702216018, "251": 0.040897147022160185, "252": 0.040897147022160185, "253": 0.04089714702216019, "254": 0.04089714702216019, "255": 0.04089714702216018, "256": 0.04089714702216018, "257": 0.0408971470221602, "258": 0.04089714702216019, "259": 0.04089714702216019, "260": 0.040897147022160185, "261": 0.040897147022160185, "262": 0.04089714702216019, "263": 0.040897147022160185, "264": 0.04089714702216018, "265": 0.040897147022160185, "266": 0.040897147022160185, "267": 0.040897147022160185, "268": 0.040897147022160185, "269": 0.04089714702216019, "270": 0.04089714702216019, "271": 0.04089714702216019, "272": 0.040897147022160185, "273": 0.04089714702216018,