{"name": "fiedler", "normalized": false, "process_time": 0.06533384323120117, "data": {"0": -0.06060745512823251, "1": -0.05976519564883562, "2": -0.06069790940282558, "3": -0.06069790940282558, "4": -0.06069790940282558, "5": -0.06069790940282558, "6": -0.06069790940282559, "7": -0.06069790940282559, "8": -0.06069790940282558, "9": -0.06069790940282558, "10": -0.06069790940282558, "11": -0.06069790940282558, "12": -0.06069790940282558, "13": -0.06069790940282558, "14": -0.06069790940282558, "15": -0.06069790940282558, "16": -0.06069790940282559, "17": -0.060697909402825594, "18": -0.060697909402825594, "19": -0.060697909402825594, "20": -0.060697909402825594, "21": -0.060697909402825594, "22": -0.060697909402825594, "23": -0.0606979094028256, "24": -0.0606979094028256, "25": -0.060697909402825614, "26": -0.0606979094028256, "27": -0.0606979094028256, "28": -0.0606979094028256, "29": -0.0606979094028256, "30": -0.0606979094028256, "31": -0.0606979094028256, "32": -0.0606979094028256, "33": -0.0606979094028256, "34": -0.0606979094028256, "35": -0.0606979094028256, "36": -0.0606979094028256, "37": -0.0606979094028256, "38": -0.0606979094028256, "39": -0.0606979094028256, "40": -0.0606979094028256, "41": -0.0606979094028256, "42": -0.0606979094028256, "43": -0.0606979094028256, "44": -0.0606979094028256, "45": -0.0606979094028256, "46": -0.0606979094028256, "47": -0.0606979094028256, "48": -0.0606979094028256, "49": -0.0606979094028256, "50": -0.0606979094028256, "51": -0.0606979094028256, "52": -0.0606979094028256, "53": -0.0606979094028256, "54": -0.06069790940282561, "55": -0.0606979094028256, "56": -0.06069790940282561, "57": -0.06069790940282561, "58": -0.06069790940282561, "59": -0.06069790940282561, "60": -0.0606979094028256, "61": -0.0606979094028256, "62": -0.06069790940282561, "63": -0.06069790940282561, "64": -0.06069790940282561, "65": -0.06069790940282561, "66": -0.06069790940282561, "67": -0.06069790940282561, "68": -0.0606979094028256, "69": -0.0606979094028256, "70": -0.0606979094028256, "71": -0.060697909402825594, "72": -0.0606979094028256, "73": -0.0606979094028256, "74": -0.0606979094028256, "75": -0.06069790940282559, "76": -0.060697909402825594, "77": -0.0606979094028256, "78": -0.06069790940282559, "79": -0.06069790940282559, "80": 0.014836182114870741, "81": 0.016435794792308476, "82": 0.015768895868385938, "83": 0.015768895868385938, "84": 0.015768895868385938, "85": 0.015768895868385934, "86": 0.015768895868385934, "87": 0.015768895868385934, "88": 0.015768895868385934, "89": 0.015768895868385927, "90": 0.015768895868385927, "91": 0.015768895868385927, "92": 0.015768895868385927, "93": 0.015768895868385924, "94": 0.015768895868385924, "95": 0.015768895868385924, "96": 0.01576889586838592, "97": 0.01576889586838592, "98": 0.015768895868385917, "99": 0.015768895868385917, "100": 0.015768895868385917, "101": 0.015768895868385917, "102": 0.015768895868385913, "103": 0.015768895868385917, "104": 0.015768895868385917, "105": 0.015768895868385913, "106": 0.015768895868385913, "107": 0.015768895868385913, "108": 0.015768895868385913, "109": 0.015768895868385913, "110": 0.015768895868385913, "111": 0.015768895868385913, "112": 0.015768895868385913, "113": 0.015768895868385913, "114": 0.01576889586838591, "115": 0.01576889586838591, "116": 0.01576889586838591, "117": 0.015768895868385913, "118": 0.015768895868385913, "119": 0.015768895868385913, "120": 0.015768895868385913, "121": 0.015768895868385913, "122": 0.015768895868385913, "123": 0.015768895868385913, "124": 0.015768895868385913, "125": 0.015768895868385913, "126": 0.01576889586838591, "127": 0.015768895868385913, "128": 0.015768895868385913, "129": 0.015768895868385913, "130": 0.015768895868385913, "131": 0.01576889586838591, "132": 0.015768895868385913, "133": 0.015768895868385913, "134": 0.015768895868385913, "135": 0.015768895868385913, "136": 0.015768895868385913, "137": 0.015768895868385917, "138": 0.015768895868385917, "139": 0.015768895868385917, "140": 0.01576889586838592, "141": 0.01576889586838592, "142": 0.01576889586838592, "143": 0.01576889586838592, "144": 0.015768895868385924, "145": 0.015768895868385924, "146": 0.015768895868385924, "147": 0.015768895868385927, "148": 0.015768895868385927, "149": 0.015768895868385927, "150": 0.015768895868385927, "151": 0.015768895868385934, "152": 0.015768895868385934, "153": 0.015768895868385934, "154": 0.015768895868385938, "155": 0.015768895868385934, "156": 0.015768895868385938, "157": 0.015768895868385938, "158": 0.015768895868385938, "159": 0.01576889586838594, "160": 0.06977646708304472, "161": 0.06992282564899181, "162": 0.07044336600717367, "163": 0.07044336600717366, "164": 0.07044336600717366, "165": 0.07044336600717367, "166": 0.07044336600717367, "167": 0.07044336600717367, "168": 0.07044336600717366, "169": 0.07044336600717366, "170": 0.07044336600717366, "171": 0.07044336600717366, "172": 0.07044336600717366, "173": 0.07044336600717367, "174": 0.07044336600717367, "175": 0.07044336600717367, "176": 0.07044336600717367, "177": 0.07044336600717367, "178": 0.07044336600717367, "179": 0.07044336600717367, "180": 0.07044336600717367, "181": 0.07044336600717367, "182": 0.07044336600717367, "183": 0.07044336600717367, "184": 0.07044336600717367, "185": 0.07044336600717367, "186": 0.07044336600717367, "187": 0.07044336600717367, "188": 0.07044336600717367, "189": 0.07044336600717367, "190": 0.07044336600717367, "191": 0.07044336600717367, "192": 0.07044336600717367, "193": 0.07044336600717367, "194": 0.07044336600717367, "195": 0.07044336600717367, "196": 0.07044336600717367, "197": 0.07044336600717367, "198": 0.07044336600717367, "199": 0.07044336600717367, "200": 0.07044336600717367, "201": 0.07044336600717367, "202": 0.07044336600717367, "203": 0.07044336600717367, "204": 0.07044336600717367, "205": 0.07044336600717367, "206": 0.0704433660071737, "207": 0.0704433660071737, "208": 0.0704433660071737, "209": 0.0704433660071737, "210": 0.0704433660071737, "211": 0.0704433660071737, "212": 0.07044336600717367, "213": 0.0704433660071737, "214": 0.07044336600717367, "215": 0.07044336600717367, "216": 0.07044336600717367, "217": 0.07044336600717367, "218": 0.07044336600717367, "219": 0.07044336600717367, "220": 0.07044336600717367, "221": 0.07044336600717367, "222": 0.07044336600717367, "223": 0.07044336600717367, "224": 0.07044336600717366, "225": 0.07044336600717367, "226": 0.07044336600717366, "227": 0.07044336600717366, "228": 0.07044336600717366, "229": 0.07044336600717366, "230": 0.07044336600717366, "231": 0.07044336600717367, "232": 0.07044336600717367, "233": 0.07044336600717367, "234": 0.07044336600717367, "235": 0.07044336600717366, "236": 0.07044336600717366, "237": 0.07044336600717366, "238": 0.07044336600717366, "239": 0.07044336600717366, "240": 0.02828837150393221, "241": 0.02677921310131543, "242": 0.027767831145891052, "243": 0.027767831145891052, "244": 0.027767831145891052, "245": 0.027767831145891056, "246": 0.02776783114589106, "247": 0.027767831145891056, "248": 0.027767831145891063, "249": 0.027767831145891063, "250": 0.027767831145891063, "251": 0.027767831145891063, "252": 0.027767831145891063, "253": 0.027767831145891063, "254": 0.027767831145891063, "255": 0.027767831145891066, "256": 0.02776783114589107, "257": 0.02776783114589107, "258": 0.02776783114589107, "259": 0.02776783114589107, "260": 0.02776783114589107, "261": 0.027767831145891073, "262": 0.027767831145891073, "263": 0.027767831145891073, "264": 0.027767831145891077, "265": 0.027767831145891077, "266": 0.027767831145891077, "267": 0.027767831145891077, "268": 0.02776783114589108, "269": 0.027767831145891084, "270": 0.027767831145891084, "271": 0.027767831145891084, "272": 0.027767831145891084, "273": 0.027767831145891084, "274": 0.027767831145891084, "275": 0.027767831145891084, "276": 0.027767831145891084, "277": 0.027767831145891084, "278": 0.027767831145891084, "279": 0.027767831145891084, "280": 0.027767831145891084,