{"name": "pagerank", "alpha": 0.85, "process_time": 0.3206751346588135, "data": {"0": 0.0025262192112892527, "1": 0.0025262192112892527, "2": 0.002499327712531041, "3": 0.002499327712531041, "4": 0.002499327712531041, "5": 0.002499327712531041, "6": 0.002499327712531041, "7": 0.002499327712531041, "8": 0.002499327712531041, "9": 0.002499327712531041, "10": 0.0024993277125310407, "11": 0.0024993277125310407, "12": 0.0024993277125310407, "13": 0.0024993277125310407, "14": 0.0024993277125310407, "15": 0.0024993277125310407, "16": 0.0024993277125310407, "17": 0.0024993277125310407, "18": 0.0024993277125310402, "19": 0.0024993277125310402, "20": 0.0024993277125310402, "21": 0.0024993277125310402, "22": 0.0024993277125310402, "23": 0.0024993277125310402, "24": 0.0024993277125310402, "25": 0.0024993277125310402, "26": 0.0024993277125310402, "27": 0.0024993277125310402, "28": 0.0024993277125310402, "29": 0.0024993277125310402, "30": 0.0024993277125310402, "31": 0.0024993277125310402, "32": 0.0024993277125310402, "33": 0.0024993277125310402, "34": 0.0024993277125310402, "35": 0.0024993277125310402, "36": 0.0024993277125310402, "37": 0.0024993277125310402, "38": 0.0024993277125310402, "39": 0.0024993277125310402, "40": 0.0024993277125310402, "41": 0.0024993277125310402, "42": 0.0024993277125310402, "43": 0.0024993277125310402, "44": 0.0024993277125310402, "45": 0.0024993277125310402, "46": 0.0024993277125310402, "47": 0.0024993277125310402, "48": 0.0024993277125310402, "49": 0.0024993277125310402, "50": 0.0024993277125310402, "51": 0.0024993277125310402, "52": 0.0024993277125310402, "53": 0.0024993277125310402, "54": 0.0024993277125310402, "55": 0.0024993277125310402, "56": 0.0024993277125310402, "57": 0.0024993277125310402, "58": 0.0024993277125310402, "59": 0.0024993277125310402, "60": 0.0024993277125310407, "61": 0.0024993277125310407, "62": 0.002499327712531041, "63": 0.002499327712531041, "64": 0.0024993277125310415, "65": 0.0024993277125310415, "66": 0.002499327712531042, "67": 0.002499327712531042, "68": 0.0024993277125310424, "69": 0.0024993277125310424, "70": 0.002499327712531043, "71": 0.002499327712531043, "72": 0.0024993277125310433, "73": 0.0024993277125310433, "74": 0.0024993277125310433, "75": 0.0024993277125310433, "76": 0.0024993277125310433, "77": 0.0024993277125310433, "78": 0.0024993277125310433, "79": 0.0024993277125310433, "80": 0.0025262192112892527, "81": 0.0025262192112892527, "82": 0.002499327712531041, "83": 0.002499327712531041, "84": 0.002499327712531041, "85": 0.002499327712531041, "86": 0.002499327712531041, "87": 0.002499327712531041, "88": 0.002499327712531041, "89": 0.002499327712531041, "90": 0.0024993277125310407, "91": 0.0024993277125310407, "92": 0.0024993277125310407, "93": 0.0024993277125310407, "94": 0.0024993277125310407, "95": 0.0024993277125310407, "96": 0.0024993277125310407, "97": 0.0024993277125310407, "98": 0.0024993277125310402, "99": 0.0024993277125310402, "100": 0.0024993277125310402, "101": 0.0024993277125310402, "102": 0.0024993277125310402, "103": 0.0024993277125310402, "104": 0.0024993277125310402, "105": 0.0024993277125310402, "106": 0.0024993277125310402, "107": 0.0024993277125310402, "108": 0.0024993277125310402, "109": 0.0024993277125310402, "110": 0.0024993277125310402, "111": 0.0024993277125310402, "112": 0.0024993277125310402, "113": 0.0024993277125310402, "114": 0.0024993277125310402, "115": 0.0024993277125310402, "116": 0.0024993277125310402, "117": 0.0024993277125310402, "118": 0.0024993277125310402, "119": 0.0024993277125310402, "120": 0.0024993277125310402, "121": 0.0024993277125310402, "122": 0.0024993277125310402, "123": 0.0024993277125310402, "124": 0.0024993277125310402, "125": 0.0024993277125310402, "126": 0.0024993277125310402, "127": 0.0024993277125310402, "128": 0.0024993277125310402, "129": 0.0024993277125310402, "130": 0.0024993277125310402, "131": 0.0024993277125310402, "132": 0.0024993277125310402, "133": 0.0024993277125310402, "134": 0.0024993277125310402, "135": 0.0024993277125310402, "136": 0.0024993277125310402, "137": 0.0024993277125310402, "138": 0.0024993277125310402, "139": 0.0024993277125310402, "140": 0.0024993277125310407, "141": 0.0024993277125310407, "142": 0.002499327712531041, "143": 0.002499327712531041, "144": 0.0024993277125310415, "145": 0.0024993277125310415, "146": 0.002499327712531042, "147": 0.002499327712531042, "148": 0.0024993277125310424, "149": 0.0024993277125310424, "150": 0.002499327712531043, "151": 0.002499327712531043, "152": 0.0024993277125310433, "153": 0.0024993277125310433, "154": 0.0024993277125310433, "155": 0.0024993277125310433, "156": 0.0024993277125310433, "157": 0.0024993277125310433, "158": 0.0024993277125310433, "159": 0.0024993277125310433, "160": 0.0025262192112892527, "161": 0.0025262192112892527, "162": 0.002499327712531041, "163": 0.002499327712531041, "164": 0.002499327712531041, "165": 0.002499327712531041, "166": 0.002499327712531041, "167": 0.002499327712531041, "168": 0.002499327712531041, "169": 0.002499327712531041, "170": 0.0024993277125310407, "171": 0.0024993277125310407, "172": 0.0024993277125310407, "173": 0.0024993277125310407, "174": 0.0024993277125310407, "175": 0.0024993277125310407, "176": 0.0024993277125310407, "177": 0.0024993277125310407, "178": 0.0024993277125310402, "179": 0.0024993277125310402, "180": 0.0024993277125310402, "181": 0.0024993277125310402, "182": 0.0024993277125310402, "183": 0.0024993277125310402, "184": 0.0024993277125310402, "185": 0.0024993277125310402, "186": 0.0024993277125310402, "187": 0.0024993277125310402, "188": 0.0024993277125310402, "189": 0.0024993277125310402, "190": 0.0024993277125310402, "191": 0.0024993277125310402, "192": 0.0024993277125310402, "193": 0.0024993277125310402, "194": 0.0024993277125310402, "195": 0.0024993277125310402, "196": 0.0024993277125310402, "197": 0.0024993277125310402, "198": 0.0024993277125310402, "199": 0.0024993277125310402, "200": 0.0024993277125310402, "201": 0.0024993277125310402, "202": 0.0024993277125310402, "203": 0.0024993277125310402, "204": 0.0024993277125310402, "205": 0.0024993277125310402, "206": 0.0024993277125310402, "207": 0.0024993277125310402, "208": 0.0024993277125310402, "209": 0.0024993277125310402, "210": 0.0024993277125310402, "211": 0.0024993277125310402, "212": 0.0024993277125310402, "213": 0.0024993277125310402, "214": 0.0024993277125310402, "215": 0.0024993277125310402, "216": 0.0024993277125310402, "217": 0.0024993277125310402, "218": 0.0024993277125310402, "219": 0.0024993277125310402, "220": 0.0024993277125310407, "221": 0.0024993277125310407, "222": 0.002499327712531041, "223": 0.002499327712531041, "224": 0.0024993277125310415, "225": 0.0024993277125310415, "226": 0.002499327712531042, "227": 0.002499327712531042, "228": 0.0024993277125310424, "229": 0.0024993277125310424, "230": 0.002499327712531043, "231": 0.002499327712531043, "232": 0.0024993277125310433, "233": 0.0024993277125310433, "234": 0.0024993277125310433, "235": 0.0024993277125310433, "236": 0.0024993277125310433, "237": 0.0024993277125310433, "238": 0.0024993277125310433, "239": 0.0024993277125310433, "240": 0.0025262192112892527, "241": 0.0025262192112892527, "242": 0.002499327712531041, "243": 0.002499327712531041, "244": 0.002499327712531041, "245": 0.002499327712531041, "246": 0.002499327712531041, "247": 0.002499327712531041, "248": 0.002499327712531041, "249": 0.002499327712531041, "250": 0.0024993277125310407, "251": 0.0024993277125310407, "252": 0.0024993277125310407, "253": 0.0024993277125310407, "254": 0.0024993277125310407, "255": 0.0024993277125310407, "256": 0.0024993277125310407, "257": 0.0024993277125310407, "258": 0.0024993277125310402, "259": 0.0024993277125310402, "260": 0.0024993277125310402, "261": 0.0024993277125310402, "262": 0.0024993277125310402, "263": 0.0024993277125310402, "264": 0.0024993277125310402, "265": 0.0024993277125310402, "266": 0.0024993277125310402, "267": 0.0024993277125310402, "268": 0.0024993277125310402,