{"(1, 0, 3)": -0.26670104839708886, "(0, 0, 2)": -0.11047119134519778, "(0, 2, 0)": 0.26670104839708864, "(1, 0, 0)": 0.2667010483970883, "(0, 0, 1)": 0.11047119134519678, "(1, 0, 2)": -0.11047119134519759, "(1, 2, 3)": -0.26670104839708825, "(0, 0, 0)": 0.26670104839708847, "(0, 1, 0)": 0.2667010483970886, "(1, 2, 2)": -0.11047119134519669, "(0, 2, 1)": 0.11047119134519778, "(1, 0, 1)": 0.1104711913451971, "(1, 1, 1)": 0.11047119134519717, "(1, 1, 2)": -0.11047119134519728, "(1, 1, 0)": 0.2667010483970886, "(0, 1, 3)": -0.26670104839708847, "(1, 1, 3)": -0.2667010483970884, "(1, 2, 1)": 0.11047119134519764, "(0, 2, 2)": -0.11047119134519658, "(0, 1, 1)": 0.11047119134519721, "(0, 1, 2)": -0.11047119134519727, "(0, 2, 3)": -0.2667010483970877, "(1, 2, 0)": 0.2667010483970887, "(0, 0, 3)": -0.2667010483970887}