{"(1, 0, 3)": -0.2879818779317529, "(0, 0, 2)": 0.2879818779317529, "(0, 2, 0)": 0.019994282088496754, "(1, 0, 0)": -0.2879818779317528, "(0, 0, 1)": 0.28798187793175306, "(1, 0, 2)": -0.019994282088497146, "(1, 2, 3)": -0.28798187793175295, "(0, 0, 0)": 0.019994282088497194, "(0, 1, 0)": 0.01999428208849705, "(1, 2, 2)": -0.019994282088497912, "(0, 2, 1)": 0.28798187793175256, "(1, 0, 1)": -0.019994282088496775, "(1, 1, 1)": -0.019994282088497264, "(1, 1, 2)": -0.01999428208849814, "(1, 1, 0)": -0.2879818779317526, "(0, 1, 3)": 0.01999428208849738, "(1, 1, 3)": -0.28798187793175334, "(1, 2, 1)": -0.019994282088496962, "(0, 2, 2)": 0.28798187793175245, "(0, 1, 1)": 0.28798187793175284, "(0, 1, 2)": 0.28798187793175245, "(0, 2, 3)": 0.019994282088497656, "(1, 2, 0)": -0.2879818779317523, "(0, 0, 3)": 0.01999428208849796}