{"(1, 0, 3)": -0.3061862178478949, "(0, 0, 2)": -0.17677669529663775, "(0, 2, 0)": -0.3061862178478937, "(1, 0, 0)": 0.30618621784789984, "(0, 0, 1)": 0.1767766952966359, "(1, 0, 2)": -0.1767766952966402, "(1, 2, 3)": 0.30618621784789946, "(0, 0, 0)": 0.30618621784790123, "(0, 1, 0)": 4.831959845005812e-15, "(1, 2, 2)": 0.1767766952966338, "(0, 2, 1)": -0.1767766952966388, "(1, 0, 1)": 0.17677669529663387, "(1, 1, 1)": -5.129453314372287e-15, "(1, 1, 2)": -5.249388447414831e-15, "(1, 1, 0)": 3.834511943139115e-15, "(0, 1, 3)": 4.969055781809962e-15, "(1, 1, 3)": 2.286921078052498e-15, "(1, 2, 1)": -0.17677669529664056, "(0, 2, 2)": 0.17677669529663526, "(0, 1, 1)": -2.4160155538427767e-15, "(0, 1, 2)": -1.8318679906315083e-15, "(0, 2, 3)": 0.30618621784790095, "(1, 2, 0)": -0.3061862178478946, "(0, 0, 3)": -0.3061862178478935}