{"name": "eigen", "eigen": 1, "normalized": false, "process_time": 0.017325878143310547, "data": {"0": 0.08076868629993211, "1": 0.08076872435150828, "2": 0.08076872435150792, "3": 0.08076872435150798, "4": 0.080768724351508, "5": 0.08076872435150795, "6": 0.08076872435150795, "7": 0.08076872435150798, "8": 0.08076872435150803, "9": 0.080768724351508, "10": 0.080768724351508, "11": 0.08076872435150798, "12": 0.08076872435150803, "13": 0.08076872435150811, "14": 0.08076872435150803, "15": 0.08076872435150807, "16": 0.080768724351508, "17": 0.0807687243515079, "18": 0.08076872435150809, "19": 0.08076872435150804, "20": 0.08076872435150804, "21": 0.08076872435150802, "22": 0.08076872435150804, "23": 0.08076872435150803, "24": 0.080768724351508, "25": 0.08076872435150795, "26": 0.08076872435150803, "27": 0.08076872435150799, "28": 0.08076872435150804, "29": 0.08076872435150802, "30": 0.08076872435150806, "31": 0.08076872435150811, "32": 0.08076872435150804, "33": 0.08076872435150804, "34": 0.08076872435150802, "35": 0.08076872435150804, "36": 0.08076872435150803, "37": 0.08076872435150813, "38": 0.080768724351508, "39": 0.080768724351508, "40": 0.08076872435150803, "41": 0.08076872435150799, "42": 0.08076872435150806, "43": 0.08076872435150798, "44": 0.08076872435150799, "45": 0.08076872435150798, "46": 0.08076872435150799, "47": 0.08076872435150799, "48": 0.08076872435150803, "49": 0.08076491919574819, "50": 0.080570856434855, "51": 0.08027395466765899, "52": 0.07987037067821032, "53": 0.07935629546779817, "54": 0.07872796505707107, "55": 0.07798167173818162, "56": 0.07711377576828814, "57": 0.07612071749382748, "58": 0.07499902989275765, "59": 0.07374535151995776, "60": 0.0723564398387614, "61": 0.07082918491909682, "62": 0.06916062348059941, "63": 0.06734795325650006, "64": 0.06538854765156461, "65": 0.06327997066495589, "66": 0.06101999204621561, "67": 0.05860660264996146, "68": 0.05603802995227611, "69": 0.05331275368903337, "70": 0.050429521573860846, "71": 0.04738736505063718, "72": 0.04418561503285123, "73": 0.04082391757936959, "74": 0.03730224945378002, "75": 0.03362093351167023, "76": 0.02978065385789841, "77": 0.025782470713326344, "78": 0.021627834928298704, "79": 0.017318602077769616, "80": 0.012857046070957008, "81": 0.008245872206409705, "82": 0.003488229601459727, "83": -0.0014122770765445652, "84": -0.006451576651359874, "85": -0.011625121326748403, "86": -0.01692787749962385, "87": -0.022354317574777065, "88": -0.027898412859073095, "89": -0.03355362761337331, "90": -0.03931291434034343, "91": -0.04516871038620094, "92": -0.05111293593369102, "93": -0.05713699346282521, "94": -0.06323176875439822, "95": -0.06938763350993825, "96": -0.0755944496593817, "97": -0.08184157542571421, "98": -0.08811787321264462, "99": -0.09441171937816371, "100": -0.10071101595378175, "101": -0.10083942796214516, "102": -0.10083942796214516, "103": -0.10083942796214529, "104": -0.10083942796214529, "105": -0.10083942796214529, "106": -0.10083942796214529, "107": -0.10083942796214529, "108": -0.10083942796214529, "109": -0.10083942796214529, "110": -0.10083942796214529, "111": -0.10083942796214529, "112": -0.10083942796214529, "113": -0.1008394279621453, "114": -0.10083942796214529, "115": -0.10083942796214529, "116": -0.10083942796214529, "117": -0.10083942796214529, "118": -0.10083942796214529, "119": -0.10083942796214529, "120": -0.10083942796214529, "121": -0.1008394279621453, "122": -0.10083942796214529, "123": -0.10083942796214529, "124": -0.10083942796214529, "125": -0.10083942796214529, "126": -0.10083942796214529, "127": -0.10083942796214529, "128": -0.10083942796214529, "129": -0.10083942796214529, "130": -0.10083942796214529, "131": -0.10083942796214529, "132": -0.10083942796214529, "133": -0.10083942796214529, "134": -0.10083942796214529, "135": -0.10083942796214529, "136": -0.10083942796214529, "137": -0.10083942796214529, "138": -0.10083942796214529, "139": -0.10083942796214529, "140": -0.10083942796214529, "141": -0.10083942796214529, "142": -0.1008394279621453, "143": -0.10083942796214511, "144": -0.10083942796214511, "145": -0.10083942796214511, "146": -0.10083942796214511, "147": -0.10083942796214501, "148": -0.10083942796214501, "149": -0.10083942796214501}}