{"0": -0.003507712088534645, "1": -0.0025071555399040317, "2": -0.0025071555399039935, "3": -0.0025071555399040213, "4": -0.0025071555399040213, "5": -0.0025071555399038825, "6": -0.0025071555399038825, "7": -0.0025071555399041323, "8": -0.0025071555399039103, "9": -0.002507155539903938, "10": -0.0025071555399039103, "11": -0.002507155539904049, "12": -0.0025071555399040213, "13": -0.002507155539904035, "14": -0.0025071555399040282, "15": -0.0025071555399040174, "16": -0.0025071555399040144, "17": -0.002507155539904035, "18": -0.00250715553990416, "19": -0.002507155539904049, "20": -0.0025071555399041323, "21": -0.0025071555399039103, "22": -0.002507155539904077, "23": -0.0025071555399040213, "24": -0.0025071555399039103, "25": -0.0025071555399039797, "26": -0.002507155539904077, "27": -0.002507155539904035, "28": -0.002507155539904035, "29": -0.002507155539904049, "30": -0.0025071555399039797, "31": -0.0025071555399039935, "32": -0.0025071555399040213, "33": -0.0025071555399039337, "34": -0.0025071555399041557, "35": -0.0025071555399039337, "36": -0.002507155539903992, "37": -0.002507155539903988, "38": -0.00250715553990407, "39": -0.0025071555399040065, "40": -0.0025071555399040052, "41": -0.0025071555399040117, "42": -0.0025071555399040386, "43": -0.0025071555399040664, "44": -0.0025071555399040386, "45": -0.0025071555399040365, "46": -0.0025071555399040647, "47": -0.0025071555399039267, "48": -0.0025071555399040655, "49": 0.0015737053560999914, "50": 0.03692443570103643, "51": 0.07436927229459411, "52": 0.11128652508764635, "53": 0.14498582791423406, "54": 0.1727949961342627, "55": 0.19240223658807412, "56": 0.20204651644271907, "57": 0.2006445165930812, "58": 0.1878662408183639, "59": 0.16415941007224605, "60": 0.13072236977024332, "61": 0.08942755127009129, "62": 0.04270045537368334, "63": -0.006638041659779006, "64": -0.05555586001491844, "65": -0.10100840824077545, "66": -0.1401388521966931, "67": -0.17046687707959407, "68": -0.1900535737795186, "69": -0.1976316069080118, "70": -0.1926920602114127, "71": -0.175522160395939, "72": -0.14719127019509748, "73": -0.10948590810151268, "74": -0.06479787613990695, "75": -0.01597264150869552, "76": 0.03387227732033927, "77": 0.08154719483527796, "78": 0.12399547296209117, "79": 0.1584907508283188, "80": 0.18281336565606, "81": 0.19539446644601524, "82": 0.19541839790558269, "83": 0.1828766238937935, "84": 0.1585695933236124, "85": 0.12405632385280244, "86": 0.08155487092187524, "87": 0.03380004133344503, "88": -0.01613250602717999, "89": -0.06502443589282027, "90": -0.10972239125371427, "91": -0.14734169696391602, "92": -0.17545292045130967, "93": -0.19223919190391697, "94": -0.19661406658376057, "95": -0.1882922570405356, "96": -0.16780860847494697, "97": -0.13648403921068744, "98": -0.09634060318497446, "99": -0.04997112978064055, "100": -0.0018507016354713539, "101": 0.003232466822408778, "102": 0.0032324668224087776, "103": 0.0032324668224087776, "104": 0.0032324668224087776, "105": 0.003232466822408778, "106": 0.003232466822408778, "107": 0.003232466822408778, "108": 0.003232466822408778, "109": 0.003232466822408778, "110": 0.003232466822408778, "111": 0.003232466822408778, "112": 0.003232466822408778, "113": 0.003232466822408778, "114": 0.003232466822408778, "115": 0.003232466822408778, "116": 0.003232466822408778, "117": 0.003232466822408778, "118": 0.003232466822408778, "119": 0.003232466822408778, "120": 0.003232466822408778, "121": 0.003232466822408778, "122": 0.003232466822408778, "123": 0.003232466822408778, "124": 0.003232466822408778, "125": 0.003232466822408778, "126": 0.0032324668224087776, "127": 0.0032324668224087776, "128": 0.0032324668224087776, "129": 0.0032324668224087776, "130": 0.0032324668224087776, "131": 0.0032324668224087776, "132": 0.0032324668224087776, "133": 0.0032324668224087767, "134": 0.0032324668224087767, "135": 0.0032324668224087767, "136": 0.0032324668224087767, "137": 0.0032324668224087763, "138": 0.0032324668224087763, "139": 0.0032324668224087763, "140": 0.0032324668224087763, "141": 0.0032324668224087754, "142": 0.0032324668224087754, "143": 0.0032324668224087754, "144": 0.0032324668224087754, "145": 0.003232466822408775, "146": 0.003232466822408775, "147": 0.003232466822408775, "148": 0.003232466822408775, "149": 0.0032324668224087746}