{"name": "fiedler", "normalized": true, "process_time": 0.0251309871673584, "data": {"0": -0.03679896298389651, "1": -0.026284982005820592, "2": -0.02628498200582357, "3": -0.026284982005820003, "4": -0.026284982005821425, "5": -0.026284982005822306, "6": -0.02628498200582341, "7": -0.026284982005814833, "8": -0.026284982005812724, "9": -0.026284982005817602, "10": -0.026284982005818792, "11": -0.026284982005825706, "12": -0.02628498200581119, "13": -0.026284982005813428, "14": -0.026284982005818774, "15": -0.026284982005816145, "16": -0.026284982005819944, "17": -0.02628498200581419, "18": -0.0262849820058162, "19": -0.026284982005806954, "20": -0.026284982005820218, "21": -0.026284982005820006, "22": -0.026284982005820964, "23": -0.026284982005809324, "24": -0.02628498200580996, "25": -0.02628498200582868, "26": -0.026284982005822022, "27": -0.026284982005821737, "28": -0.02628498200581421, "29": -0.026284982005816297, "30": -0.026284982005825047, "31": -0.026284982005818393, "32": -0.026284982005818077, "33": -0.026284982005814254, "34": -0.026284982005812432, "35": -0.026284982005822462, "36": -0.02628498200581306, "37": -0.026284982005816474, "38": -0.02628498200581608, "39": -0.026284982005819926, "40": -0.026284982005822438, "41": -0.026284982005821706, "42": -0.026284982005820336, "43": -0.026284982005813504, "44": -0.026284982005820235, "45": -0.026284982005817095, "46": -0.026284982005816523, "47": -0.0262849820058222, "48": -0.026284982005823496, "49": -0.026524796576349655, "50": -0.004594577463285221, "51": -0.003592375611404385, "52": -0.0028603104270622393, "53": -0.002249066419741359, "54": -0.001699339885575035, "55": -0.001182405029956331, "56": -0.000682581049623932, "57": -0.00019059785955866722, "58": 0.00029934169179213145, "59": 0.0007910138480143392, "60": 0.0012869527149683437, "61": 0.0017888952488813437, "62": 0.002298048719707244, "63": 0.0028152582629062234, "64": 0.0033411155198602026, "65": 0.003876031158719437, "66": 0.004420284501520533, "67": 0.004974058219705913, "68": 0.005537463045900657, "69": 0.006110555663042534, "70": 0.006693351840263567, "71": 0.007285836200135601, "72": 0.007887969561974335, "73": 0.008499694516778969, "74": 0.009120939695923404, "75": 0.009751623064187746, "76": 0.01039165447679722, "77": 0.011040937676063843, "78": 0.011699371857746384, "79": 0.012366852904563165, "80": 0.013043274360418973, "81": 0.013728528201518288, "82": 0.01442250544734253, "83": 0.015125096644712342, "84": 0.015836192250941912, "85": 0.016555682936383386, "86": 0.017283459822354543, "87": 0.018019414667056234, "88": 0.01876344000963384, "89": 0.01951542928044875, "90": 0.02027527688400598, "91": 0.0210428782597845, "92": 0.021818129925140383, "93": 0.022600929503702002, "94": 0.023391175742002532, "95": 0.024188768516571008, "96": 0.024993608833473686, "97": 0.025805598821727175, "98": 0.026624641721860413, "99": 0.027450641870580744, "100": 0.14076955884217407, "101": 0.13816736284644943, "102": 0.13816736284645603, "103": 0.13816736284644984, "104": 0.13816736284644693, "105": 0.1381673628464519, "106": 0.13816736284645198, "107": 0.1381673628464556, "108": 0.1381673628464503, "109": 0.13816736284645476, "110": 0.13816736284644937, "111": 0.1381673628464544, "112": 0.13816736284645714, "113": 0.1381673628464531, "114": 0.13816736284644304, "115": 0.13816736284645065, "116": 0.13816736284645978, "117": 0.13816736284645248, "118": 0.13816736284645673, "119": 0.1381673628464538, "120": 0.138167362846447, "121": 0.13816736284646197, "122": 0.1381673628464539, "123": 0.13816736284645303, "124": 0.1381673628464443, "125": 0.13816736284645462, "126": 0.13816736284644138, "127": 0.138167362846453, "128": 0.13816736284645856, "129": 0.1381673628464592, "130": 0.13816736284645056, "131": 0.13816736284646486, "132": 0.1381673628464548, "133": 0.13816736284644227, "134": 0.13816736284646167, "135": 0.13816736284644884, "136": 0.13816736284644718, "137": 0.13816736284645545, "138": 0.13816736284645018, "139": 0.1381673628464583, "140": 0.13816736284645612, "141": 0.1381673628464475, "142": 0.1381673628464522, "143": 0.13816736284646508, "144": 0.13816736284645526, "145": 0.1381673628464739, "146": 0.13816736284645165, "147": 0.13816736284646036, "148": 0.1381673628464476, "149": 0.13816736284645534}}