{"name": "pagerank", "alpha": 0.85, "process_time": 0.28423094749450684, "data": {"0": 0.012268124024112476, "1": 0.006732411664111824, "2": 0.006732411664111824, "3": 0.006732411664111824, "4": 0.006732411664111824, "5": 0.006732411664111824, "6": 0.006732411664111824, "7": 0.006732411664111824, "8": 0.006732411664111825, "9": 0.006732411664111825, "10": 0.006732411664111825, "11": 0.006732411664111825, "12": 0.006732411664111825, "13": 0.006732411664111825, "14": 0.006732411664111825, "15": 0.006732411664111825, "16": 0.006732411664111825, "17": 0.006732411664111825, "18": 0.006732411664111825, "19": 0.006732411664111825, "20": 0.006732411664111825, "21": 0.006732411664111825, "22": 0.006732411664111825, "23": 0.006732411664111825, "24": 0.006732411664111825, "25": 0.006732411664111825, "26": 0.006732411664111825, "27": 0.006732411664111825, "28": 0.006732411664111825, "29": 0.006732411664111825, "30": 0.006732411664111825, "31": 0.006732411664111825, "32": 0.006732411664111825, "33": 0.006732411664111825, "34": 0.006732411664111825, "35": 0.006732411664111825, "36": 0.006732411664111825, "37": 0.006732411664111825, "38": 0.006732411664111825, "39": 0.006732411664111825, "40": 0.006732411664111825, "41": 0.006732411664111825, "42": 0.006732411664111825, "43": 0.006732411664111825, "44": 0.006732411664111825, "45": 0.006732411664111825, "46": 0.006732411664111825, "47": 0.006732411664111825, "48": 0.006732411664111825, "49": 0.00846477864354164, "50": 0.003446746344673404, "51": 0.004745510835491594, "52": 0.005443867408860555, "53": 0.005852967221829139, "54": 0.006101320042260146, "55": 0.006260693380082047, "56": 0.006363451944175893, "57": 0.0064340656871759005, "58": 0.00648209972866183, "59": 0.0065171349995220475, "60": 0.006542420871351869, "61": 0.006561823156128806, "62": 0.006576692590372143, "63": 0.0065885760435057976, "64": 0.006598142233906989, "65": 0.006606029419055134, "66": 0.006612598076715649, "67": 0.006618142928350246, "68": 0.006622866932505554, "69": 0.006626927622978698, "70": 0.006630444629052644, "71": 0.006633511673621971, "72": 0.00663620287559207, "73": 0.006638577586051072, "74": 0.006640683812868094, "75": 0.00664256074430262, "76": 0.006644240635899589, "77": 0.006645750239544036, "78": 0.006647111898324183, "79": 0.006648344394190382, "80": 0.006649463610548589, "81": 0.00665048236099472, "82": 0.0066514126943991725, "83": 0.006652252035524459, "84": 0.00665301721782839, "85": 0.00665360884456115, "86": 0.006654095208384033, "87": 0.006653903359590951, "88": 0.006653304431800419, "89": 0.00665005478145827, "90": 0.00664479190678209, "91": 0.006630712922946344, "92": 0.006607866026434714, "93": 0.006558787529948679, "94": 0.00647637920779355, "95": 0.00631831734879967, "96": 0.006044886574755933, "97": 0.005547554455869793, "98": 0.004671575915864769, "99": 0.0031075212011392934, "100": 0.008188065125965626, "101": 0.006791505688500817, "102": 0.006791505688500817, "103": 0.006791505688500817, "104": 0.006791505688500817, "105": 0.006791505688500817, "106": 0.006791505688500817, "107": 0.006791505688500817, "108": 0.006791505688500817, "109": 0.006791505688500817, "110": 0.006791505688500816, "111": 0.006791505688500816, "112": 0.006791505688500816, "113": 0.006791505688500816, "114": 0.006791505688500815, "115": 0.006791505688500815, "116": 0.006791505688500815, "117": 0.006791505688500815, "118": 0.006791505688500815, "119": 0.006791505688500815, "120": 0.006791505688500815, "121": 0.006791505688500815, "122": 0.006791505688500815, "123": 0.006791505688500815, "124": 0.006791505688500815, "125": 0.006791505688500815, "126": 0.006791505688500816, "127": 0.006791505688500816, "128": 0.006791505688500817, "129": 0.006791505688500817, "130": 0.006791505688500818, "131": 0.006791505688500818, "132": 0.006791505688500819, "133": 0.006791505688500819, "134": 0.006791505688500819, "135": 0.006791505688500819, "136": 0.006791505688500819, "137": 0.006791505688500819, "138": 0.006791505688500819, "139": 0.006791505688500819, "140": 0.006791505688500819, "141": 0.006791505688500819, "142": 0.006791505688500819, "143": 0.006791505688500819, "144": 0.006791505688500819, "145": 0.006791505688500819, "146": 0.006791505688500819, "147": 0.006791505688500819, "148": 0.006791505688500819, "149": 0.006791505688500819}}