{"name": "fiedler", "normalized": true, "process_time": 0.01760411262512207, "data": {"0": -1.6195933483231784e-12, "1": 0.013435973652889751, "2": 0.05511736366922896, "3": -0.0685533373291666, "4": 0.017863235579366556, "5": 0.01786324824965588, "6": 0.017863224970667533, "7": 0.07327898144435051, "8": 0.0732789872829711, "9": 0.07327898130776617, "10": -0.09114222415868396, "11": -0.09114222449980855, "12": -0.09114221016975847, "13": 0.01927065912968328, "14": 0.019270659129477903, "15": 0.019270659117607877, "16": 0.019270675862102696, "17": 0.019270675868787366, "18": 0.019270675867187663, "19": 0.019270645108625504, "20": 0.019270645120458122, "21": 0.01927064510543795, "22": 0.07905254736262117, "23": 0.07905254736531844, "24": 0.07905254736909943, "25": 0.07905255507662637, "26": 0.07905255508352774, "27": 0.07905255507154682, "28": 0.07905254718597943, "29": 0.07905254718299214, "30": 0.07905254718092933, "31": -0.0983232159170147, "32": -0.09832321592754198, "33": -0.09832321591285212, "34": -0.09832321637539244, "35": -0.09832321637199115, "36": -0.0983232163666962, "37": -0.09832319743862322, "38": -0.09832319743268307, "39": -0.09832319744127474, "40": 0.019666086221260634, "41": 0.01966608620699589, "42": 0.01966608621563226, "43": 0.019666086216710784, "44": 0.01966608621288794, "45": 0.019666086215095496, "46": 0.019666086206093825, "47": 0.019666086194503572, "48": 0.019666086195669567, "49": 0.019666104089379167, "50": 0.019666104095850238, "51": 0.019666104103983537, "52": 0.01966610410484901, "53": 0.019666104104497144, "54": 0.019666104104871154, "55": 0.01966610410144186, "56": 0.01966610409762598, "57": 0.019666104109681882, "58": 0.0196660712288836, "59": 0.01966607122656646, "60": 0.019666071228475426, "61": 0.01966607124714616, "62": 0.019666071238675687, "63": 0.019666071245106068, "64": 0.01966607122668969, "65": 0.019666071217737686, "66": 0.0196660712230616, "67": 0.08067467762949637, "68": 0.08067467763058517, "69": 0.0806746776335667, "70": 0.0806746776356944, "71": 0.08067467763394782, "72": 0.08067467762851899, "73": 0.08067467763800112, "74": 0.08067467763773557, "75": 0.08067467764469131, "76": 0.08067468588265651, "77": 0.08067468587262397, "78": 0.08067468587402275, "79": 0.08067468588814351, "80": 0.0806746858798323, "81": 0.08067468588724787, "82": 0.08067468586804005, "83": 0.08067468587121357, "84": 0.08067468587265963, "85": 0.08067467744179384, "86": 0.08067467744551822, "87": 0.08067467744193936, "88": 0.08067467744361796, "89": 0.080674677439353, "90": 0.08067467743554685, "91": 0.08067467743570511, "92": 0.08067467743897716, "93": 0.0806746774384273, "94": -0.10034077391472458, "95": -0.10034077391355943, "96": -0.10034077392544508, "97": -0.1003407739302982, "98": -0.1003407739303409, "99": -0.10034077393186275, "100": -0.10034077390608082, "101": -0.10034077391933531, "102": -0.10034077391363912, "103": -0.1003407744127564, "104": -0.10034077440535295, "105": -0.1003407744077347, "106": -0.10034077440858725, "107": -0.10034077440172934, "108": -0.10034077440190921, "109": -0.10034077439590725, "110": -0.10034077439448343, "111": -0.10034077440457079, "112": -0.10034075417245822, "113": -0.1003407541716743, "114": -0.10034075416345266, "115": -0.1003407541554101, "116": -0.1003407541662121, "117": -0.10034075416043939, "118": -0.10034075417784263, "119": -0.10034075417045982, "120": -0.10034075417077266, "121": 0.009861334282317707, "122": 0.009861334282464001, "123": 0.009861334282371601, "124": 0.009861334274200058, "125": 0.009861334274120741, "126": 0.009861334274137502, "127": 0.009861334279130139, "128": 0.009861334279045248, "129": 0.009861334279113291, "130": 0.009861334279590333, "131": 0.009861334279497942, "132": 0.009861334279387155, "133": 0.00986133427726188, "134": 0.009861334277348165, "135": 0.0098613342772374, "136": 0.009861334278582223, "137": 0.009861334278545792, "138": 0.009861334278526465, "139": 0.009861334274699205, "140": 0.00986133427466078, "141": 0.009861334274642988, "142": 0.009861334268054923, "143": 0.009861334268015685, "144": 0.009861334267903508, "145": 0.009861334268680088, "146": 0.009861334268679021, "147": 0.009861334268669374, "148": 0.009861343297797311, "149": 0.009861343297764918, "150": 0.009861343297665739, "151": 0.009861343301440076, "152": 0.009861343301511056, "153": 0.009861343301490895, "154": 0.009861343306252409, "155": 0.009861343306189438, "156": 0.00986134330606072, "157": 0.009861343306256274, "158": 0.009861343306244434, "159": 0.009861343306258706, "160": 0.009861343306159138, "161": 0.009861343305951337, "162": 0.009861343306030638, "163": 0.009861343306310572, "164": 0.009861343306255429, "165": 0.00986134330622612, "166": 0.009861343304349023, "167": 0.00986134330412588, "168": 0.009861343304243594, "169": 0.009861343302001693, "170": 0.0098613433021073, "171": 0.009861343302105448, "172": 0.009861343309032907, "173": 0.009861343309003753, "174": 0.00986134330897096, "175": 0.009861326716138628, "176": 0.009861326716159836, "177": 0.009861326716152596, "178": 0.00986132671482127, "179": 0.009861326714850824, "180": 0.009861326714792675, "181": 0.009861326715957547, "182": 0.009861326715893248, "183": 0.009861326715854426, "184": 0.009861326725529489, "185": 0.009861326725550274, "186": 0.009861326725546455, "187": 0.009861326720619273, "188": 0.009861326720623165, "189": 0.00986132672061579, "190": 0.009861326724413224, "191": 0.009861326724322998, "192": 0.00986132672431431, "193": 0.009861326715766365, "194": 0.00986132671603838, "195": 0.009861326715908359, "196": 0.009861326710852847, "197": 0.009861326710690498, "198": 0.009861326710724606, "199": 0.009861326713792033, "200": 0.00986132671383135, "201": 0.009861326713865482, "202": 0.040453395521604395, "203": 0.040453395521617856, "204": 0.040453395521627446, "205": 0.0404533955222965, "206": 0.04045339552227221, "207": 0.04045339552218104, "208": 0.0404533955240703, "209": 0.04045339552399846, "210": 0.04045339552383972, "211": 0.04045339552616782, "212": 0.04045339552613246, "213": 0.0404533955260977, "214": 0.040453395525085124, "215": 0.04045339552514227, "216": 0.04045339552516572, "217": 0.04045339552202343, "218": 0.04045339552196298, "219": 0.04045339552203425, "220": 0.04045339552573474, "221": 0.04045339552568387, "222": 0.040453395525754804, "223": 0.04045339552556786, "224": 0.04045339552548112, "225": 0.040453395525626865, "226": 0.040453395529584206, "227": 0.04045339552963174, "228": 0.04045339552952459, "229": 0.040453399687438704, "230": 0.040453399687460395, "231": 0.040453399687429004, "232": 0.04045339968172536, "233": 0.04045339968159539, "234": 0.04045339968165337, "235": 0.040453399682458424, "236": 0.040453399682500744, "237": 0.040453399682486776, "238": 0.04045339969025781, "239": 0.04045339969031116, "240": 0.04045339969028401, "241": 0.04045339968555091, "242": 0.04045339968544944, "243": 0.04045339968538161, "244": 0.04045339968969298, "245": 0.04045339968980318, "246": 0.040453399689689556, "247": 0.04045339967897029, "248": 0.04045339967898049, "249": 0.04045339967892433, "250": 0.04045339968076299, "251": 0.040453399680886064, "252": 0.04045339968073318, "253": 0.04045339968163387, "254": 0.04045339968169673, "255": 0.0404533996815059, "256": 0.040453395427553614, "257": 0.040453395427707435, "258": 0.04045339542770413, "259": 0.04045339542977361, "260": 0.040453395429775774, "261": 0.04045339542989458, "262": 0.04045339542773081, "263": 0.040453395427716365, "264": 0.04045339542775014, "265": 0.04045339542880998, "266": 0.04045339542877898, "267": 0.04045339542867476, "268": 0.040453395426366875, "269": 0.04045339542624157, "270": 0.0404533954263248, "271": 0.040453395424196736, "272": 0.040453395424034026, "273": 0.04045339542406551, "274": 0.04045339542388496, "275": 0.04045339542377302, "276": 0.040453395423891925, "277": 0.04045339542568063, "278": 0.040453395425742965, "279": 0.04045339542576505, "280": 0.04045339542544737,