{"name": "fiedler", "normalized": false, "process_time": 0.010181903839111328, "data": {"0": -0.1677556615786555, "1": -0.16775566157862126, "2": -0.1677556615786906, "3": -0.16775566157859953, "4": -0.16775566157860836, "5": -0.16775566157861838, "6": -0.1677556615785799, "7": -0.16775566157860972, "8": -0.1677556615786356, "9": -0.1491094051661599, "10": 0.035280605063038255, "11": 0.2157491450024674, "12": 0.3722369080961946, "13": 0.4873500683821008, "14": 0.5482936328299769}}