{"name": "eigen", "eigen": 4, "normalized": false, "process_time": 0.0018558502197265625, "data": {"0": 0.034833769572269364, "1": 0.4347974524941547, "2": 0.23388583429098153, "3": -0.29024805741519566, "4": -0.41326899894220936, "5": -0.03483376957227022, "6": -0.4347974524941512, "7": -0.23388583429098778, "8": 0.29024805741520143, "9": 0.4132689989422068}}