{"name": "eigen", "eigen": 5, "normalized": false, "process_time": 0.0018558502197265625, "data": {"0": -0.44585491866456356, "1": -0.10464786335418094, "2": 0.3811789822616283, "3": 0.34022943018895957, "4": -0.17090563043184276, "5": 0.44585491866456706, "6": 0.10464786335417803, "7": -0.38117898226162666, "8": -0.34022943018895824, "9": 0.17090563043183996}}