{"name": "eigen", "eigen": 3, "normalized": true, "process_time": 0.0031740665435791016, "data": {"0": 0.3162277660168382, "1": 0.3162277660168381, "2": 0.316227766016838, "3": 0.31622776601683816, "4": 0.31622776601683833, "5": -0.31622776601683833, "6": -0.31622776601683844, "7": -0.31622776601683805, "8": -0.31622776601683766, "9": -0.316227766016838}}