{"name": "fiedler", "normalized": true, "process_time": 0.030771970748901367, "data": {"0": -0.40506133271048084, "1": 0.055092168279494404, "2": 0.43911017595785173, "3": 0.2162928566585678, "4": -0.30543382796575413, "5": -0.40506134849361997, "6": 0.055092151851980756, "7": 0.4391101601148001, "8": 0.21629284051421113, "9": -0.30543384420705105}}