{"name": "eigen", "eigen": 1, "normalized": false, "process_time": 0.1187746524810791, "data": {"0": -0.004632802232092308, "1": 0.018856952629058857, "2": 0.019490274762059785, "3": 0.027219868286275456, "4": 0.01953862320551829, "5": 0.026006540876893955, "6": 0.019560471331919346, "7": 0.01894695374280429, "8": 0.0025986072624659858, "9": 0.018771825361411525, "10": 0.019257362413999494, "11": 0.018926683025950644, "12": 0.018923576688431074, "13": 0.019415858939954535, "14": 0.0196696370911474, "15": 0.019005689987158247, "16": 0.024671580901711, "17": 0.025167467827740337, "18": 0.019230521064229983, "19": 0.02487220755698978, "20": 0.018953757534575705, "21": 0.018882136153598794, "22": 0.01936251593299909, "23": 0.019485404820314023, "24": 0.019108507725329738, "25": 0.019246966249415354, "26": -0.00651858121394705, "27": 0.019080688498689657, "28": 0.020024535999787485, "29": 0.01972961037568255, "30": 0.01910000105952625, "31": 0.019181343640580772, "32": 0.019490980584987896, "33": 0.019575051235433304, "34": 0.019437007436225392, "35": 0.024830273285807378, "36": 0.01962754195954685, "37": 0.02479345720529435, "38": 0.019046289912984612, "39": 0.01906057800961572, "40": 0.01931302421433588, "41": 0.019348949426352624, "42": 0.019340315913213252, "43": 0.018705897213528843, "44": 0.01843680244075298, "45": 0.026073412970987576, "46": 0.020217154855311115, "47": 0.01887835998420361, "48": 0.025044449774811125, "49": 0.01910617221924457, "50": 0.032806398607587606, "51": 0.032612578030565234, "52": 0.0331805944443269, "53": 0.03272564800327357, "54": 0.032876597525808744, "55": 0.032851429087821474, "56": 0.03290107131050582, "57": 0.0328900311474, "58": 0.032589878520805866, "59": 0.03239051707197311, "60": 0.03282289117802172, "61": 0.012893721415427073, "62": 0.03241484115771792, "63": 0.03701911466725405, "64": 0.037597503963481174, "65": 0.0328883500161801, "66": 0.0326280524381026, "67": 0.032636165061381124, "68": 0.032927607930343765, "69": 0.032663511168913646, "70": 0.03266152075363455, "71": 0.017852403436479057, "72": 0.03236332601190298, "73": 0.03806901996005878, "74": 0.03273240148697877, "75": 0.03263606690965805, "76": 0.0324405861327097, "77": 0.03716886566897035, "78": 0.03722514035834695, "79": 0.032617523022720994, "80": 0.032830123943432064, "81": 0.03287840030756334, "82": 0.03307918889749355, "83": 0.03272919849928918, "84": 0.03246818639841799, "85": 0.03304459483532445, "86": 0.03269142898954942, "87": 0.03289047114440638, "88": 0.028884343817673654, "89": 0.032883404233103014, "90": 0.0326750916365508, "91": 0.03248514830166859, "92": 0.032714963289613534, "93": 0.03272602920989685, "94": 0.028762510867191223, "95": 0.032726454761875176, "96": 0.032996504093782186, "97": 0.03700333648332487, "98": 0.03245234953558385, "99": 0.03822380730388541, "100": 0.03262596159331682, "101": 0.032817241629608834, "102": 0.03279776507228155, "103": 0.029099726400920845, "104": 0.032790499337442915, "105": 0.03262499498506466, "106": 0.032926849899323145, "107": 0.03303493174730938, "108": 0.028379565778521795, "109": 0.03273888752425851, "110": 0.028355991801899502, "111": 0.03083583125130786, "112": 0.03612107247261565, "113": 0.03277221859678327, "114": 0.028980797385629635, "115": 0.03283527164218521, "116": 0.03275288373912946, "117": 0.032540975409335524, "118": 0.03276430005420054, "119": 0.038058709365268846, "120": 0.04370234068520809, "121": 0.04043388822954321, "122": 0.04368746347737948, "123": 0.04357753622496801, "124": 0.04365016428054217, "125": 0.04438432592146702, "126": 0.04367579660608171, "127": 0.043700631450225534, "128": 0.04365678279445274, "129": 0.04372112139654226, "130": 0.043643212941645734, "131": 0.043632879204302547, "132": 0.043679519701014614, "133": 0.03784925990458434, "134": 0.04372518934875382, "135": 0.04369318818040607, "136": 0.04368277315134497, "137": 0.043686423206905106, "138": 0.04371386443587305, "139": 0.04367965579889521, "140": 0.04367548196141439, "141": 0.043663879935379804, "142": 0.04370463255377043, "143": 0.043682238956888705, "144": 0.04372355583421418, "145": 0.04366527140664893, "146": 0.04361652222478934, "147": 0.04360708401952594, "148": 0.043651922757255435, "149": 0.04370837492750894, "150": 0.04367673633550657, "151": 0.042533037028961704, "152": 0.04367428309239516, "153": 0.044311202433137825, "154": 0.04098210957339465, "155": 0.04370669079528664, "156": 0.043681447683357015, "157": 0.043669414354531345, "158": 0.04159708938933719, "159": 0.04365248018581197, "160": 0.04362336941074459, "161": 0.03924234614250889, "162": 0.04364020098730079, "163": 0.04367992443062362, "164": 0.04361601617309261, "165": 0.043687029972282285, "166": 0.043614590243886905, "167": 0.04360159237749226, "168": 0.043706391534804545, "169": 0.043677941114906874, "170": 0.041840132576712416, "171": 0.043698830524086386, "172": 0.04430104560422298, "173": 0.04367008161152196, "174": 0.04370126719755975, "175": 0.04364856165066097, "176": 0.04367758775509186, "177": 0.043690254030585754, "178": 0.04371163584530159, "179": 0.04074430994302021, "180": 0.04438519922176424, "181": 0.044330531494470124, "182": 0.04093137952660775, "183": 0.04366087696162724, "184": 0.04369178753901435, "185": 0.043693527670987574, "186": 0.04368112194420902, "187": 0.043648636582335774, "188": 0.043726188875556356, "189": 0.04141303002892512, "190": 0.04363379118063486, "191": 0.04366972609433343, "192": 0.04361321155744085, "193": 0.043631182174318536, "194": 0.04361484725525852, "195": 0.043665515061172125, "196": 0.043705802241932046, "197": 0.04363444446031186, "198": 0.043658101758432946, "199": 0.043721446377778306, "200": 0.043658372891985604, "201": 0.043620666609209824, "202": 0.04361338555930239, "203": 0.043642597567761864, "204": 0.04358642229095223, "205": 0.043628364522300046, "206": 0.04370619404830804, "207": 0.04433006809421834, "208": 0.04368886828758404, "209": 0.044311092395985616, "210": 0.04370881531903363, "211": 0.04367193287720882, "212": 0.0437097742865877, "213": 0.04373820466104255, "214": 0.044372237093006354, "215": 0.043636568673857776, "216": 0.04368271878924307, "217": 0.04368265459695854, "218": 0.04433468757096772, "219": 0.04117970414814208, "220": -0.06351561605425363, "221": -0.06349071377295472, "222": -0.06352154781206817, "223": -0.06337135006198387, "224": -0.0633864609305529, "225": -0.06354031848927588, "226": -0.06343794270025988, "227": -0.06343932372170828, "228": -0.06345177518834097, "229": -0.06349288179505745, "230": -0.06344582303053868, "231": -0.062475658238736353, "232": -0.0634826402654847, "233": -0.06331618231235293, "234": -0.06337685444273478, "235": -0.06348519792979561, "236": -0.06348499475551575, "237": -0.06340851987466681, "238": -0.0634046475166906, "239": -0.06357952139088961, "240": -0.06357745530474121, "241": -0.06340254509656693, "242": -0.06347117832087512, "243": -0.0634483356440644, "244": -0.06340520540278476, "245": -0.06335653725975492, "246": -0.0634876293583648, "247": -0.06341913608251773, "248": -0.06343395395149579, "249": -0.06250769655424161, "250": -0.06345453903010136, "251": -0.06349085512271704, "252": -0.06228160563906674, "253": -0.06354591365725167, "254": -0.06346443546205208, "255": -0.06347660125937171, "256": -0.06338167375368742, "257": -0.0634393882931825, "258": -0.06339868738584825, "259": -0.06348610842298708, "260": -0.06346286108021847, "261": -0.06332659063607068, "262": -0.06358964493252241, "263": -0.06345128572819048, "264": -0.06336885237778564, "265": -0.06351004816779277, "266": -0.06243242145239003, "267": -0.06338738113595806, "268": -0.063399502000305, "269": -0.06343274067218432, "270": -0.06340316822459938, "271": -0.06344079077825823, "272": -0.06351883733041512, "273": -0.06348019207125472, "274": -0.054431740940864656, "275": -0.06342577343050418, "276": -0.06340454235472652, "277": -0.06350100437315997, "278": -0.06360434754849992, "279": -0.06337982238876601, "280": -0.06336436350056031,