{"0": 0.04893354834133652, "1": 0.1084610729391925, "2": 0.10949720035229843, "3": 0.06550923396701713, "4": 0.10882248173243708, "5": 0.07129988988361816, "6": 0.10935170495643054, "7": 0.10717702721496361, "8": 0.06789651676846725, "9": 0.11005301933496875, "10": 0.11064612023660492, "11": 0.10819070887693874, "12": 0.10670196068192135, "13": 0.10887908519509397, "14": 0.10894849229314801, "15": 0.1063963091445985, "16": 0.0815317841682631, "17": 0.0808417318890382, "18": 0.109927960243801, "19": 0.08260707058954847, "20": 0.1087455065591024, "21": 0.10814670797419965, "22": 0.11028311521840814, "23": 0.10806053172849694, "24": 0.11007124390411868, "25": 0.10869763333899145, "26": 0.06786842310090982, "27": 0.10943240211802643, "28": 0.10920741127905499, "29": 0.10830167783323391, "30": 0.10893503772922922, "31": 0.10959462343026753, "32": 0.10746134318657144, "33": 0.10946880772201094, "34": 0.11002706089054871, "35": 0.08216451346241108, "36": 0.10973510053677078, "37": 0.0808730318713141, "38": 0.10929221425766318, "39": 0.10866752329324748, "40": 0.10837008169851961, "41": 0.10968157600516, "42": 0.1088216452977857, "43": 0.10777881216880349, "44": 0.08305609400045051, "45": 0.06981110424333774, "46": 0.10994953279379124, "47": 0.10836980968555339, "48": 0.08239749163775942, "49": 0.10823608084875641, "50": 0.04560148117891927, "51": 0.045839777900394875, "52": 0.03437772209915709, "53": 0.04487564552965723, "54": 0.04502845268452996, "55": 0.04505787152307707, "56": 0.04442366314547173, "57": 0.04418440430229453, "58": 0.045569471186764306, "59": 0.04627104711600013, "60": 0.04603812211745893, "61": 0.0476811929170132, "62": 0.04576877320152184, "63": 0.01365944319934998, "64": 0.008746103640603823, "65": 0.044124000382732974, "66": 0.044976588107714044, "67": 0.044674758716206124, "68": 0.04541594217199852, "69": 0.04452223247125076, "70": 0.04546286675161799, "71": 0.06641096762850876, "72": 0.04702140630411332, "73": 0.004981898129242626, "74": 0.04514038553518428, "75": 0.04602412848115787, "76": 0.04707106295875469, "77": 0.013003077738991776, "78": 0.010790235219422586, "79": 0.0447048235887685, "80": 0.04493941004564835, "81": 0.0445650740013387, "82": 0.04371848004801, "83": 0.04652383850071244, "84": 0.04599119616764635, "85": 0.0444885674028008, "86": 0.04552332557417262, "87": 0.044919312560652895, "88": 0.06391226722511058, "89": 0.04474798152937838, "90": 0.04652356381546896, "91": 0.04668864014073719, "92": 0.04514662599907343, "93": 0.04482332305063579, "94": 0.06380826287157451, "95": 0.045104369424571605, "96": 0.0444403387274623, "97": 0.014196383518798277, "98": 0.045984766881013356, "99": 0.0013239963893517863, "100": 0.04436690027077298, "101": 0.04566659223682847, "102": 0.0449314446684312, "103": 0.06343376073015557, "104": 0.04670520997595249, "105": 0.045554915327866874, "106": 0.04477004812421593, "107": 0.044591639228744574, "108": 0.06639333420255457, "109": 0.0448631994586764, "110": 0.06506674966885877, "111": 0.04635302282730576, "112": 0.01805644352551389, "113": 0.04511479601506805, "114": 0.06326391185315293, "115": 0.044902340713116516, "116": 0.04584972839373401, "117": 0.04547356557046575, "118": 0.04463057296566394, "119": 0.0051341704690332605, "120": -0.03522687787193515, "121": -0.01148476877075924, "122": -0.0350903284816783, "123": -0.034260109452042026, "124": -0.03475714282124415, "125": -0.04301983737545977, "126": -0.03504084206844636, "127": -0.03516845424160485, "128": -0.03491009803618619, "129": -0.03531841366537038, "130": -0.03478232973109032, "131": -0.03469945812082781, "132": -0.03504928404114349, "133": 0.002763706458269854, "134": -0.035356052546054395, "135": -0.03509473197632531, "136": -0.034975765376545336, "137": -0.035066985844568785, "138": -0.035196220211652945, "139": -0.035013980498691914, "140": -0.03499645443551015, "141": -0.03488411691249026, "142": -0.035163308671327324, "143": -0.03503495586317904, "144": -0.03532582241724781, "145": -0.03489149276106554, "146": -0.034571789913511966, "147": -0.034422271092949944, "148": -0.034717458700910774, "149": -0.03515138393518185, "150": -0.03498185507731925, "151": -0.030466580626596157, "152": -0.035055335963855204, "153": -0.042293934571589656, "154": -0.014926982965489749, "155": -0.03522852181267179, "156": -0.0350214299374669, "157": -0.03492784818608964, "158": -0.021135764225959874, "159": -0.03479287276129425, "160": -0.0345409765072367, "161": -0.005755936221695418, "162": -0.034705469140161746, "163": -0.034983592984864455, "164": -0.034470828484469945, "165": -0.035019318433715176, "166": -0.03457868156142226, "167": -0.03443331933048248, "168": -0.03522580649261929, "169": -0.03505368278547904, "170": -0.023454869256565297, "171": -0.03517180114630562, "172": -0.042091774216424634, "173": -0.03497531114722997, "174": -0.03513517193715637, "175": -0.03472498775108978, "176": -0.03507168406483952, "177": -0.035165106642450164, "178": -0.035216967313100776, "179": -0.01291134030563538, "180": -0.043091872977775225, "181": -0.042537966789000445, "182": -0.014363954452840682, "183": -0.0348656756196006, "184": -0.03509771067118008, "185": -0.035023809966585544, "186": -0.03496452382101134, "187": -0.03483084029850183, "188": -0.03535152636451861, "189": -0.018515868633756906, "190": -0.034720499883837984, "191": -0.03496712390638055, "192": -0.03459255069582766, "193": -0.034777101918720854, "194": -0.03444507214846928, "195": -0.03490349538990685, "196": -0.03522177668150191, "197": -0.03460792563504755, "198": -0.0347775022470394, "199": -0.035294834007964876, "200": -0.03487700677045001, "201": -0.03460207141537681, "202": -0.034514361585180724, "203": -0.03477155622013432, "204": -0.03433956571945656, "205": -0.034623012150892814, "206": -0.0351890555965013, "207": -0.042651012267656475, "208": -0.03514987189371073, "209": -0.04239962454296532, "210": -0.035213289668046606, "211": -0.034871093156066825, "212": -0.03520367008979189, "213": -0.035400824374248484, "214": -0.04315325700912978, "215": -0.03468926439218812, "216": -0.03506169104482536, "217": -0.035010973987834614, "218": -0.04245735567441671, "219": -0.016769735343280853, "220": -0.01554670079032296, "221": -0.015532181522569093, "222": -0.015554684597331649, "223": -0.01538347083073459, "224": -0.015393915573297768, "225": -0.01563273160375922, "226": -0.015441665517245262, "227": -0.015433985539166329, "228": -0.015463430718258425, "229": -0.01554942246819067, "230": -0.01545310769912888, "231": -0.011307713042085062, "232": -0.015539950340748666, "233": -0.015242589203141579, "234": -0.015405568414193811, "235": -0.01553030505251439, "236": -0.015550734636551768, "237": -0.015388558511353461, "238": -0.015422239924294572, "239": -0.01569843876011949, "240": -0.015630667620212726, "241": -0.015375893720393724, "242": -0.015499594272288829, "243": -0.015426667939379133, "244": -0.015373074781469266, "245": -0.015343032550936365, "246": -0.015540819512079505, "247": -0.01539914983025448, "248": -0.015432992889201289, "249": -0.011278354047128672, "250": -0.015477403467791768, "251": -0.015503308534450547, "252": -0.010549099919353154, "253": -0.0156128476314375, "254": -0.015456437325749542, "255": -0.015505397774643864, "256": -0.015368065896745513, "257": -0.01543064327226994, "258": -0.015382630643666982, "259": -0.015507087626744447, "260": -0.01550131681585748, "261": -0.015277429528373316, "262": -0.01568713451271262, "263": -0.01544689353231096, "264": -0.015363527745831464, "265": -0.015546178728423397, "266": -0.011233085409417861, "267": -0.015378695613362955, "268": -0.0153613911677456, "269": -0.015422170878610574, "270": -0.015412193079151988, "271": -0.01548219427977943, "272": -0.015581620325768568, "273": -0.015505564284513336, "274": -0.003871154047548791, "275": -0.01538481720137845, "276": -0.015399866383007336, "277": -0.015506606695299933, "278": -0.015703850206948863, "279": -0.015375957432383836, "280": -0.015312127735862685,