{"name": "eigen", "eigen": 5, "normalized": true, "process_time": 0.11663508415222168, "data": {"0": -0.007073296010531516, "1": -0.08766955273978098, "2": -0.08403084614504328, "3": -0.03016942413958168, "4": -0.07578294116352229, "5": -0.07462022664334397, "6": -0.0803441527478091, "7": -0.08274319811415218, "8": -0.09704571671763079, "9": -0.07829628467131443, "10": -0.08319421745779015, "11": -0.08863275213737798, "12": -0.07813442649981864, "13": -0.08061671416939807, "14": -0.08257406038707986, "15": -0.07786136337663088, "16": -0.024828658543855187, "17": -0.016407760880156358, "18": -0.08144383657369957, "19": -0.02993868546323067, "20": -0.0796852810590688, "21": -0.07954848765314008, "22": -0.0785270961138454, "23": -0.07874493460682641, "24": -0.08176185441119277, "25": -0.08821438172244944, "26": -0.09962956742680831, "27": -0.08226428562037989, "28": -0.08228031867065211, "29": -0.08169822129665254, "30": -0.08205496103652662, "31": -0.08196303328661653, "32": -0.07777096276396099, "33": -0.08430844028098979, "34": -0.08024260138196289, "35": -0.023909759993414166, "36": -0.0839428277504457, "37": -0.020446552050767307, "38": -0.08583761124269909, "39": -0.0797568000358574, "40": -0.082487845682348, "41": -0.08247350028093105, "42": -0.0751836752940083, "43": -0.07891069261905127, "44": -0.07282096732224058, "45": -0.07774721687302055, "46": -0.07649553251825518, "47": -0.08340201778181595, "48": -0.025385802321432213, "49": -0.0887770388041821, "50": 0.08513280078305151, "51": 0.08603673117568073, "52": 0.05053539489445837, "53": 0.08332039237720267, "54": 0.0822552674753832, "55": 0.0840936314796921, "56": 0.08265424851542662, "57": 0.08563702080235086, "58": 0.08448506177353185, "59": 0.08432798281581959, "60": 0.08009081359201821, "61": 0.05579693490415348, "62": 0.08305361089279018, "63": 0.05375972931639418, "64": 0.08113596421472612, "65": 0.0825706774869376, "66": 0.08237701488342057, "67": 0.083906340044819, "68": 0.08612564213360382, "69": 0.08338335951818576, "70": 0.08077984490354699, "71": -0.032223576608794775, "72": 0.08206069861508833, "73": 0.04360337855118125, "74": 0.08452755623081623, "75": 0.08191539367194026, "76": 0.08355657784867282, "77": 0.05680589372070866, "78": 0.07629853299882206, "79": 0.08397253931043844, "80": 0.08006557303450984, "81": 0.08044269129410266, "82": 0.08277050695333714, "83": 0.0869186520405883, "84": 0.08486352167852257, "85": 0.0844300026686025, "86": 0.08467921775862955, "87": 0.08495488188137186, "88": 0.04617138572787196, "89": 0.08152379428690855, "90": 0.08144146595123189, "91": 0.08529395961569385, "92": 0.08679913589681136, "93": 0.08141689619887613, "94": 0.04853885674541798, "95": 0.08648492785312281, "96": 0.07925101767231574, "97": 0.06316416076878482, "98": 0.08624788033442393, "99": 0.08731731472021015, "100": 0.08173723578848678, "101": 0.08688322056920274, "102": 0.08432115678558964, "103": 0.0480018507186686, "104": 0.08105455503417203, "105": 0.08292606306230996, "106": 0.08245404988617978, "107": 0.08348462667756325, "108": 0.035872573797277325, "109": 0.08188847343027973, "110": 0.04067931899698759, "111": -0.05167743969814333, "112": 0.07746411366483406, "113": 0.08704011225695668, "114": 0.05131761236870104, "115": 0.08403737427158683, "116": 0.08407112815133591, "117": 0.08247570798567581, "118": 0.08839994188100891, "119": 0.048653020409577565, "120": -0.045610289613639166, "121": 0.004092670076914212, "122": -0.043378089888399876, "123": -0.04254561098077703, "124": -0.043114947326644754, "125": -0.02625820923996418, "126": -0.04472371566671787, "127": -0.04245857116014741, "128": -0.04460804244512945, "129": -0.04575473632702666, "130": -0.04576179795303693, "131": -0.0443481377174576, "132": -0.04549235923181909, "133": -0.05336748551626748, "134": -0.043695353259284246, "135": -0.04712463797444301, "136": -0.04412521949908835, "137": -0.04677966192785304, "138": -0.04644363226116811, "139": -0.044309721802769673, "140": -0.04387600706968649, "141": -0.044027926160561254, "142": -0.04531774957082931, "143": -0.04363357824679496, "144": -0.042468371500671294, "145": -0.04566135939899311, "146": -0.04309322286640679, "147": -0.043985388318490526, "148": -0.04308809628722168, "149": -0.045269957941901334, "150": -0.04666213212043972, "151": 0.0764340677939134, "152": -0.045337164717121986, "153": -0.025585891696073546, "154": -0.006387209789614688, "155": -0.04493133316310666, "156": -0.04366959813510604, "157": -0.0450467278522007, "158": 0.03900571213297783, "159": -0.04667100053185525, "160": -0.045504221906884634, "161": 0.04710009385931195, "162": -0.04275549775788087, "163": -0.04396075559626092, "164": -0.04394525764646979, "165": -0.04321160288869551, "166": -0.04231339106161868, "167": -0.04447386939201202, "168": -0.0426129243875546, "169": -0.044630453287482386, "170": 0.0316110521511496, "171": -0.04484691678612002, "172": -0.02986788834794045, "173": -0.04217944903002706, "174": -0.04407673199224955, "175": -0.04405721709063984, "176": -0.042552841195291624, "177": -0.04226102435063186, "178": -0.04415818521273774, "179": 0.002697111038451828, "180": -0.02254545768013669, "181": -0.025401329855613827, "182": -0.0025173572414121997, "183": -0.04527998561691638, "184": -0.044724884930537785, "185": -0.043463247488235844, "186": -0.04458427685183632, "187": -0.04500126561786988, "188": -0.042958738900444896, "189": -0.015550983367132676, "190": -0.04541231481769043, "191": -0.04600156855672621, "192": -0.044542777751968764, "193": -0.04340124963485219, "194": -0.04400963481143717, "195": -0.043488067407562954, "196": -0.04560039142938108, "197": -0.0450873950308454, "198": -0.04639163391065809, "199": -0.04407488194081926, "200": -0.04335182107348886, "201": -0.044856322449688485, "202": -0.046662034381232516, "203": -0.045076178579322175, "204": -0.04476351317856629, "205": -0.043512292361298624, "206": -0.04379216853297597, "207": -0.022699929770684708, "208": -0.044717592187348075, "209": -0.027010372263734764, "210": -0.04518622654044809, "211": -0.04558288825842208, "212": -0.04493807527940157, "213": -0.04445821978289624, "214": -0.021748579593022736, "215": -0.04325329918614897, "216": -0.0472245480825297, "217": -0.04422959823456799, "218": -0.02760705747142013, "219": -0.010167760121066776, "220": -0.0003703563523376275, "221": -0.00033144897437226205, "222": -0.0002846975805936944, "223": -0.0007956624884007434, "224": -0.0008120700912852315, "225": -0.0004329933284264621, "226": -0.0003484150788933887, "227": -0.0003385227856590183, "228": -0.0006034613476897395, "229": -0.0004174399056421554, "230": -0.0006803032136948315, "231": 0.008827475686782747, "232": -0.0003336678958814136, "233": -0.0006082709332518699, "234": -0.0007063346764722472, "235": -0.0004826818924077328, "236": -0.0006164824130686921, "237": -0.0004931776098434378, "238": -0.0007196557920206761, "239": -0.00047333310033432515, "240": -0.0003115659842848177, "241": -0.0006513303095946107, "242": -0.0004409861977903432, "243": -0.0005727743535586703, "244": -0.0005951047102781153, "245": -0.0006347178446504973, "246": -0.00033176309937784667, "247": -0.0005531265962978148, "248": -0.0003942065290161166, "249": 0.009789020237798108, "250": -0.0004372300538740223, "251": -0.00033399873418600443, "252": 0.011459448388590521, "253": -0.000328255648050251, "254": -0.0004393719367736819, "255": -0.0004300263430510895, "256": -0.0005896118469604544, "257": -0.00046359744380660757, "258": -0.0006717954151790833, "259": -0.0004109925194124369, "260": -0.0005196363877519863, "261": -0.0006802785400754052, "262": -0.00039634231053655805, "263": -0.0004814971443575448, "264": -0.0006997632079288455, "265": -0.0002842558130816933, "266": 0.008633733144920339, "267": -0.0007020253328758265, "268": -0.0006280081856973207, "269": -0.0005669778352714908, "270": -0.0006888028125965164, "271": -0.0003985600803535149, "272": -0.00047781738632081416, "273": -0.0005173928119804266,