{"name": "eigen", "eigen": 2, "normalized": true, "process_time": 0.08344006538391113, "data": {"0": -0.09368468090204411, "1": -0.08910860542334903, "2": -0.08593527692406316, "3": -0.08977595249404402, "4": -0.07840810909747137, "5": -0.09711579070597608, "6": -0.08451695824530153, "7": -0.085282490146743, "8": -0.1275151228076748, "9": -0.07971034093651878, "10": -0.08328187265173231, "11": -0.09074968831032813, "12": -0.08260581812492171, "13": -0.08487076523621026, "14": -0.08605212512124732, "15": -0.08436713637422447, "16": -0.1188061999415279, "17": -0.10955940235482296, "18": -0.08222854879715003, "19": -0.12171784176170072, "20": -0.08283049462061037, "21": -0.0834974769381666, "22": -0.08099569142535934, "23": -0.083671323155157, "24": -0.08310124328979837, "25": -0.09009737770835452, "26": -0.09369655819621152, "27": -0.08461249480092754, "28": -0.08502810976096148, "29": -0.08608562363150095, "30": -0.08429641273047142, "31": -0.08342142150292073, "32": -0.08329340279259072, "33": -0.08623247512529024, "34": -0.08252325754413677, "35": -0.11190729886243293, "36": -0.0870506651744848, "37": -0.11702038144270804, "38": -0.0865219480111409, "39": -0.08316542765150924, "40": -0.08698350678255985, "41": -0.08468606171656543, "42": -0.07988396351848637, "43": -0.08220697618908862, "44": -0.12043837233404123, "45": -0.10061979182015524, "46": -0.08085892195309415, "47": -0.08578734695779487, "48": -0.11341805642727164, "49": -0.09030020653647736, "50": -0.05315762246182506, "51": -0.054278350940402065, "52": -0.07182610508800813, "53": -0.05377743771793965, "54": -0.05149016141039062, "55": -0.05205787922934995, "56": -0.05212338754234522, "57": -0.05160909651655241, "58": -0.053339538520025036, "59": -0.054208432932789874, "60": -0.05066698669266311, "61": -0.08354242626254844, "62": -0.053831309175981085, "63": -0.026998232258291094, "64": -0.022467462882411672, "65": -0.05127681225294597, "66": -0.052973074656557755, "67": -0.05299839687860149, "68": -0.053468145916851444, "69": -0.05286743544750569, "70": -0.05059452962762256, "71": -0.13402975921301627, "72": -0.05240539578801899, "73": -0.016393651772599566, "74": -0.05390786100382302, "75": -0.05211611982127242, "76": -0.053857657339918014, "77": -0.026374168340407882, "78": -0.024284716471153274, "79": -0.05346701321804657, "80": -0.04934250188498891, "81": -0.04921122030610626, "82": -0.050338401537114386, "83": -0.05369908044787357, "84": -0.05460741803255293, "85": -0.05090537343658212, "86": -0.05317994547374867, "87": -0.05228919326648253, "88": -0.10080885269155984, "89": -0.05119480786533266, "90": -0.0531211137055864, "91": -0.05287782104997654, "92": -0.0547572279090168, "93": -0.050888846936783666, "94": -0.10620786765044668, "95": -0.053985042191808795, "96": -0.04875654904265938, "97": -0.02908347649971214, "98": -0.05443063720415017, "99": -0.010504348492945528, "100": -0.05147851623941557, "101": -0.05385157866553507, "102": -0.05166612702820472, "103": -0.1019657897714104, "104": -0.05237883430082139, "105": -0.05182373067557961, "106": -0.05193815147874975, "107": -0.05196284369922344, "108": -0.10790031993376475, "109": -0.05076947051735808, "110": -0.10730411101157737, "111": -0.10905497332639587, "112": -0.035896675693926565, "113": -0.054105336728591094, "114": -0.10102593062218923, "115": -0.0522316010339766, "116": -0.05261448861879731, "117": -0.05232971334440775, "118": -0.0540351828258049, "119": -0.01742864347417369, "120": 0.042083618510397304, "121": 0.016142619500490868, "122": 0.04048782625616213, "123": 0.03989617921497299, "124": 0.039422056649903635, "125": 0.06792652114887109, "126": 0.04165452349907037, "127": 0.03983781131168663, "128": 0.04087195154233961, "129": 0.04210533692764848, "130": 0.04138712460590186, "131": 0.04100031324409274, "132": 0.04163065200888237, "133": -0.010672864596901897, "134": 0.04092579265613784, "135": 0.04322458863042398, "136": 0.04059501970785139, "137": 0.04222950313814211, "138": 0.04161942730412794, "139": 0.04024142658558249, "140": 0.04096707005134552, "141": 0.04053969287190893, "142": 0.04143193225130974, "143": 0.040720332124446715, "144": 0.03986950747039409, "145": 0.04109772540872077, "146": 0.03979978119798309, "147": 0.039949033205047085, "148": 0.03981975805476341, "149": 0.041192379776775284, "150": 0.04294548096693998, "151": 0.061551551343549504, "152": 0.04221336981923113, "153": 0.06238158023848489, "154": 0.019840782136810498, "155": 0.041634244475728034, "156": 0.04002543527974203, "157": 0.0413404197964253, "158": 0.03299878274626351, "159": 0.041898019403055785, "160": 0.04098043394512671, "161": -0.00015175675631438874, "162": 0.039504864464880884, "163": 0.040924659083413285, "164": 0.039613581642913676, "165": 0.04021389736190708, "166": 0.03947494132735283, "167": 0.040870684749016783, "168": 0.04004913642477508, "169": 0.04198823835947651, "170": 0.03585531393765551, "171": 0.04065987150863572, "172": 0.06501981140051524, "173": 0.04009584835447547, "174": 0.04052058576991227, "175": 0.04036139644417705, "176": 0.04010675938556146, "177": 0.03952887008372706, "178": 0.040232643305283596, "179": 0.01605266199318046, "180": 0.06301121636650213, "181": 0.06397957252231856, "182": 0.018853179160561076, "183": 0.04164681930854946, "184": 0.04120415739134918, "185": 0.03951972041613521, "186": 0.04131113639329861, "187": 0.04182897308043957, "188": 0.03953774710572204, "189": 0.025749512942983912, "190": 0.04175462612684689, "191": 0.04161625157119241, "192": 0.041511509261918024, "193": 0.04100665927236889, "194": 0.039620945282411814, "195": 0.039848138281303055, "196": 0.0421312916622876, "197": 0.04145151192281905, "198": 0.04074346858429419, "199": 0.040182020867958315, "200": 0.04031201431447915, "201": 0.04084420849390006, "202": 0.04301492672689526, "203": 0.04178856329726261, "204": 0.04127456827753388, "205": 0.03982298649078742, "206": 0.04044093403536266, "207": 0.062185676799909946, "208": 0.0416631190547213, "209": 0.06556411660345698, "210": 0.04155136645701249, "211": 0.04128060706631099, "212": 0.041069006639022805, "213": 0.040997551814988216, "214": 0.06821055845722478, "215": 0.04018623292251854, "216": 0.04303392214168514, "217": 0.040035543767550266, "218": 0.06480499754632728, "219": 0.023302359794646704, "220": 0.013311354177026459, "221": 0.013965966060746616, "222": 0.01394995247853239, "223": 0.013419773715333493, "224": 0.013506460707032812, "225": 0.013960808587410166, "226": 0.014022002310028613, "227": 0.013442384157087086, "228": 0.013741470006987035, "229": 0.01389242580717916, "230": 0.014175991283117983, "231": 0.010963334424831096, "232": 0.01352288093463639, "233": 0.013482877233487171, "234": 0.01323022355784357, "235": 0.014248234973425868, "236": 0.01360614704934218, "237": 0.013773782289386591, "238": 0.013826757909594976, "239": 0.013612502171885232, "240": 0.013516155033521278, "241": 0.0137090804321888, "242": 0.013805263584831638, "243": 0.013316605444305041, "244": 0.013413388482854272, "245": 0.013502261754218462, "246": 0.013896360244924076, "247": 0.01387780903038605, "248": 0.01345210057143109, "249": 0.01116302885391056, "250": 0.013931882780456447, "251": 0.012999261913112497, "252": 0.009917349973854817, "253": 0.013815934934714204, "254": 0.014100236661578761, "255": 0.01406333836040898, "256": 0.013563941990991079, "257": 0.014019349836914543, "258": 0.013457512791892364, "259": 0.014155163380245129, "260": 0.014055870142338809, "261": 0.01361650420635003, "262": 0.013925849230509248, "263": 0.013684018845328029, "264": 0.013781447339258877, "265": 0.013890398068901518, "266": 0.010638594841939528, "267": 0.013588520279370681, "268": 0.013385389738295386, "269": 0.01354629388328267, "270": 0.01382447581801076, "271": 0.013657921440052245, "272": 0.013356617403020063, "273": 0.014323223728822616, "274": -0.003842877213845759, "275": 0.013687043263499427, "276": 0.013259435739698807, "277": 0.013627535010898587, "278": 0.013765763841649972,