{"name": "eigen", "eigen": 3, "normalized": true, "process_time": 0.09479308128356934, "data": {"0": -0.01927422598631595, "1": 0.001821169952527308, "2": 0.002354128076255582, "3": 0.01018004782460473, "4": 0.001954634599137167, "5": 0.009231384468923118, "6": 0.0025299426231204236, "7": 0.0017710740368554606, "8": -0.03770669206060051, "9": 0.0015844182563280462, "10": 0.001877355024394789, "11": 0.001958649974308113, "12": 0.0018063565627193245, "13": 0.0025808036348135277, "14": 0.0027328251260743675, "15": 0.0021315285220553926, "16": 0.014796677567128602, "17": 0.014489114817394427, "18": 0.0020678490527841, "19": 0.015402286415983256, "20": 0.0017697299302487923, "21": 0.0016518620712650395, "22": 0.0022385731199472264, "23": 0.002450504828120592, "24": 0.0018547581654839024, "25": 0.0023447216284690417, "26": -0.04398334744297473, "27": 0.0019530036329721522, "28": 0.002845828475609999, "29": 0.0027443836965529884, "30": 0.0018631968373136914, "31": 0.0019922816306002797, "32": 0.002267801628803241, "33": 0.0023943281097893393, "34": 0.0021576997643659368, "35": 0.013960925317282779, "36": 0.002702396706379504, "37": 0.014819193144348498, "38": 0.001787171249415183, "39": 0.001906271292148534, "40": 0.0023326868839284574, "41": 0.002227602488669952, "42": 0.0022392734945902767, "43": 0.0015144695579876303, "44": -0.0015380661973706576, "45": 0.00953599302004679, "46": 0.0029784756426472167, "47": 0.0017783558155144135, "48": 0.01429954946738378, "49": 0.002154534086720194, "50": 0.017280261852955364, "51": 0.017385432066591426, "52": 0.017808012275331835, "53": 0.0171870961233195, "54": 0.016664266275316683, "55": 0.01696146941685232, "56": 0.016830255306438863, "57": 0.016963372191296566, "58": 0.017097189093423924, "59": 0.017021165424581867, "60": 0.01634291822384979, "61": 0.0019043658618992897, "62": 0.01683164813885043, "63": 0.014467321045615036, "64": 0.013623693103973725, "65": 0.016638763186031864, "66": 0.016871732296085545, "67": 0.01692941365270756, "68": 0.0174946232074132, "69": 0.01691966881047197, "70": 0.016202767657194025, "71": -0.005587697184248879, "72": 0.016442153213882038, "73": 0.014537756196978004, "74": 0.017290471311366854, "75": 0.016635158154225674, "76": 0.016948494503359213, "77": 0.014768231718389223, "78": 0.012873882008533533, "79": 0.017007159565074932, "80": 0.016075759390007747, "81": 0.01610142178023034, "82": 0.01672604219400318, "83": 0.017421453114004424, "84": 0.017222749049839954, "85": 0.01687288549913788, "86": 0.01707694939852029, "87": 0.016978180484904466, "88": 0.020733401746064417, "89": 0.01649701595994589, "90": 0.016878401511596326, "91": 0.01694575502033432, "92": 0.01771293006928681, "93": 0.016327674145255367, "94": 0.021736445868893922, "95": 0.01746538737171178, "96": 0.016049197363826716, "97": 0.015835729160285066, "98": 0.017275878921770408, "99": 0.008705816300991426, "100": 0.01640223825882023, "101": 0.01751876551898737, "102": 0.016893051065185332, "103": 0.02123936690154456, "104": 0.016788606810512998, "105": 0.016659831698175375, "106": 0.016926407176532963, "107": 0.017108075543793722, "108": 0.021108586879298917, "109": 0.01637646717947386, "110": 0.021018460348096468, "111": 0.018611799101975905, "112": 0.014959505995045516, "113": 0.017575962196019406, "114": 0.02125172407648634, "115": 0.016899584247900046, "116": 0.01703587605795841, "117": 0.016567346131970646, "118": 0.01762554058559596, "119": 0.015468431956006909, "120": -0.002817553287149006, "121": 0.008537377441877115, "122": -0.0026445298277182065, "123": -0.0024080221127843904, "124": -0.002466899887405072, "125": -0.009030304681027649, "126": -0.0027448533996002594, "127": -0.0025981969928962965, "128": -0.0026913773869552374, "129": -0.0028058495730596735, "130": -0.0026807781184129717, "131": -0.0026104201142673816, "132": -0.0027523328110485136, "133": 0.005505567245317964, "134": -0.0027188519266670326, "135": -0.0028156756185170125, "136": -0.0025692835499580777, "137": -0.002775599250538723, "138": -0.0027045559343786096, "139": -0.002620736948793469, "140": -0.0026542473002233303, "141": -0.002588291575477339, "142": -0.0026943492290009436, "143": -0.002640748792895443, "144": -0.0026222249672854313, "145": -0.002647320049601169, "146": -0.002505927877431181, "147": -0.0024266311806791824, "148": -0.0024329210259246893, "149": -0.002657508963649666, "150": -0.0027665600147894665, "151": -0.005271382690507021, "152": -0.0028186077603254704, "153": -0.007826370558797478, "154": 0.005291355415446349, "155": -0.00276193091380671, "156": -0.0025999402120825414, "157": -0.0026614396497744853, "158": 0.002822767614814111, "159": -0.0026803066848082465, "160": -0.0025272561495094897, "161": 0.008760686970139868, "162": -0.002470271308515013, "163": -0.0026105265345748798, "164": -0.0024071688065489807, "165": -0.0025530286308409174, "166": -0.002488856291721584, "167": -0.00251505109248204, "168": -0.0026429706464857344, "169": -0.0027595520270625637, "170": 0.0009633188584361562, "171": -0.0026959079944528057, "172": -0.008068925559550976, "173": -0.0025830553353955624, "174": -0.0026231028637448955, "175": -0.002505970039594151, "176": -0.0026584158091638548, "177": -0.0026447170553138173, "178": -0.0026310484446849624, "179": 0.006557904287641277, "180": -0.008310153080779599, "181": -0.008232431091800324, "182": 0.005734073345191106, "183": -0.002665593943627334, "184": -0.002690121923673609, "185": -0.0024881727850506853, "186": -0.0026081686635278725, "187": -0.002697903581745729, "188": -0.0026254183819766123, "189": 0.0038680914643824896, "190": -0.002684541265351778, "191": -0.00273528590636781, "192": -0.002648034918247839, "193": -0.002686731194603341, "194": -0.002384085518396373, "195": -0.00255032943435575, "196": -0.0027956428084578567, "197": -0.002534068088156857, "198": -0.002568501904354228, "199": -0.002649394687798364, "200": -0.0025970417483118925, "201": -0.0025888467257649942, "202": -0.002660939208657229, "203": -0.0026801442931143125, "204": -0.002530391052197457, "205": -0.0024834376256814734, "206": -0.002628640349496992, "207": -0.008037678128948502, "208": -0.0027867404927015386, "209": -0.008479474981195398, "210": -0.002736767899407564, "211": -0.0025873630051587, "212": -0.0026883529838866963, "213": -0.00271061597453264, "214": -0.009338203110298801, "215": -0.002523125814461043, "216": -0.002835335325979329, "217": -0.0025873281255491846, "218": -0.008229508562418454, "219": 0.0049389457441616795, "220": 0.03094495844912656, "221": 0.032893455192552844, "222": 0.03243969401579323, "223": 0.03256863606838905, "224": 0.0326654517356327, "225": 0.033519371224691036, "226": 0.0327959235759644, "227": 0.031141992030686187, "228": 0.03256204699890359, "229": 0.03305236353418803, "230": 0.033803473787707754, "231": -0.04473202993789307, "232": 0.0320081220999229, "233": 0.03142313855273406, "234": 0.03212104868928677, "235": 0.03397426676044325, "236": 0.03285319345226541, "237": 0.03224284621222287, "238": 0.03336628691982979, "239": 0.03283010830485201, "240": 0.031321667705344454, "241": 0.03228785280569022, "242": 0.03258190116918729, "243": 0.030944572678318617, "244": 0.0313340739614201, "245": 0.03219587368518233, "246": 0.03288579239563595, "247": 0.03254712189506485, "248": 0.03135485628515113, "249": -0.04903466144213381, "250": 0.03292170469289932, "251": 0.029953790814986368, "252": -0.06609978275522024, "253": 0.032543589531499856, "254": 0.03282688508695754, "255": 0.03319906106142553, "256": 0.032125434479824376, "257": 0.03278881426149823, "258": 0.0318626678333813, "259": 0.03322773635186618, "260": 0.033582119043264254, "261": 0.032221126365215264, "262": 0.033135063022048834, "263": 0.03196789758505072, "264": 0.03309436379842796, "265": 0.03240420860018907, "266": -0.04525319182666496, "267": 0.032437184146977, "268": 0.03125756307344071, "269": 0.03179343502466098, "270": 0.03319606695048871, "271": 0.032503977344071004, "272": 0.03170317600728655,