{"name": "fiedler", "normalized": false, "process_time": 0.13329005241394043, "data": {"0": -0.004632804073936958, "1": 0.018856948551664122, "2": 0.019490270637755658, "3": 0.027219865819183613, "4": 0.019538619099952165, "5": 0.026006538188223797, "6": 0.019560467210996878, "7": 0.018946949697966998, "8": 0.002598604702450021, "9": 0.018771821219390278, "10": 0.019257358236091718, "11": 0.0189266789263849, "12": 0.018923572669261663, "13": 0.01941585484177948, "14": 0.01966963298388495, "15": 0.019005685975361276, "16": 0.024671577834641994, "17": 0.025167464775158622, "18": 0.019230516919629338, "19": 0.024872204444391696, "20": 0.01895375343357462, "21": 0.018882132076704205, "22": 0.01936251178641422, "23": 0.019485400750973932, "24": 0.019108503568654588, "25": 0.019246962153476887, "26": -0.006518583767691597, "27": 0.019080684369912653, "28": 0.02002453188774373, "29": 0.019729606292084704, "30": 0.01909999695425384, "31": 0.019181339504929538, "32": 0.019490976536263766, "33": 0.019575047108529267, "34": 0.019437003287571888, "35": 0.02483027019767891, "36": 0.019627537821989602, "37": 0.024793454149184393, "38": 0.019046285791619717, "39": 0.019060573910022603, "40": 0.019313020129152945, "41": 0.01934894528832658, "42": 0.019340311819855193, "43": 0.018705893145514494, "44": 0.018436799307149202, "45": 0.026073410333960947, "46": 0.020217150718333375, "47": 0.018878355898922988, "48": 0.025044446660556767, "49": 0.019106168129986438, "50": 0.032806396886906015, "51": 0.032612576303576335, "52": 0.033180593150362245, "53": 0.032725646305557764, "54": 0.03287659582976144, "55": 0.03285142738611182, "56": 0.032901069638098523, "57": 0.032890029482821354, "58": 0.03258987680370663, "59": 0.03239051533563199, "60": 0.03282288943778614, "61": 0.012893719621356067, "62": 0.03241483943602038, "63": 0.037019114154567816, "64": 0.037597503633422936, "65": 0.032888348349922325, "66": 0.03262805074742587, "67": 0.03263616338059633, "68": 0.03292760622562644, "69": 0.032663509490199874, "70": 0.03266151903958354, "71": 0.0178524009342819, "72": 0.03236332423727789, "73": 0.03806901977358017, "74": 0.03273239978381973, "75": 0.032636065178230186, "76": 0.032440584359064474, "77": 0.0371688651756651, "78": 0.037225139957561236, "79": 0.03261752133208236, "80": 0.03283012224891324, "81": 0.03287839861814144, "82": 0.03307918725012909, "83": 0.03272919674287931, "84": 0.03246818466448338, "85": 0.033044593154293735, "86": 0.032691427277197406, "87": 0.03289046944724657, "88": 0.02888434142106485, "89": 0.03288340254556065, "90": 0.03267508988185239, "91": 0.032485146552236534, "92": 0.03271496159556568, "93": 0.032726027527676727, "94": 0.02876250847246562, "95": 0.03272645305620418, "96": 0.032996502425463564, "97": 0.0370033359524285, "98": 0.032452347799424734, "99": 0.03822380725503909, "100": 0.03262595991846953, "101": 0.032817239911937884, "102": 0.03279776337525865, "103": 0.02909972400472262, "104": 0.032790497583455744, "105": 0.03262499326875031, "106": 0.032926848212664436, "107": 0.03303493006560592, "108": 0.028379563278055908, "109": 0.0327388858327542, "110": 0.028355989336293998, "111": 0.030835829501879457, "112": 0.03612107179008796, "113": 0.03277221689462879, "114": 0.02898079499510693, "115": 0.03283526994971715, "116": 0.032752882011527616, "117": 0.032540973695897264, "118": 0.032764298372596194, "119": 0.0380587091755878, "120": 0.0437023420129279, "121": 0.04043388865784914, "122": 0.04368746479907417, "123": 0.04357753751606685, "124": 0.04365016559322458, "125": 0.04438432754369457, "126": 0.04367579792701299, "127": 0.04370063277700433, "128": 0.04365678411135262, "129": 0.04372112272831237, "130": 0.043643214252169354, "131": 0.04363288051144993, "132": 0.04367952102208883, "133": 0.037849259798772746, "134": 0.0437251906817302, "135": 0.04369318950630182, "136": 0.0436827744699624, "137": 0.04368642452776523, "138": 0.043713865763022046, "139": 0.043679657117889494, "140": 0.04367548328109659, "141": 0.04366388124903933, "142": 0.04370463387929143, "143": 0.04368224027696798, "144": 0.04372355716866289, "145": 0.04366527272273415, "146": 0.04361652352539842, "147": 0.04360708531745873, "148": 0.0436519240638238, "149": 0.043708376250821614, "150": 0.04367673765730294, "151": 0.042533038178859055, "152": 0.043674284413382246, "153": 0.04431120402595398, "154": 0.04098211013751434, "155": 0.04370669212235615, "156": 0.04368144900165435, "157": 0.0436694156722562, "158": 0.04159709018906313, "159": 0.04365248149632262, "160": 0.04362337071158933, "161": 0.03924234636115921, "162": 0.04364020229697604, "163": 0.043679925749896965, "164": 0.04361601747175495, "165": 0.04368703129359729, "166": 0.04361459154671965, "167": 0.0436015936749856, "168": 0.0437063928650939, "169": 0.0436779424362542, "170": 0.04184013346101305, "171": 0.04369883184980095, "172": 0.04430104719138954, "173": 0.04367008293092483, "174": 0.04370126852417003, "175": 0.04364856295885511, "176": 0.04367758907894205, "177": 0.0436902553572396, "178": 0.043711637174293785, "179": 0.04074431043322683, "180": 0.044385200847703477, "181": 0.04433053309851765, "182": 0.04093138006595578, "183": 0.04366087827556833, "184": 0.04369178886187808, "185": 0.043693528985073254, "186": 0.043681123262496166, "187": 0.04364863789482982, "188": 0.043726190207846974, "189": 0.041413030726061645, "190": 0.0436337924891823, "191": 0.04366972741218755, "192": 0.04361321286292157, "193": 0.0436311834846503, "194": 0.043614848553705704, "195": 0.043665516373942156, "196": 0.043705803570253325, "197": 0.04363444576524649, "198": 0.04365810306800979, "199": 0.043721447705187134, "200": 0.04365837420584739, "201": 0.043620667912409136, "202": 0.04361338686611336, "203": 0.043642598879099555, "204": 0.04358642358509331, "205": 0.04362836582680035, "206": 0.04370619537534565, "207": 0.04433006970181173, "208": 0.0436888696112011, "209": 0.044311093992851665, "210": 0.043708816646202714, "211": 0.04367193419135567, "212": 0.04370977561306838, "213": 0.04373820599684304, "214": 0.04437223872023344, "215": 0.043636569981456506, "216": 0.04368272011205841, "217": 0.043682655919792306, "218": 0.04433468917106182, "219": 0.04117970477876361, "220": -0.06351561546543187, "221": -0.06349071318545849, "222": -0.0635215472233378, "223": -0.06337134948095008, "224": -0.06338646034816256, "225": -0.06354031789650193, "226": -0.06343794211353718, "227": -0.06343932313777009, "228": -0.063451774604479, "229": -0.06349288120509913, "230": -0.06344582244840774, "231": -0.062475657810945516, "232": -0.06348263967616007, "233": -0.06331618173327815, "234": -0.06337685385981745, "235": -0.06348519734474424, "236": -0.06348499416584581, "237": -0.06340851929304682, "238": -0.06340464693354803, "239": -0.06357952079982088, "240": -0.06357745471464274, "241": -0.06340254451296251, "242": -0.06347117773284183, "243": -0.06344833505958779, "244": -0.06340520482227617, "245": -0.06335653668005564, "246": -0.06348762876889029, "247": -0.06341913550004194, "248": -0.063433953366481, "249": -0.0625076961300881, "250": -0.06345453844491791, "251": -0.06349085453231484, "252": -0.06228160524105321, "253": -0.06354591306245447, "254": -0.0634644348764733, "255": -0.06347660067030704, "256": -0.06338167317074093, "257": -0.06343938770817538, "258": -0.0633986868041177, "259": -0.06348610783458193, "260": -0.06346286049132567, "261": -0.06332659005805999, "262": -0.06358964433881759, "263": -0.06345128514330806, "264": -0.06336885179557644, "265": -0.06351004757658624, "266": -0.062432421024975523, "267": -0.06338738055325925, "268": -0.06339950141942835, "269": -0.0634327400867305, "270": -0.06340316764164751, "271": -0.0634407901892808, "272": -0.06351883674068735, "273": -0.06348019148678133, "274": -0.05443174079253218, "275": -0.06342577284866098, "276": -0.06340454177015248, "277": -0.06350100379029802, "278": -0.06360434695359958, "279": -0.06337982180872838, "280": -0.06336436292224311,