{"name": "fiedler", "normalized": false, "process_time": 0.12770605087280273, "data": {"0": -0.004632799618813799, "1": 0.018856958364169275, "2": 0.019490280539645216, "3": 0.027219871737954576, "4": 0.019538628940039486, "5": 0.026006544631428114, "6": 0.01956047709839301, "7": 0.018946959392114857, "8": 0.002598610962433103, "9": 0.018771831172638528, "10": 0.019257368241203332, "11": 0.01892668871030532, "12": 0.018923582320883387, "13": 0.019415864687075592, "14": 0.01966964283460415, "15": 0.019005695599698506, "16": 0.02467158520219701, "17": 0.02516747208035223, "18": 0.01923052685946831, "19": 0.02487221190913945, "20": 0.018953763268831438, "21": 0.018882141859064522, "22": 0.019362521760243133, "23": 0.01948541052219043, "24": 0.019108513522277257, "25": 0.01924697198430267, "26": -0.006518577464697951, "27": 0.019080694267538226, "28": 0.02002454176106197, "29": 0.01972961608501694, "30": 0.01910000680708868, "31": 0.019181349415036856, "32": 0.01949098625527998, "33": 0.019575057007812487, "34": 0.019437013237504297, "35": 0.024830277623977732, "36": 0.01962754774416113, "37": 0.024793461459992533, "38": 0.0190462956766263, "39": 0.019060583738400864, "40": 0.01931302992927907, "41": 0.01934895520517785, "42": 0.019340321661594988, "43": 0.018705902894673068, "44": 0.018436806849207746, "45": 0.026073416643930897, "46": 0.020217160658711833, "47": 0.01887836570105287, "48": 0.02504445410850365, "49": 0.0191061779185954, "50": 0.03280640099744829, "51": 0.03261258043802211, "52": 0.033180596248754995, "53": 0.03272565034903561, "54": 0.03287659989167725, "55": 0.03285143144807126, "56": 0.032901073644115826, "57": 0.03289003346588743, "58": 0.0325898809129592, "59": 0.032390519510964944, "60": 0.03282289358694852, "61": 0.012893723944526895, "62": 0.03241484356408297, "63": 0.037019115379308555, "64": 0.03759750441160953, "65": 0.032888352327647585, "66": 0.032628054805310294, "67": 0.03263616741184325, "68": 0.032927610323349454, "69": 0.032663513505027074, "70": 0.032661523137521804, "71": 0.017852406984014413, "72": 0.03236332847585293, "73": 0.038069020209350865, "74": 0.032732403854353574, "75": 0.03263606932802959, "76": 0.03244058860451462, "77": 0.037168866339925596, "78": 0.03722514092298813, "79": 0.03261752536119709, "80": 0.032830126302130294, "81": 0.03287840263294567, "82": 0.03307919119283676, "83": 0.032729200937588986, "84": 0.03246818881229322, "85": 0.03304459716486265, "86": 0.03269143138349041, "87": 0.032890473495073014, "88": 0.028884347192420487, "89": 0.032883406581348244, "90": 0.032675094078457256, "91": 0.0324851507646094, "92": 0.03271496566929348, "93": 0.03272603157191092, "94": 0.02876251423240256, "95": 0.032726457121608515, "96": 0.0329965064364409, "97": 0.03700333722589636, "98": 0.03245235194589581, "99": 0.03822380735947041, "100": 0.03262596391820244, "101": 0.032817244032488695, "102": 0.03279776742738297, "103": 0.02909972973355216, "104": 0.032790501795886336, "105": 0.03262499737786758, "106": 0.03292685224945224, "107": 0.03303493408618374, "108": 0.028379569272856606, "109": 0.03273888987970243, "110": 0.0283559952148016, "111": 0.030835833685592947, "112": 0.036121073408335244, "113": 0.032772220962615124, "114": 0.028980800707265508, "115": 0.032835273997652306, "116": 0.03275288614515759, "117": 0.03254097779749093, "118": 0.032764302395270783, "119": 0.03805870962221118, "120": 0.04370233881518387, "121": 0.040433887614529505, "122": 0.043687461613575326, "123": 0.043577534405597855, "124": 0.043650162437445815, "125": 0.04438432363671032, "126": 0.04367579474586057, "127": 0.04370062958402904, "128": 0.04365678094156982, "129": 0.04372111952227988, "130": 0.04364321109424669, "131": 0.04363287736090257, "132": 0.04367951783957173, "133": 0.03784926003772792, "134": 0.043725187472601915, "135": 0.04369318631982907, "136": 0.04368277129488718, "137": 0.043686421344424554, "138": 0.043713862567454936, "139": 0.0436796539388014, "140": 0.043675480103559775, "141": 0.043663878082012705, "142": 0.043704630686748236, "143": 0.04368223709653263, "144": 0.0437235539613509, "145": 0.043665269554684374, "146": 0.04361652038734761, "147": 0.04360708219226574, "148": 0.04365192091152751, "149": 0.043708373059191154, "150": 0.043676734480783096, "151": 0.04253303541177155, "152": 0.04367428123086308, "153": 0.04431120018631941, "154": 0.040982108775967134, "155": 0.04370668892404472, "156": 0.04368144582235603, "157": 0.043669412500897044, "158": 0.04159708826400638, "159": 0.043652478338186244, "160": 0.04362336757544586, "161": 0.03924234582685545, "162": 0.04364019914574921, "163": 0.04367992257397049, "164": 0.04361601434170241, "165": 0.04368702811388076, "166": 0.04361458840765787, "167": 0.04360159054854009, "168": 0.04370638966655856, "169": 0.043677939253485315, "170": 0.04184013132531188, "171": 0.043698828656715163, "172": 0.04430104336995695, "173": 0.04367007975542889, "174": 0.04370126533505085, "175": 0.04364855980605388, "176": 0.0436775858946555, "177": 0.04369025216398604, "178": 0.043711633977101455, "179": 0.040744309254226944, "180": 0.04438519693540016, "181": 0.044330529235535564, "182": 0.04093137875462807, "183": 0.04366087510965564, "184": 0.04369178567634417, "185": 0.043693525807403, "186": 0.04368112008781267, "187": 0.043648634732181966, "188": 0.04372618699981794, "189": 0.04141302903983129, "190": 0.0436337893364959, "191": 0.043669724237484414, "192": 0.04361320972138451, "193": 0.04363118032710945, "194": 0.04361484542683472, "195": 0.04366551320538963, "196": 0.04370580037244411, "197": 0.043634442623043876, "198": 0.04365809991074024, "199": 0.043721444501662765, "200": 0.04365837103985028, "201": 0.043620664770381574, "202": 0.04361338373274158, "203": 0.04364259572206261, "204": 0.04358642046741807, "205": 0.04362836268350548, "206": 0.04370619218087817, "207": 0.044330065829495544, "208": 0.04368886642049564, "209": 0.04431109014195689, "210": 0.04370881344980834, "211": 0.04367193102554651, "212": 0.04370977241708546, "213": 0.04373820278298514, "214": 0.04437223480158748, "215": 0.04363656683166506, "216": 0.043682716928732906, "217": 0.043682652740987, "218": 0.04433468531563397, "219": 0.04117970325193911, "220": -0.06351561737937761, "221": -0.0634907150984674, "222": -0.06352154913694016, "223": -0.06337135138383282, "224": -0.06338646225176937, "225": -0.06354031982475221, "226": -0.06343794401452336, "227": -0.06343932503789586, "228": -0.06345177651197989, "229": -0.06349288312218558, "230": -0.06344582435518518, "231": -0.062475658940304206, "232": -0.06348264159149784, "233": -0.06331618361169733, "234": -0.06337685576531724, "235": -0.06348519925997703, "236": -0.06348499608644675, "237": -0.06340852118982995, "238": -0.06340464883931576, "239": -0.06357952273713573, "240": -0.06357745663743451, "241": -0.06340254640886174, "242": -0.06347117964266824, "243": -0.06344833696035374, "244": -0.06340520671780496, "245": -0.06335653857581101, "246": -0.06348763068428322, "247": -0.06341913739788065, "248": -0.06343395526741843, "249": -0.06250769723907446, "250": -0.0634545403532495, "251": -0.06349085644124632, "252": -0.062281606227464405, "253": -0.06354591498495109, "254": -0.06346443677892175, "255": -0.06347660258068671, "256": -0.06338167506704696, "257": -0.06343938960883541, "258": -0.06339868870279346, "259": -0.06348610974391478, "260": -0.06346286240329593, "261": -0.06332659194421371, "262": -0.06358964627224889, "263": -0.06345128704580628, "264": -0.06336885369322605, "265": -0.06351004948854878, "266": -0.06243242214251935, "267": -0.06338738245248791, "268": -0.06339950331265452, "269": -0.06343274198799856, "270": -0.06340316954482578, "271": -0.06344079209887914, "272": -0.06351883866230981, "273": -0.06348019339913753, "274": -0.05443174139291304, "275": -0.06342577474296142, "276": -0.0634045436711262, "277": -0.0635010056982123, "278": -0.06360434888842006, "279": -0.06337982370801193, "280": -0.063364364809737,