{"name": "fiedler", "normalized": false, "process_time": 0.12527823448181152, "data": {"0": -0.00463280137049038, "1": 0.018856954535533967, "2": 0.019490276676702865, "3": 0.0272198694275932, "4": 0.01953862510028258, "5": 0.026006542115300412, "6": 0.01956047324083369, "7": 0.018946955608964134, "8": 0.0025986084762463293, "9": 0.01877182728970327, "10": 0.019257364337741556, "11": 0.018926684891348286, "12": 0.018923578554253896, "13": 0.019415860846831254, "14": 0.019669638992004045, "15": 0.019005691843817934, "16": 0.024671582324283788, "17": 0.025167469227287256, "18": 0.01923052298225878, "19": 0.024872208993955515, "20": 0.018953759430477505, "21": 0.01888213804081944, "22": 0.019362517870356966, "23": 0.019485406709630785, "24": 0.019108509638416954, "25": 0.01924696814912259, "26": -0.006518579984048372, "27": 0.019080690405542784, "28": 0.020024537909979157, "29": 0.019729612264692577, "30": 0.019100002962314094, "31": 0.019181345548368433, "32": 0.01949098246233563, "33": 0.019575053145799284, "34": 0.019437009355717433, "35": 0.024830274724040903, "36": 0.019627543873824586, "37": 0.024793458604383686, "38": 0.01904629181934324, "39": 0.019060579902939648, "40": 0.019313026104999558, "41": 0.019348951335752256, "42": 0.019340317822613064, "43": 0.01870589908958972, "44": 0.018436803893712883, "45": 0.026073414179593444, "46": 0.020217156782230267, "47": 0.01887836187583002, "48": 0.02504445120045191, "49": 0.019106174099088716, "50": 0.03280639938784221, "51": 0.03261257881952232, "52": 0.03318059503907632, "53": 0.03272564876499004, "54": 0.03287659830181245, "55": 0.032851429857623765, "56": 0.032901072075756196, "57": 0.032890031906240624, "58": 0.03258987930412521, "59": 0.03239051787710313, "60": 0.03282289196188853, "61": 0.012893722248175985, "62": 0.032414841947945736, "63": 0.03701911489964708, "64": 0.037597504109273545, "65": 0.03288835076979326, "66": 0.03262805321743877, "67": 0.0326361658343261, "68": 0.03292760872019368, "69": 0.03266351193316714, "70": 0.032661521532445933, "71": 0.017852404601314563, "72": 0.032363326815452655, "73": 0.0380690200399162, "74": 0.03273240226091028, "75": 0.03263606770321313, "76": 0.032440586942614175, "77": 0.03716886588345258, "78": 0.0372251405472355, "79": 0.0326175237828479, "80": 0.03283012471537166, "81": 0.03287840106016201, "82": 0.033079189649760976, "83": 0.03272919929522382, "84": 0.03246818718856815, "85": 0.033044595594711075, "86": 0.03269142977628216, "87": 0.032890471909350655, "88": 0.02888434493729631, "89": 0.032883405001430346, "90": 0.03267509243591242, "91": 0.03248514911599967, "92": 0.032714964075653975, "93": 0.032726029989111505, "94": 0.028762511980961487, "95": 0.03272645552941536, "96": 0.032996504867312565, "97": 0.0370033367272184, "98": 0.032452350322158034, "99": 0.038223807321463986, "100": 0.03262596235159328, "101": 0.03281724242034501, "102": 0.032797765841176725, "103": 0.029099727495065526, "104": 0.03279050014750068, "105": 0.0326249957696772, "106": 0.03292685066922386, "107": 0.033034932512429366, "108": 0.028379566930320232, "109": 0.03273888829536271, "110": 0.028355992917540616, "111": 0.030835832051249578, "112": 0.036121072775508335, "113": 0.03277221937028364, "114": 0.028980798474776442, "115": 0.032835272412644674, "116": 0.03275288452663358, "117": 0.03254097619171764, "118": 0.03276430081972139, "119": 0.038058709444023446, "120": 0.0437023400658834, "121": 0.04043388802135793, "122": 0.043687462859404155, "123": 0.04357753562205945, "124": 0.04365016367141896, "125": 0.04438432516905707, "126": 0.04367579599001709, "127": 0.043700630832663796, "128": 0.04365678218110654, "129": 0.043721120776152596, "130": 0.04364321232915867, "131": 0.0436328785929396, "132": 0.04367951908399122, "133": 0.03784925994525394, "134": 0.04372518872780864, "135": 0.04369318756586644, "136": 0.043682772536538086, "137": 0.04368642258935131, "138": 0.04371386381689091, "139": 0.04367965518186813, "140": 0.043675481346136476, "141": 0.043663879320482143, "142": 0.0437046319350978, "143": 0.04368223834038416, "144": 0.04372355521554767, "145": 0.043665270793414104, "146": 0.0436165216147422, "147": 0.043607083414324226, "148": 0.04365192214402276, "149": 0.04370837430703679, "150": 0.04367673572286074, "151": 0.042533036495881006, "152": 0.043674282475580674, "153": 0.04431120169247135, "154": 0.04098210930832646, "155": 0.04370669017478319, "156": 0.04368144706565125, "157": 0.043669413740984486, "158": 0.041597089016776945, "159": 0.04365247957334732, "160": 0.04362336880169493, "161": 0.03924234603879879, "162": 0.04364020037794808, "163": 0.04367992381598265, "164": 0.04361601556544457, "165": 0.04368702935717051, "166": 0.043614589635391186, "167": 0.04360159177111313, "168": 0.04370639091727579, "169": 0.043677940498152816, "170": 0.04184013216419936, "171": 0.043698829905376296, "172": 0.044301044868718095, "173": 0.04367008099728331, "174": 0.0437012665823534, "175": 0.04364856103884532, "176": 0.04367758713997693, "177": 0.04369025341260813, "178": 0.043711635227316366, "179": 0.040744309715183905, "180": 0.044385198470325425, "181": 0.044330530750612086, "182": 0.04093137926703813, "183": 0.04366087634754877, "184": 0.04369178692234748, "185": 0.043693527050458064, "186": 0.043681121329137776, "187": 0.04364863596892514, "188": 0.04372618825472537, "189": 0.04141302969794864, "190": 0.0436337905693062, "191": 0.04366972547894205, "192": 0.043613210949788365, "193": 0.043631181562048385, "194": 0.04361484664959665, "195": 0.04366551444449348, "196": 0.04370580162296331, "197": 0.0436344438517239, "198": 0.043658101145231915, "199": 0.0437214457545297, "200": 0.043658372278107274, "201": 0.043620665998937005, "202": 0.04361338495826886, "203": 0.04364259695668676, "204": 0.04358642168668095, "205": 0.04362836391270716, "206": 0.04370619343013934, "207": 0.04433006734872153, "208": 0.043688867668490484, "209": 0.044311091652124414, "210": 0.04370881469991821, "211": 0.04367193226344362, "212": 0.04370977366682466, "213": 0.04373820403974962, "214": 0.04437223633905134, "215": 0.04363656806330808, "216": 0.04368271817360644, "217": 0.04368265398395136, "218": 0.044334686827620415, "219": 0.04117970385000426, "220": -0.06351561644874533, "221": -0.06349071416797877, "222": -0.06352154820674553, "223": -0.06337135045640147, "224": -0.06338646132427266, "225": -0.06354031888612935, "226": -0.0634379430897346, "227": -0.06343932411399529, "228": -0.06345177558375606, "229": -0.06349288218916566, "230": -0.0634458234272888, "231": -0.06247565845725955, "232": -0.06348264065928162, "233": -0.06331618269717959, "234": -0.063376854836456, "235": -0.06348519832813716, "236": -0.06348499515093292, "237": -0.06340852026741862, "238": -0.06340464791100374, "239": -0.06357952179396147, "240": -0.0635774557029154, "241": -0.06340254548609087, "242": -0.06347117871329433, "243": -0.0634483360359926, "244": -0.06340520579587501, "245": -0.06335653765298047, "246": -0.06348762975241011, "247": -0.06341913647471077, "248": -0.06343395434271748, "249": -0.06250769677127292, "250": -0.06345453942503815, "251": -0.06349085551355793, "252": -0.062281605829653364, "253": -0.06354591404980198, "254": -0.06346443585396609, "255": -0.06347660165122457, "256": -0.06338167414387234, "257": -0.06343938868446554, "258": -0.06339868777869191, "259": -0.06348610881526674, "260": -0.06346286147248112, "261": -0.06332659102608909, "262": -0.06358964533178428, "263": -0.06345128612039824, "264": -0.06336885276880773, "265": -0.06351004855842098, "266": -0.06243242167014183, "267": -0.06338738152772075, "268": -0.06339950239135055, "269": -0.0634327410630536, "270": -0.06340316861785379, "271": -0.06344079116925827, "272": -0.06351883772710931, "273": -0.06348019246935013, "274": -0.05443174106824342, "275": -0.06342577382206631, "276": -0.06340454274543682, "277": -0.06350100477125374, "278": -0.06360434794727918, "279": -0.06337982278296263, "280": -0.06336436389199677,