{"name": "fiedler", "normalized": false, "process_time": 0.012267112731933594, "data": {"0": -3.4501290713251365e-12, "1": -0.0889403130899975, "2": 0.05794742345401936, "3": 0.030992889644357088, "4": -0.11806798655835749, "5": -0.1180679704310717, "6": -0.11806797120725297, "7": 0.07692500104941216, "8": 0.07692503079525687, "9": 0.07692501607080243, "10": 0.04114296102030264, "11": 0.04114295899362377, "12": 0.04114296027350494, "13": -0.12708809657985765, "14": -0.12708809659421952, "15": -0.12708809660389642, "16": -0.12708807538197966, "17": -0.12708807539968686, "18": -0.12708807540931866, "19": -0.1270880764165456, "20": -0.1270880764015259, "21": -0.12708807643325698, "22": 0.0828018808359717, "23": 0.0828018808126724, "24": 0.08280188082753641, "25": 0.08280191992110002, "26": 0.08280191992750104, "27": 0.08280191991009733, "28": 0.08280190055391504, "29": 0.08280190058039208, "30": 0.08280190056851454, "31": 0.04428618357450499, "32": 0.044286183570875215, "33": 0.044286183584394345, "34": 0.044286180913088245, "35": 0.044286180901043755, "36": 0.04428618092481209, "37": 0.044286182606675085, "38": 0.04428618257994958, "39": 0.04428618259866079, "40": -0.1293530387423223, "41": -0.12935303874262277, "42": -0.12935303874453322, "43": -0.1293530387623218, "44": -0.1293530387618993, "45": -0.1293530387629915, "46": -0.12935303877535584, "47": -0.12935303877534055, "48": -0.12935303877541704, "49": -0.12935301625914847, "50": -0.12935301625920909, "51": -0.1293530162588136, "52": -0.12935301628218493, "53": -0.12935301628363247, "54": -0.12935301628253643, "55": -0.12935301629486287, "56": -0.12935301629647047, "57": -0.12935301629573986, "58": -0.12935301736000487, "59": -0.12935301736060104, "60": -0.12935301736060642, "61": -0.12935301734088767, "62": -0.12935301734004145, "63": -0.12935301733990454, "64": -0.12935301738311242, "65": -0.12935301738226326, "66": -0.1293530173830159, "67": 0.08427756047482124, "68": 0.0842775604752177, "69": 0.084277560475479, "70": 0.08427756044414818, "71": 0.0842775604437485, "72": 0.0842775604439587, "73": 0.08427756046324657, "74": 0.084277560465019, "75": 0.08427756046334256, "76": 0.08427760192786597, "77": 0.08427760192872451, "78": 0.08427760192801902, "79": 0.08427760193670712, "80": 0.084277601936806, "81": 0.08427760193682826, "82": 0.08427760191340296, "83": 0.0842776019132549, "84": 0.08427760191372122, "85": 0.08427758138146879, "86": 0.08427758138266268, "87": 0.08427758138242936, "88": 0.08427758141729341, "89": 0.0842775814173893, "90": 0.08427758141831511, "91": 0.08427758140155729, "92": 0.08427758140176903, "93": 0.08427758140192394, "94": 0.04507544415704182, "95": 0.04507544415769714, "96": 0.04507544415795343, "97": 0.04507544415215007, "98": 0.04507544415290528, "99": 0.04507544415304554, "100": 0.04507544417059077, "101": 0.04507544416999273, "102": 0.045075444171863856, "103": 0.045075441335102544, "104": 0.04507544133570411, "105": 0.04507544133524617, "106": 0.04507544132031186, "107": 0.04507544131861044, "108": 0.04507544131871204, "109": 0.04507544135089133, "110": 0.045075441351285134, "111": 0.04507544135100586, "112": 0.04507544313421922, "113": 0.04507544313497634, "114": 0.045075443135369646, "115": 0.0450754430992322, "116": 0.0450754430989004, "117": 0.045075443098996935, "118": 0.045075443124512816, "119": 0.04507544312332782, "120": 0.04507544312450734}}