{"name": "fiedler", "normalized": true, "process_time": 0.014525890350341797, "data": {"0": -5.497735600101805e-11, "1": -0.1018088429816627, "2": -0.02273538262609927, "3": 0.12454422549852161, "4": -0.13450161490996626, "5": -0.13450161542481934, "6": -0.1345016272060429, "7": -0.030036159803673003, "8": -0.03003615024226132, "9": -0.030036142710378605, "10": 0.1645377705040842, "11": 0.16453777438254685, "12": 0.16453776531384923, "13": -0.14375638762656115, "14": -0.14375638765826534, "15": -0.14375638767210167, "16": -0.14375638832756726, "17": -0.14375638830307164, "18": -0.14375638832237375, "19": -0.1437564035605397, "20": -0.14375640352562533, "21": -0.1437564035261961, "22": -0.03210288683364736, "23": -0.032102886850863634, "24": -0.03210288689839634, "25": -0.03210287451992223, "26": -0.032102874542653315, "27": -0.032102874499787895, "28": -0.03210286480726244, "29": -0.032102864788038275, "30": -0.03210286481128491, "31": 0.17585926911981056, "32": 0.17585926916374173, "33": 0.17585926915693487, "34": 0.17585927416064578, "35": 0.17585927411948254, "36": 0.17585927416288555, "37": 0.17585926247215436, "38": 0.1758592624003793, "39": 0.175859262414751, "40": -0.07254272758432179, "41": -0.07254272758435765, "42": -0.0725427275856498, "43": -0.07254272760696306, "44": -0.07254272760630485, "45": -0.07254272760538233, "46": -0.07254272761184906, "47": -0.07254272761170998, "48": -0.07254272761414565, "49": -0.07254272795320015, "50": -0.0725427279508266, "51": -0.07254272795579969, "52": -0.072542727937795, "53": -0.0725427279288378, "54": -0.07254272793802606, "55": -0.07254272794325889, "56": -0.07254272794643393, "57": -0.07254272794732516, "58": -0.07254273582405324, "59": -0.07254273581777326, "60": -0.0725427358189844, "61": -0.07254273580373231, "62": -0.07254273579319424, "63": -0.07254273579512416, "64": -0.07254273580024927, "65": -0.07254273579474418, "66": -0.07254273579302932, "67": -0.0161998435950183, "68": -0.01619984359515702, "69": -0.01619984359466715, "70": -0.016199843611053484, "71": -0.01619984361137571, "72": -0.016199843608830613, "73": -0.016199843627292123, "74": -0.016199843631547462, "75": -0.01619984363639638, "76": -0.016199837246065673, "77": -0.016199837236831226, "78": -0.016199837240055973, "79": -0.016199837257525367, "80": -0.016199837247434866, "81": -0.01619983726087412, "82": -0.01619983722576499, "83": -0.016199837227005954, "84": -0.01619983723454579, "85": -0.016199832225572818, "86": -0.016199832221453936, "87": -0.016199832219884528, "88": -0.016199832215188094, "89": -0.01619983221448414, "90": -0.01619983221623626, "91": -0.016199832224298702, "92": -0.016199832226642372, "93": -0.016199832227569443, "94": 0.08874256843291735, "95": 0.08874256843613987, "96": 0.08874256843686361, "97": 0.08874256845831599, "98": 0.08874256845904789, "99": 0.08874256845861328, "100": 0.08874256845299751, "101": 0.08874256845262607, "102": 0.08874256846253818, "103": 0.088742571041151, "104": 0.08874257103143211, "105": 0.08874257104494396, "106": 0.08874257100601848, "107": 0.08874257101196119, "108": 0.08874257101308589, "109": 0.08874257104071938, "110": 0.08874257104484169, "111": 0.08874257104534643, "112": 0.08874256500163931, "113": 0.08874256499721635, "114": 0.08874256500575183, "115": 0.08874256496423874, "116": 0.0887425649632426, "117": 0.08874256496217975, "118": 0.08874256497845413, "119": 0.08874256497286553, "120": 0.0887425649704667}}