{"name": "eigen", "eigen": 3, "normalized": false, "process_time": 0.11686086654663086, "data": {"0": -0.052324839601686046, "1": -0.053528881213393, "2": -0.05274229491956334, "3": 0.015447202323991313, "4": -0.05422552404784109, "5": 0.011841728823208204, "6": -0.054819251881136635, "7": -0.05383514216815613, "8": -0.0513767150198553, "9": 0.027570046581213065, "10": -0.0008145553960183238, "11": -0.05260585887859806, "12": -0.05479366822228128, "13": -0.053061719433028225, "14": -0.05459292936323584, "15": -0.05389376714537661, "16": -0.05103348633334505, "17": -0.05284683049582019, "18": -0.05325470517479158, "19": -0.0544302814565199, "20": -0.05475594649684632, "21": -0.05228718444723879, "22": -0.05264331968992006, "23": -0.05245275884392858, "24": -0.05340008256173606, "25": -0.05356910667574799, "26": -0.05532426737481427, "27": -0.053901786535404395, "28": -0.05496680866730269, "29": -0.05415507483058185, "30": -0.055146125944144, "31": -0.05277806704105529, "32": -0.054870207977987986, "33": -0.05188725501634409, "34": -0.05138857551287576, "35": -0.03740844165278404, "36": -0.03779127499482382, "37": -0.053124709452091204, "38": -0.0020187577649050234, "39": -0.030809650940225506, "40": -0.0536761522452482, "41": -0.03752883266298871, "42": -0.05176982877527196, "43": -0.05438475479806852, "44": -0.052986739430243505, "45": -0.05267523314922685, "46": -0.03644917621201607, "47": -0.05437041189753781, "48": -0.05414813667033275, "49": 0.02154244862021827, "50": 0.08811664005425697, "51": 0.023224435600523778, "52": 0.08590875039446494, "53": 0.08866408095546914, "54": 0.09011593158954438, "55": 0.08667734325563105, "56": 0.08924959284423223, "57": 0.09010799333341976, "58": 0.004733629544733286, "59": 0.0894869324417247, "60": 0.08757926923970041, "61": 0.09050642312501785, "62": 0.011881856651185612, "63": 0.08730013714631005, "64": 0.08773003484755307, "65": 0.08671778524858131, "66": 0.08867961063932127, "67": 0.09052678774503034, "68": 0.08808085851744513, "69": 0.09111968441117611, "70": 0.09009333182248203, "71": 0.09145076987927324, "72": 0.08609731862709638, "73": 0.0887140524585268, "74": 0.08726930303171336, "75": 0.09088174830032225, "76": 0.09200623015529352, "77": 0.0887526600459713, "78": 0.006445390015028425, "79": 0.09205897928609565, "80": 0.09011171929157041, "81": 0.02502409844684832, "82": 0.006000201054728017, "83": 0.08791453355982501, "84": 0.08678416032072847, "85": 0.08908839932540305, "86": 0.09095576829379319, "87": 0.09085285911446613, "88": 0.08676258471970731, "89": 0.08956922284610325, "90": 0.08780376911909513, "91": 0.0071820068323076094, "92": 0.09032418107079386, "93": 0.09055124781239915, "94": 0.09042549690250443, "95": 0.08747331569659056, "96": 0.03144817924169912, "97": 0.008232818389860147, "98": 0.010524243230482821, "99": 0.08900704812112029, "100": 0.08598366506472223, "101": 0.03587604615189295, "102": 0.08937419665101837, "103": 0.08751468604849254, "104": 0.08942937103643789, "105": 0.09054221435485409, "106": 0.09003504982842536, "107": 0.08984475182191175, "108": 0.08667418166958489, "109": 0.0871154363336658, "110": 0.08963774372565478, "111": 0.09001445430131334, "112": 0.08875160602131596, "113": 0.08695013980911437, "114": 0.08952725428312792, "115": 0.08918589831116842, "116": 0.0901056870535312, "117": 0.09151695977497856, "118": 0.08775647888855706, "119": 0.08846004004850552, "120": -0.059522438428348964, "121": -0.05857011301480426, "122": -0.059430454857250875, "123": -0.05922134807709478, "124": -0.05851862736209338, "125": -0.006908601220239509, "126": -0.05771590494052021, "127": -0.01797541762714359, "128": -0.05940054410374948, "129": -0.05957674643036986, "130": -0.058755391588548964, "131": -0.003612312587185647, "132": -0.058930207268557855, "133": -0.05889461630046708, "134": -0.058726979758422344, "135": -0.05885252922052904, "136": -0.059994750275797676, "137": -0.05929619542897349, "138": -0.05879168864164452, "139": -0.059835223712968906, "140": -0.059411166734629026, "141": -0.018044989482183714, "142": -0.059558752323833626, "143": -0.05942290523842802, "144": -0.059774517277344286, "145": -0.05911085953008794, "146": 0.0001630482827643825, "147": -0.059972685946475666, "148": -0.05936137175310578, "149": -0.05791047313061523, "150": -0.05976791783919215, "151": -0.05865596487593802, "152": -0.05965956010827937, "153": -0.05868842706463946, "154": -0.05919372439227477, "155": -0.05887729286332091, "156": -0.05838939110321664, "157": -0.059082811583812615, "158": -0.0597580432337529, "159": -0.007292478649372415, "160": -0.059252324482221085, "161": -0.05821413070791282, "162": -0.004843261608277538, "163": -0.01881364801300035, "164": -0.05907737170663788, "165": -0.06029086994178315, "166": -0.05959187808973054, "167": -0.05968946809862377, "168": -0.05898369891691103, "169": -0.059432000088208155, "170": -0.017040880275545497, "171": -0.05849522297434258, "172": -0.060609596438776545, "173": -0.05816380734829674, "174": -0.06016874387030922, "175": -0.059275448095166265, "176": -0.05919130927309002, "177": -0.05729981445587398, "178": -0.058893500930771475, "179": -0.058889796241261845, "180": -0.06025293468737842, "181": -0.058268853985062735, "182": -0.0586976760238171, "183": -0.058607225086363166, "184": -0.05948301252282093, "185": -0.05952604869507241, "186": -0.05967636691242451, "187": -0.059163896159192784, "188": -0.059677993744801844, "189": -0.06013338684461712, "190": -0.06044540948112591, "191": -0.06049624308346872, "192": -0.059699664218146056, "193": -0.059067129459637546, "194": -0.05971657747765386, "195": -0.06038235091309346, "196": -0.059487301467356465, "197": -0.05942222500348915, "198": -0.05969573327195094, "199": -0.006256614813258508, "200": -0.058513726240232704, "201": -0.05971922996772956, "202": -0.05737625398970542, "203": -0.05905839803407674, "204": -0.0588353911584701, "205": -0.058359693940539865, "206": -0.05782312064210224, "207": -0.059118832486823085, "208": -0.059705619037688826, "209": -0.05887394273964865, "210": -0.0587986908781296, "211": -0.05904799085753942, "212": -0.058872865619261514, "213": -0.05776495219565743, "214": -0.06110874958928607, "215": -0.018708982165007416, "216": -0.058869416180554725, "217": -0.05994934628163544, "218": -0.05753087401261839, "219": -0.06019621305154761, "220": 0.026900857342293742, "221": 0.015224653020966148, "222": 0.026155366953273862, "223": 0.025573552689013873, "224": 0.026255261883818555, "225": 0.026076556844959395, "226": 0.026214868911211515, "227": 0.026257512107110133, "228": 0.02661984254529965, "229": 0.026302886694240156, "230": 0.026287622666129634, "231": 0.02563491770360374, "232": 0.026313158306573776, "233": 0.02655312811459766, "234": 0.02581070151821791, "235": 0.026299160525388807, "236": 0.026425669250881294, "237": 0.02604714142366704, "238": 0.026220141085328528, "239": 0.026038779969108958, "240": 0.02575233220314909, "241": 0.026481006069112953, "242": 0.026309276012091612, "243": 0.02657354352821569, "244": 0.026459277632812295, "245": 0.025980872384581057, "246": 0.02629925683469414, "247": 0.026308649285701438, "248": 0.01428446181199774, "249": 0.026331299966573678, "250": 0.026008711461726636, "251": 0.026536144030347188, "252": -0.008114859343136502, "253": 0.026183992629483524, "254": 0.026341857579008983, "255": 0.026202194499909272, "256": 0.02631078881625868, "257": 0.026478202755268004, "258": 0.015103217540316533, "259": 0.02656631448344172, "260": 0.026417885227471433, "261": 0.025442747536988167, "262": 0.02633052857696756, "263": 0.026063473692658844, "264": 0.025936274967998683, "265": 0.02588227803100094, "266": 0.014794657965691883, "267": 0.025808164816951182, "268": 0.025981972856034364, "269": 0.02657399345905626, "270": 0.026215638255305738, "271": -0.008035567104188674, "272": 0.02604353595194333, "273": 0.025827375414511036, "274": 0.026325334198948464, "275": 0.025772700509464404, "276": 0.025847891553289943,