{"0": 0.0481529452950623, "1": 0.0487212298063196, "2": 0.04856574041203754, "3": 0.16280175644984907, "4": 0.04890727845038895, "5": 0.15562413279305315, "6": 0.046965481163706954, "7": 0.04651123586107914, "8": 0.046724842957459906, "9": 0.13423651302032868, "10": 0.14716375530940007, "11": 0.04506405900189195, "12": 0.045151886536376556, "13": 0.047695782525646296, "14": 0.048138839280108786, "15": 0.047638077197147244, "16": 0.04836665988824232, "17": 0.048704577200219576, "18": 0.04932885366782887, "19": 0.0483873214346712, "20": 0.046535575007250335, "21": 0.04759335091095976, "22": 0.0484227478922879, "23": 0.046711573716211444, "24": 0.04792326437431155, "25": 0.04719176619395491, "26": 0.047228803979014966, "27": 0.04675218690538137, "28": 0.04728123665699651, "29": 0.04799408725520898, "30": 0.04703842284748493, "31": 0.04712912946511162, "32": 0.04583081047195496, "33": 0.04924929423737373, "34": 0.046492800902308444, "35": 0.11615378835793734, "36": 0.11182804933108945, "37": 0.048909114664387916, "38": 0.19006795449198396, "39": 0.13932179453405558, "40": 0.04788846099221366, "41": 0.11431728884481014, "42": 0.04894135648905223, "43": 0.046812224058047, "44": 0.047039667599671764, "45": 0.04759810212249957, "46": 0.1075401165314284, "47": 0.048019462564988, "48": 0.048167752048458704, "49": 0.12489488126198327, "50": 0.032890287326205365, "51": 0.1132021053805977, "52": 0.034646773987971786, "53": 0.03230448462601955, "54": 0.033839687175012914, "55": 0.03352845654533575, "56": 0.032867852356668364, "57": 0.03310629366772084, "58": 0.19972990003023702, "59": 0.03370863555727355, "60": 0.034296560922715574, "61": 0.03347496702644361, "62": 0.030800830698562397, "63": 0.03269931847797068, "64": 0.03264307756423149, "65": 0.03323594990486474, "66": 0.03405348471564269, "67": 0.03416180900334701, "68": 0.03319921270585469, "69": 0.03231667756553186, "70": 0.03251512026443596, "71": 0.03356219093831434, "72": 0.03370991977661816, "73": 0.03314718113155428, "74": 0.03358050733170618, "75": 0.03145627450512432, "76": 0.0337546336191808, "77": 0.03222134312903307, "78": 0.023049012045807005, "79": 0.03321498401687994, "80": 0.03298703328744339, "81": 0.12302868019753753, "82": 0.02256143603499413, "83": 0.03223637843488721, "84": 0.033694817255995435, "85": 0.035579949139743765, "86": 0.03275986118190017, "87": 0.03284025316924564, "88": 0.03247246198754785, "89": 0.03550239125935573, "90": 0.03457347608067323, "91": 0.02625280781854622, "92": 0.033673451501055225, "93": 0.0323799610925319, "94": 0.0334570639225904, "95": 0.03334757885246623, "96": 0.12208568632115126, "97": 0.02382370639375395, "98": 0.027601009961981934, "99": 0.03388105967138132, "100": 0.03238390843247218, "101": 0.13242937281659653, "102": 0.03342912306388937, "103": 0.03313193658992969, "104": 0.03286645927619007, "105": 0.03309913016193819, "106": 0.03383718998679151, "107": 0.03349813751342134, "108": 0.03426851214819704, "109": 0.03329814035379055, "110": 0.032966500869664905, "111": 0.03222910945723969, "112": 0.033388631260913806, "113": 0.03344616774205383, "114": 0.032233111942704694, "115": 0.033509512484496316, "116": 0.033397818762116505, "117": 0.03178717461290743, "118": 0.034089693901633945, "119": 0.032668742230811836, "120": -0.014096071113340441, "121": -0.01516121331328229, "122": -0.014712235523191208, "123": -0.014138822265510283, "124": -0.014618907245343277, "125": 0.012036016928207233, "126": -0.014166131393690832, "127": -0.07360279141646185, "128": -0.01507137174728838, "129": -0.013737453114562086, "130": -0.0141522444027837, "131": 0.015886776765380122, "132": -0.013953396367201842, "133": -0.01372354722862729, "134": -0.014741043406751201, "135": -0.014590603371503742, "136": -0.014116641466487173, "137": -0.014767874158941114, "138": -0.014652971347466194, "139": -0.015036230672737618, "140": -0.01433946594391597, "141": -0.07256961654770307, "142": -0.014859614129331107, "143": -0.014309617939071236, "144": -0.014516721565539148, "145": -0.014193384782500188, "146": 0.02053314708546469, "147": -0.01417960849460049, "148": -0.014403406917707452, "149": -0.014497460302854027, "150": -0.014429360945127787, "151": -0.014477209147168707, "152": -0.014784575455259439, "153": -0.014642231482552615, "154": -0.015075860033459143, "155": -0.014864898990503476, "156": -0.0145477768524404, "157": -0.015346546688886584, "158": -0.01470919879205794, "159": 0.01212231268759548, "160": -0.014148227500835183, "161": -0.014342348248009342, "162": 0.015973204653341826, "163": -0.06823325187545289, "164": -0.013899014814641819, "165": -0.014392585296241264, "166": -0.013665748626877874, "167": -0.014776725573384074, "168": -0.0145277936081032, "169": -0.01418086049916954, "170": -0.07074101744552463, "171": -0.014385910955348939, "172": -0.014096601469707275, "173": -0.014166092805022077, "174": -0.014313114872437766, "175": -0.015040758840541195, "176": -0.014015528177291913, "177": -0.014203628414671978, "178": -0.013747422294895412, "179": -0.014470169082182278, "180": -0.014800253755738717, "181": -0.014191539983541212, "182": -0.014299186918278016, "183": -0.014025700988029093, "184": -0.01409809047671026, "185": -0.015049217293749726, "186": -0.013742620159662254, "187": -0.014397809537428124, "188": -0.014135899048321814, "189": -0.014478152486525177, "190": -0.014706382840321174, "191": -0.013944987125251032, "192": -0.013747383946170717, "193": -0.01465670665137453, "194": -0.014275802643632709, "195": -0.013906838049899034, "196": -0.014079091246134323, "197": -0.01447705153530411, "198": -0.014176578329391886, "199": 0.012351176218725425, "200": -0.01526090512570287, "201": -0.014882636966549248, "202": -0.01410447204808137, "203": -0.014472375761933692, "204": -0.01400906021132082, "205": -0.014449125856870956, "206": -0.014368490344658407, "207": -0.014516388017234497, "208": -0.014697137208604268, "209": -0.01430347874717749, "210": -0.014420612010630315, "211": -0.014414294465586177, "212": -0.014914753713964847, "213": -0.014220231504812978, "214": -0.014077201496245752, "215": -0.06665626825323633, "216": -0.01388472814470658, "217": -0.014758815791636855, "218": -0.014486750015178075, "219": -0.014570324110737186, "220": -0.04980578688327651, "221": -0.06658296162071375, "222": -0.0517891528515415, "223": -0.05104761466200552, "224": -0.051829771578364686, "225": -0.05037482317299459, "226": -0.050350403058117936, "227": -0.05058573314311024, "228": -0.0525407381407141, "229": -0.04987908208502223, "230": -0.05066110244625225, "231": -0.052610941996460193, "232": -0.050808626896057044, "233": -0.05112046329966807, "234": -0.05082257337974179, "235": -0.05014060189182726, "236": -0.0524703207380455, "237": -0.05228567043262599, "238": -0.053692338600315755, "239": -0.050978170338558705, "240": -0.049513699248198456, "241": -0.0508163984323477, "242": -0.05032479740865009, "243": -0.05089242935173507, "244": -0.05154239082534141, "245": -0.051776311691297365, "246": -0.05229704923169962, "247": -0.05145489922753214, "248": -0.07173375485812059, "249": -0.04937720926515914, "250": -0.052107037292223816, "251": -0.05180035304554235, "252": -0.07851236257519303, "253": -0.050751504400913736, "254": -0.05209676732336178, "255": -0.05052014449894547, "256": -0.05146297077076466, "257": -0.05044288809932508, "258": -0.07309779801462277, "259": -0.05024011998443275, "260": -0.05228761501144589, "261": -0.05224556220993077, "262": -0.0512155396161355, "263": -0.052426054232775514, "264": -0.05203489400206094, "265": -0.05115088856651226, "266": -0.08207332641828269, "267": -0.05156909876453296, "268": -0.051739570493029595, "269": -0.05137971828161425, "270": -0.052603454265734734, "271": -0.08294413342885089, "272": -0.050975605313183146, "273": -0.0513575128325353, "274": -0.05308031840250929, "275": -0.05075195260109139, "276": -0.0509269549303512, "277": -0.050407129670579476, "278": -0.052078863011628784, "279": -0.051817301560396885,