{"name": "eigen", "eigen": 4, "normalized": true, "process_time": 0.09575104713439941, "data": {"0": -0.010511166985802874, "1": -0.010477817438621834, "2": -0.010442365271796733, "3": 0.3530845084850046, "4": -0.013021714562723226, "5": 0.16052879820821764, "6": -0.009312896279745408, "7": -0.009718394405232492, "8": -0.00715020073386019, "9": 0.0640472505742144, "10": -0.32093258677893166, "11": -0.010918763819683115, "12": -0.012081811651832405, "13": -0.010513997136791672, "14": -0.010396883955240577, "15": -0.011666379903446919, "16": -0.010976519580391558, "17": -0.010026708649278737, "18": -0.009753876495313882, "19": -0.01040765599582795, "20": -0.009890267423697013, "21": -0.009963494871135709, "22": -0.009247230175139648, "23": -0.009289146406183585, "24": -0.008222878028539798, "25": -0.008987799690007625, "26": -0.00766299427222673, "27": -0.009401687424581383, "28": -0.007322297883240805, "29": -0.01026931879683432, "30": -0.011471240487356066, "31": -0.010673112964980747, "32": -0.008755105636409799, "33": -0.012662549469751413, "34": -0.006493001271448279, "35": -0.010233733660629199, "36": -0.009938568976802023, "37": -0.011827915907405846, "38": -0.44312962018823754, "39": 0.05061348615171038, "40": -0.010141937389322196, "41": -0.018067668931296063, "42": -0.011817153265233936, "43": -0.011764838545588227, "44": -0.009618320822929188, "45": -0.00914245571370868, "46": -0.0016136841594966075, "47": -0.010948750628236586, "48": -0.008260944357731401, "49": 0.03477735807508457, "50": 0.027114484796706133, "51": 0.1212877512474551, "52": 0.025325786597129297, "53": 0.025160819308857753, "54": 0.025553748205971547, "55": 0.025139335701858365, "56": 0.026731138870215426, "57": 0.027140634996223365, "58": -0.45401868202473583, "59": 0.024262120195347743, "60": 0.02724013544655756, "61": 0.027201963737839917, "62": 0.026293861629689372, "63": 0.026862379245734765, "64": 0.02666064855397622, "65": 0.02539652734311302, "66": 0.027608743457837526, "67": 0.028149751471241984, "68": 0.02476664837249119, "69": 0.026123615366723446, "70": 0.02606062018742468, "71": 0.02728917894241986, "72": 0.026180119622342922, "73": 0.024266978106941797, "74": 0.02682083954395075, "75": 0.025478763220779257, "76": 0.027713914924127496, "77": 0.02437664070315467, "78": 0.016432804772991534, "79": 0.026231773273701676, "80": 0.026122236851570016, "81": 0.266049399811597, "82": 0.016370285484284475, "83": 0.027005983316888048, "84": 0.02471461485605342, "85": 0.027652683719226263, "86": 0.024822703221300715, "87": 0.02716406247474139, "88": 0.022983089091550547, "89": 0.02945220322070676, "90": 0.025078431233983258, "91": 0.01840419504820024, "92": 0.025212893407999797, "93": 0.02422732249224282, "94": 0.02483583944746143, "95": 0.027328320387155852, "96": 0.04220546291058469, "97": 0.01891938441168558, "98": 0.019100436887855142, "99": 0.026441570982644103, "100": 0.026259526980583262, "101": 0.0707583741624024, "102": 0.026850813330963067, "103": 0.024481166757682752, "104": 0.023001728731578394, "105": 0.02682108259461712, "106": 0.027254197260274154, "107": 0.02617146987909547, "108": 0.02533973876601605, "109": 0.025291244584548005, "110": 0.025035261245958694, "111": 0.023032905987363014, "112": 0.025060783715625982, "113": 0.024786583738759575, "114": 0.024430957600957273, "115": 0.024300131709272175, "116": 0.025090003690166812, "117": 0.025788011884299238, "118": 0.027129515843297744, "119": 0.025362671255914307, "120": -0.016053637454937993, "121": -0.016750447402539528, "122": -0.016357009119404433, "123": -0.015962345469617258, "124": -0.016167937045904992, "125": 0.007114892832565117, "126": -0.015472900927759672, "127": -0.02673357841362781, "128": -0.01676741452687118, "129": -0.015857945629166238, "130": -0.016120713327618674, "131": 0.00923494360493805, "132": -0.015664745240127224, "133": -0.015612723766863394, "134": -0.01593869386997907, "135": -0.016304479150098153, "136": -0.01586494315498247, "137": -0.016503990795841382, "138": -0.01600593106856134, "139": -0.01694410404298508, "140": -0.01624866528326297, "141": -0.02583399639225676, "142": -0.016471555290172343, "143": -0.016250026265519222, "144": -0.016247509565777623, "145": -0.01584999797448564, "146": 0.017687773475386276, "147": -0.0157742096138797, "148": -0.016416291444953265, "149": -0.01608210060662191, "150": -0.016230838591399736, "151": -0.01595779482479824, "152": -0.0165315438307546, "153": -0.016238290952482845, "154": -0.01665526201267504, "155": -0.016719425665669693, "156": -0.015886213986229514, "157": -0.016813399851238496, "158": -0.016535249520907007, "159": 0.006769354147447441, "160": -0.01579411356521069, "161": -0.016076648655816563, "162": 0.009614630210864214, "163": -0.024349279904807605, "164": -0.015609700520906343, "165": -0.016183807577212897, "166": -0.015549150725258387, "167": -0.016744744522152834, "168": -0.0160782196796098, "169": -0.01594617267200494, "170": -0.023769745088750946, "171": -0.01591147501476062, "172": -0.015919221388195307, "173": -0.016190517296555598, "174": -0.01614288769332852, "175": -0.016923631509640106, "176": -0.01593630322795424, "177": -0.015404243198072896, "178": -0.01539381267836518, "179": -0.016044880800983177, "180": -0.016722457289624803, "181": -0.0159884641090002, "182": -0.015978621046748954, "183": -0.015898056650198788, "184": -0.016086229164778098, "185": -0.017125392292033796, "186": -0.01600160972332312, "187": -0.01596823444637784, "188": -0.01597722531613832, "189": -0.01635099337665286, "190": -0.016737544072094712, "191": -0.015996643677174793, "192": -0.015726058340429342, "193": -0.01661579863235817, "194": -0.016205018791167036, "195": -0.015790737389334692, "196": -0.01584715234062614, "197": -0.016217989716042918, "198": -0.015949299457676067, "199": 0.008712991377886725, "200": -0.016959208429841475, "201": -0.016639133428061805, "202": -0.01549330140588486, "203": -0.01622371103525551, "204": -0.015845649361378986, "205": -0.01633200803580847, "206": -0.016123792656421568, "207": -0.01628334703602813, "208": -0.016489356802763935, "209": -0.0158360552045234, "210": -0.016222547550686573, "211": -0.01628345331166133, "212": -0.01647287020599247, "213": -0.015983405434597656, "214": -0.01637065982056051, "215": -0.023077539483731535, "216": -0.015862947381485526, "217": -0.016370444679159258, "218": -0.01606107564692756, "219": -0.016651435151366016, "220": 0.001205093644441971, "221": 0.009599752083064496, "222": 0.0013364916615648485, "223": 0.0010264614204187079, "224": 0.0012243617932738305, "225": 0.0010239304900690003, "226": 0.0010008050818171074, "227": 0.001186184275645633, "228": 0.001349784613377751, "229": 0.0011153470593751342, "230": 0.0010139191162999734, "231": 0.0008995705356122322, "232": 0.0012057693920664997, "233": 0.0012346060040703127, "234": 0.0012674903405946892, "235": 0.0012565322670614783, "236": 0.0011163752166980425, "237": 0.0012208563581133404, "238": 0.0012492928056078278, "239": 0.0011591302906531955, "240": 0.0009860316287410107, "241": 0.0012443835425704694, "242": 0.0011897994563464086, "243": 0.0012766861479861745, "244": 0.0011243545104949963, "245": 0.0012152401452011838, "246": 0.0012036804735339416, "247": 0.0011472769987333695, "248": 0.021965375504274326, "249": 0.0011174020354174086, "250": 0.0012715890572602868, "251": 0.0012007289919136067, "252": -0.01980640740572532, "253": 0.0011168306628093934, "254": 0.0012205798995465807, "255": 0.0011930854540664563, "256": 0.0011395108335324321, "257": 0.0010921596141984184, "258": 0.015883780850721126, "259": 0.0013420434479452011, "260": 0.0012487506860591972, "261": 0.0010973344638596505, "262": 0.0010656330118425754, "263": 0.0012289544229112433, "264": 0.0012126877481036281, "265": 0.001092647590180202, "266": 0.0261253099262223, "267": 0.0011045933483072468, "268": 0.001063661584230182, "269": 0.0012987147256891957, "270": 0.0013123283630129736, "271": -0.021422017401603405, "272": 0.0012890644651073445,