{"name": "eigen", "eigen": 3, "normalized": false, "process_time": 0.0017018318176269531, "data": {"0": -0.40824829046386263, "1": -0.4082482904638637, "2": -0.4082482904638629, "3": 0.4082482904638629, "4": 0.40824829046386313, "5": 0.4082482904638638}}