{"name": "fiedler", "normalized": true, "process_time": 0.01337885856628418, "data": {"0": -0.39358910208652786, "1": -0.027888291340794107, "2": 0.42147740511918097, "3": -0.5960590486870331, "4": 0.03943999147005467, "5": 0.5566190406821929}}