{"name": "fiedler", "normalized": true, "process_time": 0.01608586311340332, "data": {"0": -0.2562710606255654, "1": -0.21451665955185503, "2": 0.47078772712630707, "3": -0.6657943816426498, "4": 0.3033723586403999, "5": 0.36242201317504025}}