{"name": "pagerank", "alpha": 0.85, "process_time": 0.0017578601837158203, "data": {"0": 0.2163744015183231, "1": 0.2163744015183231, "2": 0.2163744015183231, "3": 0.11695893181501021, "4": 0.11695893181501021, "5": 0.11695893181501021}}