{"0": 3.031371099060802, "1": 3.5713703814956435, "2": 3.5713703814956435, "3": 3.5713703814956435, "4": 3.436370560886933, "5": 3.436370560886933, "6": 3.436370560886933, "7": 3.5713703814956435, "8": 3.436370560886933, "9": 3.5713703814956435, "10": 3.5713703814956435, "11": 3.5713703814956435, "12": 3.5713703814956435, "13": 3.5713703814956435, "14": 3.5713703814956435, "15": 3.5713703814956435, "16": 3.5713703814956435, "17": 3.5713703814956435, "18": 3.5713703814956435, "19": 3.5713703814956435}