{"0": 0.0, "1": -0.05515568978540739, "2": 0.006427528059699569, "3": -0.07385440709440193, "4": -1.4363510381087963e-15, "5": -9.332812300755222e-16, "6": 1.1032841307212493e-15, "7": -0.49287080437115777, "8": 1.2732870313669764e-15, "9": 0.44734381859604827, "10": 0.6227330424313602, "11": -0.39302436244506056, "12": -0.01207472468195332, "13": -0.024045327062220217, "14": 0.0011316660364914962, "15": 0.005309703890731726, "16": -0.03159524409357537, "17": 0.01978721753771901, "18": -0.05372456909129346, "19": 0.03361215207301971}