{"AUT": 1.7941176470588236, "ARG": 2.2058823529411766, "12": 1.5294117647058822, "18": 1.4705882352941178, "10": 1.5, "13": 1.6764705882352942, "14": 1.8823529411764706, "3": 2.0, "25": 1.8235294117647058, "4": 2.176470588235294, "27": 2.5, "32": 2.2058823529411766, "5": 1.9411764705882353, "20": 2.4705882352941178, "7": 2.3529411764705883, "33": 2.0294117647058822, "8": 1.8235294117647058, "15": 2.5294117647058822, "9": 2.1176470588235294, "11": 1.9705882352941178, "30": 2.2058823529411766, "16": 2.0, "17": 2.4705882352941178, "19": 2.8529411764705883, "21": 2.588235294117647, "22": 2.0, "31": 2.2941176470588234, "24": 1.8529411764705883, "6": 2.7058823529411766, "35": 1.8235294117647058, "26": 2.0, "28": 2.2941176470588234, "23": 3.264705882352941, "29": 1.9705882352941178, "34": 1.9705882352941178}