{"AUT": -0.08800659096657479, "ARG": 0.1643418675364269, "12": 0.08001861622066685, "18": 0.13119666154688903, "10": -0.1413594524771126, "13": -0.25417888989545373, "14": 0.13763587060632057, "3": -0.06420181989950793, "25": 0.023667534323388997, "4": -0.1108231868702092, "27": -0.08733074149191175, "32": -0.12607228164008677, "5": 0.3665439316887823, "20": -0.3852329795702853, "7": 0.07524502016767612, "33": 0.07649939923477694, "8": -0.2564418549002311, "15": -0.02917793810981339, "9": 0.1800746899983658, "11": 0.043128001370118775, "30": 0.0678130646997321, "16": 0.025840039585559485, "17": -0.05759115253231001, "19": 0.07943285421229371, "21": -0.39009792698857365, "22": -0.090007489590334, "31": -0.1408811983885726, "24": -0.07131947837611564, "6": -0.02761840660970211, "35": -0.04140588592458454, "26": 0.07471539609602122, "28": 0.40317646682500674, "23": 0.17247573900114013, "29": -0.03567232540129216, "34": -0.026535394994305777}