{"AUT": -0.05866289291361766, "ARG": 0.42918515802715757, "12": 0.10450652414705247, "18": 0.3423766791679376, "10": -0.12945795643036517, "13": -0.11674708393208762, "14": -0.029932591482009697, "3": 0.03144164731231926, "25": 0.08524465330077798, "4": -0.16657407375021047, "27": -0.19786976643949616, "32": -0.1383391304087575, "5": -0.258739465470114, "20": 0.0912403305335483, "7": 0.24525248412070577, "33": 0.19101640788516228, "8": -0.11352305372124877, "15": -0.07226518112044251, "9": 0.2589614068690152, "11": -0.043530681217667025, "30": -0.0677774047075247, "16": 0.08365299016697458, "17": -0.06672054616841855, "19": -0.021853086377593475, "21": 0.08536107344272528, "22": -0.13465855755247447, "31": -0.118152226372218, "24": 0.04228636431671966, "6": 0.002565403599668149, "35": -0.03126091936869421, "26": -0.06857349059932566, "28": -0.38242366923869286, "23": -0.2069557675143788, "29": -0.059801636779408, "34": 0.20889223862794423}