{"name": "eigen", "eigen": 1, "normalized": false, "process_time": 0.0018177032470703125, "data": {"0": -0.7071067811865475, "7": 0.7071067811865475}}