{"name": "eigen", "eigen": 1, "normalized": false, "process_time": 0.0018277168273925781, "data": {"0": 0.041758634404048485, "1": 0.43637128391824426, "2": 0.2279336507718558, "3": -0.295500540561388, "4": -0.4105630285327621, "5": 0.04175863440404898, "6": 0.4363712839182443, "7": 0.22793365077185634, "8": -0.2955005405613872, "9": -0.41056302853276105}}