{"info": {"component_method": "connected_components", "link_method": "connectivity", "cover_overlap": 0, "cover_intervals": 2, "cover": [{"level": 0, "range": [0, 0.5]}, {"level": 1, "range": [0.5, 1]}], "compute_time": 0.0009}, "nodes": [{"cover": 0, "min_v": 0, "max_v": 0.4892, "avg_v": 0.1535, "comp_len": 20, "x": 83.05902849193293, "y": 98.99999997638632, "id": "mn0", "index": 0, "vy": -2.5445497358808956e-27, "vx": -1.6263032587282567e-18}, {"cover": 1, "min_v": 0.5709, "max_v": 1, "avg_v": 0.8368, "comp_len": 30, "x": 114.94097150806707, "y": 99.0000000236137, "id": "mn1", "index": 1, "vy": 2.5445497358808956e-27, "vx": 1.6263032587282567e-18}], "links": [{"value": 1, "source": "mn0", "target": "mn1"}]}