{"0": -0.11193937609050031, "1": 0.11885366124065577, "2": -0.04593878287082187, "3": -0.026800811491887, "4": -0.14830295382269448, "5": 0.02721659645275334, "6": -0.006563082310915502, "7": -0.10435856093928468, "8": -0.07645884164163894, "9": -0.04583221605934253, "10": -0.04577838500559172, "11": -0.052237642683067784, "12": -0.07828675833123687, "13": -0.07245981863522168, "14": -0.0827100699741331, "15": -0.0786469828661361, "16": -0.07840379894971494, "17": -0.03960917032278925, "18": -0.09403768414426426, "19": 0.06032391712632771, "20": 0.16706847692313156, "21": 0.1015672708099013, "22": 0.1744811345928076, "23": 0.0833600886210861, "24": 0.2440986485575259, "25": 0.058444040201334695, "26": 0.1969492707494865, "27": 0.1372344046730332, "28": 0.17127755578797677, "29": 0.12458618039202222, "30": 0.22262071663989957, "31": 0.2250874639068563, "32": 0.04845207797623476, "33": 0.2368824320254549, "34": 0.16395867715091758, "35": 0.2996398135476966, "36": -0.06981595206630344, "37": -0.1295354105971518, "38": -0.015829267987424792, "39": -0.13704349040492217, "40": -0.11812834935646246, "41": -0.12414211243491367, "42": -0.12393146873257388, "43": -0.16508775539320647, "44": -0.10916428600813526, "45": -0.10071749101064587, "46": -0.16442910581420628, "47": -0.20732937474487545, "48": -0.1280358450883629, "49": -0.2194562194250217, "50": -0.20032178193295963, "51": -0.13030556427392012, "52": -0.1331671676002947, "53": 0.08008353074956565, "54": 0.055930822543990885, "55": 0.09661888919224147}