{"0": 0.1527671747514478, "1": 0.0045206654896920995, "2": -0.39593588421031534, "3": -0.4393714894006142, "4": 0.04302094199454471, "5": -0.03229008752643505, "6": -0.19995524246235893, "7": 0.009460364104041167, "8": -0.004213524910839053, "9": -0.028286154318570077, "10": 0.036219233695119736, "11": -0.004329859670413528, "12": 0.009507192277964201, "13": -0.04600852100982344, "14": 0.021977184009187203, "15": 0.03387288367657405, "16": 0.023945761490949454, "17": 0.018519089963757895, "18": 0.03190729502436757, "19": 0.11422303278816448, "20": 0.06119749160570013, "21": 0.06265338701396593, "22": 0.055538611037746044, "23": 0.06915023566316027, "24": 0.07757622802125731, "25": -0.07760651850350293, "26": 0.0884320832714011, "27": 0.05079323370742552, "28": 0.023937691355734616, "29": -0.12085754413239796, "30": 0.036362071921463526, "31": 0.023367999856013316, "32": -0.20490845482722825, "33": 0.05463155080318792, "34": 0.05754358490196638, "35": -0.009367835777873023, "36": -0.47766504091442735, "37": 0.013558044352850553, "38": -0.08980571370965977, "39": 0.11557259672557536, "40": -0.023281701000558316, "41": 0.05664408753373601, "42": -0.026560218812688753, "43": 0.08333904354896679, "44": 0.012115110873293472, "45": 0.18226380736275816, "46": -0.12602789933224917, "47": 0.0869835527046884, "48": -0.023275813289768223, "49": 0.12865374156046905, "50": 0.21079714545859157, "51": -0.17363733117110602, "52": 0.22314165119604065, "53": 0.0059279387640804124, "54": -5.4331851017764415e-05, "55": -0.002551901094645239}