{"0": 0.09050198157332592, "1": -0.0526728698297379, "2": 0.05537196771931119, "3": 0.049746644798632396, "4": 0.11513018996834133, "5": -0.011756111682434999, "6": -0.0008037024612733867, "7": -0.14444702517148622, "8": -0.25723259135349574, "9": -0.2233646145532539, "10": -0.2265784096377117, "11": -0.2189597039943716, "12": -0.25480346110800595, "13": -0.2001989967897093, "14": -0.2667786385396747, "15": -0.2577082318772876, "16": -0.2877509605933468, "17": -0.11432781406651531, "18": -0.29271540793296463, "19": 0.09610336831149835, "20": 0.04126353796897194, "21": -0.05154064863300908, "22": 0.04515885224870696, "23": 0.11787012743841846, "24": 0.05445555789063101, "25": 0.07323255954334863, "26": 0.04249563203805446, "27": 0.06098252051340078, "28": 0.03254518478022052, "29": 0.04128017215876153, "30": 0.009767036963664833, "31": 0.07566765194385275, "32": 0.056538362186164155, "33": 0.06619742756905424, "34": 0.006991061196529439, "35": 0.0591762202824325, "36": 0.10375443051285853, "37": 0.09912247750557315, "38": 0.1045271109890554, "39": 0.094710406190918, "40": 0.0828514585082041, "41": 0.10731069330430756, "42": 0.0910981485851738, "43": 0.1121885518872856, "44": 0.08065004461039711, "45": 0.07598749344681417, "46": 0.12977456399842371, "47": 0.18984370612883045, "48": 0.08393755310363774, "49": 0.1551507256678241, "50": 0.13100041676564095, "51": 0.11439484338023889, "52": 0.1378705027022095, "53": -0.03842521551516529, "54": -0.10336410652117825, "55": -0.09597668374745338}