{"0": -0.09050197430269868, "1": 0.052672862286902544, "2": -0.05537196478981034, "3": -0.04974664310780931, "4": -0.11513018041752579, "5": 0.011756110012752303, "6": 0.0008037028989135738, "7": 0.14444703177190465, "8": 0.25723259625775496, "9": 0.2233646175221096, "10": 0.22657841254010375, "11": 0.2189597073484695, "12": 0.2548034661287835, "13": 0.2001990014405245, "14": 0.2667786437908454, "15": 0.25770823682593247, "16": 0.28775096556855767, "17": 0.11432781663117514, "18": 0.29271541392789674, "19": -0.09610337216048576, "20": -0.041263548663584525, "21": 0.051540642176976466, "22": -0.04515886325312591, "23": -0.1178701327363511, "24": -0.05445557336313809, "25": -0.07323256324960019, "26": -0.0424956445841648, "27": -0.06098252930549088, "28": -0.032545195758472686, "29": -0.041280180154938555, "30": -0.009767051208344006, "31": -0.07566766637841076, "32": -0.056538365284846015, "33": -0.06619744263270197, "34": -0.00699107159720592, "35": -0.05917623937726465, "36": -0.10375442598028098, "37": -0.09912246914674239, "38": -0.10452711000581581, "39": -0.09471039749112566, "40": -0.08285145103667152, "41": -0.10731068539168777, "42": -0.09109814078882324, "43": -0.11218854123889391, "44": -0.08065003769435584, "45": -0.07598748693405454, "46": -0.129774553611358, "47": -0.1898436929580631, "48": -0.08393754477969015, "49": -0.15515071161917265, "50": -0.13100040424586873, "51": -0.1143948351223894, "52": -0.13787049419493988, "53": 0.03842521036113384, "54": 0.10336410291838997, "55": 0.0959766776337682}