{"name": "density", "eps": 0.5, "process_time": 0.0015480518341064453, "data": {"0": 1.27167700004691, "1": 1.407347761141405, "2": 1.407683238999287, "3": 1.407683238999287, "4": 1.407347761141405, "5": 1.27167700004691, "6": 1.2710060595611254, "7": 1.1356707610945203, "8": 1.2713415374190202, "9": 1.1356707763245126, "10": 1.2713415526490126, "11": 1.1356707763245253, "12": 1.2713415526490126, "13": 1.1356707763245253, "14": 1.2713415374190202, "15": 1.1356707763245126, "16": 1.2710060595611254, "17": 1.1356707610945203}}