{"0": -0.028956166259195806, "1": 0.089177751576828, "2": -0.11999104362239463, "3": 0.11999104362239425, "4": -0.08917775157682753, "5": 0.02895616625919649, "6": -0.1174870128301346, "7": -0.10769465700961178, "8": 0.29543346560737255, "9": 0.2708095557229645, "10": -0.3975136088586989, "11": -0.36438148125007086, "12": 0.39751360885869774, "13": 0.36438148125007086, "14": -0.29543346560737194, "15": -0.2708095557229637, "16": 0.11748701283013518, "17": 0.10769465700961228}