{"name": "pagerank", "alpha": 0.85, "process_time": 0.02399897575378418, "data": {"0": 0.008546802243, "1": 0.008546802243, "2": 0.010363299439249995, "3": 0.010363299439249995, "4": 0.010363299439249995, "5": 0.010363299439249995, "6": 0.010363299439249997, "7": 0.010363299439249995, "8": 0.010363299439249995, "9": 0.010363299439249995, "10": 0.008546802243, "11": 0.008546802243, "12": 0.010363299439249995, "13": 0.010363299439249995, "14": 0.010363299439249995, "15": 0.010363299439249995, "16": 0.010363299439249997, "17": 0.010363299439249995, "18": 0.010363299439249995, "19": 0.010363299439249995, "20": 0.008546802243, "21": 0.008546802243, "22": 0.010363299439249995, "23": 0.010363299439249995, "24": 0.010363299439249995, "25": 0.010363299439249995, "26": 0.010363299439249997, "27": 0.010363299439249995, "28": 0.010363299439249995, "29": 0.010363299439249995, "30": 0.008546802243, "31": 0.008546802243, "32": 0.010363299439249995, "33": 0.010363299439249995, "34": 0.010363299439249995, "35": 0.010363299439249995, "36": 0.010363299439249997, "37": 0.010363299439249995, "38": 0.010363299439249995, "39": 0.010363299439249995, "40": 0.008546802243, "41": 0.008546802243, "42": 0.010363299439249995, "43": 0.010363299439249995, "44": 0.010363299439249995, "45": 0.010363299439249995, "46": 0.010363299439249997, "47": 0.010363299439249995, "48": 0.010363299439249995, "49": 0.010363299439249995, "50": 0.008546802243, "51": 0.008546802243, "52": 0.010363299439249995, "53": 0.010363299439249995, "54": 0.010363299439249995, "55": 0.010363299439249995, "56": 0.010363299439249997, "57": 0.010363299439249995, "58": 0.010363299439249995, "59": 0.010363299439249995, "60": 0.008546802243, "61": 0.008546802243, "62": 0.010363299439249995, "63": 0.010363299439249995, "64": 0.010363299439249995, "65": 0.010363299439249995, "66": 0.010363299439249997, "67": 0.010363299439249995, "68": 0.010363299439249995, "69": 0.010363299439249995, "70": 0.008546802243, "71": 0.008546802243, "72": 0.010363299439249995, "73": 0.010363299439249995, "74": 0.010363299439249995, "75": 0.010363299439249995, "76": 0.010363299439249997, "77": 0.010363299439249995, "78": 0.010363299439249995, "79": 0.010363299439249995, "80": 0.008546802243, "81": 0.008546802243, "82": 0.010363299439249995, "83": 0.010363299439249995, "84": 0.010363299439249995, "85": 0.010363299439249995, "86": 0.010363299439249997, "87": 0.010363299439249995, "88": 0.010363299439249995, "89": 0.010363299439249995, "90": 0.008546802243, "91": 0.008546802243, "92": 0.010363299439249995, "93": 0.010363299439249995, "94": 0.010363299439249995, "95": 0.010363299439249995, "96": 0.010363299439249997, "97": 0.010363299439249995, "98": 0.010363299439249995, "99": 0.010363299439249995}}