{"name":"density","eps":0.5,"weight":"value","num_of_nodes":420,"num_of_edges":14496,"process_time":4.656958818435669,"data":{"0":10.496953276615418,"1":10.496953276615418,"2":10.338807570319203,"3":10.338807570319203,"4":10.338807570319203,"5":10.338807570319203,"6":10.338807570319203,"7":10.338807570319203,"8":10.338807570319203,"9":10.338807570319203,"10":10.338807570319203,"11":10.338807570319203,"12":10.338807570319203,"13":10.338807570319203,"14":10.338807570319203,"15":10.338807570319203,"16":10.338807570319203,"17":10.338807570319203,"18":10.338807570319203,"19":10.338807570319203,"20":10.338807570319203,"21":10.338807570319203,"22":10.338807570319203,"23":10.338807570319203,"24":10.338807570319203,"25":10.338807570319203,"26":10.338807570319203,"27":10.338807570319203,"28":10.338807570319203,"29":10.338807570319203,"30":10.338807570319203,"31":10.338807570319203,"32":10.338807570319203,"33":10.338807570319203,"34":10.338807570319203,"35":10.338807570319203,"36":10.338807570319203,"37":10.338807570319203,"38":10.338807570319203,"39":10.338807570319203,"40":10.338807570319203,"41":10.338807570319203,"42":10.338807570319203,"43":10.338807570319203,"44":10.338807570319203,"45":10.338807570319203,"46":10.338807570319203,"47":10.338807570319203,"48":10.338807570319203,"49":10.338807570319203,"50":10.338807570319203,"51":10.338807570319203,"52":10.338807570319203,"53":10.338807570319203,"54":10.338807570319203,"55":10.338807570319203,"56":10.338807570319203,"57":10.338807570319203,"58":10.338807570319203,"59":10.338807570319203,"60":10.338807570319203,"61":10.338807570319203,"62":10.338807570319203,"63":10.338807570319203,"64":10.338807570319203,"65":10.338807570319203,"66":10.338807570319203,"67":10.338807570319203,"68":10.338807570319203,"69":10.338807570319203,"70":10.496953276615418,"71":10.496953276615418,"72":10.338807570319203,"73":10.338807570319203,"74":10.338807570319203,"75":10.338807570319203,"76":10.338807570319203,"77":10.338807570319203,"78":10.338807570319203,"79":10.338807570319203,"80":10.338807570319203,"81":10.338807570319203,"82":10.338807570319203,"83":10.338807570319203,"84":10.338807570319203,"85":10.338807570319203,"86":10.338807570319203,"87":10.338807570319203,"88":10.338807570319203,"89":10.338807570319203,"90":10.338807570319203,"91":10.338807570319203,"92":10.338807570319203,"93":10.338807570319203,"94":10.338807570319203,"95":10.338807570319203,"96":10.338807570319203,"97":10.338807570319203,"98":10.338807570319203,"99":10.338807570319203,"100":10.338807570319203,"101":10.338807570319203,"102":10.338807570319203,"103":10.338807570319203,"104":10.338807570319203,"105":10.338807570319203,"106":10.338807570319203,"107":10.338807570319203,"108":10.338807570319203,"109":10.338807570319203,"110":10.338807570319203,"111":10.338807570319203,"112":10.338807570319203,"113":10.338807570319203,"114":10.338807570319203,"115":10.338807570319203,"116":10.338807570319203,"117":10.338807570319203,"118":10.338807570319203,"119":10.338807570319203,"120":10.338807570319203,"121":10.338807570319203,"122":10.338807570319203,"123":10.338807570319203,"124":10.338807570319203,"125":10.338807570319203,"126":10.338807570319203,"127":10.338807570319203,"128":10.338807570319203,"129":10.338807570319203,"130":10.338807570319203,"131":10.338807570319203,"132":10.338807570319203,"133":10.338807570319203,"134":10.338807570319203,"135":10.338807570319203,"136":10.338807570319203,"137":10.338807570319203,"138":10.338807570319203,"139":10.338807570319203,"140":10.496953276615418,"141":10.496953276615418,"142":10.338807570319203,"143":10.338807570319203,"144":10.338807570319203,"145":10.338807570319203,"146":10.338807570319203,"147":10.338807570319203,"148":10.338807570319203,"149":10.338807570319203,"150":10.338807570319203,"151":10.338807570319203,"152":10.338807570319203,"153":10.338807570319203,"154":10.338807570319203,"155":10.338807570319203,"156":10.338807570319203,"157":10.338807570319203,"158":10.338807570319203,"159":10.338807570319203,"160":10.338807570319203,"161":10.338807570319203,"162":10.338807570319203,"163":10.338807570319203,"164":10.338807570319203,"165":10.338807570319203,"166":10.338807570319203,"167":10.338807570319203,"168":10.338807570319203,"169":10.338807570319203,"170":10.338807570319203,"171":10.338807570319203,"172":10.338807570319203,"173":10.338807570319203,"174":10.338807570319203,"175":10.338807570319203,"176":10.338807570319203,"177":10.338807570319203,"178":10.338807570319203,"179":10.338807570319203,"180":10.338807570319203,"181":10.338807570319203,"182":10.338807570319203,"183":10.338807570319203,"184":10.338807570319203,"185":10.338807570319203,"186":10.338807570319203,"187":10.338807570319203,"188":10.338807570319203,"189":10.338807570319203,"190":10.338807570319203,"191":10.338807570319203,"192":10.338807570319203,"193":10.338807570319203,"194":10.338807570319203,"195":10.338807570319203,"196":10.338807570319203,"197":10.338807570319203,"198":10.338807570319203,"199":10.338807570319203,"200":10.338807570319203,"201":10.338807570319203,"202":10.338807570319203,"203":10.338807570319203,"204":10.338807570319203,"205":10.338807570319203,"206":10.338807570319203,"207":10.338807570319203,"208":10.338807570319203,"209":10.338807570319203,"210":10.496953276615418,"211":10.496953276615418,"212":10.338807570319203,"213":10.338807570319203,"214":10.338807570319203,"215":10.338807570319203,"216":10.338807570319203,"217":10.338807570319203,"218":10.338807570319203,"219":10.338807570319203,"220":10.338807570319203,"221":10.338807570319203,"222":10.338807570319203,"223":10.338807570319203,"224":10.338807570319203,"225":10.338807570319203,"226":10.338807570319203,"227":10.338807570319203,"228":10.338807570319203,"229":10.338807570319203,"230":10.338807570319203,"231":10.338807570319203,"232":10.338807570319203,"233":10.338807570319203,"234":10.338807570319203,"235":10.338807570319203,"236":10.338807570319203,"237":10.338807570319203,"238":10.338807570319203,"239":10.338807570319203,"240":10.338807570319203,"241":10.338807570319203,"242":10.338807570319203,"243":10.338807570319203,"244":10.338807570319203,"245":10.338807570319203,"246":10.338807570319203,"247":10.338807570319203,"248":10.338807570319203,"249":10.338807570319203,"250":10.338807570319203,"251":10.338807570319203,"252":10.338807570319203,"253":10.338807570319203,"254":10.338807570319203,"255":10.338807570319203,"256":10.338807570319203,"257":10.338807570319203,"258":10.338807570319203,"259":10.338807570319203,"260":10.338807570319203,"261":10.338807570319203,"262":10.338807570319203,"263":10.338807570319203,"264":10.338807570319203,"265":10.338807570319203,"266":10.338807570319203,"267":10.338807570319203,"268":10.338807570319203,"269":10.338807570319203,"270":10.338807570319203,"271":10.338807570319203,"272":10.338807570319203,"273":10.338807570319203,"274":10.338807570319203,"275":10.338807570319203,"276":10.338807570319203,"277":10.338807570319203,"278":10.338807570319203,"279":10.338807570319203,"280":10.496953276615418,"281":10.496953276615418,"282":10.338807570319203,"283":10.338807570319203,"284":10.338807570319203,"285":10.338807570319203,"286":10.338807570319203,"287":10.338807570319203,"288":10.338807570319203,"289":10.338807570319203,"290":10.338807570319203,"291":10.338807570319203,"292":10.338807570319203,"293":10.338807570319203,"294":10.338807570319203,"295":10.338807570319203,"296":10.338807570319203,"297":10.338807570319203,"298":10.338807570319203,"299":10.338807570319203,"300":10.338807570319203,"301":10.338807570319203,"302":10.338807570319203,"303":10.338807570319203,"304":10.338807570319203,"305":10.338807570319203,"306":10.338807570319203,"307":10.338807570319203,"308":10.338807570319203,"309":10.338807570319203,"310":10.338807570319203,"311":10.338807570319203,"312":10.338807570319203,"313":10.338807570319203,"314":10.338807570319203,"315":10.338807570319203,"316":10.338807570319203,"317":10.338807570319203,"318":10.338807570319203,