{"directed": false, "multigraph": true, "graph": {}, "nodes": [{"cover": {"level": 0, "range": [0.0, 0.5]}, "min_value": 0.0, "max_value": 0.482758620689655, "avg_value": 0.16858237547892718, "component_count": 42, "components": ["28", "41", "18", "35", "20", "17", "13", "19", "36", "47", "9", "43", "23", "34", "15", "10", "49", "24", "40", "21", "29", "46", "37", "38", "32", "42", "27", "14", "50", "30", "33", "26", "12", "44", "22", "45", "16", "31", "25", "48", "11", "39"], "x": 250.0, "y": 250.0, "id": "mapper_node_0"}, {"cover": {"level": 1, "range": [0.5, 1.0]}, "min_value": 0.540229885057471, "max_value": 0.540229885057471, "avg_value": 0.540229885057471, "component_count": 9, "components": ["3", "2", "6", "7", "0", "8", "1", "4", "5"], "x": 250.00000000000003, "y": 500.0, "id": "mapper_node_1"}, {"cover": {"level": 1, "range": [0.5, 1.0]}, "min_value": 0.5310344827586205, "max_value": 1.0, "avg_value": 0.7547892720306513, "component_count": 9, "components": ["51", "58", "56", "54", "53", "52", "55", "59", "57"], "x": 249.99999999999994, "y": 0.0, "id": "mapper_node_2"}], "links": [{"value": 9, "source": "mapper_node_0", "target": "mapper_node_1", "key": 0}, {"value": 1, "source": "mapper_node_0", "target": "mapper_node_2", "key": 0}], "info": {"component_method": "connected_components", "link_method": "connectivity", "cover_overlap": 0.0, "cover_intervals": 2, "compute_time": 0.0013539791107177734}}