{"name":"density","eps":0.5,"weight":"value","num_of_nodes":400,"num_of_edges":15805,"process_time":4.937191009521484,"data":{"0":11.853660887560476,"1":11.853660887560476,"2":11.692160707284907,"3":11.692160707284907,"4":11.692160707284907,"5":11.692160707284907,"6":11.692160707284907,"7":11.692160707284907,"8":11.692160707284907,"9":11.692160707284907,"10":11.692160707284907,"11":11.692160707284907,"12":11.692160707284907,"13":11.692160707284907,"14":11.692160707284907,"15":11.692160707284907,"16":11.692160707284907,"17":11.692160707284907,"18":11.692160707284907,"19":11.692160707284907,"20":11.692160707284907,"21":11.692160707284907,"22":11.692160707284907,"23":11.692160707284907,"24":11.692160707284907,"25":11.692160707284907,"26":11.692160707284907,"27":11.692160707284907,"28":11.692160707284907,"29":11.692160707284907,"30":11.692160707284907,"31":11.692160707284907,"32":11.692160707284907,"33":11.692160707284907,"34":11.692160707284907,"35":11.692160707284907,"36":11.692160707284907,"37":11.692160707284907,"38":11.692160707284907,"39":11.692160707284907,"40":11.692160707284907,"41":11.692160707284907,"42":11.692160707284907,"43":11.692160707284907,"44":11.692160707284907,"45":11.692160707284907,"46":11.692160707284907,"47":11.692160707284907,"48":11.692160707284907,"49":11.692160707284907,"50":11.692160707284907,"51":11.692160707284907,"52":11.692160707284907,"53":11.692160707284907,"54":11.692160707284907,"55":11.692160707284907,"56":11.692160707284907,"57":11.692160707284907,"58":11.692160707284907,"59":11.692160707284907,"60":11.692160707284907,"61":11.692160707284907,"62":11.692160707284907,"63":11.692160707284907,"64":11.692160707284907,"65":11.692160707284907,"66":11.692160707284907,"67":11.692160707284907,"68":11.692160707284907,"69":11.692160707284907,"70":11.692160707284907,"71":11.692160707284907,"72":11.692160707284907,"73":11.692160707284907,"74":11.692160707284907,"75":11.692160707284907,"76":11.692160707284907,"77":11.692160707284907,"78":11.692160707284907,"79":11.692160707284907,"80":11.853660887560476,"81":11.853660887560476,"82":11.692160707284907,"83":11.692160707284907,"84":11.692160707284907,"85":11.692160707284907,"86":11.692160707284907,"87":11.692160707284907,"88":11.692160707284907,"89":11.692160707284907,"90":11.692160707284907,"91":11.692160707284907,"92":11.692160707284907,"93":11.692160707284907,"94":11.692160707284907,"95":11.692160707284907,"96":11.692160707284907,"97":11.692160707284907,"98":11.692160707284907,"99":11.692160707284907,"100":11.692160707284907,"101":11.692160707284907,"102":11.692160707284907,"103":11.692160707284907,"104":11.692160707284907,"105":11.692160707284907,"106":11.692160707284907,"107":11.692160707284907,"108":11.692160707284907,"109":11.692160707284907,"110":11.692160707284907,"111":11.692160707284907,"112":11.692160707284907,"113":11.692160707284907,"114":11.692160707284907,"115":11.692160707284907,"116":11.692160707284907,"117":11.692160707284907,"118":11.692160707284907,"119":11.692160707284907,"120":11.692160707284907,"121":11.692160707284907,"122":11.692160707284907,"123":11.692160707284907,"124":11.692160707284907,"125":11.692160707284907,"126":11.692160707284907,"127":11.692160707284907,"128":11.692160707284907,"129":11.692160707284907,"130":11.692160707284907,"131":11.692160707284907,"132":11.692160707284907,"133":11.692160707284907,"134":11.692160707284907,"135":11.692160707284907,"136":11.692160707284907,"137":11.692160707284907,"138":11.692160707284907,"139":11.692160707284907,"140":11.692160707284907,"141":11.692160707284907,"142":11.692160707284907,"143":11.692160707284907,"144":11.692160707284907,"145":11.692160707284907,"146":11.692160707284907,"147":11.692160707284907,"148":11.692160707284907,"149":11.692160707284907,"150":11.692160707284907,"151":11.692160707284907,"152":11.692160707284907,"153":11.692160707284907,"154":11.692160707284907,"155":11.692160707284907,"156":11.692160707284907,"157":11.692160707284907,"158":11.692160707284907,"159":11.692160707284907,"160":11.853660887560476,"161":11.853660887560476,"162":11.692160707284907,"163":11.692160707284907,"164":11.692160707284907,"165":11.692160707284907,"166":11.692160707284907,"167":11.692160707284907,"168":11.692160707284907,"169":11.692160707284907,"170":11.692160707284907,"171":11.692160707284907,"172":11.692160707284907,"173":11.692160707284907,"174":11.692160707284907,"175":11.692160707284907,"176":11.692160707284907,"177":11.692160707284907,"178":11.692160707284907,"179":11.692160707284907,"180":11.692160707284907,"181":11.692160707284907,"182":11.692160707284907,"183":11.692160707284907,"184":11.692160707284907,"185":11.692160707284907,"186":11.692160707284907,"187":11.692160707284907,"188":11.692160707284907,"189":11.692160707284907,"190":11.692160707284907,"191":11.692160707284907,"192":11.692160707284907,"193":11.692160707284907,"194":11.692160707284907,"195":11.692160707284907,"196":11.692160707284907,"197":11.692160707284907,"198":11.692160707284907,"199":11.692160707284907,"200":11.692160707284907,"201":11.692160707284907,"202":11.692160707284907,"203":11.692160707284907,"204":11.692160707284907,"205":11.692160707284907,"206":11.692160707284907,"207":11.692160707284907,"208":11.692160707284907,"209":11.692160707284907,"210":11.692160707284907,"211":11.692160707284907,"212":11.692160707284907,"213":11.692160707284907,"214":11.692160707284907,"215":11.692160707284907,"216":11.692160707284907,"217":11.692160707284907,"218":11.692160707284907,"219":11.692160707284907,"220":11.692160707284907,"221":11.692160707284907,"222":11.692160707284907,"223":11.692160707284907,"224":11.692160707284907,"225":11.692160707284907,"226":11.692160707284907,"227":11.692160707284907,"228":11.692160707284907,"229":11.692160707284907,"230":11.692160707284907,"231":11.692160707284907,"232":11.692160707284907,"233":11.692160707284907,"234":11.692160707284907,"235":11.692160707284907,"236":11.692160707284907,"237":11.692160707284907,"238":11.692160707284907,"239":11.692160707284907,"240":11.853660887560476,"241":11.853660887560476,"242":11.692160707284907,"243":11.692160707284907,"244":11.692160707284907,"245":11.692160707284907,"246":11.692160707284907,"247":11.692160707284907,"248":11.692160707284907,"249":11.692160707284907,"250":11.692160707284907,"251":11.692160707284907,"252":11.692160707284907,"253":11.692160707284907,"254":11.692160707284907,"255":11.692160707284907,"256":11.692160707284907,"257":11.692160707284907,"258":11.692160707284907,"259":11.692160707284907,"260":11.692160707284907,"261":11.692160707284907,"262":11.692160707284907,"263":11.692160707284907,"264":11.692160707284907,"265":11.692160707284907,"266":11.692160707284907,"267":11.692160707284907,"268":11.692160707284907,"269":11.692160707284907,"270":11.692160707284907,"271":11.692160707284907,"272":11.692160707284907,"273":11.692160707284907,"274":11.692160707284907,"275":11.692160707284907,"276":11.692160707284907,"277":11.692160707284907,"278":11.692160707284907,"279":11.692160707284907,"280":11.692160707284907,"281":11.692160707284907,"282":11.692160707284907,"283":11.692160707284907,"284":11.692160707284907,"285":11.692160707284907,"286":11.692160707284907,"287":11.692160707284907,"288":11.692160707284907,"289":11.692160707284907,"290":11.692160707284907,"291":11.692160707284907,"292":11.692160707284907,"293":11.692160707284907,"294":11.692160707284907,"295":11.692160707284907,"296":11.692160707284907,"297":11.692160707284907,"298":11.692160707284907,"299":11.692160707284907,"300":11.692160707284907,"301":11.692160707284907,"302":11.692160707284907,"303":11.692160707284907,"304":11.692160707284907,"305":11.692160707284907,"306":11.692160707284907,"307":11.692160707284907,"308":11.692160707284907,"309":11.692160707284907,"310":11.692160707284907,"311":11.692160707284907,"312":11.692160707284907,"313":11.692160707284907,"314":11.692160707284907,"315":11.692160707284907,"316":11.692160707284907,"317":11.692160707284907,"318":11.692160707284907,