{"name": "eigen", "eigen": 5, "normalized": true, "process_time": 0.010757923126220703, "data": {"0": 0.019585030248553785, "1": -0.0011382141366135523, "2": 0.029259211143915227, "3": -0.024440612234207345, "4": 0.036275051392735604, "5": -0.06723755873609498, "6": -0.03857899139856611, "7": 0.006630777112765017, "8": -0.0039436263564485985, "9": 0.06664994245205798, "10": 0.028074911827391164, "11": 0.08714440153838018, "12": 0.1221574084893816, "13": 0.05680286343886339, "14": 0.061489501571871004, "15": 0.1110182220326629, "16": 0.11040888845888824, "17": 0.14732825411623043, "18": 0.1607007453993885, "19": 0.11002583036199094, "20": 0.04886188737017742, "21": 0.07247199024999244, "22": -0.023783337109554818, "23": -0.10252074641269691, "24": -0.09443633437753372, "25": -0.0013448368757849709, "26": -0.06903390041887203, "27": -0.00021957940439996243, "28": 0.1433897517443608, "29": 0.08280473680083147, "30": 0.14851861136617833, "31": -0.024727067077483837, "32": 0.06738099151199729, "33": -0.060738008995211826, "34": 0.10120974488719808, "35": 0.13179378060001112, "36": 0.1045453971597417, "37": 0.16360579013971116, "38": 0.09473887547169925, "39": 0.10227670524904427, "40": 0.017684937713475467, "41": 0.11585207300596495, "42": 0.04428610063285837, "43": 0.08026405612076609, "44": 0.13882155913727875, "45": 0.07787902306581726, "46": 0.01583284044268085, "47": 0.02592347278897398, "48": -0.0666898953851706, "49": -0.13213139350934006, "50": -0.0666569260685759, "51": -0.008519370520693278, "52": 0.03128077818634091, "53": -0.03423557088321663, "54": -0.10369353747792993, "55": -0.046902877215770834, "56": -0.022101918782839396, "57": -0.011991743476061273, "58": 0.0013721956289159676, "59": 0.04205727586133975, "60": 0.07622934028233123, "61": 0.06749691856070496, "62": 0.1323868882604695, "63": -0.041816860542450554, "64": 0.014799809001630887, "65": -0.15165610025575138, "66": -0.12507171197802044, "67": -0.17815280146085574, "68": -0.16227244877114427, "69": -0.1639926456090341, "70": -0.16339722149308927, "71": -0.11957079014426118, "72": -0.10761438057075766, "73": -0.006661599924563791, "74": -0.02340072397598682, "75": -0.015816363340077848, "76": -0.062461171392652476, "77": 0.05100563777132494, "78": -0.0046759000182947374, "79": 0.12090023095994083, "80": -0.03406532102521435, "81": 0.044058872469485096, "82": -0.06503230678809105, "83": -0.28874154514910866, "84": -0.23333615766636842, "85": -0.2781710498151481, "86": -0.27804621058390583, "87": -0.19203773383692765, "88": 0.04863910245024393, "89": -0.055482540995430735, "90": 0.05035048048560405, "91": -0.010433691416934553, "92": -0.008318998929550646, "93": -0.07023289177769561, "94": 0.04437780940621488, "95": 0.09807574038407191, "96": 0.021680742375925335, "97": 0.07881938804987287, "98": -0.015322171369668847, "99": -0.08800077327755733}}