{"name": "eigen", "eigen": 2, "normalized": true, "process_time": 0.010757923126220703, "data": {"0": -0.11881093927145055, "1": -0.15950039867067436, "2": -0.14627766587827234, "3": 0.0007943643817452661, "4": -0.11590685506154635, "5": 0.05242028371133489, "6": -0.13353839109753793, "7": -0.08169258144378791, "8": -0.1433503000103002, "9": -0.016392510727986975, "10": 0.06668098492918145, "11": 0.051120102550096885, "12": 0.09385013356730612, "13": 0.0907821225363381, "14": -0.01274780484746968, "15": 0.04685378401037904, "16": 0.031088485841503255, "17": 0.03721485705338595, "18": 0.10677668942361981, "19": -0.04126138631806375, "20": -0.09111514978385607, "21": -0.04537770698100678, "22": -0.08535965408468651, "23": -0.007747589804488628, "24": -0.021474582572843542, "25": 0.05679787190878423, "26": 0.06076930288405666, "27": -0.0042911912689510764, "28": -0.1364814080980022, "29": -0.09516074938467843, "30": -0.1261550596518735, "31": 0.029430218478788545, "32": 0.009654541294537309, "33": 0.0760880744896686, "34": 0.04748838609516317, "35": 0.1206866259150359, "36": 0.13826508263060763, "37": 0.20879615796123657, "38": 0.18032519002018238, "39": 0.11698461206738603, "40": 0.11935123996649102, "41": 0.15875543358631478, "42": 0.13497374709232898, "43": 0.11114905234601868, "44": 0.1579033289094812, "45": 0.08564601720819986, "46": -0.013123930847245422, "47": -0.06550097931727372, "48": -0.05251382441912227, "49": 0.003458811986561846, "50": -0.1378611736633799, "51": 0.0144778786260802, "52": 0.09724643899083846, "53": -0.1142326371969897, "54": -0.1432943536303601, "55": -0.11181467084799428, "56": -0.06663795949613655, "57": -0.01666904527366221, "58": -0.13106593235561628, "59": -0.07760703680603268, "60": -0.14117156322840052, "61": -0.20413570511814397, "62": -0.17842962325316794, "63": 0.06474780596099784, "64": -0.060562145254317, "65": 0.05691669940836779, "66": 0.07773192311666455, "67": 0.14103830999766934, "68": 0.12117388866268711, "69": 0.15310379172152344, "70": 0.15140808868092914, "71": 0.15956961324554825, "72": 0.14671285538752513, "73": 0.12165713799616049, "74": 0.11636208517313254, "75": 0.043896529221994315, "76": 0.09407466853979664, "77": -0.02839924247102987, "78": -0.04459275116608608, "79": -0.09751487573720682, "80": 0.05147409393146131, "81": 0.07757348943019492, "82": -0.052210816823913125, "83": -0.05355705143141614, "84": -0.08653855500797351, "85": -0.03335803740158042, "86": -0.033560517911593646, "87": -0.006499485820166638, "88": -0.034989578651090536, "89": 0.08776724545632845, "90": -0.00849938893663418, "91": 0.07312508831711638, "92": -0.13738737982511748, "93": -0.04295500645134315, "94": -0.14925390284244194, "95": -0.11856957383188177, "96": -0.06949636985789484, "97": -0.06936709369781083, "98": -0.11186437631010056, "99": -0.12129646617419676}}