{"name": "fiedler", "normalized": false, "process_time": 0.036305904388427734, "data": {"0": -0.020652576538090717, "1": -0.032779237979533915, "2": -0.07579144553861264, "3": 0.005109391633488164, "4": -0.07108314905958754, "5": -0.0077538351204810806, "6": 0.12602884999574285, "7": 0.12119318718634353, "8": 0.1279119538699748, "9": -0.0026906066006757473, "10": -0.07340466733422057, "11": -0.0028199618243621733, "12": 0.0011309894014348094, "13": -0.004222601813431814, "14": 0.06489361444617227, "15": 0.10237490157445435, "16": 0.09325379926447622, "17": 0.12714259729466573, "18": 0.10840639052907228, "19": 0.12408453020358376, "20": 0.08031490954037987, "21": 0.0288251119108697, "22": 0.03352548923086492, "23": 0.0873279479545552, "24": 0.03896550339983787, "25": -0.05408893696826523, "26": -0.051191698596636276, "27": -0.08704414001398017, "28": -0.19022216554331528, "29": -0.16310378421010932, "30": -0.18780118766368936, "31": -0.19403934843972706, "32": -0.1765829044735371, "33": -0.1834605724259658, "34": -0.03556187171289859, "35": 0.018027090103202904, "36": 0.07189634910235015, "37": 0.03729480679019904, "38": 0.04578748926380877, "39": 0.09244508112184359, "40": 0.05399009493245844, "41": 0.08108366053053048, "42": 0.07509491141269614, "43": 0.08043140635299136, "44": 0.045746482184781674, "45": 0.10627697824386374, "46": 0.12758258272000994, "47": 0.10449024919107272, "48": 0.12525741566260637, "49": 0.10370928054448265, "50": 0.09860879823627311, "51": 0.06661734493600577, "52": 0.035030416244529926, "53": 0.10541170068060335, "54": 0.11008198260711125, "55": 0.10936576554697437, "56": 0.060044058978291216, "57": 0.09937329944504393, "58": 0.09517496664460447, "59": -0.1070401528862105, "60": -0.12327800515385488, "61": -0.0724187899619293, "62": -0.1289905360933233, "63": -0.03610997908885972, "64": -0.1527440878543597, "65": -0.1102002329237848, "66": -0.18194933282932815, "67": -0.17497520373562953, "68": -0.13715251090635125, "69": -0.13325924018956176, "70": -0.09214864257148545, "71": -0.08385187212595908, "72": -0.08495513031347, "73": -0.03529331055120508, "74": -0.011649688021220772, "75": -0.04639780040072191, "76": -0.12105817561267827, "77": -0.17857442687261463, "78": -0.09912837736863646, "79": -0.21133027906733295, "80": -0.0638759568040458, "81": 0.04620989100729356, "82": 0.07362703792130561, "83": 0.099606495767984, "84": 0.10250811895200879, "85": 0.08917658838973469, "86": 0.07065703675195059, "87": -0.0026878890698902895, "88": 0.14095327583087022, "89": 0.01791440116321859, "90": -0.21738361631253508, "91": 0.0581073983386795, "92": 0.08272828483962595, "93": 0.07193038566385407, "94": 0.0033159910588417755, "95": -0.0015759013234846863, "96": 0.035101154099460956, "97": 0.11935403461730991, "98": -0.02003923625148618, "99": 0.011861592832689925}}