{"name": "agd", "process_time": 0.0017752647399902344, "data": {"0": 3.0526315789473686, "1": 3.8947368421052633, "2": 3.4210526315789473, "3": 3.0, "4": 3.0526315789473686, "5": 3.8947368421052633, "6": 3.4210526315789473, "7": 3.0, "8": 3.0526315789473686, "9": 3.8947368421052633, "10": 3.4210526315789473, "11": 3.0, "12": 3.0526315789473686, "13": 3.8947368421052633, "14": 3.4210526315789473, "15": 3.0, "16": 3.0526315789473686, "17": 3.8947368421052633, "18": 3.4210526315789473, "19": 3.0}}