{"name": "eigen", "eigen": 3, "normalized": false, "process_time": 0.003323793411254883, "data": {"0": -0.002147989607190344, "1": 0.1519795308244479, "2": 0.1067633312619682, "3": 0.10732707761060785, "4": 0.10924870808174385, "5": 0.11061284437798974, "6": 0.11021264940418682, "7": 0.045605367344375286, "8": -0.1746201332960872, "9": -0.3309548726203382, "10": -0.2850911439881182, "11": -0.18111811204323208, "12": 0.17329260271136174, "13": 0.4248833882641097, "14": 0.35107451146017904, "15": 0.24744989391978559, "16": -0.10577318788982885, "17": -0.3565208908462088, "18": -0.2829593481382159, "19": -0.21926422683153712}}