{"name": "eigen", "eigen": 2, "normalized": true, "process_time": 0.009081125259399414, "data": {"0": 0.011506935328642207, "1": -0.08761524798928481, "2": -0.0779616328230167, "3": -0.13934553254220336, "4": -0.2730167610618973, "5": -0.2811478765957379, "6": -0.3322371323686304, "7": -0.35238235528071893, "8": -0.1802405731633034, "9": -0.08614369561174223, "10": -0.1273722073055945, "11": -0.07843874005702209, "12": 0.16162196069521303, "13": 0.22790814479115645, "14": 0.253516779031675, "15": 0.3039045478907614, "16": 0.2801284382013445, "17": 0.22699867540560817, "18": 0.2840541934655657, "19": 0.26626207998918205}}