{"name": "eigen", "eigen": 1, "normalized": true, "process_time": 0.009081125259399414, "data": {"0": -0.2908056407720243, "1": -0.26714845190317166, "2": -0.32400352412018824, "3": -0.32524062696075917, "4": -0.10080763088554374, "5": 0.0007736408679867557, "6": -0.02597667627317117, "7": 0.032020595748843216, "8": 0.22850309855940365, "9": 0.2676265882546734, "10": 0.30794905526861505, "11": 0.34503044347356454, "12": 0.24203031232992203, "13": 0.164628686966574, "14": 0.2162996592325945, "15": 0.18121994547126846, "16": -0.07892013923175951, "17": -0.16588046418606445, "18": -0.1742685141078522, "19": -0.23303035773291886}}