{"name": "fiedler", "normalized": false, "process_time": 0.015309810638427734, "data": {"0": -0.2707680240797625, "1": -0.3498798714437456, "2": -0.3289626326718052, "3": -0.29457099316620916, "4": -0.16449712466844177, "5": -0.09150951515705338, "6": -0.11080750018666556, "7": -0.05227493406129256, "8": 0.16910321085405094, "9": 0.29332386713668235, "10": 0.26047982204652986, "11": 0.2622632973117095, "12": 0.2690086451125888, "13": 0.2727936221636923, "14": 0.2717928713160906, "15": 0.2143625603495472, "16": -0.0028467072184371746, "17": -0.12472810269957625, "18": -0.09250256050415023, "19": -0.12977993043375188}}