{"name": "fiedler", "normalized": true, "process_time": 0.01283884048461914, "data": {"0": -0.14834145544960475, "1": -0.2187032708961639, "2": -0.24148958647440474, "3": -0.29369492084336646, "4": -0.2839750522810882, "5": -0.2356097274713027, "6": -0.2930344243438648, "7": -0.27843547004937197, "8": -0.027164785430415922, "9": 0.07308843712847785, "10": 0.06038433700733675, "11": 0.12161232261288421, "12": 0.2671862931029017, "13": 0.28078087419048064, "14": 0.33035400517915897, "15": 0.3535960275375081, "16": 0.19229499992867546, "17": 0.10044368770488117, "18": 0.14378566869653012, "19": 0.09692204033431767}}