{"name": "eigen", "eigen": 4, "normalized": true, "process_time": 0.009696722030639648, "data": {"0": -0.18898223650461324, "1": -0.18898223650461318, "2": 3.469446951953614e-16, "3": 0.37796447300922775, "4": 0.3779644730092274, "5": -2.220446049250313e-16, "6": -0.3779644730092276, "7": -0.3779644730092272, "8": -4.0245584642661925e-16, "9": 0.37796447300922714, "10": 0.37796447300922736, "11": -4.163336342344337e-17, "12": -0.1889822365046138, "13": -0.18898223650461377}}