{"name": "fiedler", "normalized": false, "process_time": 0.010770082473754883, "data": {"0": -0.35172534988570603, "1": -0.351725349885706, "2": -0.33337028805734015, "3": -0.27926297503586095, "4": -0.21058210292955426, "5": -0.13091183460496691, "6": -0.04440982378647375, "7": 0.044409754861304794, "8": 0.13091178121398647, "9": 0.21058207710586677, "10": 0.27926298259950033, "11": 0.33337032730360155, "12": 0.35172540055067397, "13": 0.35172540055067397}}