{"directed": false, "multigraph": true, "graph": {}, "nodes": [{"cover": {"level": 0, "range": [0.0, 0.3333333333333333]}, "min_value": 0.0, "max_value": 0.2489204753569483, "avg_value": 0.16403795384123737, "component_count": 9, "components": ["18", "34", "22", "30", "13", "4", "9", "38", "39"], "x": 249.99999999999994, "y": 0.0, "id": "mapper_node_0"}, {"cover": {"level": 1, "range": [0.3333333333333333, 0.6666666666666666]}, "min_value": 0.41169347256332495, "max_value": 0.6648180169289456, "avg_value": 0.5264920035383623, "component_count": 11, "components": ["15", "2", "7", "16", "21", "35", "0", "20", "33", "19", "32"], "x": 250.0, "y": 250.0, "id": "mapper_node_1"}, {"cover": {"level": 2, "range": [0.6666666666666666, 1.0]}, "min_value": 0.6670168179890287, "max_value": 1.0, "avg_value": 0.8158502539520545, "component_count": 22, "components": ["28", "41", "6", "17", "36", "1", "23", "10", "24", "40", "29", "37", "27", "14", "26", "12", "5", "3", "31", "25", "8", "11"], "x": 250.00000000000003, "y": 500.0, "id": "mapper_node_2"}], "links": [{"value": 8, "source": "mapper_node_0", "target": "mapper_node_1", "key": 0}, {"value": 16, "source": "mapper_node_1", "target": "mapper_node_2", "key": 0}], "info": {"component_method": "connected_components", "link_method": "connectivity", "cover_overlap": 0.0, "cover_intervals": 3, "compute_time": 0.0011630058288574219}}