{"0": 0.0, "1": 2.7755575615628914e-16, "2": -1.4214519404752831e-16, "3": -0.3897418814769785, "4": -0.6820482925847124, "5": 0.35726339135389695, "6": 0.35726339135389695, "7": 0.35726339135389695}