{"0": -0.0, "1": 5.111580010652355e-17, "2": 0.0, "3": -2.285968075249553e-17, "4": 6.040704609439121e-17, "5": -0.5773502691896256, "6": 0.7886751345948126, "7": -0.21132486540518708}