{"0": 0.0, "1": 1.2359575431651553e-16, "2": -9.476346269835221e-17, "3": -7.282786901930186e-17, "4": 1.145222663861933e-16, "5": -0.5773502691896255, "6": -0.21132486540518733, "7": 0.7886751345948128}