{"0": 0.16328768077903144, "1": 0.16328768077903144, "2": 0.16328768077903144, "3": 0.10202739153258115, "4": 0.10202739153258115, "5": 0.10202739153258115, "6": 0.10202739153258115, "7": 0.10202739153258115}