{"name": "eigen", "eigen": 5, "normalized": true, "process_time": 0.11284184455871582, "data": {"0": -3.889697442792042e-18, "1": 0.002136381151984949, "2": 0.0021017265424495136, "3": 0.0021017265424495436, "4": 0.0021017265424495743, "5": 0.0021017265424495284, "6": 0.0021017265424494807, "7": 0.0021017265424493723, "8": 0.0021017265424494946, "9": 0.0021017265424495826, "10": 0.0021017265424495483, "11": 0.0021017265424495835, "12": 0.002101726542449538, "13": 0.0021017265424495436, "14": 0.0021017265424495553, "15": 0.0021017265424495444, "16": 0.002101726542449577, "17": 0.0021017265424495314, "18": 0.0021017265424495804, "19": 0.0021017265424495483, "20": 0.0021017265424495253, "21": 0.0021017265424495605, "22": 0.0021017265424495353, "23": 0.0021017265424495596, "24": 0.00210172654244954, "25": 0.002101726542449625, "26": 0.00210172654244943, "27": 0.0021017265424495, "28": 0.0021017265424497222, "29": 0.004109259909983898, "30": 0.062104392178463745, "31": 0.06306167584845643, "32": 0.06411187307727867, "33": 0.06411187307727889, "34": 0.06411187307727867, "35": 0.06411187307727872, "36": 0.0641118730772787, "37": 0.06411187307727868, "38": 0.0641118730772787, "39": 0.06411187307727868, "40": 0.06411187307727867, "41": 0.06411187307727868, "42": 0.06411187307727867, "43": 0.06411187307727868, "44": 0.06411187307727867, "45": 0.06411187307727868, "46": 0.06411187307727868, "47": 0.0641118730772787, "48": 0.0641118730772787, "49": 0.06411187307727867, "50": 0.06411187307727868, "51": 0.0641118730772787, "52": 0.06411187307727868, "53": 0.0641118730772787, "54": 0.06411187307727868, "55": 0.06411187307727868, "56": 0.06411187307727868, "57": 0.0641118730772787, "58": 0.06411187307727868, "59": 0.06436563675552347, "60": 0.03838262521696848, "61": 0.03683787790991472, "62": 0.03752159010175351, "63": 0.0375215901017535, "64": 0.0375215901017535, "65": 0.037521590101753516, "66": 0.0375215901017535, "67": 0.0375215901017535, "68": 0.0375215901017535, "69": 0.0375215901017535, "70": 0.037521590101753495, "71": 0.0375215901017535, "72": 0.037521590101753474, "73": 0.0375215901017535, "74": 0.037521590101753516, "75": 0.0375215901017535, "76": 0.0375215901017535, "77": 0.0375215901017535, "78": 0.03752159010175349, "79": 0.0375215901017535, "80": 0.0375215901017535, "81": 0.0375215901017535, "82": 0.037521590101753495, "83": 0.0375215901017535, "84": 0.03752159010175349, "85": 0.0375215901017535, "86": 0.03752159010175349, "87": 0.037521590101753495, "88": 0.0375215901017535, "89": 0.035670891312485346, "90": -0.038382625216897365, "91": -0.040294615226679535, "92": -0.04092225508242212, "93": -0.04092225508242212, "94": -0.040922255082422136, "95": -0.04092225508242213, "96": -0.04092225508242213, "97": -0.040922255082422115, "98": -0.04092225508242213, "99": -0.040922255082422115, "100": -0.040922255082422115, "101": -0.04092225508242213, "102": -0.040922255082422136, "103": -0.04092225508242213, "104": -0.04092225508242214, "105": -0.04092225508242212, "106": -0.04092225508242214, "107": -0.04092225508242212, "108": -0.04092225508242213, "109": -0.04092225508242214, "110": -0.04092225508242212, "111": -0.040922255082422136, "112": -0.040922255082422136, "113": -0.04092225508242213, "114": -0.040922255082422115, "115": -0.04092225508242212, "116": -0.040922255082422115, "117": -0.04092225508242213, "118": -0.04092225508242212, "119": -0.04231981351537328, "120": -0.0621043921784553, "121": -0.06174131968359806, "122": -0.06281293463897977, "123": -0.06281293463897977, "124": -0.06281293463897979, "125": -0.0628129346389798, "126": -0.06281293463897979, "127": -0.0628129346389798, "128": -0.06281293463897979, "129": -0.06281293463897979, "130": -0.06281293463897979, "131": -0.06281293463897979, "132": -0.06281293463897979, "133": -0.06281293463897979, "134": -0.06281293463897979, "135": -0.06281293463897979, "136": -0.06281293463897979, "137": -0.06281293463897979, "138": -0.06281293463897979, "139": -0.06281293463897979, "140": -0.06281293463897979, "141": -0.0628129346389798, "142": -0.0628129346389798, "143": -0.0628129346389798, "144": -0.0628129346389798, "145": -0.06281293463897979, "146": -0.0628129346389798, "147": -0.0628129346389798, "148": -0.06281293463897979, "149": -0.06182597446253925, "150": -3.248009500245175e-14, "151": 0.002136381151951631, "152": 0.0021017265424157824, "153": 0.002101726542415777, "154": 0.0021017265424157776, "155": 0.0021017265424157806, "156": 0.0021017265424157824, "157": 0.0021017265424157893, "158": 0.002101726542415783, "159": 0.0021017265424157832, "160": 0.0021017265424157837, "161": 0.0021017265424157832, "162": 0.002101726542415786, "163": 0.00210172654241578, "164": 0.002101726542415778, "165": 0.0021017265424157867, "166": 0.002101726542415787, "167": 0.0021017265424157806, "168": 0.0021017265424157897, "169": 0.002101726542415777, "170": 0.0021017265424157798, "171": 0.0021017265424157793, "172": 0.0021017265424157776, "173": 0.0021017265424157737, "174": 0.0021017265424157876, "175": 0.002101726542415777, "176": 0.0021017265424157815, "177": 0.002101726542415776, "178": 0.0021017265424157815, "179": 0.00410925990995008, "180": 0.062104392178448015, "181": 0.06306167584844148, "182": 0.06411187307726345, "183": 0.06411187307726343, "184": 0.06411187307726345, "185": 0.06411187307726343, "186": 0.06411187307726342, "187": 0.06411187307726342, "188": 0.06411187307726343, "189": 0.06411187307726345, "190": 0.06411187307726345, "191": 0.06411187307726343, "192": 0.06411187307726345, "193": 0.06411187307726345, "194": 0.06411187307726345, "195": 0.06411187307726345, "196": 0.06411187307726343, "197": 0.06411187307726345, "198": 0.06411187307726345, "199": 0.06411187307726345, "200": 0.06411187307726345, "201": 0.06411187307726345, "202": 0.06411187307726345, "203": 0.06411187307726343, "204": 0.06411187307726343, "205": 0.06411187307726343, "206": 0.06411187307726343, "207": 0.06411187307726345, "208": 0.06411187307726343, "209": 0.0643656367555076, "210": 0.03838262521694438, "211": 0.036837877909890925, "212": 0.037521590101729216, "213": 0.03752159010172922, "214": 0.03752159010172924, "215": 0.03752159010172922, "216": 0.037521590101729216, "217": 0.03752159010172923, "218": 0.037521590101729216, "219": 0.03752159010172923, "220": 0.037521590101729244, "221": 0.03752159010172923, "222": 0.03752159010172923, "223": 0.03752159010172923, "224": 0.03752159010172923, "225": 0.037521590101729216, "226": 0.03752159010172923, "227": 0.03752159010172922, "228": 0.03752159010172922, "229": 0.037521590101729216, "230": 0.037521590101729216, "231": 0.03752159010172923, "232": 0.03752159010172922, "233": 0.037521590101729216, "234": 0.03752159010172923, "235": 0.037521590101729216, "236": 0.03752159010172922, "237": 0.0375215901017292, "238": 0.03752159010172922, "239": 0.03567089131246036, "240": -0.03838262521693305, "241": -0.04029461522671511, "242": -0.04092225508245826, "243": -0.040922255082458246, "244": -0.040922255082458246, "245": -0.04092225508245826, "246": -0.04092225508245825, "247": -0.04092225508245825, "248": -0.04092225508245826, "249": -0.040922255082458246, "250": -0.040922255082458246, "251": -0.040922255082458246, "252": -0.040922255082458246, "253": -0.040922255082458246, "254": -0.040922255082458246, "255": -0.040922255082458246, "256": -0.040922255082458246, "257": -0.04092225508245826, "258": -0.040922255082458246, "259": -0.04092225508245824, "260": -0.040922255082458246, "261": -0.040922255082458246, "262": -0.040922255082458246, "263": -0.04092225508245825, "264": -0.040922255082458246, "265": -0.040922255082458246, "266": -0.04092225508245824, "267": -0.04092225508245825, "268": -0.040922255082458246, "269": -0.042319813515408485, "270": -0.062104392178443685, "271": -0.061741319683585025, "272": -0.0628129346389666, "273": -0.0628129346389666, "274": -0.0628129346389666, "275": -0.06281293463896662, "276": -0.0628129346389666, "277": -0.0628129346389666,