{"name": "fiedler", "normalized": true, "process_time": 0.06563377380371094, "data": {"0": -0.03456608411740136, "1": -0.03482062866356901, "2": -0.03540815596732957, "3": -0.03540815596736166, "4": -0.03540815596731354, "5": -0.03540815596735632, "6": -0.035408155967372346, "7": -0.03540815596734027, "8": -0.03540815596734562, "9": -0.03540815596734562, "10": -0.03540815596734562, "11": -0.035408155967383045, "12": -0.035408155967383045, "13": -0.035408155967383045, "14": -0.035408155967383045, "15": -0.03540815596741513, "16": -0.035408155967383045, "17": -0.035408155967348295, "18": -0.03540815596734562, "19": -0.035408155967342946, "20": -0.035408155967375024, "21": -0.03540815596734027, "22": -0.035408155967372346, "23": -0.03540815596736032, "24": -0.03540815596735899, "25": -0.03540815596735765, "26": -0.03540815596735097, "27": -0.035408155967349635, "28": -0.035408155967336596, "29": -0.036646215477267076, "30": -0.054683589302801, "31": -0.0543868656127056, "32": -0.055327680900591675, "33": -0.05532768090062375, "34": -0.05532768090062375, "35": -0.05532768090062375, "36": -0.055327680900580975, "37": -0.055327680900580975, "38": -0.05532768090053819, "39": -0.05532768090055957, "40": -0.05532768090057027, "41": -0.05532768090055957, "42": -0.05532768090057027, "43": -0.05532768090056492, "44": -0.05532768090054355, "45": -0.05532768090054355, "46": -0.055327680900575625, "47": -0.05532768090053819, "48": -0.05532768090057028, "49": -0.05532768090055957, "50": -0.05532768090059701, "51": -0.0553276809005676, "52": -0.055327680900580975, "53": -0.05532768090058364, "54": -0.0553276809006184, "55": -0.055327680900588996, "56": -0.05532768090064648, "57": -0.055327680900617064, "58": -0.055327680900620076, "59": -0.056602609571492796, "60": -0.06534582792651294, "61": -0.06454914186425123, "62": -0.06568057002131775, "63": -0.06568057002131775, "64": -0.06568057002131775, "65": -0.06568057002130703, "66": -0.06568057002132843, "67": -0.06568057002130703, "68": -0.06568057002129636, "69": -0.06568057002128565, "70": -0.06568057002128565, "71": -0.06568057002128565, "72": -0.06568057002127493, "73": -0.06568057002122145, "74": -0.06568057002122145, "75": -0.06568057002126423, "76": -0.06568057002122145, "77": -0.06568057002129635, "78": -0.06568057002127493, "79": -0.06568057002128565, "80": -0.06568057002128565, "81": -0.06568057002129636, "82": -0.06568057002125358, "83": -0.06568057002127764, "84": -0.0656805700212803, "85": -0.06568057002128298, "86": -0.06568057002128566, "87": -0.06568057002128833, "88": -0.06568057002128098, "89": -0.06677192105127265, "90": -0.06470918856065751, "91": -0.06355029376177725, "92": -0.06467670075155556, "93": -0.0646767007516197, "94": -0.0646767007516197, "95": -0.06467670075157693, "96": -0.06467670075159834, "97": -0.06467670075159834, "98": -0.06467670075164111, "99": -0.06467670075164111, "100": -0.06467670075160904, "101": -0.06467670075164113, "102": -0.0646767007516625, "103": -0.06467670075164113, "104": -0.06467670075165186, "105": -0.0646767007516625, "106": -0.06467670075168391, "107": -0.06467670075163041, "108": -0.06467670075167319, "109": -0.06467670075162507, "110": -0.06467670075164111, "111": -0.0646767007516144, "112": -0.06467670075154486, "113": -0.0646767007516144, "114": -0.06467670075160903, "115": -0.06467670075158227, "116": -0.06467670075153281, "117": -0.06467670075158093, "118": -0.06467670075156425, "119": -0.06539576915659882, "120": -0.052883732375748366, "121": -0.051563011808631605, "122": -0.05248963146084811, "123": -0.05248963146080534, "124": -0.052489631460773255, "125": -0.05248963146080534, "126": -0.05248963146083742, "127": -0.05248963146080534, "128": -0.05248963146080534, "129": -0.052489631460773255, "130": -0.05248963146080534, "131": -0.05248963146083742, "132": -0.05248963146083742, "133": -0.05248963146080534, "134": -0.05248963146080534, "135": -0.05248963146080534, "136": -0.05248963146080534, "137": -0.05248963146083742, "138": -0.05248963146083742, "139": -0.05248963146083742, "140": -0.05248963146080534, "141": -0.052489631460773255, "142": -0.05248963146080534, "143": -0.0524896314608401, "144": -0.05248963146080801, "145": -0.05248963146084277, "146": -0.05248963146083341, "147": -0.0524896314608127, "148": -0.05248963146084678, "149": -0.052712083192183144, "150": -0.031914175289536634, "151": -0.03065999352471818, "152": -0.0312266044870346, "153": -0.031226604487055987, "154": -0.031226604487055987, "155": -0.031226604487061344, "156": -0.031226604487055987, "157": -0.031226604487055987, "158": -0.03122660448708807, "159": -0.031226604487039948, "160": -0.03122660448706668, "161": -0.031226604487039948, "162": -0.03122660448705598, "163": -0.03122660448706668, "164": -0.031226604487077366, "165": -0.031226604487072016, "166": -0.03122660448706668, "167": -0.031226604487045288, "168": -0.03122660448705064, "169": -0.03122660448705598, "170": -0.03122660448705598, "171": -0.031226604487045288, "172": -0.031226604487057323, "173": -0.031226604487058666, "174": -0.031226604487049302, "175": -0.031226604487055987, "176": -0.031226604487051973, "177": -0.03122660448706401, "178": -0.031226604487054315, "179": -0.030913975313777826, "180": -0.0054263467674065535, "181": -0.004455563685695081, "182": -0.004564193415191021, "183": -0.00456419341518701, "184": -0.004564193415191021, "185": -0.004564193415191021, "186": -0.004564193415188347, "187": -0.00456419341518701, "188": -0.004564193415188347, "189": -0.004564193415188347, "190": -0.004564193415188347, "191": -0.00456419341518701, "192": -0.0045641934151856725, "193": -0.0045641934151856725, "194": -0.00456419341518701, "195": -0.00456419341518701, "196": -0.00456419341518701, "197": -0.00456419341518701, "198": -0.004564193415188347, "199": -0.004564193415191021, "200": -0.00456419341518701, "201": -0.004564193415188347, "202": -0.004564193415188347, "203": -0.004564193415189684, "204": -0.00456419341518701, "205": -0.004564193415189684, "206": -0.004564193415191021, "207": -0.004564193415191021, "208": -0.004564193415186927, "209": -0.0037705399341902445, "210": 0.021999750954454556, "211": 0.022519277518189263, "212": 0.022887412176567843, "213": 0.02288741217657854, "214": 0.02288741217657854, "215": 0.022887412176567843, "216": 0.02288741217658923, "217": 0.02288741217658923, "218": 0.022887412176578536, "219": 0.02288741217656784, "220": 0.02288741217658655, "221": 0.022887412176575857, "222": 0.02288741217658655, "223": 0.022887412176575857, "224": 0.022887412176575857, "225": 0.02288741217658655, "226": 0.022887412176575857, "227": 0.022887412176575857, "228": 0.022887412176575857, "229": 0.022887412176575857, "230": 0.02288741217658655, "231": 0.022887412176599925, "232": 0.02288741217658655, "233": 0.022887412176583875, "234": 0.022887412176575854, "235": 0.022887412176589225, "236": 0.022887412176581207, "237": 0.022887412176583875, "238": 0.022887412176586717, "239": 0.02402485952466912, "240": 0.0456218772329073, "241": 0.04560031603655714, "242": 0.04638156101157838, "243": 0.04638156101159976, "244": 0.04638156101157837, "245": 0.04638156101157837, "246": 0.04638156101158905, "247": 0.04638156101157837, "248": 0.04638156101157836, "249": 0.04638156101155697, "250": 0.046381561011567665, "251": 0.046381561011567665, "252": 0.046381561011567665, "253": 0.04638156101157836, "254": 0.04638156101155697, "255": 0.04638156101157836, "256": 0.04638156101157836, "257": 0.046381561011567665, "258": 0.046381561011567665, "259": 0.04638156101161578, "260": 0.04638156101159708, "261": 0.04638156101159975, "262": 0.04638156101158104, "263": 0.04638156101159441, "264": 0.04638156101159708, "265": 0.04638156101158907, "266": 0.04638156101158105, "267": 0.04638156101159443, "268": 0.046381561011585734, "269": 0.04766612669834178, "270": 0.061355542460179165, "271": 0.06079662175210662, "272": 0.06185589227668356, "273": 0.06185589227666218, "274": 0.0618558922766194, "275": 0.061855892276640775,