{"0": 2.3536882949940305, "1": 2.3536882949940305, "2": 1.2736897301243473, "3": 1.2736897301243473, "4": 1.2736897301243473, "5": 1.2736897301243473, "6": 1.2736897301243473, "7": 1.2736897301243473, "8": 1.2736897301243473, "9": 1.2736897301243473, "10": 1.2736897301243473, "11": 1.2736897301243473}