{"0": 0.0, "1": 2.7755575615628914e-17, "2": 0.1947457737887409, "3": -0.01784163210953896, "4": -0.2255277500819859, "5": -0.16787517060348411, "6": 0.37232461547641277, "7": -0.6908244284274098, "8": -0.08720907962860401, "9": -0.08720907962860401, "10": 0.35470837560723656, "11": 0.35470837560723656}