{"0": 0.04850292090441708, "1": -0.04850292090441709, "2": -0.4188486299741234, "3": 0.8287214087600857, "4": -0.35918523003864156, "5": 0.003604336364194159, "6": -0.043512620538471214, "7": -0.043512620538471214, "8": 0.008183338991356924, "9": 0.008183338991356924, "10": 0.008183338991356924, "11": 0.008183338991356924}