{"0": 0.0, "1": -2.7755575615628914e-17, "2": 8.777083671441753e-18, "3": -2.8230350482730134e-17, "4": -0.04844464544520274, "5": -0.03005036962499359, "6": 0.17285011602623457, "7": 0.17407527154649544, "8": 0.5115683898754564, "9": 0.3009930773067304, "10": -0.5404959198423601, "11": -0.5404959198423603}