{"0": 0.0319822172823753, "1": -0.03198221728237518, "2": -0.34386441865207934, "3": 0.11570808243052191, "4": 0.6458110610766832, "5": -0.6441655314024514, "6": 0.1749442396292789, "7": 0.029818350409596708, "8": 0.020406887998909464, "9": -0.03947244748827808, "10": 0.020406887998909464, "11": 0.020406887998909464}