{"0": -3.6037981487879733e-09, "1": 3.1364610541134096e-09, "2": 0.17065281713695252, "3": 0.1475405582420123, "4": 0.15023314453859538, "5": -0.17609488589623912, "6": -0.38535433582427486, "7": 0.328965009010919, "8": -0.4474396711547488, "9": 0.4118023646723162, "10": 0.252671505850493, "11": -0.45297650610868845}