{"name": "eigen", "eigen": 2, "normalized": true, "process_time": 0.008276939392089844, "data": {"0": 0.02373922009576741, "1": 0.25422919011512496, "2": 0.1837640037078531, "3": -0.09027584653479567, "4": -0.19645033143658336, "5": 0.011970078398747997, "6": 0.24695546052795342, "7": 0.3564751150486688, "8": 0.3609705271585162, "9": 0.196450331436583, "10": -0.01197007839874813, "11": -0.24695546052795292, "12": -0.18376400370785273, "13": 0.09027584653479571, "14": 0.18917660184941168, "15": -0.023739220095767566, "16": -0.25422919011512496, "17": -0.3609705271585167, "18": -0.3564751150486685, "19": -0.18917660184941174}}