{"name": "eigen", "eigen": 1, "normalized": true, "process_time": 0.008276939392089844, "data": {"0": 0.3865701093323753, "1": 0.2736067627130933, "2": 0.11805772036828766, "3": 0.13488647190098288, "4": -0.11727865463379605, "5": -0.2899540251424025, "6": -0.14450814660192374, "7": -0.15123373433029186, "8": 0.10717549082946899, "9": 0.11727865463379639, "10": 0.2899540251424027, "11": 0.14450814660192418, "12": -0.1180577203682872, "13": -0.13488647190098246, "14": -0.30083625468122116, "15": -0.3865701093323754, "16": -0.2736067627130932, "17": -0.10717549082946871, "18": 0.15123373433029214, "19": 0.3008362546812212}}