{"name": "fiedler", "normalized": false, "process_time": 0.06215381622314453, "data": {"0": -0.05516077767694805, "1": -0.05613036331417086, "2": -0.05603477517484171, "3": -0.056034775174841685, "4": -0.05603477517484171, "5": -0.05603477517484171, "6": -0.056034775174841754, "7": -0.05603477517484171, "8": -0.05603477517484178, "9": -0.056034775174841754, "10": -0.056034775174841685, "11": -0.056034775174841754, "12": -0.056034775174841775, "13": -0.05603477517484177, "14": -0.05603477517484172, "15": -0.05603477517484172, "16": -0.05603477517484177, "17": -0.056034775174841754, "18": -0.05603477517484172, "19": -0.05603477517484172, "20": -0.05603477517484177, "21": -0.05603477517484174, "22": -0.056034775174841754, "23": -0.056034775174841754, "24": -0.05603477517484172, "25": -0.05603477517484171, "26": -0.056034775174841754, "27": -0.056034775174841754, "28": -0.056034775174841754, "29": -0.056034775174841754, "30": -0.056034775174841754, "31": -0.056034775174841754, "32": -0.056034775174841754, "33": -0.056034775174841754, "34": -0.05603477517484172, "35": -0.05603477517484172, "36": -0.05603477517484172, "37": -0.05603477517484174, "38": -0.05603477517484174, "39": -0.05603477517484172, "40": -0.05603477517484174, "41": -0.05603477517484172, "42": -0.05603477517484171, "43": -0.05603477517484171, "44": -0.0560347751748417, "45": -0.05603477517484171, "46": -0.0560347751748417, "47": -0.0560347751748417, "48": -0.05603477517484171, "49": -0.05603477517484165, "50": -0.05603477517484166, "51": -0.05603477517484165, "52": -0.05603477517484166, "53": -0.05603477517484165, "54": -0.05603477517484165, "55": -0.056034775174841685, "56": -0.056034775174841685, "57": -0.056034775174841685, "58": -0.05603477517484165, "59": -0.05603477517484171, "60": -0.05603477517484166, "61": -0.05603477517484171, "62": -0.05603477517484171, "63": -0.05603477517484171, "64": -0.05603477517484171, "65": -0.0560347751748417, "66": -0.056034775174841685, "67": -0.0560347751748417, "68": -0.05603477517484167, "69": -0.05603477517484167, "70": -0.0628202051886217, "71": -0.06213738373313153, "72": -0.06291579332794968, "73": -0.06291579332794968, "74": -0.06291579332794968, "75": -0.06291579332794968, "76": -0.06291579332794964, "77": -0.06291579332794964, "78": -0.06291579332794964, "79": -0.06291579332794965, "80": -0.06291579332794965, "81": -0.06291579332794962, "82": -0.06291579332794964, "83": -0.06291579332794962, "84": -0.06291579332794962, "85": -0.06291579332794962, "86": -0.06291579332794965, "87": -0.06291579332794965, "88": -0.06291579332794965, "89": -0.06291579332794965, "90": -0.06291579332794965, "91": -0.06291579332794967, "92": -0.06291579332794968, "93": -0.06291579332794968, "94": -0.06291579332794968, "95": -0.06291579332794968, "96": -0.06291579332794968, "97": -0.06291579332794968, "98": -0.06291579332794969, "99": -0.06291579332794969, "100": -0.06291579332794969, "101": -0.06291579332794969, "102": -0.06291579332794969, "103": -0.06291579332794969, "104": -0.06291579332794969, "105": -0.06291579332794969, "106": -0.06291579332794969, "107": -0.06291579332794969, "108": -0.06291579332794969, "109": -0.06291579332794969, "110": -0.06291579332794969, "111": -0.06291579332794968, "112": -0.06291579332794969, "113": -0.0629157933279497, "114": -0.06291579332794969, "115": -0.0629157933279497, "116": -0.0629157933279497, "117": -0.06291579332794969, "118": -0.06291579332794972, "119": -0.06291579332794968, "120": -0.06291579332794968, "121": -0.06291579332794968, "122": -0.06291579332794968, "123": -0.06291579332794968, "124": -0.06291579332794967, "125": -0.06291579332794964, "126": -0.06291579332794965, "127": -0.06291579332794965, "128": -0.06291579332794964, "129": -0.06291579332794961, "130": -0.06291579332794962, "131": -0.06291579332794965, "132": -0.06291579332794964, "133": -0.06291579332794968, "134": -0.06291579332794967, "135": -0.06291579332794968, "136": -0.06291579332794969, "137": -0.06291579332794969, "138": -0.06291579332794968, "139": -0.0629157933279497, "140": -0.0076595253700562915, "141": -0.006007113597531756, "142": -0.0068811157752388585, "143": -0.006881115775238858, "144": -0.006881115775238858, "145": -0.006881115775238857, "146": -0.006881115775238858, "147": -0.006881115775238858, "148": -0.006881115775238855, "149": -0.006881115775238854, "150": -0.006881115775238858, "151": -0.006881115775238855, "152": -0.006881115775238849, "153": -0.006881115775238857, "154": -0.006881115775238851, "155": -0.006881115775238856, "156": -0.006881115775238853, "157": -0.006881115775238853, "158": -0.006881115775238851, "159": -0.006881115775238849, "160": -0.006881115775238849, "161": -0.006881115775238846, "162": -0.006881115775238847, "163": -0.006881115775238843, "164": -0.0068811157752388455, "165": -0.006881115775238842, "166": -0.006881115775238839, "167": -0.006881115775238842, "168": -0.00688111577523884, "169": -0.006881115775238836, "170": -0.006881115775238835, "171": -0.006881115775238833, "172": -0.006881115775238837, "173": -0.006881115775238837, "174": -0.006881115775238837, "175": -0.006881115775238837, "176": -0.006881115775238836, "177": -0.006881115775238837, "178": -0.006881115775238837, "179": -0.006881115775238837, "180": -0.006881115775238841, "181": -0.006881115775238837, "182": -0.006881115775238842, "183": -0.006881115775238842, "184": -0.006881115775238841, "185": -0.006881115775238843, "186": -0.006881115775238843, "187": -0.006881115775238843, "188": -0.006881115775238844, "189": -0.006881115775238847, "190": -0.00688111577523885, "191": -0.006881115775238851, "192": -0.006881115775238852, "193": -0.0068811157752388516, "194": -0.006881115775238851, "195": -0.006881115775238853, "196": -0.006881115775238853, "197": -0.006881115775238852, "198": -0.006881115775238854, "199": -0.006881115775238856, "200": -0.006881115775238856, "201": -0.006881115775238854, "202": -0.006881115775238858, "203": -0.006881115775238857, "204": -0.006881115775238858, "205": -0.006881115775238858, "206": -0.006881115775238858, "207": -0.0068811157752388585, "208": -0.006881115775238858, "209": -0.0068811157752388585, "210": 0.05516089751659347, "211": 0.05613048732210117, "212": 0.0560348996943001, "213": 0.05603489969430012, "214": 0.05603489969430012, "215": 0.05603489969430017, "216": 0.05603489969430014, "217": 0.05603489969430012, "218": 0.05603489969430012, "219": 0.05603489969430012, "220": 0.05603489969430012, "221": 0.05603489969430014, "222": 0.05603489969430014, "223": 0.05603489969430016, "224": 0.05603489969430016, "225": 0.056034899694300117, "226": 0.0560348996943001, "227": 0.0560348996943001, "228": 0.05603489969430014, "229": 0.056034899694300117, "230": 0.056034899694300117, "231": 0.05603489969430012, "232": 0.05603489969430016, "233": 0.05603489969430009, "234": 0.05603489969430009, "235": 0.05603489969430009, "236": 0.0560348996943001, "237": 0.056034899694300117, "238": 0.0560348996943001, "239": 0.05603489969430009, "240": 0.0560348996943001, "241": 0.05603489969430009, "242": 0.05603489969430009, "243": 0.05603489969430009, "244": 0.05603489969430014, "245": 0.05603489969430009, "246": 0.05603489969430009, "247": 0.056034899694300117, "248": 0.05603489969430009, "249": 0.056034899694300117, "250": 0.05603489969430009, "251": 0.05603489969430009, "252": 0.05603489969430009, "253": 0.05603489969430009, "254": 0.056034899694300117, "255": 0.05603489969430009, "256": 0.05603489969430009, "257": 0.05603489969430009, "258": 0.05603489969430009, "259": 0.05603489969430009, "260": 0.05603489969430009, "261": 0.05603489969430009, "262": 0.0560348996943001, "263": 0.05603489969430009, "264": 0.05603489969430006, "265": 0.0560348996943001, "266": 0.0560348996943001, "267": 0.05603489969430006, "268": 0.0560348996943001, "269": 0.05603489969430009, "270": 0.05603489969430009, "271": 0.05603489969430009, "272": 0.05603489969430009, "273": 0.056034899694300075, "274": 0.056034899694300075, "275": 0.05603489969430009,