{"name": "fiedler", "normalized": true, "process_time": 0.06203794479370117, "data": {"0": -0.028111681787561515, "1": -0.029630694661465833, "2": -0.0288646309218879, "3": -0.02886463092189341, "4": -0.028864630921889286, "5": -0.028864630921892044, "6": -0.028864630921892044, "7": -0.028864630921892044, "8": -0.028864630921889286, "9": -0.028864630921889286, "10": -0.028864630921893418, "11": -0.028864630921890663, "12": -0.028864630921890663, "13": -0.028864630921890663, "14": -0.028864630921889293, "15": -0.02886463092189618, "16": -0.028864630921890663, "17": -0.028864630921892048, "18": -0.02886463092189618, "19": -0.028864630921892048, "20": -0.02886463092189481, "21": -0.028864630921892048, "22": -0.028864630921892048, "23": -0.028864630921892048, "24": -0.02886463092189481, "25": -0.028864630921892048, "26": -0.028864630921892048, "27": -0.028864630921892048, "28": -0.02886463092189618, "29": -0.02886463092189481, "30": -0.028864630921892048, "31": -0.02886463092189618, "32": -0.02886463092189481, "33": -0.02886463092189481, "34": -0.02886463092189481, "35": -0.02886463092189481, "36": -0.028864630921892048, "37": -0.02886463092189481, "38": -0.02886463092189481, "39": -0.028864630921892048, "40": -0.02886463092189481, "41": -0.028864630921892048, "42": -0.028864630921892048, "43": -0.028864630921892048, "44": -0.028864630921892048, "45": -0.028864630921892048, "46": -0.02886463092189618, "47": -0.028864630921892048, "48": -0.028864630921892048, "49": -0.028864630921892048, "50": -0.028864630921892048, "51": -0.02886463092189481, "52": -0.028864630921891354, "53": -0.028864630921895493, "54": -0.028864630921894115, "55": -0.028864630921894115, "56": -0.028864630921890663, "57": -0.028864630921894802, "58": -0.028864630921893418, "59": -0.02886463092189618, "60": -0.02886463092189463, "61": -0.028864630921894455, "62": -0.028864630921892905, "63": -0.028864630921892735, "64": -0.02886463092189393, "65": -0.02886463092189376, "66": -0.028864630921892214, "67": -0.028864630921889286, "68": -0.028864630921891864, "69": -0.028864630921888925, "70": -0.068652638347868, "71": -0.06880633533367578, "72": -0.068713872393984, "73": -0.06871387239398953, "74": -0.06871387239399507, "75": -0.06871387239400054, "76": -0.06871387239399507, "77": -0.0687138723939978, "78": -0.0687138723939978, "79": -0.06871387239400059, "80": -0.06871387239399507, "81": -0.06871387239400607, "82": -0.06871387239400333, "83": -0.0687138723940061, "84": -0.06871387239400059, "85": -0.06871387239401161, "86": -0.06871387239400886, "87": -0.06871387239401713, "88": -0.06871387239401164, "89": -0.06871387239401164, "90": -0.0687138723940144, "91": -0.06871387239402267, "92": -0.06871387239401716, "93": -0.06871387239401716, "94": -0.06871387239401994, "95": -0.06871387239402268, "96": -0.06871387239401718, "97": -0.06871387239402268, "98": -0.06871387239401995, "99": -0.06871387239402268, "100": -0.06871387239402821, "101": -0.06871387239402821, "102": -0.06871387239402549, "103": -0.06871387239402549, "104": -0.06871387239402549, "105": -0.06871387239402549, "106": -0.06871387239402549, "107": -0.06871387239403098, "108": -0.06871387239402409, "109": -0.06871387239402821, "110": -0.06871387239402683, "111": -0.06871387239402547, "112": -0.06871387239402407, "113": -0.06871387239402268, "114": -0.06871387239402131, "115": -0.06871387239401994, "116": -0.06871387239401304, "117": -0.06871387239401165, "118": -0.06871387239401028, "119": -0.06871387239400888, "120": -0.06871387239400749, "121": -0.06871387239400611, "122": -0.06871387239400473, "123": -0.06871387239400334, "124": -0.06871387239400197, "125": -0.06871387239400059, "126": -0.0687138723939937, "127": -0.06871387239399782, "128": -0.06871387239399643, "129": -0.06871387239399507, "130": -0.06871387239399367, "131": -0.06871387239399229, "132": -0.06871387239399711, "133": -0.068713872393993, "134": -0.06871387239398608, "135": -0.06871387239398469, "136": -0.06871387239398333, "137": -0.06871387239398762, "138": -0.06871387239398082, "139": -0.06871387239397951, "140": -0.040541015612018755, "141": -0.03917570544753611, "142": -0.03984930429424576, "143": -0.03984930429425126, "144": -0.03984930429425126, "145": -0.03984930429424574, "146": -0.03984930429424576, "147": -0.03984930429424574, "148": -0.03984930429424574, "149": -0.03984930429424022, "150": -0.03984930429424022, "151": -0.03984930429424022, "152": -0.03984930429424572, "153": -0.039849304294245734, "154": -0.039849304294245734, "155": -0.039849304294244346, "156": -0.039849304294245734, "157": -0.03984930429424711, "158": -0.03984930429424298, "159": -0.039849304294244346, "160": -0.039849304294245734, "161": -0.039849304294244346, "162": -0.03984930429424848, "163": -0.03984930429424159, "164": -0.03984930429424298, "165": -0.03984930429424159, "166": -0.039849304294240225, "167": -0.03984930429424159, "168": -0.03984930429424298, "169": -0.03984930429424298, "170": -0.03984930429424298, "171": -0.03984930429424298, "172": -0.03984930429424298, "173": -0.03984930429424298, "174": -0.03984930429424298, "175": -0.03984930429424298, "176": -0.03984930429424298, "177": -0.03984930429424298, "178": -0.03984930429424298, "179": -0.03984930429424298, "180": -0.03984930429424298, "181": -0.039849304294245734, "182": -0.03984930429424298, "183": -0.03984930429424298, "184": -0.03984930429424298, "185": -0.03984930429424298, "186": -0.03984930429424298, "187": -0.039849304294245734, "188": -0.03984930429424298, "189": -0.03984930429424298, "190": -0.039849304294245734, "191": -0.039849304294245734, "192": -0.03984930429424298, "193": -0.03984930429424298, "194": -0.03984930429424298, "195": -0.03984930429424436, "196": -0.03984930429424574, "197": -0.039849304294247136, "198": -0.039849304294248496, "199": -0.0398493042942499, "200": -0.03984930429425126, "201": -0.03984930429425266, "202": -0.039849304294259556, "203": -0.0398493042942499, "204": -0.039849304294254026, "205": -0.03984930429425543, "206": -0.039849304294256795, "207": -0.039849304294255435, "208": -0.03984930429425953, "209": -0.039849304294260854, "210": 0.028111453087061773, "211": 0.029630464288402523, "212": 0.028864398180752197, "213": 0.028864398180752197, "214": 0.028864398180746688, "215": 0.028864398180750823, "216": 0.028864398180750823, "217": 0.028864398180750823, "218": 0.028864398180745304, "219": 0.028864398180748065, "220": 0.028864398180748065, "221": 0.028864398180748065, "222": 0.028864398180748065, "223": 0.028864398180742545, "224": 0.028864398180742545, "225": 0.028864398180742545, "226": 0.028864398180742545, "227": 0.028864398180741158, "228": 0.028864398180741158, "229": 0.028864398180741158, "230": 0.028864398180741158, "231": 0.028864398180741158, "232": 0.028864398180741158, "233": 0.028864398180741158, "234": 0.028864398180741158, "235": 0.028864398180738406, "236": 0.028864398180738406, "237": 0.028864398180738406, "238": 0.028864398180741158, "239": 0.028864398180741158, "240": 0.028864398180741158, "241": 0.028864398180738406, "242": 0.028864398180735648, "243": 0.028864398180735648, "244": 0.028864398180741158, "245": 0.028864398180741158, "246": 0.028864398180735648, "247": 0.028864398180741158, "248": 0.028864398180738406, "249": 0.028864398180741158, "250": 0.028864398180735648, "251": 0.028864398180738406, "252": 0.028864398180738406, "253": 0.028864398180738406, "254": 0.028864398180735648, "255": 0.028864398180738406, "256": 0.028864398180742542, "257": 0.028864398180742542, "258": 0.028864398180742542, "259": 0.028864398180742542, "260": 0.028864398180741158, "261": 0.02886439818074151, "262": 0.028864398180743232, "263": 0.028864398180743583, "264": 0.028864398180742545, "265": 0.028864398180748405, "266": 0.028864398180748745, "267": 0.02886439818074772, "268": 0.028864398180743926, "269": 0.028864398180749786, "270": 0.028864398180750126, "271": 0.028864398180750473, "272": 0.028864398180746688, "273": 0.028864398180751167,