{"directed": false, "multigraph": true, "graph": {}, "nodes": [{"cover": {"level": 0, "range": [0.0, 0.5]}, "min_value": 0.40474829917360916, "max_value": 0.43578170130535615, "avg_value": 0.40526185278452087, "component_count": 156, "components": ["237", "213", "214", "201", "274", "240", "209", "269", "229", "191", "220", "174", "51", "265", "33", "223", "264", "251", "163", "224", "249", "234", "207", "254", "41", "35", "173", "188", "203", "181", "230", "233", "164", "198", "199", "192", "169", "277", "183", "193", "247", "253", "272", "182", "44", "55", "279", "167", "160", "34", "270", "204", "256", "178", "231", "195", "248", "250", "32", "280", "157", "43", "215", "176", "47", "258", "235", "218", "267", "50", "221", "166", "165", "170", "190", "278", "273", "243", "172", "40", "37", "7", "225", "242", "257", "179", "261", "184", "239", "255", "45", "162", "187", "263", "217", "161", "156", "262", "189", "48", "252", "210", "177", "206", "228", "241", "53", "9", "38", "186", "36", "158", "175", "159", "236", "259", "266", "39", "10", "271", "54", "216", "8", "180", "52", "197", "205", "208", "46", "260", "219", "49", "244", "222", "196", "168", "171", "194", "276", "212", "211", "1", "227", "238", "245", "268", "202", "232", "6", "31", "42", "246", "275", "226", "185", "200"], "x": 375.0, "y": 466.50635094610965, "id": "mapper_node_0"}, {"cover": {"level": 0, "range": [0.0, 0.5]}, "min_value": 0.4444379894513281, "max_value": 0.4676878380197756, "avg_value": 0.44482273121485516, "component_count": 156, "components": ["93", "476", "419", "17", "502", "425", "83", "484", "85", "496", "450", "530", "415", "408", "439", "420", "493", "102", "445", "432", "506", "479", "423", "520", "482", "451", "460", "461", "411", "523", "525", "529", "416", "524", "488", "491", "516", "87", "499", "82", "438", "447", "456", "449", "497", "95", "414", "473", "84", "90", "441", "464", "507", "410", "469", "475", "448", "91", "462", "421", "454", "511", "424", "455", "452", "3", "19", "458", "466", "471", "480", "103", "104", "101", "463", "512", "472", "453", "440", "527", "97", "481", "94", "437", "522", "509", "20", "105", "501", "504", "443", "406", "490", "477", "417", "81", "517", "422", "489", "98", "409", "412", "478", "413", "435", "459", "519", "528", "427", "442", "444", "474", "100", "429", "503", "510", "467", "16", "433", "446", "513", "434", "514", "508", "426", "436", "430", "498", "465", "505", "518", "86", "483", "89", "96", "407", "92", "526", "99", "468", "492", "18", "494", "88", "485", "487", "418", "457", "428", "500", "431", "486", "495", "515", "470", "521"], "x": 0.0, "y": 250.00000000000003, "id": "mapper_node_1"}, {"cover": {"level": 0, "range": [0.0, 0.5]}, "min_value": 0.0, "max_value": 0.11040839063418482, "avg_value": 0.0018267987963170493, "component_count": 156, "components": ["110", "608", "647", "124", "543", "126", "615", "564", "130", "595", "599", "556", "125", "648", "616", "555", "641", "567", "649", "562", "622", "593", "651", "605", "624", "571", "106", "107", "24", "536", "603", "652", "590", "583", "597", "532", "586", "640", "4", "618", "643", "25", "540", "632", "620", "602", "610", "576", "569", "121", "119", "544", "638", "116", "580", "531", "118", "655", "588", "129", "594", "568", "587", "553", "109", "554", "596", "600", "573", "621", "582", "574", "637", "114", "578", "21", "120", "115", "653", "650", "560", "566", "613", "592", "22", "561", "111", "550", "626", "609", "611", "128", "631", "557", "117", "565", "589", "625", "614", "551", "570", "545", "629", "112", "617", "606", "591", "645", "634", "546", "636", "639", "542", "113", "642", "575", "538", "572", "612", "122", "23", "654", "558", "123", "584", "552", "541", "533", "581", "547", "601", "579", "563", "628", "585", "604", "108", "623", "630", "549", "537", "646", "539", "127", "548", "633", "635", "644", "619", "534", "559", "607", "535", "627", "598", "577"], "x": 374.99999999999983, "y": 33.49364905389024, "id": "mapper_node_2"}, {"cover": {"level": 1, "range": [0.5, 1.0]}, "min_value": 0.5629931077120177, "max_value": 1.0, "avg_value": 0.9801899087318973, "component_count": 313, "components": ["679", "346", "770", "691", "353", "294", "136", "292", "715", "333", "778", "141", "347", "392", "137", "139", "320", "65", "357", "404", "403", "695", "706", "754", "768", "729", "402", "378", "772", "376", "307", "140", "738", "399", "362", "319", "342", "147", "312", "308", "150", "661", "283", "734", "676", "686", "674", "688", "722", "132", "745", "668", "155", "302", "57", "396", "315", "719", "365", "311", "701", "367", "670", "350", "681", "662", "332", "728", "310", "318", "285", "775", "304", "677", "358", "282", "714", "709", "720", "340", "73", "762", "683", "746", "355", "761", "765", "657", "366", "723", "708", "131", "288", "324", "354", "658", "381", "716", "666", "699", "689", "718", "336", "369", "383", "70", "750", "321", "326", "341", "751", "64", "12", "387", "71", "337", "405", "138", "744", "755", "297", "736", "281", "286", "26", "309", "56", "724", "384", "11", "766", "146", "779", "28", "777", "385", "361", "349", "758", "359", "757", "148", "697", "377", "771", "764", "664", "692", "134", "372", "348", "704", "698", "752", "67", "710", "344", "152", "300", "705", "713", "747", "707", "717", "389", "293", "763", "397", "684", "153", "401", "659", "61", "77", "680", "667", "317", "149", "735", "329", "331", "395", "29", "69", "742", "356", "703", "391", "345", "301", "284", "690", "388", "672", "725", "78", "748", "13", "398", "740", "737", "335", "393", "693", "773", "656", "390", "379", "330", "776", "68", "334", "739", "727", "27", "80", "394", "72", "685", "678", "15", "305", "66", "2", "314", "363", "145", "673", "760", "323", "62", "60", "382", "296", "370", "696", "759", "360", "675", "700", "316", "669", "769", "371", "142", "287", "364", "671", "63", "133", "749", "306", "322", "731", "14", "298", "352", "753", "135", "665", "290", "58", "660", "687", "151", "380", "289", "325", "712", "79", "339", "730", "386", "743", "303", "343", "327", "59", "368", "733", "756", "30", "711", "74", "682", "702", "295", "767", "338", "375", "76", "144", "313", "726", "373", "721", "328", "299", "741", "75", "0", "143", "374", "780", "5", "774", "351", "400", "732", "694", "663", "154", "291"], "x": 250.0, "y": 250.0, "id": "mapper_node_3"}], "links": [{"value": 1, "source": "mapper_node_0", "target": "mapper_node_3", "key": 0}, {"value": 1, "source": "mapper_node_1", "target": "mapper_node_3", "key": 0}, {"value": 1, "source": "mapper_node_2", "target": "mapper_node_3", "key": 0}], "info": {"component_method": "connected_components", "link_method": "connectivity", "cover_overlap": 0.0, "cover_intervals": 2, "compute_time": 0.01456594467163086}}