{"directed": false, "multigraph": true, "graph": {}, "nodes": [{"cover": {"level": 0, "range": [0.0, 0.16666666666666666]}, "min_value": 0.0, "max_value": 0.11040839063418482, "avg_value": 0.0018267987963170493, "component_count": 156, "components": ["110", "608", "647", "124", "543", "126", "615", "564", "130", "595", "599", "556", "125", "648", "555", "616", "641", "567", "649", "562", "622", "593", "651", "605", "624", "571", "106", "107", "24", "603", "536", "652", "590", "583", "597", "532", "586", "640", "4", "618", "643", "25", "540", "632", "620", "602", "610", "576", "569", "121", "119", "544", "638", "116", "580", "531", "118", "655", "588", "129", "594", "568", "587", "553", "109", "554", "596", "600", "573", "621", "582", "574", "637", "114", "578", "21", "120", "115", "653", "650", "560", "566", "613", "592", "22", "561", "111", "550", "626", "609", "611", "128", "631", "557", "117", "565", "589", "625", "614", "551", "570", "545", "629", "112", "617", "606", "591", "645", "634", "636", "639", "542", "113", "642", "575", "538", "612", "572", "122", "23", "654", "558", "123", "584", "552", "541", "533", "581", "547", "601", "579", "563", "628", "585", "604", "108", "623", "549", "630", "537", "646", "539", "127", "577", "548", "633", "635", "644", "619", "534", "559", "607", "535", "627", "598", "546"], "x": 452.25424859373686, "y": 396.9463130731183, "id": "mapper_node_0"}, {"cover": {"level": 2, "range": [0.3333333333333333, 0.5]}, "min_value": 0.4444379894513281, "max_value": 0.4676878380197756, "avg_value": 0.44482273121485516, "component_count": 156, "components": ["93", "476", "419", "17", "502", "425", "83", "484", "85", "496", "450", "530", "415", "408", "439", "420", "493", "102", "445", "432", "506", "479", "423", "520", "482", "451", "460", "461", "411", "523", "525", "529", "416", "524", "488", "491", "516", "87", "499", "456", "82", "438", "447", "449", "497", "95", "414", "473", "84", "90", "441", "464", "507", "410", "469", "475", "462", "91", "448", "421", "454", "511", "424", "455", "452", "3", "19", "458", "466", "471", "480", "103", "104", "463", "101", "512", "472", "453", "440", "527", "97", "481", "94", "437", "522", "509", "20", "105", "501", "504", "443", "406", "490", "477", "417", "81", "517", "422", "489", "98", "409", "412", "478", "413", "435", "459", "519", "528", "427", "442", "444", "474", "100", "429", "503", "510", "467", "16", "433", "446", "513", "434", "514", "508", "426", "436", "430", "498", "465", "505", "518", "86", "483", "89", "96", "407", "92", "526", "99", "468", "492", "18", "494", "88", "485", "487", "457", "418", "428", "500", "431", "486", "495", "515", "470", "521"], "x": 172.7457514062631, "y": 487.76412907378835, "id": "mapper_node_1"}, {"cover": {"level": 2, "range": [0.3333333333333333, 0.5]}, "min_value": 0.40474829917360916, "max_value": 0.43578170130535615, "avg_value": 0.40526185278452087, "component_count": 156, "components": ["237", "213", "214", "201", "274", "240", "209", "269", "229", "191", "220", "174", "51", "265", "223", "33", "264", "251", "163", "224", "249", "234", "207", "254", "41", "35", "173", "188", "203", "181", "230", "233", "164", "198", "199", "192", "169", "277", "183", "193", "247", "253", "272", "182", "44", "55", "279", "167", "160", "34", "270", "204", "256", "178", "231", "195", "248", "250", "32", "280", "157", "43", "215", "176", "47", "258", "235", "218", "267", "221", "50", "166", "165", "170", "190", "278", "273", "243", "172", "40", "37", "7", "225", "242", "257", "179", "261", "184", "239", "255", "45", "162", "187", "263", "217", "161", "156", "262", "189", "48", "252", "210", "177", "206", "228", "241", "53", "9", "38", "186", "36", "158", "175", "159", "236", "259", "266", "39", "10", "271", "54", "216", "8", "180", "52", "197", "208", "205", "46", "219", "260", "49", "244", "222", "196", "168", "171", "194", "276", "212", "211", "1", "227", "238", "245", "268", "202", "232", "6", "31", "42", "246", "226", "275", "185", "200"], "x": 0.0, "y": 250.00000000000003, "id": "mapper_node_2"}, {"cover": {"level": 3, "range": [0.5, 0.6666666666666666]}, "min_value": 0.5629931077120177, "max_value": 0.5629931077120177, "avg_value": 0.5629931077120177, "component_count": 1, "components": ["0"], "x": 250.0, "y": 250.0, "id": "mapper_node_3"}, {"cover": {"level": 5, "range": [0.8333333333333333, 1.0]}, "min_value": 0.9142986995536451, "max_value": 1.0, "avg_value": 0.9985819706034097, "component_count": 156, "components": ["762", "752", "679", "683", "746", "770", "691", "761", "765", "696", "759", "675", "136", "657", "715", "710", "700", "669", "152", "769", "778", "142", "141", "671", "723", "708", "131", "705", "137", "139", "713", "747", "707", "717", "763", "658", "684", "133", "716", "749", "153", "666", "731", "659", "699", "695", "689", "706", "718", "754", "768", "753", "729", "135", "665", "680", "667", "660", "750", "687", "151", "149", "735", "751", "712", "29", "730", "772", "743", "742", "140", "738", "703", "690", "147", "138", "744", "672", "725", "748", "755", "733", "150", "756", "661", "30", "740", "737", "711", "736", "734", "693", "676", "686", "682", "26", "674", "773", "656", "688", "702", "724", "767", "722", "132", "745", "776", "668", "766", "146", "155", "779", "739", "144", "726", "727", "28", "777", "719", "721", "27", "758", "757", "701", "685", "678", "670", "148", "741", "697", "771", "143", "681", "764", "662", "780", "5", "664", "728", "774", "692", "732", "134", "145", "694", "673", "663", "704", "154", "775", "760", "677", "698", "714", "709", "720"], "x": 452.25424859373686, "y": 103.05368692688168, "id": "mapper_node_4"}, {"cover": {"level": 5, "range": [0.8333333333333333, 1.0]}, "min_value": 0.886788909188402, "max_value": 0.9657791883993986, "avg_value": 0.964472185328461, "component_count": 156, "components": ["340", "60", "73", "67", "382", "346", "296", "370", "355", "353", "294", "360", "292", "316", "333", "344", "300", "371", "287", "364", "347", "366", "392", "320", "63", "389", "293", "288", "397", "324", "65", "354", "381", "357", "404", "306", "322", "403", "401", "336", "14", "298", "352", "369", "61", "77", "383", "70", "402", "290", "58", "380", "321", "289", "326", "317", "341", "325", "329", "331", "79", "64", "395", "339", "378", "69", "12", "386", "387", "376", "307", "356", "71", "391", "345", "399", "301", "303", "362", "337", "343", "405", "284", "319", "342", "388", "327", "312", "59", "368", "78", "308", "13", "398", "297", "335", "393", "281", "74", "283", "286", "309", "390", "56", "295", "379", "384", "330", "338", "11", "375", "334", "76", "68", "313", "302", "57", "373", "396", "315", "385", "361", "365", "349", "328", "80", "394", "359", "311", "72", "367", "299", "15", "75", "305", "377", "350", "66", "374", "2", "332", "314", "351", "400", "310", "318", "363", "372", "348", "285", "304", "323", "291", "358", "282", "62"], "x": 172.7457514062631, "y": 12.235870926211618, "id": "mapper_node_5"}], "links": [{"value": 1, "source": "mapper_node_0", "target": "mapper_node_3", "key": 0}, {"value": 1, "source": "mapper_node_1", "target": "mapper_node_3", "key": 0}, {"value": 1, "source": "mapper_node_2", "target": "mapper_node_3", "key": 0}, {"value": 1, "source": "mapper_node_3", "target": "mapper_node_5", "key": 0}, {"value": 1, "source": "mapper_node_3", "target": "mapper_node_4", "key": 0}], "info": {"component_method": "connected_components", "link_method": "connectivity", "cover_overlap": 0.0, "cover_intervals": 6, "compute_time": 0.011036872863769531}}