{"Sen. Jeff Bingaman [D, 1983-2012]": 0.0059485229422025325, "Sen. Richard Durbin [D, 1997-2020]": 0.006150122030103953, "Sen. Craig Thomas [R, 1995-2007]": 0.01103566121250123, "Sen. Richard Burr [R, 2005-2022]": -0.06166769237257397, "Sen. Frank Lautenberg [D, 2003-2013]": 0.007313762160967074, "Sen. Richard Lugar [R, 1977-2012]": -0.015165712239675621, "Sen. Pat Roberts [R, 1997-2020]": -0.012345388249850486, "Sen. Barack Obama [D, 2005-2008]": 0.011658265446903682, "Sen. Wayne Allard [R, 1997-2008]": -0.05965357593770304, "Sen. Ron Wyden [D, 1996-2022]": 0.006097611463947002, "Sen. Russell Feingold [D, 1993-2010]": 0.009850092644690223, "Sen. Christopher \u201cKit\u201d Bond [R, 1987-2010]": -0.01573135394040681, "Sen. Trent Lott [R, 1989-2007]": -0.02265887291391916, "Sen. Jefferson \u201cJeff\u201d Sessions [R, 1997-2017]": -0.021520090915823853, "Sen. John Ensign [R, 2001-2011]": -0.07332458340025766, "Sen. Kay Hutchison [R, 1993-2012]": -0.018375467176679594, "Sen. Edward \u201cTed\u201d Kennedy [D, 1962-2009]": 0.005586190058681217, "Sen. John \u201cJay\u201d Rockefeller IV [D, 1985-2014]": 0.006073308144325454, "Sen. Ken Salazar [D, 2005-2009]": 0.002786049776186697, "Sen. Byron Dorgan [D, 1992-2010]": 0.004855934833013713, "Sen. Robert \u201cBob\u201d Men\u00e9ndez [D, 2006-2018]": 0.0068205723947901906, "Sen. John Thune [R, 2005-2022]": -0.01617445994352585, "Sen. Lisa Murkowski [R, 2003-2022]": -0.01128193712680256, "Sen. Orrin Hatch [R, 1977-2018]": -0.012281827908224803, "Sen. Arlen Specter [R, 1981-2010]": -0.007322953552985762, "Sen. Bill Nelson [D, 2001-2018]": 0.004163971031866276, "Sen. Mark Pryor [D, 2003-2014]": 0.0035674435181450243, "Sen. Jon Tester [D, 2007-2018]": 0.005830991442271818, "Sen. Jim Bunning [R, 1999-2010]": -0.04245185889799786, "Sen. Joseph Biden Jr. [D, 1973-2009]": 0.011581667832047967, "Sen. Kent Conrad [D, 1992-2012]": 0.003969330529811877, "Sen. Bob Corker [R, 2007-2018]": -0.014637490978628043, "Sen. Mary Landrieu [D, 1997-2014]": 0.0034638367303679355, "Sen. Norm Coleman [R, 2003-2008]": -0.009058860961747291, "Sen. Hillary Clinton [D, 2001-2009]": 0.0097003973867342, "Sen. Elizabeth Dole [R, 2003-2008]": -0.0214958064777612, "Sen. James \u201cJim\u201d Inhofe [R, 1994-2020]": 0.956848065835034, "Sen. Samuel \u201cSam\u201d Brownback [R, 1996-2010]": -0.02133167781910767, "Sen. Jon Kyl [R, 1995-2012]": -0.13952649715383014, "Sen. Thad Cochran [R, 1979-2020]": -0.017108586792410677, "Sen. Claire McCaskill [D, 2007-2018]": 0.007337098625166314, "Sen. Christopher Dodd [D, 1981-2010]": 0.013326859053196647, "Sen. Herbert \u201cHerb\u201d Kohl [D, 1989-2012]": 0.005653442239554504, "Sen. Max Baucus [D, 1978-2014]": 0.004541674646825184, "Sen. Jim DeMint [R, 2005-2012]": 0.028292643044876137, "Sen. Benjamin Cardin [D, 2007-2018]": 0.006204845183790441, "Sen. Bernard \u201cBernie\u201d Sanders [I, 2007-2018]": 0.00918765980373976, "Sen. Robert \u201cBob\u201d Casey Jr. [D, 2007-2018]": 0.005092614743423752, "Sen. Tim Johnson [D, 1997-2014]": 0.0008457170931190736, "Sen. Saxby Chambliss [R, 2003-2014]": -0.026197468653121506, "Sen. John McCain [R, 1987-2022]": -0.040271537959047816, "Sen. Mitch McConnell [R, 1985-2020]": -0.026011563032200237, "Sen. Barbara Mikulski [D, 1987-2016]": 0.005160147790539793, "Sen. Charles \u201cChuck\u201d Hagel [R, 1997-2008]": -0.01705338154562653, "Sen. Carl Levin [D, 1979-2014]": 0.005997097046279931, "Sen. Barbara Boxer [D, 1993-2016]": 0.007515857976370185, "Sen. John Warner [R, 1979-2008]": -0.0130412388931677, "Sen. John Barrasso [R, 2007-2018]": -0.1686127857055391, "Sen. Sherrod Brown [D, 2007-2018]": 0.006846618735294843, "Sen. Michael Enzi [R, 1997-2020]": -0.05072351642212519, "Sen. Judd Gregg [R, 1993-2010]": -0.04019021905705549, "Sen. Evan Bayh [D, 1999-2010]": 0.004497329336194304, "Sen. John Cornyn [R, 2002-2020]": -0.03000614048932165, "Sen. Mel Martinez [R, 2005-2009]": -0.023548822212443705, "Sen. Olympia Snowe [R, 1995-2012]": -0.003191784584844551, "Sen. Ted Stevens [R, 1968-2008]": -0.010703591850189908, "Sen. Pete Domenici [R, 1973-2008]": -0.013905185746587842, "Sen. Amy Klobuchar [D, 2007-2018]": 0.0056174851901001875, "Sen. Charles \u201cChuck\u201d Schumer [D, 1999-2022]": 0.0069150236481550845, "Sen. Daniel Inouye [D, 1963-2012]": 0.006111265659715443, "Sen. Richard Shelby [R, 1987-2022]": -0.016355272586104645, "Sen. Lindsey Graham [R, 2003-2020]": -0.033399396140293865, "Sen. John \u201cJohnny\u201d Isakson [R, 2005-2022]": -0.021416180034256688, "Sen. George Voinovich [R, 1999-2010]": -0.01231941046163689, "Sen. Patty Murray [D, 1993-2022]": 0.005963954998263849, "Sen. Gordon Smith [R, 1997-2008]": -0.0063190167378727145, "Sen. Charles \u201cChuck\u201d Grassley [R, 1981-2022]": -0.013129196816333259, "Sen. Susan Collins [R, 1997-2020]": -0.005773671123440254, "Sen. Blanche Lincoln [D, 1999-2010]": 0.0037538972079107086, "Sen. Larry Craig [R, 1991-2008]": -0.02046426972605515, "Sen. John \u201cJack\u201d Reed [D, 1997-2020]": 0.006151120817387283, "Sen. Debbie Stabenow [D, 2001-2018]": 0.00738308955435983, "Sen. Ben Nelson [D, 2001-2012]": 0.0010455865788317894, "Sen. Patrick Leahy [D, 1975-2022]": 0.007569951761145882, "Sen. Robert Byrd [D, 1959-2010]": 0.005291209871191986, "Sen. Harry Reid [D, 1987-2016]": 0.005909554256710846, "Sen. Thomas Coburn [R, 2005-2014]": 0.017677970983725172, "Sen. Robert Bennett [R, 1993-2010]": -0.019840466674325298, "Sen. John Kerry [D, 1985-2013]": 0.006541467135833817, "Sen. David Vitter [R, 2005-2016]": -0.03135935046542579, "Sen. Lamar Alexander [R, 2003-2020]": -0.015346813798871062, "Sen. Michael Crapo [R, 1999-2022]": -0.021882246623804134, "Sen. Dianne Feinstein [D, 1992-2018]": 0.003697907776969675, "Sen. Maria Cantwell [D, 2001-2018]": 0.005537222195254791, "Sen. Thomas \u201cTom\u201d Harkin [D, 1985-2014]": 0.0080090985906273, "Sen. Thomas Carper [D, 2001-2018]": 0.002660960867123456, "Sen. Jim Webb [D, 2007-2012]": 0.004764694933541769, "Sen. Joseph Lieberman [I, 1989-2012]": -0.00016579019383225005, "Sen. Daniel Akaka [D, 1990-2012]": 0.004834072575042704, "Sen. John Sununu [R, 2003-2008]": -0.021435843285265512, "Sen. Sheldon Whitehouse [D, 2007-2018]": 0.006541918243845875}