{"0": 36.593179491229336, "1": 36.593179491229336, "2": 36.593179491229336, "3": 36.593179491229336, "4": 36.593179491229336, "5": 36.593179491229336, "6": 36.593179491229336, "7": 36.593179491229336, "8": 36.593179491229336, "9": 36.593179491229336, "10": 36.593179491229336, "11": 36.593179491229336, "12": 36.593179491229336, "13": 36.593179491229336, "14": 36.593179491229336, "15": 36.593179491229336, "16": 36.593179491229336, "17": 36.593179491229336, "18": 36.593179491229336, "19": 36.593179491229336, "20": 36.593179491229336, "21": 36.593179491229336, "22": 36.593179491229336, "23": 36.593179491229336, "24": 36.593179491229336, "25": 36.593179491229336, "26": 36.593179491229336, "27": 36.593179491229336, "28": 36.593179491229336, "29": 36.593179491229336, "30": 36.593179491229336, "31": 36.593179491229336, "32": 36.593179491229336, "33": 36.593179491229336, "34": 36.593179491229336, "35": 36.593179491229336, "36": 36.593179491229336, "37": 36.593179491229336, "38": 36.593179491229336, "39": 36.593179491229336, "40": 36.593179491229336, "41": 36.593179491229336, "42": 36.593179491229336, "43": 36.593179491229336, "44": 36.593179491229336, "45": 36.593179491229336, "46": 36.593179491229336, "47": 36.593179491229336, "48": 36.593179491229336, "49": 36.593179491229336, "50": 36.593179491229336, "51": 36.593179491229336, "52": 36.593179491229336, "53": 36.593179491229336, "54": 36.593179491229336, "55": 36.593179491229336, "56": 36.593179491229336, "57": 36.593179491229336, "58": 36.593179491229336, "59": 36.593179491229336, "60": 36.593179491229336, "61": 36.593179491229336, "62": 36.593179491229336, "63": 36.593179491229336, "64": 36.593179491229336, "65": 36.593179491229336, "66": 36.593179491229336, "67": 36.593179491229336, "68": 36.593179491229336, "69": 36.593179491229336, "70": 36.593179491229336, "71": 36.593179491229336, "72": 36.593179491229336, "73": 36.593179491229336, "74": 36.593179491229336, "75": 36.593179491229336, "76": 36.593179491229336, "77": 36.593179491229336, "78": 36.593179491229336, "79": 36.593179491229336, "80": 36.593179491229336, "81": 36.593179491229336, "82": 36.593179491229336, "83": 36.593179491229336, "84": 36.593179491229336, "85": 36.593179491229336, "86": 36.593179491229336, "87": 36.593179491229336, "88": 36.593179491229336, "89": 36.593179491229336, "90": 36.593179491229336, "91": 36.593179491229336, "92": 36.593179491229336, "93": 36.593179491229336, "94": 36.593179491229336, "95": 36.593179491229336, "96": 36.593179491229336, "97": 36.593179491229336, "98": 36.593179491229336, "99": 36.593179491229336, "100": 36.593179491229336, "101": 36.593179491229336, "102": 36.593179491229336, "103": 36.593179491229336, "104": 36.593179491229336, "105": 36.593179491229336, "106": 36.593179491229336, "107": 36.593179491229336, "108": 36.593179491229336, "109": 36.593179491229336, "110": 36.593179491229336, "111": 36.593179491229336, "112": 36.593179491229336, "113": 36.593179491229336, "114": 36.593179491229336, "115": 36.593179491229336, "116": 36.593179491229336, "117": 36.593179491229336, "118": 36.593179491229336, "119": 36.593179491229336, "120": 36.593179491229336, "121": 36.593179491229336, "122": 36.593179491229336, "123": 36.593179491229336, "124": 36.593179491229336, "125": 36.593179491229336, "126": 36.593179491229336, "127": 36.593179491229336, "128": 36.593179491229336, "129": 36.593179491229336, "130": 36.593179491229336, "131": 36.593179491229336, "132": 36.593179491229336, "133": 36.593179491229336, "134": 36.593179491229336, "135": 36.593179491229336, "136": 36.593179491229336, "137": 36.593179491229336, "138": 36.593179491229336, "139": 36.593179491229336, "140": 36.593179491229336, "141": 36.593179491229336, "142": 36.593179491229336, "143": 36.593179491229336, "144": 36.593179491229336, "145": 36.593179491229336, "146": 36.593179491229336, "147": 36.593179491229336, "148": 36.593179491229336, "149": 36.593179491229336, "150": 36.593179491229336, "151": 36.593179491229336, "152": 36.593179491229336, "153": 36.593179491229336, "154": 36.593179491229336, "155": 36.593179491229336, "156": 36.593179491229336, "157": 36.593179491229336, "158": 36.593179491229336, "159": 36.593179491229336, "160": 36.593179491229336, "161": 36.593179491229336, "162": 36.593179491229336, "163": 36.593179491229336, "164": 36.593179491229336, "165": 36.593179491229336, "166": 36.593179491229336, "167": 36.593179491229336, "168": 36.593179491229336, "169": 36.593179491229336, "170": 36.593179491229336, "171": 36.593179491229336, "172": 36.593179491229336, "173": 36.593179491229336, "174": 36.593179491229336, "175": 36.593179491229336, "176": 36.593179491229336, "177": 36.593179491229336, "178": 36.593179491229336, "179": 36.593179491229336, "180": 36.593179491229336, "181": 36.593179491229336, "182": 36.593179491229336, "183": 36.593179491229336, "184": 36.593179491229336, "185": 36.593179491229336, "186": 36.593179491229336, "187": 36.593179491229336, "188": 36.593179491229336, "189": 36.593179491229336, "190": 36.593179491229336, "191": 36.593179491229336, "192": 36.593179491229336, "193": 36.593179491229336, "194": 36.593179491229336, "195": 36.593179491229336, "196": 36.593179491229336, "197": 36.593179491229336, "198": 36.593179491229336, "199": 36.593179491229336, "200": 36.593179491229336, "201": 36.593179491229336, "202": 36.593179491229336, "203": 36.593179491229336, "204": 36.593179491229336, "205": 36.593179491229336, "206": 36.593179491229336, "207": 36.593179491229336, "208": 36.593179491229336, "209": 36.593179491229336, "210": 36.593179491229336, "211": 36.593179491229336, "212": 36.593179491229336, "213": 36.593179491229336, "214": 36.593179491229336, "215": 36.593179491229336, "216": 36.593179491229336, "217": 36.593179491229336, "218": 36.593179491229336, "219": 36.593179491229336, "220": 36.593179491229336, "221": 36.593179491229336, "222": 36.593179491229336, "223": 36.593179491229336, "224": 36.593179491229336, "225": 36.593179491229336, "226": 36.593179491229336, "227": 36.593179491229336, "228": 36.593179491229336, "229": 36.593179491229336, "230": 36.593179491229336, "231": 36.593179491229336, "232": 36.593179491229336, "233": 36.593179491229336, "234": 36.593179491229336, "235": 36.593179491229336, "236": 36.593179491229336, "237": 36.593179491229336, "238": 36.593179491229336, "239": 36.593179491229336, "240": 36.593179491229336, "241": 36.593179491229336, "242": 36.593179491229336, "243": 36.593179491229336, "244": 36.593179491229336, "245": 36.593179491229336, "246": 36.593179491229336, "247": 36.593179491229336, "248": 36.593179491229336, "249": 36.593179491229336, "250": 36.593179491229336, "251": 36.593179491229336, "252": 36.593179491229336, "253": 36.593179491229336, "254": 36.593179491229336, "255": 36.593179491229336, "256": 36.593179491229336, "257": 36.593179491229336, "258": 36.593179491229336, "259": 36.593179491229336, "260": 36.593179491229336, "261": 36.593179491229336, "262": 36.593179491229336, "263": 36.593179491229336}