{"0": -0.0034308072295801744, "1": -0.0004044840047389064, "2": -0.001786917585627535, "3": 0.0016986547682120712, "4": -0.0012631331974224114, "5": 0.0312430756840342, "6": -0.004194941012553716, "7": -0.0038477137707754253, "8": 0.0041964039352175575, "9": -0.0010836991896095438, "10": 0.003750736924062137, "11": 0.010770964296497876, "12": -0.005633656520485086, "13": 0.01831672180035998, "14": 0.022950757216941342, "15": -0.0018138716998887805, "16": 0.001228045275569134, "17": -0.004017459570528709, "18": -0.0014239654714372496, "19": -0.24267745705373067, "20": -0.0037689998504532585, "21": -0.0030740830671119462, "22": 0.0033675724291443165, "23": 0.05419751104465033, "24": -0.0025319578624300176, "25": -0.0006755115250381416, "26": 0.010958720713872466, "27": 0.002790084159318043, "28": 0.18545692533513378, "29": 0.011347954059450148, "30": 0.0012238099985484828, "31": -0.004271379566424365, "32": 0.013391134804955802, "33": 0.0016136446445962817, "34": 0.009130361126466398, "35": -0.005496499512274669, "36": 0.026253663242334666, "37": -0.00021250895813068274, "38": -0.0033458787739425932, "39": 0.010466986651708352, "40": -0.0796719173340816, "41": 0.015845410851695572, "42": 0.04884533390343492, "43": -0.0014876564049732725, "44": 0.009645978215949045, "45": 0.03814455137722157, "46": -0.018036107000107826, "47": -0.0007605441140586255, "48": -0.0067697015509872414, "49": 0.006023302794496529, "50": 0.029250108927944465, "51": 0.01104869953598898, "52": 0.015803022739179478, "53": -0.004374177197108397, "54": 0.018588835598798665, "55": 0.00158358977041649, "56": -0.0038841552234911195, "57": 0.007629591573299941, "58": 0.0051786818428419, "59": 0.004391673056672109, "60": 0.015600334485964668, "61": 0.022088288932622994, "62": 0.009175237751400677, "63": -0.05385839916684686, "64": 0.06918468135399998, "65": 0.019169593899849888, "66": 0.007597314814519086, "67": 0.014864346561892183, "68": 0.017736305142832795, "69": 0.013959717043026265, "70": 0.005770738261060678, "71": 0.01689790162368518, "72": 0.021122430094609883, "73": 0.003918373836334287, "74": 0.0017661451751462892, "75": -0.0001325606076126999, "76": 0.0009283063123858786, "77": 0.0011813518349675974, "78": 0.0033075750292553825, "79": 0.005202789688681608, "80": -0.0038482926484221763, "81": -0.00025342456272757323, "82": 0.002939756977640098, "83": 0.0010299700919388522, "84": -0.0018420601060409414, "85": 0.0030924833198070754, "86": 0.013476312559097571, "87": 0.0021105504699189285, "88": 0.0026080027249514304, "89": 0.006059391263437913, "90": -0.00018519304305430508, "91": -0.003455239460803698, "92": 0.0007363017973597524, "93": 0.12563309103164863, "94": -0.0013785082973713605, "95": -0.0027035003214304354, "96": -0.0014574075467030543, "97": 0.007166943391489636, "98": -0.0002914296613630838, "99": 0.0039964755708990565, "100": -0.0015899449518449022, "101": -0.003211599527036908, "102": -0.0019397973435117542, "103": -0.0032286096617489025, "104": 0.007010601031087414, "105": 0.0012291991604529763, "106": 0.007687744327738105, "107": 0.0001731823255318375, "108": -0.0007524615020904242, "109": -0.0020504699312102644, "110": -0.00223303588017424, "111": 0.012035865550040445, "112": -0.0009972376837974256, "113": 0.012239539390745749, "114": 0.016065995384915092, "115": 0.008820344010285265, "116": 0.0003535067809445191, "117": 0.0017960321472738547, "118": -0.0018373811432364367, "119": 0.007881839068901848, "120": -0.002196478371481781, "121": -0.004803825801325179, "122": -0.0025221441512524216, "123": 0.009985012454862403, "124": 0.006443434280692952, "125": 0.0027851906103852557, "126": -0.0013797949956066528, "127": 0.00678948398095558, "128": 0.004292360863754724, "129": -0.004843003674004398, "130": 0.0030201051302012755, "131": -0.0021287583092307553, "132": 0.0005337014075750564, "133": -0.0002837682540786403, "134": 0.0014817882470361029, "135": 0.0037461406553824157, "136": 0.0010096067238159249, "137": -0.0026655358404883184, "138": -0.0037387017349424564, "139": -0.0014829960839709382, "140": -0.0024157560133043227, "141": -0.003547809891799745, "142": -0.003417293559603807, "143": -0.0020221720805197133, "144": -0.0028415902025591537, "145": -0.005862024443923274, "146": -0.004474370102597047, "147": 0.0069830395623004735, "148": -0.005710040556959831, "149": 0.0010171097881063768, "150": 0.005382923234923311, "151": 0.002305162322281373, "152": 0.0030372787090749477, "153": -0.004303888462499147, "154": -0.005579552363837547, "155": -0.005008685210294825, "156": 0.0020764879397592935, "157": -0.0044410267375335, "158": -0.001617253695251399, "159": 0.003173496064920499, "160": -0.0018970720995569342, "161": -0.00012434538637223118, "162": 0.0007123415816196578, "163": 0.0017253286427151423, "164": -0.0027635024072486603, "165": -0.005708125719596193, "166": -0.003004708012312721, "167": -0.005728074148858153, "168": -0.002558185398867931, "169": -0.004457675204084058, "170": -0.0031654569529747066, "171": -0.004274146876895507, "172": -0.005368968854686295, "173": -0.0004185208769117543, "174": -0.0033517114558638027, "175": 0.0016909269250879166, "176": 0.0007724891687343806, "177": -0.00018368045362589886, "178": 0.005246511587457463, "179": -0.0002658083130882383, "180": 0.006982108913806905, "181": -0.0032123362073545707, "182": -0.003990425259314274, "183": -0.0008784056822830786, "184": -0.002525589749311795, "185": -0.0037437342929531694, "186": 0.029032081753791558, "187": 0.0031836346375804687, "188": 0.006743187802115648, "189": -0.007897257651507792, "190": -0.022749835918559502, "191": -0.0013268128150683834, "192": 0.0004921839743157099, "193": 0.0020662282334839885, "194": 0.003771954437438935, "195": -0.001000335307057593, "196": 0.00835123605277029, "197": 0.0014375686427002033, "198": 0.0061125482216971535, "199": 0.006222638304242323, "200": 0.000317123759422864, "201": 0.0037768133012938024, "202": -0.002154025194910717, "203": -0.004387803318820934, "204": -0.0030063586707558174, "205": 0.011651456968072734, "206": 0.010366220213530402, "207": 0.0796355519022396, "208": -0.009390328767338703, "209": -0.002888310018283374, "210": 0.006527008952686142, "211": 0.029626588398215914, "212": 0.008121988004073231, "213": -0.005231637764175855, "214": -0.0011906672223203837, "215": 0.0023676997442518364, "216": -0.015573998289864456, "217": 0.0020445933279299028, "218": -0.0047287268797761425, "219": -0.004453648451209098, "220": 0.0023664792465834415, "221": 0.015260588370797188, "222": -0.0035556084005617947, "223": 0.015144417631516464, "224": 0.012403320642712826, "225": 0.022321679326042742, "226": 0.016594473745364133, "227": 0.01963538231273318, "228": 0.0012456721851644267, "229": 0.004605039384397546, "230": 0.01840645049299074, "231": 0.015838979166033412, "232": 0.008516636373889889, "233": 0.014637707098687908, "234": 0.03332475946111303, "235": -0.0017031625472662725, "236": -0.9192308269053489, "237": 0.0014639814319070982, "238": -8.100419391045277e-05, "239": 0.0038971035251451464, "240": -0.005639202460093936, "241": -0.004274897119298563, "242": -0.00283095461165572, "243": -0.0011912965586998035, "244": 0.0027993786328004396, "245": -0.003605717115204267, "246": -0.0022992548693028326, "247": -0.0029945324773072014, "248": -0.001631922128387126, "249": 0.0023628427063130627, "250": -0.003653324385696423, "251": -0.002641557948594728, "252": -0.0016030307546832296, "253": 0.0010830849954928104, "254": -0.003740410019775482, "255": -0.0008073466089845581, "256": 0.0020788682073154072, "257": 0.0047255917574758645, "258": 0.02054704196967947, "259": 0.00574375759385573, "260": 0.005146176661491606, "261": 0.0011062985410034865, "262": -0.0026411011300915953, "263": -0.002045537717409165}