{"0": -0.011687487745325863, "1": -0.002435760178762644, "2": -0.004035176212945446, "3": -0.0039014241351546597, "4": -0.007197432952072424, "5": -0.01101081671246916, "6": -0.010583949522440732, "7": -0.017108739093225432, "8": 0.00048219264848841335, "9": -0.0012604124321006684, "10": -0.0008370682155521662, "11": -0.015089818757909882, "12": 0.0007021380757908577, "13": 0.006681027030083074, "14": -0.009511684526278937, "15": 0.013145075741758674, "16": 0.0066879097871596765, "17": -0.010655985905869164, "18": -0.011629448306411744, "19": -0.004248647623349144, "20": -0.006177969529072819, "21": 0.003246456148857352, "22": 0.004774923210136617, "23": 0.006918801391183643, "24": 0.027321098829832913, "25": 7.554085807581767e-05, "26": -0.009529094627395485, "27": 0.0008971316686747222, "28": 0.0078010611364650595, "29": 0.013251144568720785, "30": -0.0061987704817036415, "31": 0.00428152196182191, "32": 0.0032533436497208523, "33": 0.005310784114404731, "34": -0.017405938981352297, "35": 0.021224733013150834, "36": 0.0213772122378085, "37": 0.00930448838218353, "38": -0.00039323123394890383, "39": -0.0002070662909757358, "40": -0.01783611651617477, "41": 0.010223472553139802, "42": -0.008023016354525937, "43": -0.0014058561596058672, "44": -0.0004737619034205485, "45": -0.014839891844226774, "46": 0.018004624437639012, "47": -0.018415929360535307, "48": -0.008486689482295001, "49": 0.018757305690617527, "50": -0.010401546502486436, "51": -0.0026954043705665256, "52": -0.0023431481230219734, "53": 0.011829227852432948, "54": -0.010956653099872857, "55": -0.020425972040336172, "56": 0.005681573614790138, "57": -0.00020447499059269084, "58": 0.0038337704563372946, "59": 0.00867528706667646, "60": 0.0016820803984849832, "61": -0.011873188322818059, "62": -0.009247103388751468, "63": 0.003955576438948604, "64": 0.0013377234089847131, "65": -0.017979966909844384, "66": 0.0044650756437543855, "67": -0.009709638658498184, "68": -0.01657147403874007, "69": 0.003848562526675158, "70": 0.008602102200382374, "71": -0.006317721698756079, "72": 0.0072820215609225815, "73": 0.005782803398846653, "74": -0.0014447895104429424, "75": 0.010843429867988834, "76": -0.0076107303763135875, "77": 0.0016014142917000962, "78": -0.02626870601329994, "79": 0.01260828194624446, "80": -0.013009354462027306, "81": 0.00497746524421972, "82": -0.013003792872210842, "83": 0.0004837164901326191, "84": -0.0011387050368287944, "85": 0.001505890553524901, "86": -0.0004369806329598165, "87": 0.009220094884671362, "88": 0.009829844791601679, "89": 0.008149095393576765, "90": 0.0037678255041143985, "91": -0.017025942817773275, "92": 0.01897061845671308, "93": -0.005409729053276649, "94": -0.0231065840760589, "95": 0.0012809926991653874, "96": -0.023750224624258718, "97": -0.006915516470786559, "98": 0.006713463702379777, "99": 0.007210705313015056, "100": 0.014547745957384676, "101": 0.0006950741134354671, "102": 0.0003799996089203731, "103": 0.0036965558008747405, "104": 0.004540980223926461, "105": 0.0006952248714619785, "106": 0.008655361707701998, "107": 0.0022895945369178407, "108": -0.004604679745987595, "109": 0.007239295367819316, "110": -0.005097308336014881, "111": -0.0047058340424402136, "112": 0.00010423355505740327, "113": 0.0010575713934716199, "114": -0.009598210695725149, "115": -0.015607234776176992, "116": -0.0008721245580242606, "117": 0.005985626500104185, "118": -0.0069494193150706285, "119": 0.011298113591654472, "120": 0.005808322431291028, "121": -0.0073978862189430315, "122": 0.011315740568597249, "123": -0.00988133728929318, "124": 0.001746797723152553, "125": 0.011143839993544355, "126": 0.006793821267004693, "127": 0.0015655513620630255, "128": 0.004711617234696012, "129": -0.02312702406528173, "130": -0.0023972511120221784, "131": 0.017712588943305525, "132": 0.0029654036973460023, "133": 0.023279818232793813, "134": 0.027715318253313026, "135": 0.011300593863242718, "136": 0.0033482657761129053, "137": 0.011597667861929714, "138": -0.00616347475359874, "139": 0.004202095799325307, "140": -0.002991069133715576, "141": -0.015415689511447443, "142": 0.02441896354087655, "143": 0.011312859429229861, "144": -0.02773610607234419, "145": 0.04328046284093938, "146": -0.09034443413194913, "147": -0.03149192216555491, "148": 0.6989129417221698, "149": 0.002736826986239352, "150": 0.0274721378067891, "151": -0.02796908808901085, "152": -0.0016032146881019387, "153": 0.018834046428427797, "154": -0.6391868833472294, "155": -0.02870733095148464, "156": -0.010043347815088505, "157": -0.0108801200198874, "158": 0.04719827319959207, "159": 0.005260095116562881, "160": 0.041540854133975104, "161": -0.0666448893781891, "162": 0.020457232540504633, "163": 0.008756394101866988, "164": 0.03343115601684128, "165": -0.12988618033342753, "166": 0.0006595347400188967, "167": -0.04889696758189357, "168": 0.056863139638519945, "169": -0.0302810474204458, "170": 0.03365358838757694, "171": 0.019038953741512647, "172": -0.013517212569644655, "173": 0.0011059787931794738, "174": 0.026864381842615852, "175": 0.014602257716214598, "176": -0.025351751468713296, "177": -0.03182139391790041, "178": 0.007173670653713686, "179": 0.02288596325054387, "180": -0.011001310088530388, "181": -0.005562686818069861, "182": 0.05023379391483665, "183": 0.001255916839911048, "184": -0.019659700174988207, "185": -0.007657321577927477, "186": 0.0012299660007718642, "187": 0.01398642239914517, "188": -0.013759864434889212, "189": -0.025454374982153662, "190": 0.01925912502741877, "191": 0.004313194962693959, "192": -0.004690395816678227, "193": -0.012815253278828865, "194": 0.05948954195554772, "195": 0.0003528857348149249, "196": -0.0034810640276602568, "197": 0.00282952042622717, "198": -0.012608781136680378, "199": 0.008940031734015986, "200": -0.0035104100092377827, "201": -0.005082391027039057, "202": -0.002574801132886443, "203": 0.042050182487400986, "204": 0.006563524727344909, "205": 0.005782972610736235, "206": -0.0049058238465720765, "207": -0.006561037365088576, "208": -0.0019341062583185962, "209": 0.018068215861124004, "210": -0.02269041310048621, "211": -0.005288037068439292, "212": -0.009317397726365794, "213": 0.01038826697809332, "214": 0.008203518658022671, "215": -0.012887670674681178, "216": 0.0031531578595147443, "217": 0.03466325172401881, "218": 0.014942449051619946, "219": -0.02863417957678588, "220": 0.016195438045952172, "221": 0.014341960912914899, "222": 0.0035548344972014152, "223": 0.012019237694705667, "224": -0.0018929427006930842, "225": 0.01828916469844031, "226": 0.0001221378044931297, "227": -0.014007870694617714, "228": 0.02334725125832557, "229": -0.017776174105851333, "230": 0.015591114864616907, "231": -0.007043868919022396, "232": 0.028635323974471244, "233": -0.01609083643191888, "234": -0.005643476212932557, "235": 0.011144193513808773, "236": 0.0021734650709244845, "237": -0.00969970294046148, "238": -0.0036151490579226673, "239": -0.0005299859302125931, "240": -0.010508509508213294, "241": -0.011629372437403421, "242": 0.007578943966903189, "243": -0.08424736367684205, "244": 0.00016204067104821918, "245": 0.0025328380042952863, "246": 0.0030740712820575174, "247": -0.01850170504925678, "248": 0.011926910815952645, "249": 0.001178885528091608, "250": 0.009155236253684439, "251": 0.005823647553720692, "252": -0.027652504224225893, "253": -0.0031635150230304512, "254": 0.018882615306890303, "255": 0.07518682462362623, "256": -0.01609835204713641, "257": -0.005805525624510861, "258": -0.008256360161839893, "259": 0.00011366683746502322, "260": -0.0016499826322145562, "261": -0.003767590756710481, "262": -0.002452126943878045, "263": -0.019755938422085853}