{"0": 0.07474778572275852, "1": -0.013213454847005621, "2": 0.04096357234491871, "3": 0.0162333139710562, "4": -0.06337488357913132, "5": 0.0807297633394887, "6": -0.004550363748383926, "7": -0.009026837659025594, "8": 0.030110736434107513, "9": 0.029537530830248335, "10": -0.008998766454015338, "11": 0.01435396255863327, "12": 0.022832518784025202, "13": 0.00345344096509681, "14": -0.014586947027400154, "15": -0.024474700001919855, "16": -0.003410223396191847, "17": -0.019004500883197772, "18": 0.04888444953598947, "19": 0.007907525134663237, "20": -0.010929175201230074, "21": -0.030551800984465555, "22": 0.05884626899741719, "23": 0.04253019824319676, "24": -0.012433963535509619, "25": -0.015398445882454523, "26": -0.05510343904500914, "27": -0.014424117756790755, "28": -0.016776721463246463, "29": -0.004211259633041975, "30": -0.020037752612504782, "31": -0.021856173595120126, "32": 0.022783815318905554, "33": 0.009983680862755792, "34": 0.016205978135830326, "35": 0.02759826230361567, "36": 0.018289866026846714, "37": 0.008212107763859739, "38": 0.02339411079662526, "39": 0.013182194981621436, "40": -0.034197665823267366, "41": -0.01243991327616685, "42": -0.006240589155638989, "43": -0.018669372392721432, "44": -0.005891599051036957, "45": 0.012065762877890067, "46": 0.030171373188894395, "47": -0.003561690502900851, "48": 0.019085042476703555, "49": -0.020371144669882966, "50": -0.026391204117208647, "51": 0.002299162554244959, "52": -0.02394607223232915, "53": -0.010497680859658555, "54": 0.03272615139203814, "55": 0.0059482008442748174, "56": -0.022156181869416623, "57": -0.13265335316881646, "58": 0.252115912576053, "59": 0.04541250586828993, "60": 0.00720267031958721, "61": 0.01169002010605093, "62": -0.014159357324759574, "63": -0.03485687604564626, "64": 0.008884815372479107, "65": 0.0075189539670913325, "66": 0.0217991430416109, "67": -0.004770987123834481, "68": -0.020556989251836882, "69": 0.008826006268239418, "70": 0.013806006810547115, "71": 0.010130052017445766, "72": -0.002482545586125647, "73": 0.06476816907853396, "74": 0.14120305839025749, "75": -0.08581464283654561, "76": -0.023432216240168162, "77": -0.0007231555705595402, "78": -0.046422976584935396, "79": -0.051654647203454675, "80": -0.027434472411992344, "81": 0.022155412280958176, "82": 0.021138340319171497, "83": -0.01929603053328014, "84": -0.018452635680313193, "85": -0.004665620477637064, "86": 0.007297756117846904, "87": -0.005113087827453334, "88": 0.033838022610893, "89": 0.11299786921775194, "90": -0.14126518139171748, "91": -0.07447813502465525, "92": -0.03949183014992634, "93": -0.020406639075557002, "94": 0.05837419587299737, "95": -0.08316705998411808, "96": 0.01982386207106789, "97": -0.021889460558270266, "98": 0.024257266412310248, "99": 0.010598546468373798, "100": -0.07557980923802911, "101": -0.02525390672813725, "102": 0.004929840274237205, "103": 0.032781783567464695, "104": 0.04266424353345383, "105": -0.024914543575685236, "106": -0.5028314887425205, "107": -0.05690014124211618, "108": 0.4273371502641447, "109": 0.001888329840603567, "110": 0.002979874472319066, "111": -0.03720465898703353, "112": 0.15061499473961504, "113": 0.07643110125789587, "114": 0.06381146787689007, "115": -0.023960705475224765, "116": 0.004146438550066536, "117": 0.06594208404766672, "118": -0.011696349852572, "119": 0.007062291162523975, "120": 0.008022638197137529, "121": 0.0697357126574758, "122": 0.017194710878776037, "123": 0.018788170861109836, "124": -0.008334324644129915, "125": -0.04364078007946941, "126": 0.01620532951618481, "127": -0.00030215521703972487, "128": 0.0001144984840169682, "129": 0.2695525086067356, "130": 0.0001627445981114816, "131": 0.022586444314441477, "132": 0.01646214931593888, "133": 0.00846030740356122, "134": 0.01976335407856562, "135": -0.004955132206279728, "136": 0.0047207513505285285, "137": 0.0007783357493599818, "138": 0.0075212177563160655, "139": -0.010737747559537353, "140": 0.006790360843369082, "141": -0.003114648782148583, "142": -0.0002811988783051004, "143": -0.012238392501637885, "144": 0.09304587741247215, "145": -0.025192923477071583, "146": 0.016445387145162405, "147": 0.014544348071318713, "148": 0.029595163010416717, "149": 0.005287453585592201, "150": -0.0026152159338648454, "151": -0.022994362059421146, "152": 0.0001912809533029195, "153": 0.010948074012994167, "154": 0.02550989704871916, "155": 0.011840050628510047, "156": 0.024235576964376303, "157": 0.00191695843302459, "158": -0.02303689087843713, "159": -0.009632675389137285, "160": 0.01725663351750844, "161": -0.024978825965896796, "162": 0.015041508706006936, "163": -0.013917410618212212, "164": -0.0034217503816306623, "165": -0.05671474270546595, "166": -0.02837115687134901, "167": -0.07380229994386853, "168": 0.017972688837158333, "169": -0.015647943631727987, "170": -0.01314959913333057, "171": 0.027274179734878203, "172": -0.020095843581084308, "173": -0.04219098372155287, "174": -0.0009952841513382166, "175": 0.02333860541329632, "176": 0.02629797794948016, "177": -0.016752858128587858, "178": 0.002185640940235444, "179": 0.03821207173470624, "180": 0.0021895555074505062, "181": -0.009669443300570551, "182": -0.027863438141147775, "183": -0.005334504642783958, "184": -0.0066946939549363885, "185": 0.009066322367055072, "186": -0.010095767292264374, "187": 0.010244618533804723, "188": -0.01747723632246571, "189": -0.007125938437328762, "190": 0.027065352003618086, "191": 0.011985913802620965, "192": 0.017665094538285842, "193": -0.03316111438938246, "194": 0.034351233383379934, "195": 0.02052925965912186, "196": -0.00544989914831065, "197": -0.014001361979487644, "198": -0.0011652297945915387, "199": 0.033108596276787625, "200": -0.027320667540068025, "201": -0.002121303823136301, "202": -0.01426058984017579, "203": -0.07230952029356132, "204": -0.045600936351021915, "205": 0.002662694702054941, "206": 0.007371115946504593, "207": -0.03930930913052884, "208": 0.01762171720101144, "209": 0.026746832083255526, "210": -0.029760512588571087, "211": -0.06260957763066644, "212": 0.012370783856844482, "213": -0.01948964353466107, "214": -0.34073630644081526, "215": 0.011032834915566319, "216": -0.059636387509905284, "217": -0.021257502904779835, "218": -0.14687327349407236, "219": -0.00018705762948122671, "220": -0.012644388003338138, "221": 0.02322970619140292, "222": 0.016647133806033176, "223": 0.009986367591013498, "224": 0.02986552601278658, "225": 0.006465371187021259, "226": 0.044802751293183826, "227": -0.020464998279500407, "228": 0.004050426358919579, "229": -0.006021946940436054, "230": -0.0010770887850538578, "231": -0.014697040574358645, "232": -0.007689937737073863, "233": 0.005279746725217561, "234": -0.013925592570085755, "235": -0.022857419880810678, "236": 0.007381581305835844, "237": 0.02262049321580057, "238": -0.02540522347547334, "239": -0.003496260167546039, "240": 0.008917953180445692, "241": -0.00408909398416432, "242": 0.00718418891602432, "243": -0.010814037766602912, "244": 0.015604663949824262, "245": -0.017056073317162208, "246": 0.0075640419172269616, "247": -0.00545531781104152, "248": 0.008289814874820188, "249": -0.01805890835986566, "250": -0.0008958065759807619, "251": 0.023395631918679317, "252": -0.024361712676710535, "253": -0.011120534602714638, "254": 0.009464106369236648, "255": 0.012324091390034259, "256": -0.004943185593452344, "257": 0.005964963709755345, "258": -0.009776800650134938, "259": -0.016334498010799, "260": -0.0010809523412358478, "261": -0.0036375820441615905, "262": 0.011442796932489941, "263": 0.020750364273269508}