{"0": -0.0024842292053888215, "1": -0.0017393472918366035, "2": -0.0025012646939691157, "3": -0.0027632324307210643, "4": -0.0015169528901426118, "5": 0.024587613574084594, "6": 0.0004879347304146214, "7": -0.004585446357772253, "8": 0.0009024823946013229, "9": -0.0032763111225934524, "10": -5.596219690853147e-05, "11": 0.000991518226659218, "12": -0.0004748399653210907, "13": 0.012453085409269286, "14": 0.010583200640437449, "15": -0.0016719077349201888, "16": 0.00460274380531004, "17": 4.948769202393317e-05, "18": -0.003813139789665774, "19": 0.0526842264938362, "20": -0.0009434138155446063, "21": -0.0025208943116372135, "22": 0.002526121321803128, "23": 0.013941090895468973, "24": 0.008313015606163142, "25": 0.0015103387935135886, "26": 0.0036574247876305552, "27": 0.015313454824439214, "28": 0.02391626969672444, "29": 0.01175506874448596, "30": -0.002303612617484811, "31": -0.003731618528168627, "32": 0.008474793764065548, "33": 0.003580408805195808, "34": 0.006631555656921259, "35": 0.008430032976389716, "36": 0.012457662157314676, "37": 0.0007694683140644046, "38": -0.0009201198944567704, "39": 0.003902787603360712, "40": 0.05364841016826261, "41": 0.011428637121575774, "42": 0.02791786674275308, "43": 0.0006966878745654277, "44": 0.007587198209045142, "45": 0.014940153192981503, "46": 0.001339330815014299, "47": 0.002668580871285179, "48": -0.003956832530182048, "49": 0.00373242521153893, "50": 0.004056516166452476, "51": 0.007687202247457703, "52": 0.0087089756965436, "53": -0.005277167169869839, "54": 0.013918793251738037, "55": 0.007349470064490837, "56": 0.0029224017489558086, "57": 0.00751964670304255, "58": 0.019326856071851698, "59": 0.010212846319018346, "60": 0.012314787995662957, "61": 0.010146182606133874, "62": 0.01864215881439794, "63": -0.9876603079088438, "64": 0.03373081960039769, "65": 0.017246407908936227, "66": 0.020330195729777605, "67": 0.00776992189861321, "68": 0.00883399696061599, "69": 0.008411368616258581, "70": 0.015156475032960658, "71": 0.015181165950800143, "72": 0.018369976998932572, "73": -0.0006198221945916963, "74": 0.0007147774887180902, "75": 0.0033569832900993183, "76": 0.003273483252233457, "77": -0.0015268013253513862, "78": 0.0007746092236512842, "79": 0.0005088540512848871, "80": -0.002861628406507087, "81": -0.0017969512663031267, "82": -0.0019217099451919455, "83": 0.0030487674710011903, "84": -0.003635756562916797, "85": -0.00011221536663025018, "86": 0.004289638563499111, "87": 0.00041561084432806397, "88": -0.0017333606305274885, "89": 0.0038278998019880815, "90": 0.0006195648754165977, "91": 0.0009829796948959608, "92": -0.00015099394422885524, "93": 0.03328024288172781, "94": -0.002088483035743394, "95": -0.0013657016818433814, "96": -0.0009587711949102326, "97": 0.0032473231179876634, "98": 0.00039719902764948485, "99": 0.0013747748873467682, "100": -0.00184734482749192, "101": 0.0017621101643922167, "102": 0.0022999842088007694, "103": 0.002076362004079462, "104": 0.004638934675491002, "105": 0.0038137636384748294, "106": 0.004598786406202735, "107": 0.001933943663633114, "108": 0.0014237410433491117, "109": 0.003196048263710568, "110": 0.0037209975296750536, "111": 0.0023842196461021565, "112": 0.009046354596898693, "113": 0.009533435924776965, "114": 0.009556251100743561, "115": 0.0044297980896311935, "116": 0.0015929808370651387, "117": 0.003865737489300173, "118": -0.0014198979026639044, "119": 0.0005150754776051163, "120": 0.0004061634633090089, "121": 0.0026729930530411945, "122": 0.0007899788843829898, "123": 0.004283407718077869, "124": 0.006409866776718868, "125": 0.0034611199499936106, "126": -0.0024858291805461095, "127": 0.0015992987096399272, "128": 0.0012095887358702043, "129": -0.0005679257687849225, "130": 0.0014067205819099414, "131": -0.0009595230154703874, "132": 0.0009074420999664425, "133": -0.0020327486333868434, "134": -0.004004274072930274, "135": 0.009834932281940772, "136": 0.00018974793582738782, "137": 0.0007496938145009683, "138": -0.002116503347677087, "139": -0.0019173968750393173, "140": -0.0017884836006896508, "141": -0.0004165222904928992, "142": -0.0025630047847377355, "143": 0.0006234695146029265, "144": -0.0003647585820698534, "145": -0.0039968964679887075, "146": -0.0037574156420596538, "147": 0.001392123699642638, "148": -0.002368518668229537, "149": -0.0005373608444006707, "150": -0.0019347498296195056, "151": 0.0006573645028728731, "152": -0.002416027781041997, "153": -0.0027754416804493362, "154": -0.0025342411251468772, "155": -0.0021190001149080794, "156": -0.003064443458681746, "157": -0.0025766114076249715, "158": -0.0024810798058160144, "159": 0.0027683759313597953, "160": -0.0030375594530768443, "161": -0.004440889461797333, "162": -0.0004687501324235146, "163": -0.001782631473927111, "164": -0.0015071188466666034, "165": -0.0033401821456908775, "166": -0.001659954909969658, "167": -0.00238433410576875, "168": -0.002021932371858529, "169": -0.0024843419330369916, "170": -0.003210785301256989, "171": 0.0007774859453596038, "172": -0.0026629468759375493, "173": 0.0006152289653218905, "174": -5.316956521675266e-05, "175": 0.003544996117463653, "176": 0.00339074160724455, "177": -0.0004469348917399696, "178": -0.0009963806772086655, "179": -0.0007262408096897955, "180": -0.0021232275902546113, "181": 0.001064467706700529, "182": -0.002751103467326576, "183": -0.001873767877305183, "184": -0.002444676994802952, "185": -0.0039221950811180375, "186": 0.007694297686877808, "187": 0.0050443068873719165, "188": 0.0020631832926643967, "189": 0.0002028873601358238, "190": 0.0027646637759129507, "191": -0.00037711415472438723, "192": -0.0029645408149819637, "193": -0.003135222904152839, "194": 0.001865824862101243, "195": -0.0026452799503131376, "196": 0.003435048954808645, "197": 0.004991487441897085, "198": 0.0016732497348248985, "199": 0.0003057885094960867, "200": 0.00038416114618815956, "201": 0.0015075529780721837, "202": 0.004444226940185929, "203": -0.00011094162898067186, "204": -0.001782727856981348, "205": 0.0057998854871652164, "206": 0.009565149637240856, "207": 0.017547042819074106, "208": 0.0027895239748758414, "209": -0.0010417825574187023, "210": 0.012597493658640116, "211": 0.02470209576332093, "212": -3.5949963276056235e-05, "213": -0.001691887482760277, "214": 0.008039112421174196, "215": 0.0029259409745560168, "216": 0.007019291130957816, "217": -0.003887238954691772, "218": -0.0011097224957054143, "219": -0.002553458711415975, "220": 0.0014094876380923538, "221": 0.005890566630679895, "222": -0.0011141613823362308, "223": 0.010765580078996353, "224": 0.00602784330692302, "225": 0.0105676475978086, "226": 0.01669636224530916, "227": 0.007322395656422596, "228": 0.0012439492693833447, "229": 0.023394363231742023, "230": 0.018024681799141688, "231": 0.011232190223050133, "232": 0.010470026121154621, "233": 0.0035037427916990087, "234": 0.02023000366314552, "235": 0.0032405987122054026, "236": 0.06661767990580868, "237": 0.00863969079984633, "238": -1.009371761487137e-05, "239": 0.008518427830331427, "240": -0.0025361038726672692, "241": -0.0012447102958501844, "242": -0.0005065633158198935, "243": -0.0005127011395634014, "244": 0.0014651503696355814, "245": -0.0017655110297537509, "246": 0.0006578769163262808, "247": -2.7105964776259092e-06, "248": 0.0017474653114304968, "249": 0.003921854274401126, "250": -0.0031427596147147953, "251": -0.0002285969166637047, "252": 0.0014004852373036953, "253": -0.00047574670142045767, "254": 0.0010529622755630086, "255": -0.003497574816797527, "256": -0.00038869471582079297, "257": 0.002130896449222135, "258": 0.009890792490051864, "259": 0.0011085017669738957, "260": 0.0010196317733716384, "261": 0.0028022929531964363, "262": -0.0032000972243204514, "263": -0.003613234989086009}