{"name": "agd", "process_time": 0.0025980472564697266, "data": {"0": 4.037037037037037, "1": 4.925925925925926, "2": 4.444444444444445, "3": 4.0, "4": 4.037037037037037, "5": 4.925925925925926, "6": 4.444444444444445, "7": 4.0, "8": 4.037037037037037, "9": 4.925925925925926, "10": 4.444444444444445, "11": 4.0, "12": 4.037037037037037, "13": 4.925925925925926, "14": 4.444444444444445, "15": 4.0, "16": 4.037037037037037, "17": 4.925925925925926, "18": 4.444444444444445, "19": 4.0, "20": 4.037037037037037, "21": 4.925925925925926, "22": 4.444444444444445, "23": 4.0, "24": 4.037037037037037, "25": 4.925925925925926, "26": 4.444444444444445, "27": 4.0}}