{"name": "eigen", "eigen": 5, "normalized": false, "process_time": 0.0032923221588134766, "data": {"0": -0.1426215187820246, "1": -0.34940224909171275, "2": -0.2881713129540461, "3": -0.1929776045116374, "4": 0.12849754831556362, "5": 0.361947395852501, "6": 0.2928193263052367, "7": 0.20560504888601147, "8": -0.08892306248619439, "9": -0.3028044218711981, "10": -0.23947088088830898, "11": -0.17750989174806497, "12": 0.03173627356164431, "13": 0.18368731848578224, "14": 0.1386922905938352, "15": 0.11425672353346003, "16": 0.03173627356164366, "17": -0.02818868889713421, "18": -0.01044399119793286, "19": -0.02837360995629714, "20": -0.08892306248619644, "21": -0.1328930562391749, "22": -0.11987286874186787, "23": -0.06312924505220067, "24": 0.12849754831556365, "25": 0.2676537017609373, "26": 0.2264474368830841, "27": 0.14212857884872848}}