{"0": -0.443418854180722, "1": 0.3602787585604833, "2": 0.08314010107205026, "3": -0.11757785651825557, "4": -0.5095110984149457, "5": 0.6270889472231751}