{"info": {"component_method": "connected_components", "link_method": "connectivity", "cover_overlap": 0, "cover_intervals": 2, "cover": [{"level": 0, "range": [0, 0.5]}, {"level": 1, "range": [0.5, 1]}], "compute_time": 0.0032}, "nodes": [{"cover": 0, "min_v": 0, "max_v": 0.4495, "avg_v": 0.0677, "comp_len": 141, "x": 83.05902849193295, "y": 99.00000074632325, "id": "mn0", "index": 0, "vy": -1.9387045606711586e-25, "vx": 4.0982842119952065e-18}, {"cover": 1, "min_v": 0.8023, "max_v": 1, "avg_v": 0.9012, "comp_len": 2, "x": 114.94097150806705, "y": 98.99999925367675, "id": "mn1", "index": 1, "vy": 1.9387045606711586e-25, "vx": -4.0982842119952065e-18}], "links": [{"value": 1, "source": "mn0", "target": "mn1"}]}