{"info": {"component_method": "connected_components", "link_method": "connectivity", "cover_overlap": 0, "cover_intervals": 2, "cover": [{"level": 0, "range": [0, 0.5]}, {"level": 1, "range": [0.5, 1]}], "compute_time": 0.0031}, "nodes": [{"cover": 0, "min_v": 0, "max_v": 0.4682, "avg_v": 0.1824, "comp_len": 140, "x": 83.05902849193295, "y": 98.99999929147845, "id": "mn0", "index": 0, "vy": 6.203854594147707e-26, "vx": 1.1709383462843447e-18}, {"cover": 1, "min_v": 0.5911, "max_v": 1, "avg_v": 0.7834, "comp_len": 3, "x": 114.94097150806705, "y": 99.00000070852155, "id": "mn1", "index": 1, "vy": -6.203854594147707e-26, "vx": -1.1709383462843447e-18}], "links": [{"value": 89, "source": "mn0", "target": "mn1"}]}