{"name": "fiedler", "normalized": true, "process_time": 0.008507013320922852, "data": {"0": -0.27216203809435213, "1": -0.2892207143541465, "2": -0.3285340661651531, "3": -0.32853406576019856, "4": -0.2612016056209562, "5": 0.22471063471955632, "6": 0.3353350411136031, "7": 0.3609770663199726, "8": 0.36097706585978406, "9": 0.347434740140997, "10": 0.04745140646886104, "11": -0.04611433031596474, "12": -0.032443000284923126, "13": -0.03244300115066869, "14": -0.08623313347611213}}