{"name":"pagerank","alpha":0.85,"weight":"value","num_of_nodes":15,"num_of_edges":30,"process_time":0.0027565956115722656,"data":{"0":0.06606021443463751,"1":0.05223979538316468,"2":0.06686881741067639,"3":0.06686881741067638,"4":0.08129568869417839,"5":0.06606021443463751,"6":0.05223979538316468,"7":0.06686881741067639,"8":0.06686881741067639,"9":0.08129568869417839,"10":0.06606021443463751,"11":0.05223979538316467,"12":0.06686881741067639,"13":0.06686881741067639,"14":0.08129568869417839}}