{"name":"fiedler","normalized":true,"weight":"value","num_of_nodes":341,"num_of_edges":340,"process_time":0.020876407623291016,"data":{"0":-1.7204015989591426e-12,"1":0.02280001286927358,"2":0.08999393125613164,"3":-0.09448136593401467,"4":-0.018312578177980942,"5":0.02836880244854771,"6":0.028368799916308862,"7":0.028368801682183902,"8":0.028368803285453274,"9":0.111974499983766,"10":0.111974498445049,"11":0.11197449477454725,"12":0.11197450000143976,"13":-0.11755796863989204,"14":-0.11755796288409719,"15":-0.11755796570380936,"16":-0.1175579685129972,"17":-0.022785336644318862,"18":-0.022785329384239536,"19":-0.022785332858580996,"20":-0.022785335914195726,"21":0.02959773715802069,"22":0.029597737154303798,"23":0.029597737156309898,"24":0.029597737153870266,"25":0.029597734050084083,"26":0.02959773405678159,"27":0.02959773405812359,"28":0.02959773405287573,"29":0.029597736219060436,"30":0.029597736219272096,"31":0.02959773622117362,"32":0.029597736212983772,"33":0.029597738179900017,"34":0.029597738183180504,"35":0.029597738184081717,"36":0.029597738179544315,"37":0.11682522802893644,"38":0.11682522802569983,"39":0.11682522802464974,"40":0.11682522802598734,"41":0.11682522614488039,"42":0.11682522614306809,"43":0.11682522613924616,"44":0.11682522614046005,"45":0.1168252216496708,"46":0.1168252216448,"47":0.1168252216439148,"48":0.11682522164743334,"49":0.11682522804633172,"50":0.11682522804893863,"51":0.11682522804675276,"52":0.11682522804915976,"53":-0.12265057226110174,"54":-0.12265057225651656,"55":-0.12265057225554939,"56":-0.12265057226241301,"57":-0.12265056521172638,"58":-0.12265056520770429,"59":-0.12265056521632539,"60":-0.12265056520388955,"61":-0.12265056866289262,"62":-0.12265056866384198,"63":-0.12265056866092876,"64":-0.1226505686674749,"65":-0.12265057210640562,"66":-0.12265057210295267,"67":-0.12265057210172937,"68":-0.12265057210524422,"69":-0.023772396412717837,"70":-0.02377239641451267,"71":-0.023772396412110458,"72":-0.02377239641914277,"73":-0.023772387525625067,"74":-0.023772387519868755,"75":-0.023772387524882217,"76":-0.023772387522907983,"77":-0.023772391775537995,"78":-0.023772391779245696,"79":-0.023772391781466076,"80":-0.023772391775952917,"81":-0.023772395516938837,"82":-0.02377239551800584,"83":-0.023772395519510086,"84":-0.023772395525378746,"85":0.013297733305074104,"86":0.013297733304118528,"87":0.013297733304733583,"88":0.013297733303923424,"89":0.013297733302562767,"90":0.013297733303291426,"91":0.013297733301985984,"92":0.013297733303116567,"93":0.013297733303333474,"94":0.013297733304197402,"95":0.013297733303036045,"96":0.013297733303713094,"97":0.013297733302366494,"98":0.013297733302416145,"99":0.013297733302636772,"100":0.01329773330244465,"101":0.013297731885641722,"102":0.013297731885959257,"103":0.01329773188576401,"104":0.013297731885702616,"105":0.013297731888436753,"106":0.01329773188874006,"107":0.013297731889712831,"108":0.013297731888894453,"109":0.013297731889425268,"110":0.01329773188948715,"111":0.013297731890554115,"112":0.013297731889743815,"113":0.013297731886913782,"114":0.013297731887151316,"115":0.01329773188675515,"116":0.013297731887586848,"117":0.013297732875098932,"118":0.013297732875039435,"119":0.013297732876609736,"120":0.013297732875367941,"121":0.01329773287545103,"122":0.013297732875619386,"123":0.013297732876015971,"124":0.013297732875247461,"125":0.013297732877099745,"126":0.013297732876319425,"127":0.013297732876002019,"128":0.01329773287656673,"129":0.013297732872409622,"130":0.013297732872472177,"131":0.013297732872702975,"132":0.013297732872463996,"133":0.013297733770886212,"134":0.01329773377094142,"135":0.01329773377061696,"136":0.013297733770846807,"137":0.013297733772472583,"138":0.013297733772142191,"139":0.013297733772834731,"140":0.013297733772272469,"141":0.013297733772752982,"142":0.013297733772488737,"143":0.013297733773019856,"144":0.01329773377296813,"145":0.013297733770176602,"146":0.013297733770695234,"147":0.013297733770974247,"148":0.013297733770830777,"149":0.05248748298149714,"150":0.05248748298114805,"151":0.052487482981080726,"152":0.05248748298150759,"153":0.05248748298009614,"154":0.05248748297949597,"155":0.052487482979271555,"156":0.052487482979581786,"157":0.052487482978391786,"158":0.05248748297966544,"159":0.05248748297957637,"160":0.052487482979037985,"161":0.05248748297939713,"162":0.0524874829798604,"163":0.05248748297971021,"164":0.05248748298027057,"165":0.052487482121475304,"166":0.052487482120930885,"167":0.05248748212149989,"168":0.05248748212157699,"169":0.052487482120385766,"170":0.05248748212108289,"171":0.052487482120556955,"172":0.05248748212003088,"173":0.052487482118415266,"174":0.05248748211799608,"175":0.052487482118685064,"176":0.052487482119082725,"177":0.05248748211901795,"178":0.052487482119450805,"179":0.052487482119031946,"180":0.05248748211917906,"181":0.052487480069393834,"182":0.0524874800698611,"183":0.05248748006850917,"184":0.052487480069817315,"185":0.052487480067092,"186":0.052487480067445254,"187":0.052487480066374444,"188":0.052487480066587995,"189":0.05248748006609303,"190":0.05248748006628148,"191":0.05248748006717757,"192":0.052487480066310786,"193":0.052487480069084026,"194":0.052487480067733676,"195":0.0524874800679248,"196":0.05248748006806565,"197":0.05248748299024849,"198":0.052487482988663216,"199":0.05248748298817314,"200":0.052487482989289284,"201":0.05248748299031541,"202":0.05248748299036136,"203":0.052487482990249724,"204":0.05248748299078688,"205":0.0524874829893271,"206":0.05248748298940194,"207":0.05248748298868841,"208":0.052487482989635154,"209":0.05248748299059199,"210":0.05248748299059787,"211":0.05248748299034728,"212":0.052487482990496555,"213":-0.05510470583545618,"214":-0.055104705835572865,"215":-0.0551047058347947,"216":-0.055104705835246764,"217":-0.055104705832893404,"218":-0.05510470583256358,"219":-0.05510470583269292,"220":-0.05510470583332902,"221":-0.05510470583303735,"222":-0.055104705832262825,"223":-0.05510470583215771,"224":-0.05510470583253678,"225":-0.055104705836213054,"226":-0.05510470583539365,"227":-0.05510470583550973,"228":-0.0551047058359602,"229":-0.0551047026177217,"230":-0.055104702618090834,"231":-0.055104702617099835,"232":-0.05510470261776043,"233":-0.05510470261524046,"234":-0.05510470261532764,"235":-0.05510470261570368,"236":-0.05510470261594313,"237":-0.05510470262012964,"238":-0.055104702619447325,"239":-0.05510470261973142,"240":-0.05510470261991014,"241":-0.055104702613347024,"242":-0.055104702613596866,"243":-0.05510470261407013,"244":-0.05510470261375355,"245":-0.05510470419206957,"246":-0.055104704193308714,"247":-0.05510470419250083,"248":-0.05510470419152058,"249":-0.05510470419221938,"250":-0.05510470419285718,"251":-0.055104704193433156,"252":-0.055104704193226266,"253":-0.05510470419116962,"254":-0.055104704191589776,"255":-0.055104704191064,"256":-0.055104704191391386,"257":-0.055104704195143905,"258":-0.05510470419395513,"259":-0.05510470419461019,"260":-0.055104704194832765,"261":-0.05510470576436037,"262":-0.05510470576416719,"263":-0.055104705764148804,"264":-0.0551047057646523,"265":-0.05510470576288088,"266":-0.05510470576298117,"267":-0.0551047057627253,"268":-0.0551047057625771,"269":-0.05510470576279139,"270":-0.05510470576245828,"271":-0.055104705761880354,"272":-0.05510470576110454,"273":-0.055104705764495,"274":-0.0551047057634075,"275":-0.055104705763600555,"276":-0.05510470576395001,"277":-0.01068051204183166,"278":-0.010680512041773864,"279":-0.010680512042275755,"280":-0.010680512042594088,"281":-0.0106805120429787,"282":-0.010680512044024098,"283":-0.010680512042312204,"284":-0.01068051204240915,"285":-0.010680512041870465,"286":-0.010680512042217144,"287":-0.01068051204145747,"288":-0.010680512041597114,"289":-0.01068051204518421,"290":-0.010680512045786558,"291":-0.010680512044844957,"292":-0.010680512045664026,"293":-0.010680507986091482,"294":-0.01068050798529819,"295":-0.010680507985689824,"296":-0.010680507986029283,