{"name":"fiedler","normalized":false,"weight":"value","num_of_nodes":103,"num_of_edges":102,"process_time":0.02110886573791504,"data":{"0":-0.13883048255464114,"1":-0.13848605728849595,"2":-0.13538192325519607,"3":-0.13160521466524758,"4":-0.12750200623521735,"5":-0.12308247776310854,"6":-0.11805147888850098,"7":-0.11272760611571733,"8":-0.10656124448398883,"9":-0.10013051541678977,"10":-0.09345137308564704,"11":-0.08537654959679189,"12":-0.07687757969155094,"13":-0.06742165702091595,"14":-0.057292066063979984,"15":-0.046877852173430996,"16":-0.03611416565369838,"17":-0.024719509182181982,"18":-0.01314011067890643,"19":-0.0015281139288635984,"20":0.010087672984769324,"21":0.02167843258710386,"22":0.03321540949305772,"23":0.044421533994940456,"24":0.05551745273257862,"25":0.06619948601557177,"26":0.07671728497343804,"27":0.08704475618839251,"28":0.09715627842572143,"29":0.10654349831507869,"30":0.11380756156570827,"31":0.12022318748549665,"32":0.12393431254609129,"33":0.12424254477927324,"34":-0.1391774883876796,"35":-0.13952363332023698,"36":-0.1388304825546166,"37":-0.13883048255462901,"38":-0.13883048255462924,"39":-0.1391774883883261,"40":-0.1395236333200555,"41":-0.13571862820209976,"42":-0.12338859268952454,"43":-0.11329042923876459,"44":-0.11357219031416292,"45":-0.09368379249002991,"46":-0.09368379249002749,"47":-0.09391795323020256,"48":-0.09415153304425969,"49":-0.09368379249001636,"50":-0.08558888619088499,"51":-0.07726141003110772,"52":-0.07745356355399867,"53":-0.0770687786135325,"54":-0.07706877861353256,"55":-0.06792806003948175,"56":-0.06809700074348704,"57":-0.06809700074350078,"58":-0.0574345542699554,"59":-0.046994439457646274,"60":-0.04699443945768159,"61":-0.036203982885183394,"62":-0.03629447301121465,"63":-0.03638473865571699,"64":-0.03638541660333808,"65":-0.036475908417018976,"66":-0.03647590841704287,"67":-0.024842925740353357,"68":-0.02490471065965342,"69":0.03338124764843968,"70":0.03346426971241174,"71":0.03329801909543035,"72":0.05565552873559794,"73":0.055655528735607994,"74":0.09739791236489873,"75":0.09739791236490446,"76":0.10680847874509633,"77":0.10707544446699918,"78":0.10734174787833212,"79":0.10680847874509597,"80":0.10707544446800377,"81":0.10734174787805006,"82":0.10680847874508993,"83":0.11409060807735985,"84":0.1140906080773868,"85":0.12112618498610415,"86":0.12142743327335608,"87":0.12142743327336704,"88":0.12082343264559041,"89":0.12112392797188061,"90":0.12112618498610415,"91":0.12142743327335118,"92":0.12142743327337197,"93":0.12424254477925957,"94":0.12486518419029323,"95":0.12517573154913839,"96":0.12517573154915065,"97":0.12455308634732919,"98":0.12486285749932773,"99":0.12455308634713905,"100":0.12486285749938107,"101":0.1245530863469599,"102":0.12486285749943139}}