{"name": "fiedler", "normalized": true, "process_time": 0.015343904495239258, "data": {"0": -0.09867927931313059, "1": -0.26075061090775864, "2": -0.16702433938671857, "3": -0.1326823600459176, "4": -0.1286542779129746, "5": -0.15223670025098654, "6": -0.11931813816179508, "7": -0.13966218635113173, "8": -0.10788202788294246, "9": -0.10145745397352958, "10": -0.1641572419037857, "11": -0.10612967479396454, "12": -0.12347785812641145, "13": -0.08394980559579755, "14": -0.07140096527703767, "15": -0.06753932414135584, "16": -0.058270974754031285, "17": -0.030980213935636814, "18": -0.013544305209728252, "19": -0.0017591089666158701, "20": 0.010030537490603458, "21": 0.02179481041859836, "22": 0.0473817408383958, "23": 0.04487348534966293, "24": 0.07937910896138203, "25": 0.06695938302177974, "26": 0.07761987584003653, "27": 0.08808401728426245, "28": 0.13905302462445124, "29": 0.20171303728562642, "30": 0.16281700163217108, "31": 0.19220921191739546, "32": 0.23426216661935598, "33": 0.08865490952963243, "34": -0.13990816657228405, "35": -0.09905530100022658, "36": -0.09867927931326802, "37": -0.098679279312985, "38": -0.09867927931317935, "39": -0.13990816657242683, "40": -0.09905530099980248, "41": -0.096553670863599, "42": -0.08800521115944618, "43": -0.1144682283407377, "44": -0.08104376679264898, "45": -0.06710178555075932, "46": -0.06710178555143816, "47": -0.09513737727413765, "48": -0.06735748020018796, "49": -0.06710178555053091, "50": -0.0613515955112823, "51": -0.0783918366433029, "52": -0.055501599268581205, "53": -0.0552909103995392, "54": -0.055290910398942676, "55": -0.08448436751803916, "56": -0.04883884510207548, "57": -0.04883884510162043, "58": -0.04127557307736994, "59": -0.033812429047307385, "60": -0.033812429047404474, "61": -0.026092574837013178, "62": -0.03699423398784602, "63": -0.026192002181115302, "64": -0.04542391643701329, "65": -0.026258723238042056, "66": -0.026258723238815836, "67": -0.0253916279496268, "68": -0.01797733063273617, "69": 0.03363161833799834, "70": 0.023811262440952115, "71": 0.02372087314716039, "72": 0.03973981842528703, "73": 0.039739818426136095, "74": 0.06961456269960463, "75": 0.06961456269930547, "76": 0.07633691485185312, "77": 0.10823100768007175, "78": 0.07662780040066414, "79": 0.07633691485196833, "80": 0.10823100767562627, "81": 0.07662780039655888, "82": 0.07633691485190806, "83": 0.08151159892422243, "84": 0.08151159892487225, "85": 0.14983265774594032, "86": 0.08661547893032324, "87": 0.0866154789299277, "88": 0.122027004206603, "89": 0.0863953974437054, "90": 0.14983265773360813, "91": 0.08661547892034936, "92": 0.08661547892008431, "93": 0.0886549095296922, "94": 0.15433713106629365, "95": 0.08921943136965042, "96": 0.08921943137054962, "97": 0.12569554610884673, "98": 0.08899273348758996, "99": 0.12569554610863704, "100": 0.08899273348678784, "101": 0.12569554610999684, "102": 0.08899273348668156}}