{"name": "eigen", "eigen": 1, "normalized": false, "process_time": 0.01047515869140625, "data": {"0": -0.19517509899422636, "1": -0.22774062932446848, "2": 0.039071276980758136, "3": -0.22774062932446923, "4": -0.22774062932446737, "5": 0.08318720286884465, "6": 0.021839276100421863, "7": 0.08889859249748791, "8": -0.2277406293244674, "9": 0.08885761932516179, "10": -0.2277406293244679, "11": -0.22774062932446804, "12": 0.06834772813716589, "13": 0.0972275853140322, "14": 0.088464878481553, "15": 0.09736501206847593, "16": 0.09597938927537832, "17": 0.09597938927537832, "18": 0.09294862181105265, "19": 0.10845736846131795, "20": 0.08701057204858618, "21": 0.09318184312367207, "22": -0.227740629324468, "23": 0.10212183752643011, "24": 0.09669224913429476, "25": -0.227740629324468, "26": 0.08701057204858618, "27": 0.09318184312367207, "28": 0.06888986481850566, "29": 0.08160174295041259, "30": 0.08151920662690196, "31": 0.09597938927537829, "32": 0.10845736846131795, "33": -0.22774062932446804, "34": 0.08047826391474025, "35": -0.22774062932446806, "36": 0.11361064621934723, "37": 0.10368377036655131, "38": -0.22774062932446806, "39": -0.22774062932446806, "40": 0.086996337471216, "41": 0.08448249343852296, "42": 0.10212183752643011, "43": 0.07839195653940889, "44": -0.22774062932446806, "45": 0.10212183752643009, "46": 0.08701057204858617, "47": 0.0970672285077371, "48": 0.08624619914671754, "49": 0.07132170777189101}}