{"name": "eigen", "eigen": 2, "normalized": true, "process_time": 0.006913900375366211, "data": {"0": 0.05021992525670939, "1": 0.01932305134788631, "2": -0.11268183026117506, "3": 0.019323051347886564, "4": 0.01932305134788592, "5": -0.2153712623295311, "6": -0.17461484797196772, "7": -0.046753210392453406, "8": 0.019323051347886068, "9": -0.020351528208755965, "10": 0.019323051347886252, "11": 0.019323051347886224, "12": -0.2241411488100686, "13": 0.0006569053232324128, "14": -0.06778591288927899, "15": 0.14534410618761312, "16": 0.16570092768076478, "17": 0.16570092768076478, "18": 0.3684857490725634, "19": 0.14675805727734692, "20": -0.13625831133121397, "21": -0.04278393539785164, "22": 0.019323051347886262, "23": 0.23367959390070853, "24": 0.3698453038827759, "25": 0.019323051347886262, "26": -0.13625831133121397, "27": -0.04278393539785164, "28": -0.05165969512526072, "29": -0.1499131552974348, "30": -0.15785471493355863, "31": 0.16570092768076483, "32": 0.14675805727734692, "33": 0.019323051347886262, "34": -0.18998269868728762, "35": 0.01932305134788626, "36": 0.07657688700231378, "37": -0.00959052323167641, "38": 0.019323051347886262, "39": 0.019323051347886262, "40": 0.02551821547428748, "41": -0.06332716460093915, "42": 0.23367959390070844, "43": -0.28320411532250717, "44": 0.019323051347886262, "45": 0.23367959390070844, "46": -0.13625831133121402, "47": -0.07564788258500328, "48": -0.008111603981796577, "49": -0.14330218133217307}}