{"name": "fiedler", "normalized": false, "process_time": 0.015212059020996094, "data": {"0": -0.19517509898368557, "1": -0.22774063614757142, "2": 0.03907127662600739, "3": -0.227740628930602, "4": -0.227740632110862, "5": 0.08318720271047703, "6": 0.021839275786361696, "7": 0.08889859289373259, "8": -0.22774062414259674, "9": 0.08885761912465949, "10": -0.2277406285572725, "11": -0.2277406296847531, "12": 0.0683477279949967, "13": 0.09722758787792958, "14": 0.08846487889414818, "15": 0.09736501531940525, "16": 0.09597938977836362, "17": 0.0959793897659092, "18": 0.09294862082095892, "19": 0.10845736550981762, "20": 0.08701057168993796, "21": 0.0931818432782724, "22": -0.22774063345136533, "23": 0.10212183636022998, "24": 0.09669224873846155, "25": -0.22774062761716876, "26": 0.08701057168614733, "27": 0.09318184327870888, "28": 0.06888986430323663, "29": 0.08160174265136039, "30": 0.0815192062583615, "31": 0.09597938979057524, "32": 0.1084573611591831, "33": -0.22774062571475576, "34": 0.08047826360723791, "35": -0.22774062898844655, "36": 0.11361066454162273, "37": 0.10368376740268181, "38": -0.22774062936171058, "39": -0.22774063168893352, "40": 0.08699633692292733, "41": 0.08448249285785822, "42": 0.1021218363593051, "43": 0.07839195625992254, "44": -0.22774062400274783, "45": 0.10212183635739504, "46": 0.08701057168694189, "47": 0.09706722495132254, "48": 0.0862461986829885, "49": 0.07132170745502545}}