{"0": -0.14464074184323508, "1": -0.2768732697080248, "2": -0.24691719123643857, "3": -0.24691719123643852, "4": -0.17459682031482138, "5": 0.14464074184323253, "6": 0.2768732697080225, "7": 0.24691719123643616, "8": 0.24691719123643602, "9": 0.1745968203148191, "10": -0.14464074184323278, "11": -0.2768732697080209, "12": -0.2469171912364352, "13": -0.24691719123643527, "14": -0.17459682031481868, "15": 0.14464074184323364, "16": 0.2768732697080228, "17": 0.24691719123643652, "18": 0.24691719123643646, "19": 0.17459682031481935}