{"0": 0.049544478243984426, "1": 0.0391794035935466, "2": 0.05015184058533853, "3": 0.05015184058533853, "4": 0.06097243699179193, "5": 0.04954447824398442, "6": 0.039179403593546595, "7": 0.050151840585338524, "8": 0.050151840585338524, "9": 0.06097243699179193, "10": 0.04954447824398441, "11": 0.039179403593546595, "12": 0.050151840585338524, "13": 0.050151840585338524, "14": 0.06097243699179193, "15": 0.04954447824398441, "16": 0.039179403593546595, "17": 0.050151840585338524, "18": 0.050151840585338524, "19": 0.060972436991791924}