{"name": "eigen", "eigen": 1, "normalized": false, "process_time": 0.0021190643310546875, "data": {"0": -0.19335562743019669, "1": -0.18332459330749581, "2": -0.0899432684398076, "3": 0.01302565060071792, "4": 0.11531881612228576, "5": 0.21162939404148404, "6": 0.28538112147293127, "7": 0.34432765390945563, "8": -0.2051978688237115, "9": -0.2164257504021727, "10": -0.1933556274301969, "11": -0.19335562743019663, "12": -0.19335562743019669, "13": -0.2051978688237116, "14": -0.21642575040217293, "15": -0.09486472484971553, "16": 0.2232091915727189, "17": 0.3854109232402697, "18": 0.4064995838096682}}