{"name":"fiedler","normalized":false,"weight":"value","num_of_nodes":19,"num_of_edges":18,"process_time":0.008878946304321289,"data":{"0":-0.19335564022799412,"1":-0.18332460290080324,"2":-0.08994323665654075,"3":0.013025705456002313,"4":0.11531888040908474,"5":0.21162945173292932,"6":0.28538113892440464,"7":0.34432762674527445,"8":-0.20519789257879292,"9":-0.21642578227967774,"10":-0.19335564022784615,"11":-0.19335564022769794,"12":-0.19335564022777468,"13":-0.20519789041573328,"14":-0.21642577878711144,"15":-0.09486468263452118,"16":0.2232092684992087,"17":0.3854108582274282,"18":0.4064994971701609}}