{"name": "fiedler", "normalized": true, "process_time": 0.012669086456298828, "data": {"0": -0.1429923863560667, "1": -0.36720592524462, "2": -0.11484531753473888, "3": 0.019842814237316948, "4": 0.1322903448730526, "5": 0.29021997488413237, "6": 0.31357499125545185, "7": 0.371758610616557, "8": -0.21546469162901946, "9": -0.15696881053624295, "10": -0.1429923863960122, "11": -0.14299238631312414, "12": -0.14299238626118518, "13": -0.2154646914935755, "14": -0.15696881026121232, "15": -0.06831324637246394, "16": 0.17263105472544849, "17": 0.4080952152190829, "18": 0.297302637545071}}