{"info": {"component_method": "connected_components", "link_method": "connectivity", "cover_overlap": 0, "cover_intervals": 2, "cover": [{"level": 0, "range": [0, 0.5]}, {"level": 1, "range": [0.5, 1]}], "compute_time": 0.0097}, "nodes": [{"cover": 0, "min_v": 0, "max_v": 0.1783, "avg_v": 0.1185, "comp_len": 448, "x": 83.05902849193293, "y": 98.99999951205187, "id": "mn0", "index": 0, "vy": 3.043766160253719e-25, "vx": 9.8879238130678e-18}, {"cover": 1, "min_v": 0.644, "max_v": 1, "avg_v": 0.8837, "comp_len": 5, "x": 114.94097150806707, "y": 99.00000048794811, "id": "mn1", "index": 1, "vy": -3.043766160253719e-25, "vx": -9.8879238130678e-18}], "links": [{"value": 2, "source": "mn0", "target": "mn1"}]}