{"name": "density", "eps": 0.5, "process_time": 0.0011258125305175781, "data": {"0": 1.4080187016271641, "1": 1.4080187016271641, "2": 1.4080187016271641, "3": 1.4080187016271641, "4": 1.4080187016271641, "5": 1.4080187016271641, "6": 1.4080187016271641, "7": 1.4080187016271641, "8": 1.4080187016271641, "9": 1.4080187016271641, "10": 1.4080187016271641, "11": 1.4080187016271641, "12": 1.4080187016271641, "13": 1.4080187016271641, "14": 1.4080187016271641, "15": 1.4080187016271641}}