{"name": "eigen", "eigen": 1, "normalized": false, "process_time": 0.0020720958709716797, "data": {"0": -0.17127934827920413, "1": 0.19923934871617785, "2": 0.1411377098822533, "3": 0.006198123811417197, "4": -0.37523431324030376, "5": -0.4568836703706617, "6": -0.2448320687110293, "7": 0.0390202118523834, "8": 0.1712793482792043, "9": -0.199239348716177, "10": -0.14113770988225238, "11": -0.00619812381141778, "12": 0.37523431324030354, "13": 0.45688367037066063, "14": 0.24483206871102806, "15": -0.03902021185238276}}