{"name": "fiedler", "normalized": true, "process_time": 0.022480249404907227, "data": {"0": -0.2672168283132401, "1": -0.10271943215609283, "2": -0.22290820189467697, "3": -0.4113096203966115, "4": -0.31220974271310814, "5": -0.23217296487838432, "6": 0.1772912036800947, "7": 0.12794071748019847, "8": 0.2672168238562292, "9": 0.10271944566796502, "10": 0.22290821273243627, "11": 0.4113096248536224, "12": 0.3122097498439607, "13": 0.23217295404062507, "14": -0.17729121719196697, "15": -0.12794072461105102}}