{"directed": false, "multigraph": true, "graph": {}, "nodes": [{"cover": {"level": 0, "range": [0.0, 0.5]}, "min_value": 0.0, "max_value": 0.00247887784890634, "avg_value": 9.91596155993769e-05, "component_count": 50, "components": ["60", "73", "93", "67", "57", "94", "54", "55", "87", "82", "80", "61", "52", "59", "95", "51", "77", "86", "72", "70", "81", "89", "76", "78", "83", "58", "98", "96", "85", "75", "84", "90", "92", "74", "66", "91", "99", "79", "97", "64", "56", "88", "63", "53", "69", "65", "50", "71", "68", "62"], "x": 250.0, "y": 250.0, "id": "mapper_node_0"}, {"cover": {"level": 1, "range": [0.5, 1.0]}, "min_value": 0.979165590714959, "max_value": 1.0, "avg_value": 0.9795822789006599, "component_count": 50, "components": ["40", "28", "10", "37", "4", "7", "22", "25", "44", "20", "17", "14", "8", "27", "34", "45", "33", "46", "15", "13", "49", "32", "30", "0", "43", "48", "2", "1", "5", "26", "47", "18", "41", "35", "29", "21", "3", "9", "19", "38", "6", "31", "12", "36", "42", "11", "24", "16", "23", "39"], "x": 250.00000000000003, "y": 500.0, "id": "mapper_node_1"}, {"cover": {"level": 1, "range": [0.5, 1.0]}, "min_value": 0.979165590714959, "max_value": 1.0, "avg_value": 0.9795822789006599, "component_count": 50, "components": ["110", "144", "123", "124", "111", "105", "126", "147", "138", "130", "128", "121", "119", "117", "135", "116", "136", "118", "148", "125", "108", "129", "141", "109", "142", "112", "143", "149", "102", "127", "131", "137", "139", "114", "120", "115", "134", "145", "100", "113", "132", "106", "103", "104", "101", "107", "133", "140", "122", "146"], "x": 249.99999999999994, "y": 0.0, "id": "mapper_node_2"}], "links": [{"value": 1, "source": "mapper_node_0", "target": "mapper_node_1", "key": 0}, {"value": 1, "source": "mapper_node_0", "target": "mapper_node_2", "key": 0}], "info": {"component_method": "connected_components", "link_method": "connectivity", "cover_overlap": 0.0, "cover_intervals": 2, "compute_time": 0.008357048034667969}}