{"name":"fiedler","normalized":false,"weight":"value","num_of_nodes":150,"num_of_edges":2501,"process_time":0.029857397079467773,"data":{"0":-0.09243328587281119,"1":-0.09243328587281105,"2":-0.09243328587281098,"3":-0.09243328587281101,"4":-0.09243328587281109,"5":-0.09243328587281108,"6":-0.09243328587281101,"7":-0.09243328587281095,"8":-0.09243328587281105,"9":-0.09243328587281105,"10":-0.09243328587281105,"11":-0.092433285872811,"12":-0.09243328587281101,"13":-0.09243328587281108,"14":-0.09243328587281105,"15":-0.092433285872811,"16":-0.09243328587281101,"17":-0.09243328587281098,"18":-0.09243328587281105,"19":-0.09243328587281098,"20":-0.09243328587281098,"21":-0.092433285872811,"22":-0.09243328587281105,"23":-0.09243328587281101,"24":-0.09243328587281101,"25":-0.092433285872811,"26":-0.09243328587281105,"27":-0.092433285872811,"28":-0.09243328587281105,"29":-0.092433285872811,"30":-0.09243328587281105,"31":-0.09243328587281098,"32":-0.09243328587281105,"33":-0.09243328587281098,"34":-0.09243328587281095,"35":-0.092433285872811,"36":-0.09243328587281105,"37":-0.09243328587281105,"38":-0.09243328587281098,"39":-0.09243328587281105,"40":-0.09243328587281095,"41":-0.09243328587281105,"42":-0.092433285872811,"43":-0.09243328587281105,"44":-0.09243328587281105,"45":-0.09243328587281101,"46":-0.09243328587281105,"47":-0.092433285872811,"48":-0.09243328587281098,"49":-0.09237110721676411,"50":-0.08926221624416167,"51":-0.0860932799042679,"52":-0.08286643004991649,"53":-0.07958383749281134,"54":-0.07624771054236011,"55":-0.07286029351927963,"56":-0.06942386524497786,"57":-0.0659407375077337,"58":-0.06241325350671059,"59":-0.05884378627485432,"60":-0.055234737081742376,"61":-0.051588533817461465,"62":-0.04790762935860638,"63":-0.04419449991750235,"64":-0.04045164337576564,"65":-0.03668157760332753,"66":-0.032886838764055605,"67":-0.02906997960911581,"68":-0.025233567759226288,"69":-0.021380183976961835,"70":-0.017512420430273547,"71":-0.013632878948393833,"72":-0.009744169271303005,"73":-0.005848907293936272,"74":-0.0019497133063138402,"75":0.0019507897692208158,"76":0.005849978142467866,"77":0.009745228920355436,"78":0.01363392187125435,"79":0.01751344118743607,"80":0.021381177244489125,"81":0.025234528356510823,"82":0.029070902525895146,"83":0.032887719186541244,"84":0.03668241093931124,"85":0.040452425278572464,"86":0.04419522630866524,"87":0.04790829644914404,"88":0.05158913812764822,"89":0.055235275459267104,"90":0.05884425591127267,"91":0.06241365195210496,"92":0.06594106268350389,"93":0.06942411545469514,"94":0.07286046745754768,"95":0.07624780730163505,"96":0.07958385656814619,"97":0.08286637134160421,"98":0.08609314371836897,"99":0.0892620032909131,"100":0.09237081860687867,"101":0.09243299574963494,"102":0.09243299574963494,"103":0.09243299574963494,"104":0.09243299574963494,"105":0.09243299574963493,"106":0.09243299574963501,"107":0.09243299574963498,"108":0.09243299574963493,"109":0.09243299574963493,"110":0.09243299574963494,"111":0.09243299574963498,"112":0.09243299574963493,"113":0.09243299574963496,"114":0.0924329957496349,"115":0.0924329957496349,"116":0.09243299574963494,"117":0.09243299574963493,"118":0.09243299574963494,"119":0.09243299574963505,"120":0.09243299574963496,"121":0.09243299574963496,"122":0.09243299574963494,"123":0.09243299574963494,"124":0.0924329957496349,"125":0.09243299574963496,"126":0.09243299574963498,"127":0.0924329957496349,"128":0.09243299574963501,"129":0.09243299574963498,"130":0.0924329957496349,"131":0.09243299574963504,"132":0.09243299574963493,"133":0.09243299574963498,"134":0.0924329957496349,"135":0.09243299574963498,"136":0.09243299574963493,"137":0.09243299574963494,"138":0.09243299574963496,"139":0.09243299574963501,"140":0.09243299574963502,"141":0.09243299574963502,"142":0.09243299574963501,"143":0.09243299574963498,"144":0.09243299574963501,"145":0.09243299574963496,"146":0.09243299574963494,"147":0.09243299574963501,"148":0.09243299574963496,"149":0.09243299574963496}}