{"name": "eigen", "eigen": 2, "normalized": false, "process_time": 0.034066200256347656, "data": {"0": -0.06991555207241036, "1": -0.06975200397093455, "2": -0.06942529034354286, "3": -0.06795333667370251, "4": -0.06616309421136668, "5": -0.06406294833008026, "6": -0.061812944895448925, "7": -0.05941834716835144, "8": -0.056745437957256, "9": -0.05393978848494231, "10": -0.05100796179255035, "11": -0.04771677392412545, "12": -0.04431396585743958, "13": -0.04080749752104215, "14": -0.03720557132802044, "15": -0.03342937677744962, "16": -0.029418219170323667, "17": -0.024853129338188187, "18": -0.020229902482193036, "19": -0.015320956793232567, "20": -0.010376171962306405, "21": -0.005407114946226768, "22": -0.0004254094798708183, "23": 0.004557291114331466, "24": 0.00952933118612447, "25": 0.014479080022596916, "26": 0.019394959055018247, "27": 0.02403550296096345, "28": 0.02861982245387384, "29": 0.03307008865115312, "30": 0.03744299652036056, "31": 0.04172831685270435, "32": 0.0459160253262165, "33": 0.0499963259548811, "34": 0.05395967400363573, "35": 0.0575437589264566, "36": 0.060993236136897964, "37": 0.06430003653685346, "38": 0.06745642478116262, "39": 0.07045501737231186, "40": 0.07328879993208544, "41": 0.07595114360976464, "42": 0.07843582058848908, "43": 0.08073701865351392, "44": 0.08284935478827848, "45": 0.08457363019806097, "46": 0.08610006898574996, "47": 0.08742510046988232, "48": 0.08690139158116801, "49": 0.08617440091626197, "50": 0.08504377523717935, "51": 0.08371421316168597, "52": 0.08080834899621611, "53": 0.07541688523649803, "54": 0.06984900452756013, "55": 0.06395395584724241, "56": 0.05775935120134082, "57": 0.0485366036471212, "58": 0.039200318129697986, "59": 0.02977233430742976, "60": 0.01978308406651695, "61": 0.009747556770720797, "62": -0.00031077223880932037, "63": -0.010368374282619441, "64": -0.020401722381791762, "65": -0.030387346292803916, "66": -0.039794990950140094, "67": -0.04910954623000259, "68": -0.05807811504682123, "69": -0.06691082617287364, "70": -0.07543013155448586, "71": -0.08359612734652627, "72": -0.09156657311410124, "73": -0.09932282420327404, "74": -0.10614644330938716, "75": -0.11222223973529732, "76": -0.1164474151865236, "77": -0.11875489995899655, "78": -0.12078459048035448, "79": -0.12253173885085974, "80": -0.1239922581000096, "81": -0.1248720060722627, "82": -0.12545965051511154, "83": -0.12575381679687359, "84": -0.06991670972990487, "85": -0.07008064401833794, "86": -0.07008064401833783, "87": -0.06991670972990503, "88": -0.07008064401833831, "89": -0.07008064401833833, "90": -0.06811266742506782, "91": -0.06631822736640194, "92": -0.05955766585912714, "93": -0.0512480039463627, "94": -0.051368165565709965, "95": -0.037292807539292115, "96": -0.03350775891407972, "97": -0.03350775891407963, "98": -0.029556660551684766, "99": -0.029625962298502277, "100": -0.02955666055168405, "101": -0.029625962298501046, "102": -0.029626452843398713, "103": -0.02969591823278046, "104": -0.02969591823278072, "105": -0.020373097652350305, "106": -0.02042086662316888, "107": -0.020420866623168964, "108": -0.020325103881985763, "109": -0.020372760321413205, "110": 0.019624925037754315, "111": 0.01967093976204627, "112": 0.019670939762046168, "113": 0.019670939762046355, "114": 0.019670939762046313, "115": 0.028686927588642712, "116": 0.05408619369822738, "117": 0.054086193698227286, "118": 0.08304361235670295, "119": 0.08763008682710782, "120": 0.08783652073990583, "121": 0.08804247175764637, "122": 0.08763008682710788, "123": 0.08783652073990579, "124": 0.0880424717576463, "125": 0.08783652073990579, "126": 0.08804247175764629, "127": 0.08637645474788433, "128": 0.08410817009165948, "129": 0.08430537921475242, "130": 0.08410817009165966, "131": 0.08430537921475269, "132": 0.08430677513813713, "133": 0.08450444993212786, "134": 0.08450444993212786, "135": 0.08176649339535866, "136": 0.08195821196970558, "137": 0.08195821196970561, "138": 0.0819582119697056, "139": 0.08195821196970558, "140": 0.08176649339535848, "141": 0.0819582119697054, "142": 0.0819582119697054, "143": 0.08195821196970537, "144": 0.08195821196970543, "145": 0.08118863100430584, "146": 0.08137899465991807, "147": 0.07001278006704435, "148": 0.06410390921725699, "149": 0.05928817422287435, "150": 0.05942718769606663, "151": 0.05942718769606662, "152": 0.059427187696066607, "153": 0.05942718769606661, "154": 0.0594271876960666, "155": 0.05942718769606662, "156": 0.05942718769606661, "157": 0.05942718769606659, "158": 0.05942718769606662, "159": 0.05942718769606659, "160": 0.05816819450301859, "161": 0.05830458195048476, "162": 0.05830458195048473, "163": 0.058305872453876334, "164": 0.058442582715974314, "165": 0.058442582715974224, "166": 0.0584425827159742, "167": 0.058168194503018564, "168": 0.0583045819504847, "169": 0.05830458195048471, "170": 0.029912442145501095, "171": 0.029982578096368326, "172": 0.03005404130548627, "173": 0.030124509265076958, "174": 0.030124509265076874, "175": 0.030124509265076944, "176": 0.029842141746288835, "177": -0.03089424275234188, "178": -0.030966680739224425, "179": -0.03096668073922442, "180": -0.030966680739224435, "181": -0.03096668073922443, "182": -0.030966680739224442, "183": -0.030966680739224466, "184": -0.04934065448909596, "185": -0.04945634393037182, "186": -0.0670677125412323, "187": -0.0756069932087396, "188": -0.09979023485460357, "189": -0.10002421384484293, "190": -0.09955570725188775, "191": -0.10664596573639766, "192": -0.10689601941562255, "193": -0.11248536815035645, "194": -0.11248536815035648, "195": -0.11328409098097206, "196": -0.11354970912744243, "197": -0.11354970912744246, "198": -0.11354970912744246, "199": -0.11699541372175032, "200": -0.11726973383739236, "201": -0.11672045040546088, "202": -0.11727167558257236, "203": -0.11754664345168782, "204": -0.11754664345168785, "205": -0.12428298377462116}}