{"name": "eigen", "eigen": 3, "normalized": false, "process_time": 0.034066200256347656, "data": {"0": 0.14012720086339356, "1": 0.1393662121352395, "2": 0.13784836738008274, "3": 0.13099894242595583, "4": 0.12272280109168288, "5": 0.11311007926834206, "6": 0.10288309058722159, "7": 0.09209737475125795, "8": 0.08030862155718478, "9": 0.0680837363673101, "10": 0.05548910886026269, "11": 0.04198214755285677, "12": 0.028247193815183494, "13": 0.014358838054470177, "14": 0.00039250375824422673, "15": -0.01357810531708159, "16": -0.027326693282968603, "17": -0.03987083358246511, "18": -0.052198447363545314, "19": -0.06280012511660485, "20": -0.0730607542577892, "21": -0.08292461239293049, "22": -0.09233813187198804, "23": -0.10125019069886383, "24": -0.10961239015960274, "25": -0.11737931766126795, "26": -0.1245087933540886, "27": -0.12747127941842507, "28": -0.12974150726163702, "29": -0.13059871351729174, "30": -0.13074667739683565, "31": -0.13018459535289356, "32": -0.12891551988417477, "33": -0.1269463429582688, "34": -0.12428775858344167, "35": -0.11959689463750311, "36": -0.11425653588840967, "37": -0.10829568422007393, "38": -0.10174671122703136, "39": -0.09464518241403774, "40": -0.08702966405049739, "41": -0.07894151372864067, "42": -0.07042465576286631, "43": -0.061525342649986436, "44": -0.052291903885812674, "45": -0.042488951242814516, "46": -0.032455253870972534, "47": -0.022245301766194867, "48": -0.010936780404427082, "49": 0.0004311353258772896, "50": 0.011794355538644642, "51": 0.02309352414997084, "52": 0.03337482568959758, "53": 0.04123594710350283, "54": 0.04887312847759316, "55": 0.05597803003585686, "56": 0.06247327192129054, "57": 0.061169114038984534, "58": 0.05953276507594583, "59": 0.05757311155176929, "60": 0.05306871806350204, "61": 0.048276124311366686, "62": 0.043221357432146806, "63": 0.03793186834611233, "64": 0.03243638267931846, "65": 0.026764744763361326, "66": 0.019884942712477482, "67": 0.012897151511942803, "68": 0.0056973095595692635, "69": -0.001533472769325972, "70": -0.008747553965540146, "71": -0.015866365090884425, "72": -0.022899010754301494, "73": -0.02980729877007747, "74": -0.03606274654093211, "75": -0.04172526241435986, "76": -0.04577511668043209, "77": -0.04806147335405026, "78": -0.05008682260544357, "79": -0.051840165371322675, "80": -0.05331197977389935, "81": -0.05420317059743887, "82": -0.05480000028623273, "83": -0.05509922763755232, "84": 0.14013985094548856, "85": 0.1409050640147173, "86": 0.1409050640147173, "87": 0.14013985094548867, "88": 0.14090506401471753, "89": 0.14090506401471747, "90": 0.13171424290703337, "91": 0.123392910918788, "92": 0.09260025893677543, "93": 0.05610009798151666, "94": 0.05640642432531394, "95": 0.0003946469673563602, "96": -0.013652246566511525, "97": -0.013652246566511511, "98": -0.02762758678547183, "99": -0.027778443164559217, "100": -0.027627586785471718, "101": -0.027778443164559005, "102": -0.02778095088314883, "103": -0.02793264468436206, "104": -0.02793264468436217, "105": -0.05306615357252375, "106": -0.05335591350856905, "107": -0.05335591350856905, "108": -0.05277320309742828, "109": -0.05306136342043939, "110": -0.12799961313321642, "111": -0.12869853621729904, "112": -0.12869853621729913, "113": -0.12869853621729896, "114": -0.12869853621729904, "115": -0.1304499417027193, "116": -0.12496641363103518, "117": -0.12496641363103521, "118": -0.05257743614518293, "119": -0.022366768968604116, "120": -0.02249024420007647, "121": -0.022613048874663588, "122": -0.022366768968604102, "123": -0.02249024420007647, "124": -0.022613048874663588, "125": -0.02249024420007647, "126": -0.022613048874663623, "127": 0.000433489476989353, "128": 0.02334780633825742, "129": 0.023475293604922086, "130": 0.02334780633825744, "131": 0.02347529360492211, "132": 0.023477412853643808, "133": 0.023605607817646482, "134": 0.023605607817646493, "135": 0.03431054676201055, "136": 0.03449789446230791, "137": 0.03449789446230792, "138": 0.03449789446230792, "139": 0.03449789446230791, "140": 0.03431054676201044, "141": 0.034497894462307804, "142": 0.03449789446230781, "143": 0.0344978944623078, "144": 0.03449789446230781, "145": 0.03374231501928654, "146": 0.03392655997362732, "147": 0.04913999301607232, "148": 0.05628368984556918, "149": 0.06646334786962785, "150": 0.06682626121705457, "151": 0.06682626121705455, "152": 0.06682626121705455, "153": 0.06682626121705458, "154": 0.06682626121705458, "155": 0.06682626121705455, "156": 0.06682626121705457, "157": 0.06682626121705457, "158": 0.06682626121705455, "159": 0.06682626121705455, "160": 0.0635117787865191, "161": 0.06385857552455967, "162": 0.06385857552455966, "163": 0.06386630843986495, "164": 0.06421504103499633, "165": 0.0642150410349963, "166": 0.06421504103499631, "167": 0.06351177878651905, "168": 0.0638585755245596, "169": 0.06385857552455958, "170": 0.058207047571961414, "171": 0.05852487860448179, "172": 0.05885688370605351, "173": 0.05917826307332169, "174": 0.05917826307332169, "175": 0.059178263073321705, "176": 0.057887481069778, "177": 0.02782755761066248, "178": 0.027979505901064676, "179": 0.027979505901064683, "180": 0.027979505901064676, "181": 0.027979505901064676, "182": 0.027979505901064676, "183": 0.02797950590106467, "184": 0.013039161708733064, "185": 0.013110360135761454, "186": -0.0015418460721121456, "187": -0.008795318698933727, "188": -0.030135506154491405, "189": -0.03030005665887422, "190": -0.029970057146252158, "191": -0.03645983249656607, "192": -0.03665891605588207, "193": -0.04195309708023847, "194": -0.04195309708023848, "195": -0.04265565732569943, "196": -0.04288857227631429, "197": -0.04288857227631431, "198": -0.0428885722763143, "199": -0.046279145288754375, "200": -0.04653184576309297, "201": -0.046025064980597934, "202": -0.046536046458356364, "203": -0.046790149703792215, "204": -0.0467901497037922, "205": -0.0536030820078049}}