{"name": "eigen", "eigen": 4, "normalized": false, "process_time": 0.034066200256347656, "data": {"0": -0.1042696421254604, "1": -0.10325162970427228, "2": -0.10122554398960941, "3": -0.09206111969132336, "4": -0.08109019877873047, "5": -0.06852806139996324, "6": -0.05529686621795554, "7": -0.04152579293226248, "8": -0.026939867463693076, "9": -0.012090920859305125, "10": 0.002876072641259768, "11": 0.017757420077070093, "12": 0.0324653970683461, "13": 0.04685640569950637, "14": 0.06078994270189728, "15": 0.07353061103135519, "16": 0.08410342596605683, "17": 0.08793347407588427, "18": 0.09090500414515111, "19": 0.08840798343769998, "20": 0.0850478119277987, "21": 0.0808572958691634, "22": 0.07587734839155916, "23": 0.070156590054966, "24": 0.06375087415403968, "25": 0.056722741407447874, "26": 0.04914080935609637, "27": 0.03853619193656141, "28": 0.027555335361918426, "29": 0.01603376604986441, "30": 0.004355654788836094, "31": -0.007364981895575946, "32": -0.019013712290691518, "33": -0.030476806724176693, "34": -0.04164234793727145, "35": -0.051580175901758146, "36": -0.061014412804793895, "37": -0.06985294966666108, "38": -0.07800949348656809, "39": -0.08540440974430918, "40": -0.09196549989339867, "41": -0.09762870625480277, "42": -0.10233873742920134, "43": -0.10604960812171901, "44": -0.10872508810866457, "45": -0.10926707782070248, "46": -0.10874226380942342, "47": -0.10715576997447203, "48": -0.095975727385364, "49": -0.08385864808433063, "50": -0.07009602759986767, "51": -0.05564904083852901, "52": -0.03674054133746604, "53": -0.012935494637446282, "54": 0.01099584475857493, "55": 0.03471141493090667, "56": 0.05774585007293732, "57": 0.06732554738494419, "58": 0.07624792735986181, "59": 0.08442587841414681, "60": 0.0857998317466897, "61": 0.08633609835974773, "62": 0.08602944253885877, "63": 0.08488285824687114, "64": 0.08290753989308171, "65": 0.08012277303922173, "66": 0.07062489221886989, "67": 0.06043748167482936, "68": 0.04845031392199768, "69": 0.035990112787851435, "70": 0.02282368499561347, "71": 0.009209392678059416, "72": -0.004494813404870172, "73": -0.0181551354216055, "74": -0.03109581775085203, "75": -0.04311050315551691, "76": -0.052088685298866136, "77": -0.05741981085813354, "78": -0.062190331437041335, "79": -0.06635367116646915, "80": -0.06986918224642664, "81": -0.0720136645837861, "82": -0.07345505824118853, "83": -0.07417929050660468, "84": -0.10430056724321474, "85": -0.10532892169432313, "86": -0.10532892169432309, "87": -0.10430056724321445, "88": -0.10532892169432254, "89": -0.10532892169432258, "90": -0.09296879895626761, "91": -0.08188970993249914, "92": -0.04193521768541916, "93": 0.0029336388391100233, "94": 0.002962563135860522, "95": 0.061389302895350044, "96": 0.07425558821168518, "97": 0.07425558821168521, "98": 0.08578680293977334, "99": 0.08663262039773321, "100": 0.08578680293977337, "101": 0.08663262039773337, "102": 0.08665831458764862, "103": 0.08751272473983837, "104": 0.08751272473983832, "105": 0.093666510683897, "106": 0.09459001834763703, "107": 0.09459001834763696, "108": 0.09272451849924301, "109": 0.09363873856386801, "110": 0.05168371985124922, "111": 0.05219329697785219, "112": 0.052193296977852105, "113": 0.052193296977852195, "114": 0.05219329697785214, "115": 0.027827017985706602, "116": -0.042052921867862136, "117": -0.04205292186786215, "118": -0.10979706625086365, "119": -0.10821227537926222, "120": -0.10930055246940507, "121": -0.1103782044190669, "122": -0.10821227537926224, "123": -0.10930055246940507, "124": -0.11037820441906693, "125": -0.10930055246940507, "126": -0.11037820441906694, "127": -0.08468545484387918, "128": -0.05676288742540597, "129": -0.05732254275120621, "130": -0.056762887425405986, "131": -0.05732254275120627, "132": -0.05733954392574202, "133": -0.05790488481293987, "134": -0.05790488481293987, "135": -0.0386417698558573, "136": -0.039022759500307876, "137": -0.03902275950030789, "138": -0.039022759500307876, "139": -0.03902275950030787, "140": -0.03864176985585745, "141": -0.03902275950030798, "142": -0.03902275950030798, "143": -0.039022759500308014, "144": -0.03902275950030798, "145": -0.037475923761891086, "146": -0.03784541871315114, "147": 0.011104258607128414, "148": 0.03505365312761017, "149": 0.06476353299328286, "150": 0.0654020709148248, "151": 0.06540207091482478, "152": 0.06540207091482478, "153": 0.06540207091482479, "154": 0.0654020709148248, "155": 0.0654020709148248, "156": 0.0654020709148248, "157": 0.06540207091482478, "158": 0.06540207091482478, "159": 0.06540207091482482, "160": 0.05950004990012442, "161": 0.060086692358293066, "162": 0.060086692358293045, "163": 0.060110717139772174, "164": 0.06070338048920381, "165": 0.060703380489203776, "166": 0.06070338048920381, "167": 0.05950004990012436, "168": 0.06008669235829299, "169": 0.06008669235829299, "170": 0.08611570945343792, "171": 0.08696476977465618, "172": 0.08788337326785563, "173": 0.08874986192143734, "174": 0.08874986192143734, "175": 0.08874986192143738, "176": 0.0852582777974928, "177": 0.08605362692970997, "178": 0.08690207514649495, "179": 0.08690207514649494, "180": 0.08690207514649492, "181": 0.08690207514649494, "182": 0.08690207514649494, "183": 0.08690207514649492, "184": 0.06164717157547486, "185": 0.06225498364173175, "186": 0.036344958342957305, "187": 0.023048715776138214, "188": -0.018518520581869577, "189": -0.01870110446968186, "190": -0.018334136502949017, "191": -0.031718217884727444, "192": -0.03203094456882039, "193": -0.04353555240482834, "194": -0.04353555240482833, "195": -0.04487600853847327, "196": -0.04531846483903088, "197": -0.0453184648390309, "198": -0.04531846483903092, "199": -0.05313126938406935, "200": -0.053655118667043256, "201": -0.05260225519398044, "202": -0.053671032127846165, "203": -0.05420020321716088, "204": -0.054200203217160854, "205": -0.0705580594640438}}