{"name": "eigen", "eigen": 2, "normalized": false, "process_time": 0.0034971237182617188, "data": {"0": 3.489104018732463e-17, "1": -0.13188601765534577, "2": 0.15581967202199287, "3": -0.023933654366646986, "4": -0.17333427858477196, "5": -0.17333427858477105, "6": -0.17333427858477027, "7": 0.20478964274916092, "8": 0.2047896427491612, "9": 0.20478964274916098, "10": -0.031455364164389696, "11": -0.031455364164391236, "12": -0.03145536416438843, "13": -0.18384661755075488, "14": -0.18384661755075488, "15": -0.18384661755075488, "16": -0.1838466175507536, "17": -0.1838466175507536, "18": -0.1838466175507536, "19": -0.18384661755075285, "20": -0.18384661755075285, "21": -0.18384661755075285, "22": 0.21720967967941435, "23": 0.21720967967941435, "24": 0.21720967967941435, "25": 0.21720967967941446, "26": 0.21720967967941446, "27": 0.21720967967941446, "28": 0.2172096796794143, "29": 0.2172096796794143, "30": 0.2172096796794143, "31": -0.03336306212866031, "32": -0.03336306212866031, "33": -0.03336306212866031, "34": -0.03336306212866192, "35": -0.03336306212866192, "36": -0.03336306212866198, "37": -0.03336306212865804, "38": -0.03336306212865958, "39": -0.033363062128659804}}