{"name": "eigen", "eigen": 4, "normalized": false, "process_time": 0.014864206314086914, "data": {"0": 9.594279463658104e-75, "1": 8.813578979258003e-17, "2": -1.2386517479122314e-16, "3": 3.572938499864311e-17, "4": 0.001100716186134278, "5": -0.09982434187895817, "6": 0.0987236256928242, "7": 0.09439302474967137, "8": -0.30586952630951353, "9": 0.2114765015598416, "10": 0.011820917564297413, "11": -0.058648383808187175, "12": 0.04682746624389002, "13": 0.0013910439666731268, "14": 0.0013910439666691438, "15": 0.0013910439666705039, "16": -0.12615427141605856, "17": -0.1261542714160575, "18": -0.12615427141605842, "19": 0.1247632274493888, "20": 0.1247632274493871, "21": 0.12476322744938707, "22": 0.11929037587337046, "23": 0.11929037587337046, "24": 0.11929037587337046, "25": -0.3865464726703623, "26": -0.3865464726703623, "27": -0.3865464726703623, "28": 0.267256096796992, "29": 0.26725609679699075, "30": 0.2672560967969909, "31": 0.014938833702519885, "32": 0.014938833702519357, "33": 0.01493883370251933, "34": -0.07411763493540038, "35": -0.07411763493540043, "36": -0.07411763493540112, "37": 0.05917880123288135, "38": 0.05917880123288157, "39": 0.05917880123288095}}