{"34": 0.03341287066912837, "29": 0.017875990494226508, "23": -0.0356482323685053, "28": 0.03249722074509493, "26": 0.021932646029782874, "35": -0.04786296826312209, "6": -0.9643430744904214, "24": -0.03737705725243422, "31": 0.038043687113901534, "22": 0.03322398860555201, "21": 0.15077897988394515, "19": 0.021709781316377998, "17": 0.06071477505587157, "4": 0.019105386308089254, "27": 0.04477077762504659, "25": 0.005690600750369169, "2": 0.020909621968832746, "3": 0.011159442028415817, "14": 0.015781124764336983, "10": 0.02202715454870097, "33": 0.02832401607617632, "1": 0.03326830517356449, "12": 0.019632780479269363, "13": 0.026086400315366312, "18": 0.025345597133617864, "32": 0.000504918439233729, "9": 0.03848210571504207, "5": 0.03567245876227446, "20": 0.10989454140152545, "7": 0.07987740990029767, "30": 0.021615089133885133, "8": 0.03668072355399468, "15": 0.0376564904729189, "11": 0.01964648486901121, "16": 0.022909963040637055}