{"34": 0.12004454371022193, "29": -0.052938794437586895, "23": 0.12668195196457877, "28": 0.33865523036556006, "26": -0.3067795754867953, "35": -0.08996201573358249, "6": -0.01762906397487352, "24": 0.012461919751664049, "31": 0.030128592798796146, "22": 0.07171816644642541, "21": 0.21410459564739567, "19": -0.22937961767741852, "17": -0.026998686687265062, "4": -0.013682478263478234, "27": 0.09170334991683633, "25": -0.07110007245298597, "2": -0.031236681327426293, "3": 0.00691694010888091, "14": -0.4545296007881794, "10": -0.07578575896218026, "33": -0.031578099543575426, "1": 0.12374006753801334, "12": 0.1311190298183912, "13": 0.0946170082086014, "18": 0.1331795290289329, "32": -0.04068151436715674, "9": 0.11457160510720739, "5": 0.3639693314264878, "20": 0.25173659059976883, "7": 0.030300290180037798, "30": -0.28388976865836635, "8": 0.11235824433741069, "15": -0.07880050745207028, "11": -0.21426408476438172, "16": -0.0074021100493619485}