{"34": -0.03770501777273433, "29": -0.3266555000404598, "23": -0.03622121824814292, "28": -0.05530062098966594, "26": 0.07422947626671073, "35": -0.2309745203127595, "6": -0.18800412244974643, "24": -0.2664448639584056, "31": 0.26701707570707245, "22": 0.294916125739297, "21": -0.08136606175352137, "19": 0.028439867855160193, "17": 0.15746438464470217, "4": -0.12907158227316, "27": 0.22819063801132866, "25": -0.19314175633839015, "2": 0.17526586890596732, "3": -0.06572873429689212, "14": 0.03218539439085757, "10": 0.25243595919617623, "33": 0.08729277100184583, "1": 0.11249754402944019, "12": -0.15826049492569233, "13": 0.19296786739301874, "18": 0.0944530310104294, "32": -0.41527881294612007, "9": 0.10332975335427984, "5": -0.0025160005296059203, "20": -0.08732302235827918, "7": 0.095660239652751, "30": 0.0951300931323921, "8": 0.11536407272698211, "15": -0.10195842440672201, "11": 0.04265806603581375, "16": 0.0025364683073136746}