{"34": -0.025661364350967775, "29": -0.03351791516193306, "23": 0.9736677825385325, "28": 0.10199656013816559, "26": -0.03840871735783865, "35": -0.0367298201323972, "6": -0.06367643213907141, "24": -0.03361661074591806, "31": -0.03883343843059381, "22": -0.030234670988203077, "21": -0.03469231161735775, "19": -0.0432579885773332, "17": -0.05112637366757204, "4": -0.03703856494973864, "27": -0.02640111470960954, "25": -0.03265272542993893, "2": -0.03544831543939982, "3": -0.034530454564763516, "14": -0.03772563293930369, "10": -0.0358695052880639, "33": -0.03495493994836534, "1": -0.023677184113738505, "12": -0.021193726390274188, "13": -0.0320871743813046, "18": -0.02347592032563805, "32": -0.03653855115411269, "9": -0.015415451460966094, "5": 0.030336302471359596, "20": -0.027579082429911552, "7": -0.039010720582648484, "30": -0.03999836894113181, "8": -0.03188304029006326, "15": -0.04281285725229752, "11": -0.03759202555181286, "16": -0.030359645835789203}