{"34": -0.12004454512118357, "29": 0.05293879239436953, "23": -0.1266819411072788, "28": -0.3386552053275597, "26": 0.3067795803781645, "35": 0.08996201329648726, "6": 0.017629062182587838, "24": -0.012461924091177162, "31": -0.03012860154104743, "22": -0.07171817190368004, "21": -0.21410461977572665, "19": 0.22937962277097626, "17": 0.02699868315304756, "4": 0.013682471502025046, "27": -0.09170335557279015, "25": 0.07110007395399764, "2": 0.03123667589626493, "3": -0.006916944072536283, "14": 0.4545296091700356, "10": 0.07578574986478756, "33": 0.03157810439111806, "1": -0.12374005708977824, "12": -0.13111902510878928, "13": -0.09461702433724342, "18": -0.13317952107616035, "32": 0.040681506231490264, "9": -0.11457159392627342, "5": -0.363969308204186, "20": -0.25173661496137606, "7": -0.030300285487810937, "30": 0.2838897729113997, "8": -0.11235826009904222, "15": 0.07880050549184846, "11": 0.2142640876208622, "16": 0.0074021118206953635}