{"name": "fiedler", "normalized": false, "process_time": 0.018290042877197266, "data": {"0": -5.840217198738173e-11, "1": -0.042146167900273174, "2": -0.02130849202289932, "3": 0.0634546597610223, "4": -0.0698905482463965, "5": -0.06989055998758575, "6": -0.06989054850846142, "7": -0.035335597806312215, "8": -0.03533565701793743, "9": -0.03533569775689988, "10": 0.10522618214299868, "11": 0.1052261771744105, "12": 0.10522624963338183, "13": -0.08288452273651552, "14": -0.08288452273680556, "15": -0.0828845227460209, "16": -0.08288454006055596, "17": -0.0828845400587633, "18": -0.08288454006196375, "19": -0.08288452312200172, "20": -0.0828845231289706, "21": -0.08288452312816724, "22": -0.04190513882460921, "23": -0.04190513882895158, "24": -0.04190513882877595, "25": -0.041905226176407205, "26": -0.041905226174799706, "27": -0.04190522617877342, "28": -0.041905286279393904, "29": -0.04190528627140847, "30": -0.041905286273994535, "31": 0.12478971493906005, "32": 0.12478971494429326, "33": 0.12478971494692384, "34": 0.12478970761310892, "35": 0.12478970761524909, "36": 0.12478970761287858, "37": 0.12478981450497821, "38": 0.12478981450214056, "39": 0.12478981450936719, "40": -0.0872709657796616, "41": -0.08727096578750633, "42": -0.08727096574253779, "43": -0.08727096576263449, "44": -0.08727096576880931, "45": -0.08727096577866969, "46": -0.08727096576819232, "47": -0.08727096577250064, "48": -0.08727096578237543, "49": -0.08727098499867443, "50": -0.0872709849997572, "51": -0.08727098499931689, "52": -0.08727098500173218, "53": -0.08727098499329475, "54": -0.08727098500020139, "55": -0.08727098501258898, "56": -0.087270984965995, "57": -0.08727098502114361, "58": -0.08727096620619536, "59": -0.0872709662056125, "60": -0.08727096618383158, "61": -0.08727096622866548, "62": -0.0872709661880291, "63": -0.08727096618874183, "64": -0.08727096618892356, "65": -0.08727096619386429, "66": -0.08727096622151907, "67": -0.0441228525990689, "68": -0.04412285256064985, "69": -0.044122852584819836, "70": -0.0441228525664737, "71": -0.04412285261923313, "72": -0.044122852564936185, "73": -0.04412285257824688, "74": -0.04412285258315312, "75": -0.044122852588996155, "76": -0.04412294956049745, "77": -0.044122949546588935, "78": -0.044122949541794916, "79": -0.044122949525313405, "80": -0.044122949551612924, "81": -0.04412294956969519, "82": -0.044122949540024665, "83": -0.0441229495620257, "84": -0.044122949550157414, "85": -0.04412301627298443, "86": -0.04412301624830654, "87": -0.04412301628060971, "88": -0.0441230162660392, "89": -0.044123016254112316, "90": -0.04412301627052325, "91": -0.04412301626278965, "92": -0.04412301629189189, "93": -0.044123016239628776, "94": 0.13139387770223032, "95": 0.13139387769730382, "96": 0.13139387768918032, "97": 0.13139387769098435, "98": 0.13139387771539893, "99": 0.13139387768968783, "100": 0.13139387770375077, "101": 0.13139387769937488, "102": 0.13139387769664373, "103": 0.1313938695532343, "104": 0.13139386956131627, "105": 0.13139386956923632, "106": 0.13139386956931373, "107": 0.1313938695593004, "108": 0.13139386955818114, "109": 0.1313938695526906, "110": 0.1313938695696332, "111": 0.13139386956113921, "112": 0.13139398825388018, "113": 0.1313939881844391, "114": 0.13139398822921447, "115": 0.13139398823779808, "116": 0.1313939882207591, "117": 0.13139398820498743, "118": 0.13139398824097767, "119": 0.13139398822382828, "120": 0.13139398820889767}}