{"0": 5.50251256281407, "1": 6.4120603015075375, "2": 5.994974874371859, "3": 5.994974874371859, "4": 5.994974874371859, "5": 5.994974874371859, "6": 5.994974874371859, "7": 5.994974874371859, "8": 5.994974874371859, "9": 5.994974874371859, "10": 5.994974874371859, "11": 5.994974874371859, "12": 5.994974874371859, "13": 5.994974874371859, "14": 5.994974874371859, "15": 5.994974874371859, "16": 5.994974874371859, "17": 5.994974874371859, "18": 5.994974874371859, "19": 5.50251256281407, "20": 5.50251256281407, "21": 6.4120603015075375, "22": 5.994974874371859, "23": 5.994974874371859, "24": 5.994974874371859, "25": 5.994974874371859, "26": 5.994974874371859, "27": 5.994974874371859, "28": 5.994974874371859, "29": 5.994974874371859, "30": 5.994974874371859, "31": 5.994974874371859, "32": 5.994974874371859, "33": 5.994974874371859, "34": 5.994974874371859, "35": 5.994974874371859, "36": 5.994974874371859, "37": 5.994974874371859, "38": 5.994974874371859, "39": 5.50251256281407, "40": 5.50251256281407, "41": 6.4120603015075375, "42": 5.994974874371859, "43": 5.994974874371859, "44": 5.994974874371859, "45": 5.994974874371859, "46": 5.994974874371859, "47": 5.994974874371859, "48": 5.994974874371859, "49": 5.994974874371859, "50": 5.994974874371859, "51": 5.994974874371859, "52": 5.994974874371859, "53": 5.994974874371859, "54": 5.994974874371859, "55": 5.994974874371859, "56": 5.994974874371859, "57": 5.994974874371859, "58": 5.994974874371859, "59": 5.50251256281407, "60": 5.50251256281407, "61": 6.4120603015075375, "62": 5.994974874371859, "63": 5.994974874371859, "64": 5.994974874371859, "65": 5.994974874371859, "66": 5.994974874371859, "67": 5.994974874371859, "68": 5.994974874371859, "69": 5.994974874371859, "70": 5.994974874371859, "71": 5.994974874371859, "72": 5.994974874371859, "73": 5.994974874371859, "74": 5.994974874371859, "75": 5.994974874371859, "76": 5.994974874371859, "77": 5.994974874371859, "78": 5.994974874371859, "79": 5.50251256281407, "80": 5.50251256281407, "81": 6.4120603015075375, "82": 5.994974874371859, "83": 5.994974874371859, "84": 5.994974874371859, "85": 5.994974874371859, "86": 5.994974874371859, "87": 5.994974874371859, "88": 5.994974874371859, "89": 5.994974874371859, "90": 5.994974874371859, "91": 5.994974874371859, "92": 5.994974874371859, "93": 5.994974874371859, "94": 5.994974874371859, "95": 5.994974874371859, "96": 5.994974874371859, "97": 5.994974874371859, "98": 5.994974874371859, "99": 5.50251256281407, "100": 5.50251256281407, "101": 6.4120603015075375, "102": 5.994974874371859, "103": 5.994974874371859, "104": 5.994974874371859, "105": 5.994974874371859, "106": 5.994974874371859, "107": 5.994974874371859, "108": 5.994974874371859, "109": 5.994974874371859, "110": 5.994974874371859, "111": 5.994974874371859, "112": 5.994974874371859, "113": 5.994974874371859, "114": 5.994974874371859, "115": 5.994974874371859, "116": 5.994974874371859, "117": 5.994974874371859, "118": 5.994974874371859, "119": 5.50251256281407, "120": 5.50251256281407, "121": 6.4120603015075375, "122": 5.994974874371859, "123": 5.994974874371859, "124": 5.994974874371859, "125": 5.994974874371859, "126": 5.994974874371859, "127": 5.994974874371859, "128": 5.994974874371859, "129": 5.994974874371859, "130": 5.994974874371859, "131": 5.994974874371859, "132": 5.994974874371859, "133": 5.994974874371859, "134": 5.994974874371859, "135": 5.994974874371859, "136": 5.994974874371859, "137": 5.994974874371859, "138": 5.994974874371859, "139": 5.50251256281407, "140": 5.50251256281407, "141": 6.4120603015075375, "142": 5.994974874371859, "143": 5.994974874371859, "144": 5.994974874371859, "145": 5.994974874371859, "146": 5.994974874371859, "147": 5.994974874371859, "148": 5.994974874371859, "149": 5.994974874371859, "150": 5.994974874371859, "151": 5.994974874371859, "152": 5.994974874371859, "153": 5.994974874371859, "154": 5.994974874371859, "155": 5.994974874371859, "156": 5.994974874371859, "157": 5.994974874371859, "158": 5.994974874371859, "159": 5.50251256281407, "160": 5.50251256281407, "161": 6.4120603015075375, "162": 5.994974874371859, "163": 5.994974874371859, "164": 5.994974874371859, "165": 5.994974874371859, "166": 5.994974874371859, "167": 5.994974874371859, "168": 5.994974874371859, "169": 5.994974874371859, "170": 5.994974874371859, "171": 5.994974874371859, "172": 5.994974874371859, "173": 5.994974874371859, "174": 5.994974874371859, "175": 5.994974874371859, "176": 5.994974874371859, "177": 5.994974874371859, "178": 5.994974874371859, "179": 5.50251256281407, "180": 5.50251256281407, "181": 6.4120603015075375, "182": 5.994974874371859, "183": 5.994974874371859, "184": 5.994974874371859, "185": 5.994974874371859, "186": 5.994974874371859, "187": 5.994974874371859, "188": 5.994974874371859, "189": 5.994974874371859, "190": 5.994974874371859, "191": 5.994974874371859, "192": 5.994974874371859, "193": 5.994974874371859, "194": 5.994974874371859, "195": 5.994974874371859, "196": 5.994974874371859, "197": 5.994974874371859, "198": 5.994974874371859, "199": 5.50251256281407}