{"name": "density", "eps": 0.5, "process_time": 0.39478087425231934, "data": {"0": 23.77100395681726, "1": 22.913721886088567, "2": 23.351685403975047, "3": 23.351685403975047, "4": 23.351685403975047, "5": 23.351685403975047, "6": 23.351685403975047, "7": 23.351685403975047, "8": 23.351685403975047, "9": 23.351685403975047, "10": 23.351685403975047, "11": 23.351685403975047, "12": 23.351685403975047, "13": 23.351685403975047, "14": 23.351685403975047, "15": 23.351685403975047, "16": 23.351685403975047, "17": 23.351685403975047, "18": 23.351685403975047, "19": 23.79186644468369, "20": 23.77100395681726, "21": 22.913721886088567, "22": 23.351685403975047, "23": 23.351685403975047, "24": 23.351685403975047, "25": 23.351685403975047, "26": 23.351685403975047, "27": 23.351685403975047, "28": 23.351685403975047, "29": 23.351685403975047, "30": 23.351685403975047, "31": 23.351685403975047, "32": 23.351685403975047, "33": 23.351685403975047, "34": 23.351685403975047, "35": 23.351685403975047, "36": 23.351685403975047, "37": 23.351685403975047, "38": 23.351685403975047, "39": 23.79186644468369, "40": 23.77100395681726, "41": 22.913721886088567, "42": 23.351685403975047, "43": 23.351685403975047, "44": 23.351685403975047, "45": 23.351685403975047, "46": 23.351685403975047, "47": 23.351685403975047, "48": 23.351685403975047, "49": 23.351685403975047, "50": 23.351685403975047, "51": 23.351685403975047, "52": 23.351685403975047, "53": 23.351685403975047, "54": 23.351685403975047, "55": 23.351685403975047, "56": 23.351685403975047, "57": 23.351685403975047, "58": 23.351685403975047, "59": 23.79186644468369, "60": 23.77100395681726, "61": 22.913721886088567, "62": 23.351685403975047, "63": 23.351685403975047, "64": 23.351685403975047, "65": 23.351685403975047, "66": 23.351685403975047, "67": 23.351685403975047, "68": 23.351685403975047, "69": 23.351685403975047, "70": 23.351685403975047, "71": 23.351685403975047, "72": 23.351685403975047, "73": 23.351685403975047, "74": 23.351685403975047, "75": 23.351685403975047, "76": 23.351685403975047, "77": 23.351685403975047, "78": 23.351685403975047, "79": 23.79186644468369, "80": 23.77100395681726, "81": 22.913721886088567, "82": 23.351685403975047, "83": 23.351685403975047, "84": 23.351685403975047, "85": 23.351685403975047, "86": 23.351685403975047, "87": 23.351685403975047, "88": 23.351685403975047, "89": 23.351685403975047, "90": 23.351685403975047, "91": 23.351685403975047, "92": 23.351685403975047, "93": 23.351685403975047, "94": 23.351685403975047, "95": 23.351685403975047, "96": 23.351685403975047, "97": 23.351685403975047, "98": 23.351685403975047, "99": 23.79186644468369, "100": 23.77100395681726, "101": 22.913721886088567, "102": 23.351685403975047, "103": 23.351685403975047, "104": 23.351685403975047, "105": 23.351685403975047, "106": 23.351685403975047, "107": 23.351685403975047, "108": 23.351685403975047, "109": 23.351685403975047, "110": 23.351685403975047, "111": 23.351685403975047, "112": 23.351685403975047, "113": 23.351685403975047, "114": 23.351685403975047, "115": 23.351685403975047, "116": 23.351685403975047, "117": 23.351685403975047, "118": 23.351685403975047, "119": 23.79186644468369, "120": 23.77100395681726, "121": 22.913721886088567, "122": 23.351685403975047, "123": 23.351685403975047, "124": 23.351685403975047, "125": 23.351685403975047, "126": 23.351685403975047, "127": 23.351685403975047, "128": 23.351685403975047, "129": 23.351685403975047, "130": 23.351685403975047, "131": 23.351685403975047, "132": 23.351685403975047, "133": 23.351685403975047, "134": 23.351685403975047, "135": 23.351685403975047, "136": 23.351685403975047, "137": 23.351685403975047, "138": 23.351685403975047, "139": 23.79186644468369, "140": 23.77100395681726, "141": 22.913721886088567, "142": 23.351685403975047, "143": 23.351685403975047, "144": 23.351685403975047, "145": 23.351685403975047, "146": 23.351685403975047, "147": 23.351685403975047, "148": 23.351685403975047, "149": 23.351685403975047, "150": 23.351685403975047, "151": 23.351685403975047, "152": 23.351685403975047, "153": 23.351685403975047, "154": 23.351685403975047, "155": 23.351685403975047, "156": 23.351685403975047, "157": 23.351685403975047, "158": 23.351685403975047, "159": 23.79186644468369, "160": 23.77100395681726, "161": 22.913721886088567, "162": 23.351685403975047, "163": 23.351685403975047, "164": 23.351685403975047, "165": 23.351685403975047, "166": 23.351685403975047, "167": 23.351685403975047, "168": 23.351685403975047, "169": 23.351685403975047, "170": 23.351685403975047, "171": 23.351685403975047, "172": 23.351685403975047, "173": 23.351685403975047, "174": 23.351685403975047, "175": 23.351685403975047, "176": 23.351685403975047, "177": 23.351685403975047, "178": 23.351685403975047, "179": 23.79186644468369, "180": 23.77100395681726, "181": 22.913721886088567, "182": 23.351685403975047, "183": 23.351685403975047, "184": 23.351685403975047, "185": 23.351685403975047, "186": 23.351685403975047, "187": 23.351685403975047, "188": 23.351685403975047, "189": 23.351685403975047, "190": 23.351685403975047, "191": 23.351685403975047, "192": 23.351685403975047, "193": 23.351685403975047, "194": 23.351685403975047, "195": 23.351685403975047, "196": 23.351685403975047, "197": 23.351685403975047, "198": 23.351685403975047, "199": 23.79186644468369}}