{"name": "eigen", "eigen": 5, "normalized": false, "process_time": 0.021604061126708984, "data": {"0": -9.956720024728812e-13, "1": 0.053210248144625154, "2": 0.050417795309153766, "3": 0.050417795309153766, "4": 0.05041779530915375, "5": 0.050417795309153864, "6": 0.05041779530915381, "7": 0.05041779530915376, "8": 0.05041779530915383, "9": 0.050417795309153794, "10": 0.050417795309153766, "11": 0.050417795309153766, "12": 0.0504177953091539, "13": 0.05041779530915373, "14": 0.050417795309153836, "15": 0.05041779530915381, "16": 0.05041779530915375, "17": 0.05041779530915373, "18": 0.05041779530915383, "19": 0.05677247763099369, "20": 0.0632074494536098, "21": 0.06995160600563759, "22": 0.06974828479040733, "23": 0.06974828479040732, "24": 0.06974828479040726, "25": 0.06974828479040728, "26": 0.06974828479040733, "27": 0.06974828479040726, "28": 0.06974828479040746, "29": 0.06974828479040726, "30": 0.0697482847904072, "31": 0.06974828479040707, "32": 0.06974828479040723, "33": 0.06974828479040725, "34": 0.06974828479040725, "35": 0.06974828479040726, "36": 0.06974828479040726, "37": 0.06974828479040726, "38": 0.06974828479040726, "39": 0.015683512416370775, "40": -0.039064352103526975, "41": -0.0964427182237518, "42": -0.09352460596663408, "43": -0.09352460596663408, "44": -0.09352460596663412, "45": -0.09352460596663409, "46": -0.09352460596663406, "47": -0.09352460596663408, "48": -0.09352460596663403, "49": -0.09352460596663406, "50": -0.09352460596663406, "51": -0.09352460596663408, "52": -0.09352460596663408, "53": -0.09352460596663409, "54": -0.09352460596663408, "55": -0.09352460596663403, "56": -0.09352460596663406, "57": -0.09352460596663408, "58": -0.09352460596663406, "59": -0.06646542136729361, "60": -0.039064352105138984, "61": -0.010346728175933, "62": -0.011946899518589056, "63": -0.01194689951858907, "64": -0.01194689951858906, "65": -0.011946899518589071, "66": -0.011946899518589075, "67": -0.011946899518589071, "68": -0.011946899518589075, "69": -0.01194689951858908, "70": -0.011946899518589089, "71": -0.01194689951858907, "72": -0.011946899518589082, "73": -0.011946899518589071, "74": -0.011946899518589087, "75": -0.01194689951858908, "76": -0.011946899518589073, "77": -0.011946899518589089, "78": -0.011946899518589084, "79": 0.025394377065198297, "80": 0.06320744945299547, "81": 0.10283734790883461, "82": 0.10090819592930184, "83": 0.10090819592930182, "84": 0.10090819592930181, "85": 0.10090819592930184, "86": 0.10090819592930184, "87": 0.10090819592930182, "88": 0.10090819592930184, "89": 0.10090819592930182, "90": 0.10090819592930182, "91": 0.10090819592930182, "92": 0.10090819592930182, "93": 0.10090819592930184, "94": 0.10090819592930182, "95": 0.10090819592930182, "96": 0.10090819592930184, "97": 0.10090819592930182, "98": 0.10090819592930184, "99": 0.05077083321786985, "100": 9.962156850720002e-13, "101": -0.053210248144625535, "102": -0.05041779530915414, "103": -0.050417795309154134, "104": -0.050417795309154134, "105": -0.05041779530915413, "106": -0.050417795309154134, "107": -0.050417795309154134, "108": -0.05041779530915415, "109": -0.05041779530915414, "110": -0.05041779530915414, "111": -0.050417795309154134, "112": -0.05041779530915413, "113": -0.050417795309154134, "114": -0.05041779530915413, "115": -0.050417795309154134, "116": -0.050417795309154134, "117": -0.050417795309154134, "118": -0.05041779530915412, "119": -0.05677247763099446, "120": -0.06320744945361101, "121": -0.06995160600563921, "122": -0.0697482847904089, "123": -0.0697482847904089, "124": -0.06974828479040888, "125": -0.06974828479040888, "126": -0.06974828479040888, "127": -0.06974828479040888, "128": -0.0697482847904089, "129": -0.06974828479040888, "130": -0.06974828479040888, "131": -0.0697482847904089, "132": -0.0697482847904089, "133": -0.06974828479040888, "134": -0.0697482847904089, "135": -0.06974828479040888, "136": -0.0697482847904089, "137": -0.06974828479040891, "138": -0.06974828479040888, "139": -0.015683512416371347, "140": 0.03906435210352747, "141": 0.09644271822375335, "142": 0.0935246059666356, "143": 0.09352460596663559, "144": 0.09352460596663557, "145": 0.09352460596663557, "146": 0.09352460596663557, "147": 0.09352460596663557, "148": 0.09352460596663557, "149": 0.09352460596663556, "150": 0.09352460596663559, "151": 0.0935246059666356, "152": 0.09352460596663559, "153": 0.09352460596663559, "154": 0.09352460596663559, "155": 0.09352460596663559, "156": 0.09352460596663559, "157": 0.09352460596663559, "158": 0.09352460596663559, "159": 0.06646542136729408, "160": 0.03906435210513834, "161": 0.010346728175931038, "162": 0.011946899518587224, "163": 0.0119468995185872, "164": 0.011946899518587205, "165": 0.011946899518587207, "166": 0.011946899518587201, "167": 0.011946899518587203, "168": 0.01194689951858721, "169": 0.0119468995185872, "170": 0.011946899518587201, "171": 0.011946899518587215, "172": 0.011946899518587229, "173": 0.011946899518587217, "174": 0.011946899518587205, "175": 0.011946899518587214, "176": 0.011946899518587212, "177": 0.011946899518587194, "178": 0.01194689951858721, "179": -0.025394377065198682, "180": -0.06320744945299432, "181": -0.10283734790883184, "182": -0.10090819592929925, "183": -0.10090819592929927, "184": -0.10090819592929927, "185": -0.10090819592929927, "186": -0.10090819592929928, "187": -0.10090819592929925, "188": -0.10090819592929927, "189": -0.10090819592929927, "190": -0.10090819592929925, "191": -0.10090819592929927, "192": -0.10090819592929925, "193": -0.10090819592929927, "194": -0.10090819592929927, "195": -0.10090819592929925, "196": -0.10090819592929927, "197": -0.10090819592929927, "198": -0.10090819592929925, "199": -0.05077083321786833}}