{"name": "eigen", "eigen": 3, "normalized": true, "process_time": 0.02557086944580078, "data": {"0": -2.590337172729769e-15, "1": 0.0391250544364863, "2": 0.03718457208928635, "3": 0.03718457208928655, "4": 0.0371845720892864, "5": 0.0371845720892864, "6": 0.03718457208928642, "7": 0.03718457208928646, "8": 0.03718457208928647, "9": 0.037184572089286445, "10": 0.037184572089286445, "11": 0.037184572089286494, "12": 0.03718457208928639, "13": 0.03718457208928643, "14": 0.03718457208928648, "15": 0.03718457208928644, "16": 0.037184572089286466, "17": 0.03718457208928638, "18": 0.03718457208928639, "19": 0.08248899966840723, "20": 0.11154495279130221, "21": 0.0981760309351508, "22": 0.09754861381124787, "23": 0.0975486138112478, "24": 0.09754861381124799, "25": 0.09754861381124813, "26": 0.09754861381124796, "27": 0.09754861381124796, "28": 0.09754861381124791, "29": 0.09754861381124794, "30": 0.09754861381124788, "31": 0.09754861381124791, "32": 0.09754861381124787, "33": 0.0975486138112479, "34": 0.0975486138112479, "35": 0.09754861381124785, "36": 0.09754861381124788, "37": 0.09754861381124787, "38": 0.0975486138112479, "39": 0.10515691729473052, "40": 0.06893857209852593, "41": 0.02155106956199507, "42": 0.02310378680149897, "43": 0.02310378680149897, "44": 0.023103786801498962, "45": 0.02310378680149896, "46": 0.02310378680149896, "47": 0.023103786801498962, "48": 0.023103786801498962, "49": 0.023103786801498962, "50": 0.023103786801498973, "51": 0.02310378680149897, "52": 0.02310378680149896, "53": 0.023103786801498966, "54": 0.02310378680149897, "55": 0.02310378680149897, "56": 0.023103786801498966, "57": 0.023103786801498966, "58": 0.023103786801498962, "59": -0.0174984506281065, "60": -0.06893857209853237, "61": -0.08485673745192746, "62": -0.08326968829909322, "63": -0.08326968829909318, "64": -0.08326968829909318, "65": -0.08326968829909323, "66": -0.0832696882990932, "67": -0.08326968829909319, "68": -0.08326968829909322, "69": -0.0832696882990932, "70": -0.08326968829909322, "71": -0.08326968829909323, "72": -0.08326968829909323, "73": -0.08326968829909323, "74": -0.08326968829909322, "75": -0.08326968829909322, "76": -0.08326968829909322, "77": -0.0832696882990932, "78": -0.0832696882990932, "79": -0.11597155453336688, "80": -0.11154495279130794, "81": -0.07399541748171355, "82": -0.0745672844029497, "83": -0.07456728440294971, "84": -0.07456728440294969, "85": -0.07456728440294969, "86": -0.0745672844029497, "87": -0.07456728440294969, "88": -0.07456728440294969, "89": -0.07456728440294969, "90": -0.07456728440294971, "91": -0.07456728440294969, "92": -0.07456728440294966, "93": -0.0745672844029497, "94": -0.07456728440294969, "95": -0.07456728440294969, "96": -0.07456728440294969, "97": -0.0745672844029497, "98": -0.07456728440294971, "99": -0.054175911801677704, "100": -1.029937853752605e-15, "101": 0.03912505443648657, "102": 0.0371845720892869, "103": 0.03718457208928689, "104": 0.0371845720892869, "105": 0.0371845720892869, "106": 0.03718457208928691, "107": 0.0371845720892869, "108": 0.03718457208928691, "109": 0.03718457208928691, "110": 0.0371845720892869, "111": 0.03718457208928691, "112": 0.03718457208928692, "113": 0.0371845720892869, "114": 0.03718457208928692, "115": 0.03718457208928692, "116": 0.03718457208928692, "117": 0.037184572089286896, "118": 0.037184572089286896, "119": 0.08248899966840786, "120": 0.11154495279130303, "121": 0.09817603093515159, "122": 0.0975486138112488, "123": 0.09754861381124881, "124": 0.09754861381124881, "125": 0.09754861381124882, "126": 0.0975486138112488, "127": 0.09754861381124882, "128": 0.09754861381124882, "129": 0.09754861381124881, "130": 0.0975486138112488, "131": 0.09754861381124882, "132": 0.0975486138112488, "133": 0.0975486138112488, "134": 0.0975486138112488, "135": 0.09754861381124881, "136": 0.09754861381124881, "137": 0.09754861381124882, "138": 0.09754861381124884, "139": 0.10515691729473244, "140": 0.06893857209852819, "141": 0.021551069561995942, "142": 0.023103786801500322, "143": 0.023103786801500346, "144": 0.02310378680150035, "145": 0.023103786801500357, "146": 0.023103786801500346, "147": 0.023103786801500346, "148": 0.023103786801500353, "149": 0.02310378680150036, "150": 0.023103786801500353, "151": 0.023103786801500357, "152": 0.023103786801500336, "153": 0.02310378680150035, "154": 0.02310378680150035, "155": 0.023103786801500364, "156": 0.02310378680150035, "157": 0.023103786801500353, "158": 0.02310378680150035, "159": -0.017498450628105268, "160": -0.06893857209853133, "161": -0.08485673745192684, "162": -0.08326968829909236, "163": -0.08326968829909233, "164": -0.08326968829909233, "165": -0.08326968829909233, "166": -0.08326968829909231, "167": -0.08326968829909233, "168": -0.08326968829909234, "169": -0.08326968829909231, "170": -0.08326968829909236, "171": -0.08326968829909234, "172": -0.08326968829909236, "173": -0.08326968829909231, "174": -0.08326968829909233, "175": -0.08326968829909237, "176": -0.08326968829909233, "177": -0.08326968829909234, "178": -0.08326968829909234, "179": -0.11597155453336602, "180": -0.11154495279130829, "181": -0.07399541748171527, "182": -0.07456728440295117, "183": -0.07456728440295116, "184": -0.0745672844029512, "185": -0.07456728440295116, "186": -0.07456728440295116, "187": -0.07456728440295117, "188": -0.07456728440295114, "189": -0.07456728440295116, "190": -0.07456728440295116, "191": -0.07456728440295114, "192": -0.07456728440295118, "193": -0.0745672844029512, "194": -0.07456728440295117, "195": -0.07456728440295117, "196": -0.07456728440295117, "197": -0.07456728440295118, "198": -0.07456728440295117, "199": -0.054175911801679875}}