{"name": "fiedler", "normalized": false, "process_time": 0.02172398567199707, "data": {"0": -0.012867689800182491, "1": 0.00799700158011621, "2": 0.006897653152175065, "3": 0.006897653152175236, "4": 0.006897653152175122, "5": 0.006897653152175183, "6": 0.0068976531521752725, "7": 0.006897653152175245, "8": 0.006897653152175199, "9": 0.006897653152175198, "10": 0.006897653152174943, "11": 0.006897653152175497, "12": 0.006897653152174806, "13": 0.006897653152175334, "14": 0.006897653152175461, "15": 0.006897653152175408, "16": 0.006897653152175414, "17": 0.0068976531521751285, "18": 0.00689765315217554, "19": 0.025733647893135984, "20": 0.04554655368184057, "21": 0.06549140419525912, "22": 0.06445966987965827, "23": 0.06445966987965795, "24": 0.06445966987965791, "25": 0.06445966987965777, "26": 0.06445966987965816, "27": 0.06445966987965793, "28": 0.06445966987965798, "29": 0.0644596698796581, "30": 0.06445966987965801, "31": 0.06445966987965827, "32": 0.06445966987965834, "33": 0.06445966987965804, "34": 0.0644596698796584, "35": 0.06445966987965804, "36": 0.06445966987965805, "37": 0.06445966987965794, "38": 0.06445966987965786, "39": 0.07523225732771892, "40": 0.08656355488536643, "41": 0.09797031354844789, "42": 0.09740028056902175, "43": 0.09740028056902154, "44": 0.09740028056902149, "45": 0.09740028056902135, "46": 0.09740028056902149, "47": 0.09740028056902156, "48": 0.09740028056902132, "49": 0.0974002805690214, "50": 0.09740028056902122, "51": 0.09740028056902157, "52": 0.09740028056902156, "53": 0.09740028056902149, "54": 0.09740028056902122, "55": 0.09740028056902167, "56": 0.09740028056902135, "57": 0.09740028056902175, "58": 0.09740028056902136, "59": 0.09599470363467646, "60": 0.09451622777706921, "61": 0.09302790596313663, "62": 0.09313730726370509, "63": 0.09313730726370474, "64": 0.0931373072637049, "65": 0.09313730726370498, "66": 0.09313730726370477, "67": 0.0931373072637048, "68": 0.09313730726370491, "69": 0.09313730726370477, "70": 0.09313730726370496, "71": 0.09313730726370474, "72": 0.0931373072637048, "73": 0.09313730726370456, "74": 0.09313730726370499, "75": 0.09313730726370464, "76": 0.09313730726370477, "77": 0.09313730726370492, "78": 0.09313730726370505, "79": 0.08009044795623682, "80": 0.06636692558282625, "81": 0.05255201099606872, "82": 0.053299059043509754, "83": 0.053299059043509366, "84": 0.05329905904350994, "85": 0.053299059043509504, "86": 0.053299059043509546, "87": 0.05329905904350952, "88": 0.05329905904350971, "89": 0.05329905904350992, "90": 0.0532990590435097, "91": 0.053299059043509574, "92": 0.05329905904350971, "93": 0.05329905904350977, "94": 0.05329905904350965, "95": 0.05329905904350991, "96": 0.05329905904350979, "97": 0.05329905904350986, "98": 0.053299059043509685, "99": 0.033594368670174346, "100": 0.012867713191472925, "101": -0.007996972176312855, "102": -0.0068976240394488155, "103": -0.006897624039448993, "104": -0.0068976240394485, "105": -0.006897624039448735, "106": -0.006897624039448718, "107": -0.006897624039448697, "108": -0.006897624039448924, "109": -0.006897624039448625, "110": -0.006897624039448723, "111": -0.006897624039448967, "112": -0.0068976240394485935, "113": -0.006897624039448986, "114": -0.006897624039448633, "115": -0.006897624039448858, "116": -0.006897624039448919, "117": -0.00689762403944886, "118": -0.006897624039449072, "119": -0.02573362632767632, "120": -0.045546539924961625, "121": -0.0654913984351992, "122": -0.0644596636860927, "123": -0.06445966368609296, "124": -0.06445966368609314, "125": -0.06445966368609293, "126": -0.06445966368609297, "127": -0.06445966368609299, "128": -0.06445966368609315, "129": -0.06445966368609292, "130": -0.06445966368609304, "131": -0.06445966368609295, "132": -0.06445966368609336, "133": -0.06445966368609311, "134": -0.06445966368609315, "135": -0.0644596636860931, "136": -0.06445966368609286, "137": -0.06445966368609342, "138": -0.06445966368609297, "139": -0.07523226151211723, "140": -0.0865635698040077, "141": -0.09797033947028082, "142": -0.09740030592933512, "143": -0.09740030592933496, "144": -0.09740030592933505, "145": -0.09740030592933487, "146": -0.09740030592933488, "147": -0.09740030592933537, "148": -0.097400305929335, "149": -0.09740030592933487, "150": -0.09740030592933543, "151": -0.09740030592933517, "152": -0.0974003059293351, "153": -0.09740030592933487, "154": -0.09740030592933516, "155": -0.09740030592933478, "156": -0.09740030592933523, "157": -0.09740030592933493, "158": -0.09740030592933469, "159": -0.09599472781664443, "160": -0.09451625073998242, "161": -0.093027927680579, "162": -0.0931373290700738, "163": -0.09313732907007402, "164": -0.09313732907007398, "165": -0.0931373290700736, "166": -0.09313732907007402, "167": -0.09313732907007397, "168": -0.09313732907007363, "169": -0.09313732907007342, "170": -0.0931373290700738, "171": -0.09313732907007401, "172": -0.09313732907007329, "173": -0.09313732907007381, "174": -0.09313732907007378, "175": -0.09313732907007377, "176": -0.09313732907007333, "177": -0.0931373290700738, "178": -0.09313732907007388, "179": -0.08009045868308903, "180": -0.06636692484907397, "181": -0.0525519985206531, "182": -0.053299047183118946, "183": -0.05329904718311854, "184": -0.0532990471831186, "185": -0.05329904718311888, "186": -0.05329904718311861, "187": -0.053299047183119036, "188": -0.053299047183118634, "189": -0.05329904718311882, "190": -0.053299047183118765, "191": -0.053299047183118634, "192": -0.05329904718311907, "193": -0.05329904718311898, "194": -0.05329904718311906, "195": -0.05329904718311861, "196": -0.05329904718311854, "197": -0.05329904718311881, "198": -0.05329904718311845, "199": -0.03359435114278508}}