{"name":"fiedler","normalized":true,"weight":"value","num_of_nodes":12,"num_of_edges":18,"process_time":0.02015829086303711,"data":{"0":-0.3600610624328269,"1":-0.21702345755203464,"2":0.18443912083814618,"3":0.42641694777917427,"4":0.34973524389289184,"5":-0.06635586884218657,"6":-0.2833793098902072,"7":-0.3171509558351377,"8":0.2093935067314498,"9":0.43404686559158484,"10":-0.21702340889590055,"11":-0.14303762138495332}}