{"ENSP00000455812": 0.0, "ENSP00000456620": 1.2224618856807078e-05, "ENSP00000455245": 5.8286581079062746e-05, "ENSP00000456544": 0.00020667745519006018, "ENSP00000456632": -0.00023093854019845528, "ENSP00000456731": 0.001342898673181186, "ENSP00000454364": 0.0013821531635316174, "ENSP00000457612": 0.0046272033907550966, "ENSP00000455965": 5.151518328220137e-05, "ENSP00000457456": 8.226839715231974e-05, "ENSP00000457979": 0.0003779029371958601, "ENSP00000454263": -0.0023519352743572317, "ENSP00000455226": 0.017248658329820102, "ENSP00000455553": 0.06320326578844462, "ENSP00000457223": -0.005607786696863943, "ENSP00000444911": 0.09289576568165533, "ENSP00000457122": -0.15951983235609446, "ENSP00000457073": -0.25285672082829685, "ENSP00000456166": -0.4875561511605895, "ENSP00000455215": 0.8058097868790695, "ENSP00000456787": -0.036981624868188324, "ENSP00000456603": -0.05010468314614811, "ENSP00000456256": 0.021228638292488413, "ENSP00000456147": 0.006762853437532367, "ENSG00000205336": 1.6263032587282567e-19, "ENSP00000456362": -0.001457810356449575, "ENSP00000456682": -0.0001678208070084696, "ENSP00000456494": -0.0005729640913689459, "ENSP00000458014": -0.0017961422947776718, "ENSP00000456796": -0.0015676066344022174, "ENSP00000457994": -0.0008475387551252905, "ENSP00000457806": 0.00028994303701350416, "ENSP00000456819": -0.0009007633514396228, "ENSP00000457635": -0.0009169680731956065, "ENSP00000457143": -0.0009169680731956065, "ENSP00000454607": -0.0009169680731956065, "ENSP00000454321": -0.0009169680731956065, "ENSP00000454289": -0.0009169680731956065, "ENSP00000456781": -0.0009169680731956065, "ENSP00000455351": -0.0009169680731956065, "ENSP00000455074": -0.0009169680731956065, "ENSP00000398034": -0.0009169680731956065, "ENSP00000454855": -0.0009169680731956065, "ENSP00000456599": -0.0009169680731956065, "ENSP00000456794": -0.0009169680731956065, "ENSP00000455600": -0.0009169680731956065, "ENSP00000454879": -0.0009169680731956065, "ENSP00000456238": -0.0009169680731956065, "ENSP00000457178": -0.0009169680731956065, "ENSP00000457307": -0.0009169680731956065, "ENSP00000454779": -0.0009169680731956065, "ENSP00000455209": -0.0011737364844901749, "ENSP00000458063": -0.039852506327114914, "ENSP00000456263": -0.0034769550137865317, "ENSP00000454490": 0.042832540758269366, "ENSP00000458087": 0.0043355787399712966, "ENSP00000454233": 0.011431131685026581, "ENSP00000457953": 0.018208627867628346, "ENSP00000373465": -0.01896731758983634, "ENSP00000456469": 0.005892081761427758, "ENSP00000456002": -0.0065079466280817296, "ENSP00000455176": -0.00027155552924309036, "ENSP00000454933": -0.01879578442084343, "ENSP00000457063": 0.01577746795648914, "ENSP00000454574": -0.027676454032064878, "ENSP00000457657": 0.02169052988923007}