{"name": "eigen", "eigen": 1, "normalized": false, "process_time": 0.006665945053100586, "data": {"ENSP00000455812": -0.007311885774624366, "ENSP00000454263": 0.9902540848719633, "ENSP00000455074": -0.06896685744715547, "ENSP00000454779": -0.04724868516098002, "ENSP00000454321": -0.007981560172397317, "ENSP00000454233": -0.014209768802556963, "ENSP00000457307": -0.014314930723820177, "ENSP00000457223": -0.014322624379736157, "ENSP00000456147": -0.014323197981171112, "ENSP00000456796": -0.014322246409047654, "ENSP00000458014": -0.014322068832577976, "ENSP00000457806": -0.014322068832577976, "ENSP00000457953": -0.014322068832577976, "ENSP00000455351": -0.014322068832577976, "ENSP00000456794": -0.014322068832577976, "ENSP00000454364": -0.014322068832577976, "ENSP00000455600": -0.014322068832577976, "ENSP00000455553": -0.014322068832577976, "ENSP00000454490": -0.014322068832577976, "ENSP00000456599": -0.014322068832577976, "ENSP00000456469": -0.014322068832577976, "ENSP00000455176": -0.014322068832577976, "ENSP00000457122": -0.014322068832577976, "ENSP00000457143": -0.014322068832577976, "ENSP00000454933": -0.014322068832577976, "ENSP00000458063": -0.014322068832577976, "ENSP00000456620": -0.014322068832577976, "ENSP00000458087": -0.014322068832577976, "ENSP00000456494": -0.014322068832577976, "ENSP00000456238": -0.014322068832577976, "ENSP00000456263": -0.014322068832577976, "ENSP00000456544": -0.014322068832577976, "ENSP00000373465": -0.014322068832577976, "ENSP00000456002": -0.014322068832577976, "ENSP00000456819": -0.014322068832577976, "ENSP00000456166": -0.014322068832577976, "ENSP00000457612": -0.014322068832577976, "ENSP00000454879": -0.014322068832577976, "ENSP00000457178": -0.014322068832577976, "ENSP00000398034": -0.014322068832577976, "ENSP00000457635": -0.014322068832577976, "ENSP00000457456": -0.014322068832577976, "ENSP00000455215": -0.014322068832577976, "ENSP00000457657": -0.014322068832577976, "ENSP00000456256": -0.014322068832577976, "ENSP00000456781": -0.014322068832577976, "ENSP00000457063": -0.014322068832577976, "ENSP00000444911": -0.014322068832577976, "ENSP00000457979": -0.014322068832577976, "ENSP00000456362": -0.014322068832577976, "ENSP00000456632": -0.014322068832577976, "ENSP00000455209": -0.01433288294651052, "ENSP00000457073": -0.01431771926777182, "ENSP00000456682": -0.014316773488676365, "ENSP00000456731": -0.014316831079262987, "ENSP00000457994": -0.014316805259194104, "ENSP00000455965": -0.01431681164303205, "ENSP00000455226": -0.014316811244591028, "ENSG00000205336": -2.6285062891724404e-16, "ENSP00000454289": -0.014316811244591028, "ENSP00000456787": -0.014316811244591028, "ENSP00000455245": -0.014316811244591028, "ENSP00000454574": -0.014316811244591028, "ENSP00000454607": -0.014316811244591028, "ENSP00000454855": -0.014114465200688632, "ENSP00000456603": -0.014114349532100908}}