{"ENSP00000455812": 0.0, "ENSP00000456620": -0.0018748446313549012, "ENSP00000455245": -0.008939197605762696, "ENSP00000456544": -0.031876584228261326, "ENSP00000456632": 0.0012661559086390292, "ENSP00000456731": 0.1651687972723074, "ENSP00000454364": -0.11847071534487608, "ENSP00000457612": -0.06698735013309876, "ENSP00000455965": 0.25362735088272786, "ENSP00000457456": 0.39400592678924135, "ENSP00000457979": -0.7115507744124399, "ENSP00000454263": 0.46784591721027946, "ENSP00000455226": 0.0556470802675234, "ENSP00000455553": 0.001915643626656151, "ENSP00000457223": -0.005757349347362086, "ENSP00000444911": -0.008003928366051538, "ENSP00000457122": -0.006553692250850112, "ENSP00000457073": -0.006553692250850105, "ENSP00000456166": -0.006553692250850105, "ENSP00000455215": -0.006553692250850105, "ENSP00000456787": -0.006553692250850105, "ENSP00000456603": -0.006553692250850105, "ENSP00000456256": -0.006553692250850105, "ENSP00000456147": -0.006553692250850105, "ENSG00000205336": -2.7755575615628914e-17, "ENSP00000456362": -0.006553692250850105, "ENSP00000456682": -0.006553692250850105, "ENSP00000456494": -0.006553692250850105, "ENSP00000458014": -0.006553692250850105, "ENSP00000456796": -0.006553692250850105, "ENSP00000457994": -0.006553692250850105, "ENSP00000457806": -0.006553692250850105, "ENSP00000456819": -0.006553692250850105, "ENSP00000457635": -0.006553692250850105, "ENSP00000457143": -0.006553692250850105, "ENSP00000454607": -0.006553692250850105, "ENSP00000454321": -0.006553692250850105, "ENSP00000454289": -0.006553692250850105, "ENSP00000456781": -0.006553692250850105, "ENSP00000455351": -0.006553692250850105, "ENSP00000455074": -0.006553692250850105, "ENSP00000398034": -0.006553692250850105, "ENSP00000454855": -0.006553692250850105, "ENSP00000456599": -0.006553692250850105, "ENSP00000456794": -0.006553692250850105, "ENSP00000455600": -0.006553692250850105, "ENSP00000454879": -0.006553692250850105, "ENSP00000456238": -0.006553692250850105, "ENSP00000457178": -0.006553692250850105, "ENSP00000457307": -0.006553692250850105, "ENSP00000454779": -0.006553692250850105, "ENSP00000455209": 0.011335562892257919, "ENSP00000458063": -0.018891494938360155, "ENSP00000456263": -0.022016564008082096, "ENSP00000454490": -0.030383749113819636, "ENSP00000458087": -0.0136862907147184, "ENSP00000454233": -0.01322745225927838, "ENSP00000457953": -0.015867557004993222, "ENSP00000373465": -0.01427702486984022, "ENSP00000456469": -0.013417241849894214, "ENSP00000456002": -0.01221174696591669, "ENSP00000455176": -0.012041490821585378, "ENSP00000454933": -0.011997064878987884, "ENSP00000457063": 0.01518273184912116, "ENSP00000454574": -0.011220544665988812, "ENSP00000457657": -0.000470664009177862}