{"name": "eigen", "eigen": 2, "normalized": false, "process_time": 0.006665945053100586, "data": {"ENSP00000455812": 0.0, "ENSP00000454263": -6.347156358160219e-06, "ENSP00000455074": 2.3130128078208748e-05, "ENSP00000454779": -0.00019721587343092675, "ENSP00000454321": 7.831600935999095e-05, "ENSP00000454233": -0.0018811518314480879, "ENSP00000457307": -0.000470315664459918, "ENSP00000457223": 0.00015147870196580759, "ENSP00000456147": 9.459347242705705e-05, "ENSP00000456796": -0.0010548590402694737, "ENSP00000458014": -0.0013974193479553035, "ENSP00000457806": -0.0003396625029921379, "ENSP00000457953": -8.471009086983173e-05, "ENSP00000455351": 0.002873616475466772, "ENSP00000456794": 0.0064436680775730604, "ENSP00000454364": 0.0014122892377055186, "ENSP00000455600": -0.006734403912104218, "ENSP00000455553": -0.011067008033479087, "ENSP00000454490": -0.057225007881977694, "ENSP00000456599": 0.7503175281580069, "ENSP00000456469": -0.6476150079521087, "ENSP00000455176": -0.11273972287273776, "ENSP00000457122": -0.01327119352768625, "ENSP00000457143": 0.01070105239559336, "ENSP00000454933": 0.0033465082102111772, "ENSP00000458063": 0.0018530207640238654, "ENSP00000456620": 0.00025963074313875144, "ENSP00000458087": 0.0025426703305093667, "ENSP00000456494": 0.002550132966428734, "ENSP00000456238": 0.002550132966428734, "ENSP00000456263": 0.002550132966428734, "ENSP00000456544": 0.002550132966428734, "ENSP00000373465": 0.002550132966428734, "ENSP00000456002": 0.002550132966428734, "ENSP00000456819": 0.002550132966428734, "ENSP00000456166": 0.002550132966428734, "ENSP00000457612": 0.002550132966428734, "ENSP00000454879": 0.002550132966428734, "ENSP00000457178": 0.002550132966428734, "ENSP00000398034": 0.002550132966428734, "ENSP00000457635": 0.002550132966428734, "ENSP00000457456": 0.002550132966428734, "ENSP00000455215": 0.002550132966428734, "ENSP00000457657": 0.002550132966428734, "ENSP00000456256": 0.002550132966428734, "ENSP00000456781": 0.002550132966428734, "ENSP00000457063": 0.002550132966428734, "ENSP00000444911": 0.002550132966428734, "ENSP00000457979": 0.002550132966428734, "ENSP00000456362": 0.002550132966428734, "ENSP00000456632": 0.002550132966428734, "ENSP00000455209": 0.012068508273674821, "ENSP00000457073": 0.007196016699016834, "ENSP00000456682": -0.00841913719094414, "ENSP00000456731": -0.0028700606254325276, "ENSP00000457994": -0.0021467680268428364, "ENSP00000455965": 0.013104700657663471, "ENSP00000455226": -0.017658088299307352, "ENSG00000205336": -1.3552527156068805e-19, "ENSP00000454289": 0.005290942139958744, "ENSP00000456787": -0.0017576504239080013, "ENSP00000455245": -0.0044878432199546205, "ENSP00000454574": 0.0037561918885348046, "ENSP00000454607": 0.006394827751052745, "ENSP00000454855": -0.003168667980133886, "ENSP00000456603": 0.008030493112578781}}