{"ENSP00000457122": 1.3712699077102405e-17, "ENSP00000457073": -0.00095391451487705, "ENSP00000457223": -0.00021919737789268784, "ENSP00000458014": 0.0010308827235551415, "ENSP00000456603": -0.01938512158271839, "ENSP00000455351": -0.0051968712129132405, "ENSP00000455215": -0.011438241986004351, "ENSP00000456632": -0.007413025051059595, "ENSP00000457063": -0.01746523778741885, "ENSP00000456682": -0.025968200942831966, "ENSP00000457953": 0.03622348427677858, "ENSP00000457806": 0.014766932509855609, "ENSP00000455553": 0.00029763964224521853, "ENSP00000444911": 0.03311734765320407, "ENSP00000456787": 0.034284690643903395, "ENSP00000457635": -0.07583938793119101, "ENSP00000455812": 0.2524342572722826, "ENSP00000454855": 0.545709524167032, "ENSP00000456166": -0.5241502530895167, "ENSP00000457612": -0.17485939477331547, "ENSP00000454607": 0.07505325039541143, "ENSP00000456238": 0.0459525832097048, "ENSP00000455965": 0.4780659869235724, "ENSP00000455245": -0.248333056639495, "ENSP00000456256": -0.015491812301139943, "ENSP00000456362": -0.01549181230113993, "ENSP00000455600": -0.01549181230113993, "ENSP00000398034": -0.01549181230113993, "ENSP00000458087": -0.01549181230113993, "ENSP00000456794": -0.01549181230113993, "ENSP00000458063": -0.01549181230113993, "ENSP00000454233": -0.01549181230113993, "ENSP00000455226": -0.01549181230113993, "ENSP00000456263": -0.01549181230113993, "ENSP00000456494": -0.01549181230113993, "ENSP00000456469": -0.01549181230113993, "ENSP00000456731": -0.01549181230113993, "ENSP00000454879": -0.01549181230113993, "ENSP00000455074": -0.01549181230113993, "ENSP00000456781": -0.01549181230113993, "ENSP00000456544": -0.01549181230113993, "ENSP00000457456": -0.01549181230113993, "ENSP00000455176": -0.01549181230113993, "ENSP00000457979": -0.01549181230113993, "ENSP00000454263": -0.01549181230113993, "ENSP00000457657": -0.01549181230113993, "ENSP00000456147": -0.01549181230113993, "ENSP00000456796": -0.01549181230113993, "ENSP00000456599": -0.01549181230113993, "ENSP00000455209": -0.01549181230113993, "ENSP00000457994": -0.01549181230113993, "ENSP00000454779": -0.015609822174123707, "ENSP00000454490": -0.020467503481000758, "ENSP00000454289": 0.009134648065818918, "ENSP00000457307": 0.03453340501911584, "ENSP00000454321": -0.027453811267378062, "ENSP00000457143": -0.03588023548304914, "ENSP00000456002": 0.006969123500855032, "ENSP00000457178": -0.05199444846326512, "ENSP00000454574": -0.046933274759203045, "ENSP00000454933": 0.014560453875294546, "ENSP00000454364": 0.054777385872712775, "ENSP00000373465": 0.06125023336450988, "ENSP00000456819": -0.010308455839037984, "ENSP00000456620": 0.039986557371218395, "ENSG00000205336": -5.204170427930421e-18}