{"name": "eigen", "eigen": 4, "normalized": false, "process_time": 0.004658937454223633, "data": {"ENSP00000457063": 0.0, "ENSP00000454779": 0.006095887432726626, "ENSP00000456731": 0.013939130220762475, "ENSP00000454364": 0.004498307736659011, "ENSP00000457178": -0.02035543730215562, "ENSP00000455600": 0.04546205686384417, "ENSP00000455553": -0.0022970082388544116, "ENSP00000456599": -0.14357289643712087, "ENSP00000398034": 0.01015591703935671, "ENSP00000456263": -0.07980662614302363, "ENSP00000454263": -0.02479776575027648, "ENSP00000455226": 0.0010552257068351069, "ENSP00000455965": 0.017640667278335794, "ENSP00000455215": 0.004100488233193591, "ENSP00000456796": -0.07154786908519796, "ENSP00000456682": -0.25223438135754545, "ENSP00000457806": -0.026589531079703677, "ENSP00000456794": -0.10194125697967181, "ENSP00000457994": 0.08503472935607083, "ENSP00000454607": 0.06003650103050141, "ENSP00000458014": -0.06171459004331336, "ENSP00000456781": 0.08392599634939983, "ENSP00000456819": 0.4590818618337064, "ENSP00000458063": 0.7013059576059034, "ENSP00000457307": 0.14091808043236037, "ENSP00000456166": 0.027105110260079227, "ENSP00000455245": -0.025436296092837898, "ENSP00000456787": -0.00614231031368962, "ENSP00000455209": -0.00038857374288549153, "ENSP00000456603": -0.0017300790377433204, "ENSP00000458087": -0.00201434035509107, "ENSP00000455351": -0.001984741015375608, "ENSP00000455074": -0.001984741015375608, "ENSP00000457979": -0.001984741015375608, "ENSP00000454933": -0.001984741015375608, "ENSP00000456256": -0.001984741015375608, "ENSP00000457635": -0.001984741015375608, "ENSP00000455812": -0.001984741015375608, "ENSP00000457456": -0.001984741015375608, "ENSP00000454879": -0.001984741015375608, "ENSP00000457073": -0.001984741015375608, "ENSP00000456632": -0.001984741015375608, "ENSP00000454321": -0.001984741015375608, "ENSP00000444911": -0.001984741015375608, "ENSP00000456147": -0.001984741015375608, "ENSP00000457953": -0.001984741015375608, "ENSP00000457657": -0.001984741015375608, "ENSP00000454855": -0.001984741015375608, "ENSP00000455176": -0.001984741015375608, "ENSP00000456002": -0.001984741015375608, "ENSP00000454574": -0.001984741015375608, "ENSP00000454490": -0.19767767165816977, "ENSP00000457612": -0.08104368894486752, "ENSG00000205336": 7.806255641895632e-18, "ENSP00000456362": 0.0677300928409238, "ENSP00000456544": -0.05201052316355358, "ENSP00000456620": -0.08817704994462089, "ENSP00000454233": -0.02610689765831105, "ENSP00000373465": -0.016382501529121494, "ENSP00000457143": -0.09382202550465815, "ENSP00000457122": -0.09006177625535804, "ENSP00000456494": -0.1142922157277465, "ENSP00000457223": 0.006612836056142026, "ENSP00000454289": 0.12266791980368108, "ENSP00000456469": -0.05237371874519076, "ENSP00000456238": -0.18515491468226136}}