{"name": "eigen", "eigen": 5, "normalized": false, "process_time": 0.006665945053100586, "data": {"ENSP00000455812": 0.0, "ENSP00000454263": 1.2666939823292991e-05, "ENSP00000455074": -4.6160504632126456e-05, "ENSP00000454779": 0.00028759678634959865, "ENSP00000454321": -0.0014852468590076545, "ENSP00000454233": 0.010023174739387873, "ENSP00000457307": 0.0038187290544871967, "ENSP00000457223": 0.0031937920598405093, "ENSP00000456147": 0.0017463620434026335, "ENSP00000456796": -0.00481001289786314, "ENSP00000458014": 0.0016668412533814127, "ENSP00000457806": 0.0063399989085291915, "ENSP00000457953": -0.0008724018036418333, "ENSP00000455351": 0.00779400677462819, "ENSP00000456794": 0.016923461128715147, "ENSP00000454364": 0.002106023857600145, "ENSP00000455600": -0.0005500935958212552, "ENSP00000455553": 0.005741070097747149, "ENSP00000454490": 0.008612411575072955, "ENSP00000456599": -0.036615283595818664, "ENSP00000456469": -0.005734377865533534, "ENSP00000455176": -0.06769466168310476, "ENSP00000457122": -0.604399376507436, "ENSP00000457143": 0.7884736632949885, "ENSP00000454933": 0.0017896741218906727, "ENSP00000458063": -0.03654526607817285, "ENSP00000456620": -0.015858121940416605, "ENSP00000458087": 0.0012692139690962424, "ENSP00000456494": 0.0013236276889455924, "ENSP00000456238": 0.0013236276889455924, "ENSP00000456263": 0.0013236276889455924, "ENSP00000456544": 0.0013236276889455924, "ENSP00000373465": 0.0013236276889455924, "ENSP00000456002": 0.0013236276889455924, "ENSP00000456819": 0.0013236276889455924, "ENSP00000456166": 0.0013236276889455924, "ENSP00000457612": 0.0013236276889455924, "ENSP00000454879": 0.0013236276889455924, "ENSP00000457178": 0.0013236276889455924, "ENSP00000398034": 0.0013236276889455924, "ENSP00000457635": 0.0013236276889455924, "ENSP00000457456": 0.0013236276889455924, "ENSP00000455215": 0.0013236276889455924, "ENSP00000457657": 0.0013236276889455924, "ENSP00000456256": 0.0013236276889455924, "ENSP00000456781": 0.0013236276889455924, "ENSP00000457063": 0.0013236276889455924, "ENSP00000444911": 0.0013236276889455924, "ENSP00000457979": 0.0013236276889455924, "ENSP00000456362": 0.0013236276889455924, "ENSP00000456632": 0.0013236276889455924, "ENSP00000455209": -0.016580340168509313, "ENSP00000457073": -0.024337661985272877, "ENSP00000456682": -0.0119190086273787, "ENSP00000456731": -0.01660353572397532, "ENSP00000457994": -0.001324149280775419, "ENSP00000455965": 0.00029464397975168314, "ENSP00000455226": -0.009632522486369812, "ENSG00000205336": 6.505213034913027e-19, "ENSP00000454289": 0.004726101412736817, "ENSP00000456787": -0.023402212561629103, "ENSP00000455245": 0.01086746786420118, "ENSP00000454574": -0.013777947943776235, "ENSP00000454607": -0.027803784889748932, "ENSP00000454855": -0.02169831600242734, "ENSP00000456603": 0.0355601462939325}}