{"ENSP00000455812": 0.0, "ENSP00000456620": -0.004474894885270881, "ENSP00000455245": -0.021336151793841615, "ENSP00000456544": -0.07595477734333267, "ENSP00000456632": 0.013841903602782491, "ENSP00000456731": 0.37036668543166584, "ENSP00000454364": -0.38273991742061164, "ENSP00000457612": -0.1938897070191862, "ENSP00000455965": 0.35423570243515773, "ENSP00000457456": 0.3584536640634909, "ENSP00000457979": 0.10395138144713459, "ENSP00000454263": -0.6066999380321495, "ENSP00000455226": -0.01428526009828124, "ENSP00000455553": 0.003651765787954909, "ENSP00000457223": 0.005574702859979365, "ENSP00000444911": 0.014048870411358076, "ENSP00000457122": 0.016980388895535395, "ENSP00000457073": 0.016980388895535395, "ENSP00000456166": 0.016980388895535395, "ENSP00000455215": 0.016980388895535395, "ENSP00000456787": 0.016980388895535395, "ENSP00000456603": 0.016980388895535395, "ENSP00000456256": 0.016980388895535395, "ENSP00000456147": 0.016980388895535395, "ENSG00000205336": 0.0, "ENSP00000456362": 0.016980388895535395, "ENSP00000456682": 0.016980388895535395, "ENSP00000456494": 0.016980388895535395, "ENSP00000458014": 0.016980388895535395, "ENSP00000456796": 0.016980388895535395, "ENSP00000457994": 0.016980388895535395, "ENSP00000457806": 0.016980388895535395, "ENSP00000456819": 0.016980388895535395, "ENSP00000457635": 0.016980388895535395, "ENSP00000457143": 0.016980388895535395, "ENSP00000454607": 0.016980388895535395, "ENSP00000454321": 0.016980388895535395, "ENSP00000454289": 0.016980388895535395, "ENSP00000456781": 0.016980388895535395, "ENSP00000455351": 0.016980388895535395, "ENSP00000455074": 0.016980388895535395, "ENSP00000398034": 0.016980388895535395, "ENSP00000454855": 0.016980388895535395, "ENSP00000456599": 0.016980388895535395, "ENSP00000456794": 0.016980388895535395, "ENSP00000455600": 0.016980388895535395, "ENSP00000454879": 0.016980388895535395, "ENSP00000456238": 0.016980388895535395, "ENSP00000457178": 0.016980388895535395, "ENSP00000457307": 0.016980388895535395, "ENSP00000454779": 0.016980388895535395, "ENSP00000455209": 0.020705491863973968, "ENSP00000458063": -0.07484165361204444, "ENSP00000456263": -0.06245600630205673, "ENSP00000454490": -0.05064519412755842, "ENSP00000458087": -0.030282423274020268, "ENSP00000454233": -0.04865325820428582, "ENSP00000457953": -0.048877902156349254, "ENSP00000373465": -0.045971386421721605, "ENSP00000456469": -0.045468169874618956, "ENSP00000456002": -0.04659118939670224, "ENSP00000455176": -0.04708886671687341, "ENSP00000454933": -0.04717076251499437, "ENSP00000457063": 0.005025097897879256, "ENSP00000454574": 0.011661394922207975, "ENSP00000457657": 0.008577576022113578}