{"name": "eigen", "eigen": 2, "normalized": true, "process_time": 0.02454400062561035, "data": {"ENSP00000457223": 0.0, "ENSP00000454779": 0.14993234737317954, "ENSP00000454607": -0.08995940842390755, "ENSP00000456632": -0.056342211342526455, "ENSP00000454364": -0.01783191692935569, "ENSP00000457657": -0.036616946981006135, "ENSP00000454490": -0.04172492045813704, "ENSP00000456682": -0.04682255941636597, "ENSP00000373465": -0.061440285388716306, "ENSP00000456544": -0.03284518425061282, "ENSP00000455074": 0.07272853610076434, "ENSP00000456599": 0.03523505696846592, "ENSP00000455600": -0.06003440649616665, "ENSP00000455245": -0.2283302663688092, "ENSP00000455351": 0.7339776165423045, "ENSP00000456731": -0.34203963635266793, "ENSP00000456166": 0.44462353730052456, "ENSP00000457073": -0.03863955730763563, "ENSP00000456256": -0.0037476050209886876, "ENSP00000455965": -0.0037476050209886737, "ENSP00000456147": -0.0037476050209886737, "ENSP00000457143": -0.0037476050209886737, "ENSP00000456263": -0.0037476050209886737, "ENSP00000455812": -0.0037476050209886737, "ENSP00000457953": -0.0037476050209886737, "ENSP00000456362": -0.0037476050209886737, "ENSP00000457612": -0.0037476050209886737, "ENSP00000454233": -0.0037476050209886737, "ENSP00000454289": -0.0037476050209886737, "ENSP00000455176": -0.0037476050209886737, "ENSP00000457063": -0.0037476050209886737, "ENSP00000454263": -0.0037476050209886737, "ENSP00000456469": -0.0037476050209886737, "ENSP00000456002": -0.0037476050209886737, "ENSP00000456796": -0.0037476050209886737, "ENSP00000457122": -0.0037476050209886737, "ENSP00000455209": -0.0037476050209886737, "ENSP00000458014": -0.0037476050209886737, "ENSG00000205336": -4.163336342344337e-17, "ENSP00000455553": -0.0037476050209886737, "ENSP00000454574": -0.0037476050209886737, "ENSP00000454933": -0.0037476050209886737, "ENSP00000458063": -0.0037476050209886737, "ENSP00000457994": -0.0037476050209886737, "ENSP00000457635": -0.0037476050209886737, "ENSP00000457178": -0.0037476050209886737, "ENSP00000398034": -0.0037476050209886737, "ENSP00000457456": -0.0037476050209886737, "ENSP00000444911": -0.0037476050209886737, "ENSP00000456494": -0.0037476050209886737, "ENSP00000455226": -0.0037476050209886737, "ENSP00000456787": -0.0491567504074429, "ENSP00000457979": 0.11527023256308858, "ENSP00000454855": 0.016445282712301695, "ENSP00000456603": 0.059957256908058, "ENSP00000455215": -0.05748576466939578, "ENSP00000456819": -0.0321720784792148, "ENSP00000456620": -0.0355297069413255, "ENSP00000454879": -0.02095265041546686, "ENSP00000454321": -0.029741010103827913, "ENSP00000458087": -0.0266242372851407, "ENSP00000457806": -0.030786616825927607, "ENSP00000456238": -0.02353612877059677, "ENSP00000457307": -0.08610314101341876, "ENSP00000456781": -0.026578793341535366, "ENSP00000456794": -0.036952327827849234}}