{"name": "eigen", "eigen": 5, "normalized": true, "process_time": 0.02454400062561035, "data": {"ENSP00000457223": -0.00013815233431041548, "ENSP00000454779": 0.08498671499870508, "ENSP00000454607": -0.048976628138637984, "ENSP00000456632": -0.0303187369969806, "ENSP00000454364": -0.016030687105922346, "ENSP00000457657": -0.03209357225648341, "ENSP00000454490": 0.04229483562390714, "ENSP00000456682": 0.09647457179336591, "ENSP00000373465": 0.5433747168605455, "ENSP00000456544": -0.78561435291308, "ENSP00000455074": 0.19196914527691672, "ENSP00000456599": -0.06300217562034441, "ENSP00000455600": -0.006831408757515666, "ENSP00000455245": -0.006831408757515678, "ENSP00000455351": -0.006831408757515678, "ENSP00000456731": -0.006831408757515678, "ENSP00000456166": -0.006831408757515678, "ENSP00000457073": -0.006831408757515678, "ENSP00000456256": -0.006831408757515678, "ENSP00000455965": -0.006831408757515678, "ENSP00000456147": -0.006831408757515678, "ENSP00000457143": -0.006831408757515678, "ENSP00000456263": -0.006831408757515678, "ENSP00000455812": -0.006831408757515678, "ENSP00000457953": -0.006831408757515678, "ENSP00000456362": -0.006831408757515678, "ENSP00000457612": -0.006831408757515678, "ENSP00000454233": -0.006831408757515678, "ENSP00000454289": -0.006831408757515678, "ENSP00000455176": -0.006831408757515678, "ENSP00000457063": -0.006831408757515678, "ENSP00000454263": -0.006831408757515678, "ENSP00000456469": -0.006831408757515678, "ENSP00000456002": -0.006831408757515678, "ENSP00000456796": -0.006831408757515678, "ENSP00000457122": -0.006831408757515678, "ENSP00000455209": -0.006831408757515678, "ENSP00000458014": -0.006831408757515678, "ENSG00000205336": 1.3877787807814457e-17, "ENSP00000455553": -0.006831408757515678, "ENSP00000454574": -0.006831408757515678, "ENSP00000454933": -0.006831408757515678, "ENSP00000458063": -0.006831408757515678, "ENSP00000457994": -0.006831408757515678, "ENSP00000457635": -0.006831408757515678, "ENSP00000457178": -0.006831408757515678, "ENSP00000398034": -0.006831408757515678, "ENSP00000457456": -0.006831408757515678, "ENSP00000444911": -0.006831408757515678, "ENSP00000456494": -0.006831408757515678, "ENSP00000455226": -0.006831408757515678, "ENSP00000456787": 0.00723098912353206, "ENSP00000457979": -0.04971375376353192, "ENSP00000454855": 0.006392987085910534, "ENSP00000456603": 0.01859290411789426, "ENSP00000455215": 0.029353637665071375, "ENSP00000456819": 0.03953575550847514, "ENSP00000456620": 0.04241623430728033, "ENSP00000454879": 0.047157525590237566, "ENSP00000454321": 0.045495376872444704, "ENSP00000458087": 0.045495376872444704, "ENSP00000457806": 0.045495376872444704, "ENSP00000456238": 0.045495376872444704, "ENSP00000457307": 0.0324450897008051, "ENSP00000456781": -0.028260525105901074, "ENSP00000456794": -0.05046449812163748}}