{"ENSP00000373465": 0.0, "ENSP00000456263": -0.0009872516728642016, "ENSP00000455965": 0.0009145362522000626, "ENSP00000458087": -0.00025746591694979074, "ENSP00000457178": 0.003934729787236863, "ENSP00000454933": 0.011489793178929349, "ENSP00000454490": -0.015408482605222582, "ENSP00000454574": -0.028515173280234927, "ENSP00000455074": -0.03714581918464465, "ENSP00000457073": 0.05831835311510879, "ENSP00000456796": -0.01799542450283172, "ENSP00000454879": 0.03503218593483823, "ENSP00000456731": 0.023449854066062856, "ENSP00000457307": 0.001572694429423984, "ENSP00000456794": 0.012607607332503335, "ENSP00000456238": -0.036941081291088064, "ENSP00000458014": 0.032682904452680996, "ENSP00000444911": 0.03262482086538845, "ENSP00000454233": 0.1751461123607469, "ENSP00000456620": 0.005995454758920599, "ENSP00000457122": -0.3182529266875228, "ENSP00000457143": -0.30644299902591843, "ENSP00000457456": -0.6154780203141248, "ENSP00000454263": 0.5664654892965468, "ENSP00000455245": 0.05144310047664008, "ENSP00000456819": 0.033502661594037246, "ENSP00000457635": 0.0063387551988508956, "ENSP00000456599": 0.006338755198850894, "ENSP00000455215": 0.006338755198850894, "ENSP00000454321": 0.006338755198850894, "ENSG00000205336": 0.0, "ENSP00000454364": 0.006338755198850894, "ENSP00000456494": 0.006338755198850894, "ENSP00000455812": 0.006338755198850894, "ENSP00000455351": 0.006338755198850894, "ENSP00000457806": 0.006338755198850894, "ENSP00000456787": 0.006338755198850894, "ENSP00000456781": 0.006338755198850894, "ENSP00000457612": 0.006338755198850894, "ENSP00000456362": 0.006338755198850894, "ENSP00000456002": 0.006338755198850894, "ENSP00000456603": 0.006338755198850894, "ENSP00000457994": 0.006338755198850894, "ENSP00000455553": 0.006338755198850894, "ENSP00000456166": 0.006338755198850894, "ENSP00000455226": 0.006338755198850894, "ENSP00000456544": 0.006338755198850894, "ENSP00000458063": 0.006338755198850894, "ENSP00000454289": 0.006338755198850894, "ENSP00000456469": 0.006338755198850894, "ENSP00000457063": 0.006338755198850894, "ENSP00000454855": 0.0008454441304942429, "ENSP00000456147": -0.030495737183934876, "ENSP00000456682": -0.0327128377828106, "ENSP00000457979": -0.062483942593192884, "ENSP00000455209": 0.06677118695709514, "ENSP00000456256": 0.05603372146478791, "ENSP00000456632": 0.08416487041763823, "ENSP00000455600": 0.018003814065841433, "ENSP00000398034": -0.02707767280452039, "ENSP00000455176": -0.037622656430670726, "ENSP00000454607": 0.04259039580288467, "ENSP00000457657": 0.009359645183436714, "ENSP00000457223": -0.07640627082610889, "ENSP00000457953": 0.16463988368327, "ENSP00000454779": 0.004504377723506059}