{"name": "eigen", "eigen": 1, "normalized": true, "process_time": 0.006783008575439453, "data": {"ENSP00000457063": 0.0, "ENSP00000454779": -0.0006923766162268176, "ENSP00000456731": 0.0004154259697360316, "ENSP00000454364": 0.00010687413234349087, "ENSP00000457178": 0.04330481431679805, "ENSP00000455600": 0.007448434631747036, "ENSP00000455553": 0.05516609515190312, "ENSP00000456599": 0.012194138914429695, "ENSP00000398034": -0.09739033802125528, "ENSP00000456263": -0.01292828432324403, "ENSP00000454263": 0.015774805217510818, "ENSP00000455226": -0.09292974599457263, "ENSP00000455965": 0.009682649171825285, "ENSP00000455215": -0.03299655105335436, "ENSP00000456796": -0.027977162331228916, "ENSP00000456682": -0.005358634076829009, "ENSP00000457806": -0.014949310684668596, "ENSP00000456794": -0.11027794961703172, "ENSP00000457994": -0.014837924925328122, "ENSP00000454607": 0.0012825349322055256, "ENSP00000458014": -0.05701579475695581, "ENSP00000456781": -0.0399276576143443, "ENSP00000456819": -0.0024402799361054927, "ENSP00000458063": -0.0348985822131498, "ENSP00000457307": -0.03548299352998174, "ENSP00000456166": 0.033415548116510575, "ENSP00000455245": -0.08484915259037143, "ENSP00000456787": -0.06679552331298305, "ENSP00000455209": -0.027692176501060674, "ENSP00000456603": -0.1368664644047522, "ENSP00000458087": 0.095889839119178, "ENSP00000455351": -0.046858434639434066, "ENSP00000455074": 0.05050497857043185, "ENSP00000457979": -0.012400448899518073, "ENSP00000454933": 0.0006110994516023991, "ENSP00000456256": 0.11846830498339357, "ENSP00000457635": 0.11024730865836062, "ENSP00000455812": -0.021399548587461813, "ENSP00000457456": -0.09419596243432522, "ENSP00000454879": 0.0029148967605947427, "ENSP00000457073": -0.0069541817042725025, "ENSP00000456632": 0.05773079754596065, "ENSP00000454321": -0.042554824755522636, "ENSP00000444911": 0.08727740741792554, "ENSP00000456147": 0.03685741733293242, "ENSP00000457953": 0.0776190057107864, "ENSP00000457657": 0.032078224881811605, "ENSP00000454855": 0.001334091442970792, "ENSP00000455176": -0.19413306783863493, "ENSP00000456002": -0.104018685511464, "ENSP00000454574": 0.5322123967046017, "ENSP00000454490": -0.6358160333404465, "ENSP00000457612": 0.020740005564218553, "ENSG00000205336": 0.0, "ENSP00000456362": 0.14964319151214878, "ENSP00000456544": -0.001953278614258567, "ENSP00000456620": 0.11306185032665388, "ENSP00000454233": -0.11405755599116647, "ENSP00000373465": 0.0872737142443813, "ENSP00000457143": 0.008401857119392623, "ENSP00000457122": 0.06548503872348746, "ENSP00000456494": 0.11123425376804656, "ENSP00000457223": -0.07790011133971779, "ENSP00000454289": 0.0621954752491823, "ENSP00000456469": 0.09555659362999804, "ENSP00000456238": 0.15241996688659687}}