{"ENSP00000455176": -0.05732277159700305, "ENSP00000457122": 0.21681538797644462, "ENSP00000455812": -0.012688344326325951, "ENSP00000457994": 0.03167368333676344, "ENSP00000455965": -0.1249689865825077, "ENSP00000455600": -0.10898038696580022, "ENSP00000456544": -0.060625853327469434, "ENSP00000455351": -0.10324686450006615, "ENSP00000456238": -0.08992766179672215, "ENSP00000457143": -0.13378842239449837, "ENSP00000454233": -0.23076370573914903, "ENSP00000455074": 0.17452423153590382, "ENSP00000454933": 0.0026259987776958487, "ENSP00000454321": 0.02954200510496756, "ENSP00000444911": -0.12090128174903968, "ENSP00000456147": -0.08861164061992673, "ENSP00000456469": 0.08307568988810614, "ENSP00000457953": -0.20210493452896797, "ENSP00000458063": 0.17148237849327538, "ENSP00000454364": -0.0315998858360925, "ENSP00000455209": 0.1433879173070333, "ENSP00000457307": 0.13469368909725624, "ENSP00000456819": 0.1111182087321954, "ENSP00000456796": 0.016313662777817473, "ENSP00000373465": 0.17932159159429487, "ENSP00000456002": 0.1497296836385958, "ENSP00000455215": 0.16276623995756062, "ENSP00000454289": 0.09306831334572115, "ENSP00000454263": 0.17523340249371025, "ENSP00000456256": -0.15948994868340352, "ENSP00000458087": -0.05221845354555468, "ENSP00000457063": -0.11425965877640465, "ENSP00000454574": 0.011237392925667992, "ENSP00000457612": 0.2037357530111346, "ENSP00000457979": -0.03615395928863273, "ENSP00000455553": -0.12134113898489085, "ENSP00000456603": 0.14621805460425216, "ENSP00000455226": 0.04584795222957968, "ENSG00000205336": -5.282427073651385e-09, "ENSP00000456599": 0.050361950832312506, "ENSP00000457635": -0.10978253344992715, "ENSP00000457806": -0.043985116733457855, "ENSP00000457456": -0.06448751112720652, "ENSP00000456682": 0.11628200043404063, "ENSP00000456494": -0.2084118995802748, "ENSP00000457657": 0.0632611735380851, "ENSP00000454490": -0.15064351836876597, "ENSP00000454607": 0.02607030310245994, "ENSP00000456632": -0.20511670088817535, "ENSP00000454779": 0.07808606005206303, "ENSP00000456166": 0.07147495083520365, "ENSP00000456263": 0.10685702005650426, "ENSP00000458014": -0.06792835381784566, "ENSP00000454879": -0.13932491689824197, "ENSP00000456794": -0.09215226186250569, "ENSP00000457223": 0.18339394817838356, "ENSP00000457178": -0.12966161374655535, "ENSP00000398034": -0.1917263399000999, "ENSP00000457073": 0.10935837467686395, "ENSP00000456781": 0.07351363889394634, "ENSP00000456787": 0.19108642012648042, "ENSP00000456731": 0.029525523890392164, "ENSP00000456620": -0.1893382937633087, "ENSP00000456362": 0.13516793565007382, "ENSP00000455245": -0.048996532255340286, "ENSP00000454855": -0.026301002872336703}