{"0": 0.8793319764193461, "1": -0.20742711257189914, "2": 0.05421510316200906, "3": -0.18171267931279178, "4": -0.0719116329263166, "5": 0.040527341888127, "6": -0.18802629174502933, "7": -0.324996704913445, "8": -4.163336342344337e-17, "9": -5.551115123125783e-17, "10": 0.0, "11": -4.163336342344337e-17, "12": -2.7755575615628914e-17}