{"0": 0.0, "1": 0.03406261503609598, "2": 0.12418382342613532, "3": 0.05310483736925386, "4": 0.02650585612091549, "5": 0.09838535213003188, "6": -0.06669772197691362, "7": -0.2695447621055188, "8": -0.5195707007800271, "9": -0.3309070470456849, "10": 0.1668145003914789, "11": -0.013228094714662273, "12": 0.6968913421488953}