{"0": 1.6, "1": 1.6, "2": 1.6, "3": 1.6, "4": 1.6, "5": 1.6, "6": 1.6, "7": 1.6, "8": 1.6, "9": 1.6, "10": 1.1333333333333333, "11": 1.1333333333333333, "12": 1.1333333333333333, "13": 1.1333333333333333, "14": 1.1333333333333333, "15": 1.1333333333333333}