{"0": -0.008036434714562758, "1": 0.019220736609695234, "2": 0.03781955661751716, "3": 0.053638194200245, "4": 0.5567564506258951, "5": 0.03146640392375277, "6": -0.19139425431407425, "7": -0.10694797378029344, "8": -0.7250259695760997, "9": 0.33250329040792487, "10": 9.367506770274758e-17, "11": -7.632783294297951e-17, "12": -3.469446951953614e-17, "13": -5.898059818321144e-17, "14": -8.673617379884035e-17, "15": 1.9081958235744878e-16}