{"0": 0.0, "1": -0.27203923068464453, "2": -0.0860886143963375, "3": -0.06348224717630326, "4": 0.5376716813252806, "5": 0.2664742893696604, "6": -0.18033863139256331, "7": -0.10021988355427644, "8": -0.28673042105074054, "9": 0.18475305755992452, "10": 0.08931157728312017, "11": -0.40129792814025667, "12": 0.31198635085713555, "13": 0.2820219037305185, "14": -0.07071388610177806, "15": -0.21130801762873933}