{"0": 0.04520376400015519, "1": 0.04520376400015519, "2": 0.04520376400015519, "3": 0.04520376400015519, "4": 0.04520376400015519, "5": 0.04520376400015519, "6": 0.04520376400015519, "7": 0.04520376400015519, "8": 0.04520376400015519, "9": 0.04520376400015519, "10": 0.09132705999974138, "11": 0.09132705999974138, "12": 0.09132705999974138, "13": 0.09132705999974136, "14": 0.09132705999974136, "15": 0.09132705999974136}