{"name": "eigen", "eigen": 4, "normalized": false, "process_time": 0.009962081909179688, "data": {"0": 0.005665614424773686, "1": 0.06251962785026911, "2": 0.05654704199229414, "3": 0.089395004468823, "4": 0.055451152349526134, "5": 0.021915189816236327, "6": 0.022060799356773266, "7": 0.06312228346191945, "8": -0.0075545421154409815, "9": -0.013176083270944884, "10": -0.030819636998461603, "11": -0.03778515995176604, "12": -0.04704027021160646, "13": -0.03837670970829209, "14": -0.054129585460437696, "15": -0.053917541456776366, "16": -0.04605719916930504, "17": -0.04610198375964674, "18": -0.03526058966955436, "19": 0.025227899366340522, "20": 0.06493784905750352, "21": 0.12529733946950544, "22": 0.1947875702358854, "23": 0.1975090719322275, "24": 0.14954585473514284, "25": 0.13461837671119029, "26": 0.07623229595735814, "27": 0.0015799643024759502, "28": 0.03373452756801529, "29": -0.03539107975351827, "30": 0.04096369837316457, "31": 0.07634051013946638, "32": 0.06561511244771406, "33": 0.06109642540860012, "34": 0.046328568917214784, "35": 0.007019327820604396, "36": 0.03718705784811377, "37": 0.02699956650918069, "38": 0.04891076496769417, "39": 0.009542803710594266, "40": 0.09378803568967639, "41": 0.10218105612884604, "42": 0.12964139644703554, "43": 0.11699389897147253, "44": 0.0952003786170737, "45": 0.07367671304346893, "46": 0.005745577945138972, "47": 0.03440001515097697, "48": 0.009491730515725577, "49": 0.0020917470527311056, "50": -0.013474685635454977, "51": -0.023252907899761845, "52": 0.007841813468971705, "53": -0.06632095591568808, "54": 0.17098412679365896, "55": -0.10348391659428277, "56": -0.1385215248653694, "57": -0.14168603221670906, "58": -0.09073935022516702, "59": -0.11432223093855329, "60": -0.06557556417408546, "61": -0.09354823873377555, "62": -0.01028223317454307, "63": -0.07574820694075318, "64": -0.03674326777839832, "65": -0.03408890879685623, "66": 0.020736123413597773, "67": 0.007234214382302734, "68": 0.058587263939806025, "69": -0.0210651753313786, "70": -0.03964505818768287, "71": -0.019939733854741598, "72": -0.014391610936348768, "73": 0.05635128465591956, "74": 0.1441851856627019, "75": 0.13165658401694572, "76": 0.18052343325350562, "77": 0.18268050363543542, "78": 0.1693027562858663, "79": 0.14419083157285378, "80": 0.10714495295646578, "81": 0.03471976554033495, "82": 0.03255852056790806, "83": -0.01173352457973922, "84": -0.06475306964422017, "85": -0.1261063001489717, "86": -0.08918730970597527, "87": -0.15186248362185895, "88": -0.06857002676434161, "89": -0.23625945107033625, "90": -0.15857870273392768, "91": -0.26247877447222806, "92": -0.1540333005302251, "93": -0.24620804660050394, "94": -0.1605202150052717, "95": -0.1740459277728539, "96": -0.17971763821770187, "97": -0.17971763821770181, "98": -0.10124212555284601, "99": 0.0013953094569756352}}