{"name": "eigen", "eigen": 2, "normalized": true, "process_time": 0.011789083480834961, "data": {"0": -0.019648423668463273, "1": 0.002439397441170929, "2": 0.011298134334521526, "3": 0.017159819676149685, "4": 0.033568437322668634, "5": 0.02169043205612152, "6": 0.07207295646360821, "7": 0.1136267665245614, "8": 0.14248941002022458, "9": 0.19462792882362898, "10": 0.212094973350026, "11": 0.22165059268768142, "12": 0.22096812335101196, "13": 0.20998754770993852, "14": 0.19148486577878293, "15": 0.15883172010427848, "16": 0.15555300910656306, "17": 0.07891802631346892, "18": 0.0955287418251855, "19": 0.08725319092274236, "20": 0.0670779106018386, "21": 0.027581425241123947, "22": -0.0741632450255428, "23": -0.11009967555803124, "24": -0.14759835116721343, "25": -0.14100868989674598, "26": -0.08959525151720427, "27": -0.04205716021568923, "28": -0.09152012680328142, "29": -0.08219479007392996, "30": -0.08739563983195316, "31": -0.05691060732751614, "32": -0.057599327071397796, "33": -0.05592987662470676, "34": -0.011551694348185286, "35": -0.02339649961757987, "36": 0.013020696575194904, "37": -0.0036973281506307116, "38": 0.001967646207930408, "39": 0.012105802456430954, "40": -0.008804792674005066, "41": 0.027450948685125535, "42": 0.04358633743192436, "43": 0.04892579027002144, "44": 0.05971688357713153, "45": 0.03890138969636782, "46": 0.09448728661143539, "47": -0.04553508045808389, "48": -0.08537266159853213, "49": -0.10524444117294303, "50": -0.11578737677637542, "51": -0.10353237221137139, "52": -0.0845697084889089, "53": -0.11557497012770204, "54": 0.05140470277118105, "55": -0.07569297903714159, "56": -0.15023383081859254, "57": -0.17113678110957978, "58": -0.20580146283141673, "59": -0.17680657215739154, "60": -0.14430351029542204, "61": -0.12670813488877875, "62": -0.07277845798130561, "63": -0.15151352442585833, "64": -0.14170606451610843, "65": -0.17208637084297482, "66": -0.15302530833624678, "67": -0.12080675754950261, "68": -0.15262136307878013, "69": 0.0495056664645864, "70": 0.14405505490036505, "71": 0.09117482102384286, "72": 0.12068617998199722, "73": 0.04302100832221357, "74": 0.030748066239005126, "75": 0.018834023977697362, "76": 0.0328941500849433, "77": 0.017382677278452704, "78": -0.004035970464732103, "79": 0.021482525808515257, "80": 0.046472673198015735, "81": 0.0221144710261343, "82": 0.0007494788999029504, "83": -0.01133307821575069, "84": -0.018914495964752767, "85": 0.06629750520903457, "86": 0.11239464687505381, "87": 0.11005576094828685, "88": 0.11646501296652227, "89": 0.06353806776453748, "90": 0.05493963481383, "91": 0.021560702553432492, "92": 0.023508987497834217, "93": -0.023446388894427347, "94": -0.07785747103218901, "95": -0.03453460834162565, "96": -0.05366140737029749, "97": -0.053661407370297454, "98": -0.041705938727932906, "99": 0.053867400841392396}}