{"name":"fiedler","normalized":true,"weight":"value","num_of_nodes":15,"num_of_edges":50,"process_time":0.01092839241027832,"data":{"0":-0.0933159155162695,"1":-0.09331591549771244,"2":-0.09331591550331667,"3":-0.09331591549628261,"4":-0.09331591545950761,"5":-0.0933159154743428,"6":-0.09331591548998237,"7":-0.09331591547251708,"8":-0.09331591550585644,"9":-0.05289981188875916,"10":0.17148023816304986,"11":0.34900501702411413,"12":0.4906829981776651,"13":0.5819622294050969,"14":0.4337868762470697}}