{"directed": false, "multigraph": true, "graph": {}, "nodes": [{"cover": {"level": 0, "range": [0.0, 0.3333333333333333]}, "min_value": 0.0, "max_value": 0.059851046463552646, "avg_value": 0.0059851046805097785, "component_count": 10, "components": ["3", "2", "6", "7", "0", "8", "1", "4", "9", "5"], "x": 250.00000000000003, "y": 500.0, "id": "mapper_node_0"}, {"cover": {"level": 1, "range": [0.3333333333333333, 0.6666666666666666]}, "min_value": 0.39212901479308776, "max_value": 0.6550203584507984, "avg_value": 0.5235746866219431, "component_count": 2, "components": ["10", "11"], "x": 250.0, "y": 250.0, "id": "mapper_node_1"}, {"cover": {"level": 2, "range": [0.6666666666666666, 1.0]}, "min_value": 0.7805713774798951, "max_value": 1.0, "avg_value": 0.8817995289860188, "component_count": 3, "components": ["13", "12", "14"], "x": 249.99999999999994, "y": 0.0, "id": "mapper_node_2"}], "links": [{"value": 1, "source": "mapper_node_0", "target": "mapper_node_1", "key": 0}, {"value": 1, "source": "mapper_node_1", "target": "mapper_node_2", "key": 0}], "info": {"component_method": "modularity", "link_method": "connectivity", "cover_overlap": 0.0, "cover_intervals": 3, "compute_time": 0.002518177032470703}}