{"name": "eigen", "eigen": 5, "normalized": false, "process_time": 0.00251007080078125, "data": {"0": -0.5340782974012244, "1": 0.5265539664005683, "2": -0.12193186724672672, "3": -0.12193186724672656, "4": 0.05196216337361176, "5": 0.33637488264787896, "6": -0.4440181310972422, "7": 0.0331253910854872, "8": 0.03312539108548708, "9": 0.09557076395794743, "10": 0.19770341475334982, "11": -0.08253583530333153, "12": 0.08880647616123907, "13": 0.08880647616123905, "14": -0.14753292733155693}}