{"name": "fiedler", "normalized": false, "process_time": 0.007312774658203125, "data": {"0": -0.2505509822906449, "1": -0.30529473551480363, "2": -0.29331278165516333, "3": -0.2933127818942406, "4": -0.19763070789724774, "5": 0.2395263036251462, "6": 0.4097024920862833, "7": 0.3724554349566697, "8": 0.37245543494120076, "9": 0.30755320673868497, "10": 0.011024678373805847, "11": -0.10440775617642226, "12": -0.07914265324128282, "13": -0.07914265310989853, "14": -0.10992249894208678}}