{"name": "fiedler", "normalized": true, "process_time": 0.008477210998535156, "data": {"0": -0.25739331613959004, "1": -0.2597214380036291, "2": -0.2978762894513018, "3": -0.29787628927770166, "4": -0.22818448102562683, "5": 0.24583269633759003, "6": 0.3501354373778254, "7": 0.37936839112538956, "8": 0.3793683911312889, "9": 0.3572702573694283, "10": 0.011560620387185019, "11": -0.09041400013181641, "12": -0.08149210205836209, "13": -0.08149210201573423, "14": -0.12908577579162278}}