{"name": "eigen", "eigen": 4, "normalized": false, "process_time": 0.004544973373413086, "data": {"0": -0.028740698431370934, "1": 0.0006514850824226107, "2": 0.011057284651174469, "3": 0.13696661686714134, "4": 0.001477396660716918, "5": 0.043887852866008215, "6": -0.0958039339019571, "7": -0.012776311853981887, "8": 0.0025858320866051954, "9": 0.0014773966607194082, "10": 0.04388785286601673, "11": -0.014124763304329716, "12": 0.04388785286602031, "13": 0.0014773966607197551, "14": 0.03287901086754481, "15": 0.009105290756914658, "16": 0.005772723291059148, "17": 0.043887852866020476, "18": 0.0025858320866075685, "19": -0.08638435618047079, "20": 0.002585832086607374, "21": 0.012859294133331641, "22": 0.0011981329186777252, "23": -0.14563627147185282, "24": -0.014124763304329397, "25": 0.0025858320866075824, "26": 0.0025858320866075824, "27": -0.14563627147185282, "28": 0.0025858320866075824, "29": 0.0025858320866075824, "30": 0.5436389600391306, "31": 0.04388785286601989, "32": 0.5436389600391306, "33": 0.004755551015254293, "34": -0.01593434890438706, "35": -0.3802587242454732, "36": 0.0014773966607198315, "37": 0.0025858320866075546, "38": 0.0025858320866075416, "39": 0.004755551015252966, "40": -0.010185837954633774, "41": 0.0025858320866078166, "42": 0.0014773966607195652, "43": -0.1456362714718528, "44": -0.01220427168691077, "45": -0.08652453379367162, "46": 0.0047555510152531635, "47": 0.004755551015253139, "48": 0.004755551015253602, "49": -0.38025872424547297}}