{"name": "eigen", "eigen": 5, "normalized": false, "process_time": 0.004544973373413086, "data": {"0": 0.0, "1": -3.650567367235831e-17, "2": 9.142648601915323e-17, "3": -7.505302841048715e-17, "4": -3.6306742010201196e-16, "5": 0.04974307266038154, "6": -8.151301389551125e-17, "7": -4.691726659015164e-16, "8": -0.1180192460620618, "9": -1.0780599256791951e-16, "10": -0.050556193608383045, "11": -4.389124499257051e-16, "12": -0.15075396113014852, "13": 1.194427827850422e-16, "14": -5.391525616891116e-17, "15": -2.227579647526939e-16, "16": -6.278779255837922e-16, "17": -0.10659017833913423, "18": 0.15253376856964648, "19": -6.449856634516728e-16, "20": 0.045286317042400714, "21": -4.2435612234000285e-16, "22": -2.4173816455082823e-17, "23": -6.64595544725851e-16, "24": 5.811049539486575e-16, "25": 0.5409182388100824, "26": 0.339921163806546, "27": -2.7601748610704633e-16, "28": -0.0688295107083445, "29": -0.587298861974399, "30": 0.11042008390157748, "31": 0.2581572604172861, "32": -0.11042008390157577, "33": 0.09016730086981056, "34": -5.6930618826504635e-16, "35": -0.029994700391551367, "36": 2.1375069902882027e-16, "37": -0.2156343626520437, "38": -0.014152281748909609, "39": 0.052346144595924085, "40": -1.0045790887611782e-15, "41": -0.07472522508291708, "42": -1.6763997851149984e-16, "43": -2.2050392679262364e-16, "44": -5.103924379999407e-16, "45": -4.63782591984836e-16, "46": -0.02111417038147085, "47": -0.06528914377181357, "48": -0.05611013131245002, "49": 0.029994700391554295}}