{"name": "eigen", "eigen": 2, "normalized": true, "process_time": 0.005357027053833008, "data": {"0": 0.13418583850025853, "1": -0.4693780675510603, "2": 0.3152067710589407, "3": -0.06601332888822892, "4": 0.003823675681682098, "5": 0.1234030833917491, "6": 0.002327713011954956, "7": -0.09863958700024902, "8": -0.15200159369502203, "9": 0.0038236756816818758, "10": 0.12340308339174963, "11": 0.14715667603922494, "12": 0.12340308339174913, "13": 0.0038236756816818064, "14": -0.021342352609508463, "15": -0.10019275132752956, "16": -0.052181364392667344, "17": 0.12340308339174932, "18": -0.15200159369502195, "19": -0.0014869372477509365, "20": -0.15200159369502195, "21": -0.02793446286252368, "22": 0.38629427838875474, "23": 0.011049118748182228, "24": 0.14715667603922483, "25": -0.15200159369502195, "26": -0.15200159369502195, "27": 0.011049118748182228, "28": -0.15200159369502195, "29": -0.15200159369502195, "30": -0.03106079220838856, "31": 0.12340308339174932, "32": -0.03106079220838856, "33": 0.15740908770217263, "34": -0.04007707448798502, "35": 0.0008781476950730272, "36": 0.0038236756816819035, "37": -0.15200159369502195, "38": -0.15200159369502195, "39": 0.15740908770217263, "40": -0.06868821274913388, "41": -0.15200159369502195, "42": 0.0038236756816819105, "43": 0.011049118748182204, "44": -0.03411523995573147, "45": 0.027642044437460562, "46": 0.1574090877021726, "47": 0.1574090877021726, "48": 0.15740908770217257, "49": 0.0008781476950730133}}