{"0": -0.07515571554854095, "1": -0.36558400148367287, "2": 0.04193121231488117, "3": 0.22291294979425427, "4": -0.15536164897700658, "5": 0.013039368863412667, "6": 0.26461566063408337, "7": 0.132201168559423, "8": -0.09403752924144784, "9": -0.15536164897700658, "10": 0.013039368863412752, "11": -0.01742705121142164, "12": 0.013039368863412662, "13": -0.1553616489770066, "14": 0.114979702386034, "15": 0.07282608315790486, "16": 0.16605992030629466, "17": 0.013039368863412676, "18": -0.09403752924144798, "19": 0.13978880129949495, "20": -0.09403752924144798, "21": 0.13838491025196217, "22": -0.3882895256820105, "23": 0.11669911074649233, "24": -0.017427051211421685, "25": -0.09403752924144798, "26": -0.09403752924144798, "27": 0.11669911074649233, "28": -0.09403752924144798, "29": -0.09403752924144798, "30": 0.08331148437649771, "31": 0.013039368863412676, "32": 0.08331148437649771, "33": -0.12567702181448273, "34": 0.18687398586107792, "35": 0.07929437013545364, "36": -0.1553616489770066, "37": -0.09403752924144798, "38": -0.09403752924144798, "39": -0.12567702181448273, "40": 0.14278527874105867, "41": -0.09403752924144798, "42": -0.1553616489770066, "43": 0.11669911074649231, "44": 0.18189532574299377, "45": 0.2023286331296041, "46": -0.12567702181448273, "47": -0.12567702181448273, "48": -0.12567702181448273, "49": 0.0792943701354537}