{"0": -0.010938229713446379, "1": -0.1017692353739445, "2": 0.060892974113545974, "3": 0.14051249011463735, "4": -0.14081036894434382, "5": 0.0854766507673363, "6": 0.1312325221152183, "7": 0.09983648131314699, "8": -0.14285545634086158, "9": -0.14081036894434382, "10": 0.08547665076733789, "11": 0.029172476049094658, "12": 0.08547665076733636, "13": -0.14081036894434382, "14": 0.15869311821241142, "15": 0.0784692455773161, "16": 0.14429033801015154, "17": 0.08547665076734266, "18": -0.14285545634085886, "19": 0.1434074705347869, "20": -0.14285545634086239, "21": 0.14491922973734922, "22": -0.13935348024493857, "23": 0.1562985249997694, "24": 0.029172476049094658, "25": -0.1428554563408638, "26": -0.14285545634085828, "27": 0.1562985249997694, "28": -0.14285545634086144, "29": -0.1428554563408557, "30": 0.19724008380575236, "31": 0.08547665076733908, "32": 0.19724008380575608, "33": -0.1956131320636598, "34": 0.1426185051825543, "35": 0.184213616084457, "36": -0.14081036894434382, "37": -0.14285545634085933, "38": -0.14285545634086094, "39": -0.19561313206366734, "40": 0.14258453660775713, "41": -0.14285545634085622, "42": -0.14081036894434382, "43": 0.1562985249997694, "44": 0.12133291714090849, "45": 0.13641200440657114, "46": -0.19561313206366124, "47": -0.1956131320636651, "48": -0.1956131320636632, "49": 0.1842136160844536}