{"Myriel": -0.10052800799494221, "Napoleon": -0.22558099766074594, "Mlle.Baptistine": -0.07821008061929534, "Mme.Magloire": -0.08003600356934441, "CountessdeLo": -0.22558099766074594, "Geborand": -0.22558099766074594, "Champtercier": -0.22558099766074594, "Cravatte": -0.22558099766074594, "Count": -0.13907748140544368, "OldMan": -0.22558099766074594, "Labarre": -0.0013275911508512201, "Valjean": -0.00059158860224046, "Marguerite": 0.002826816547472629, "Mme.deR": -0.0013275911508512201, "Isabeau": -0.0013275911508512201, "Gervais": -0.0013275911508512201, "Tholomyes": 0.005051603450895624, "Listolier": 0.004807142788454763, "Fameuil": 0.004807142785415912, "Blacheville": 0.004805340943381909, "Favourite": 0.004755888104925089, "Dahlia": 0.004754208653883274, "Zephine": 0.004754147458226427, "Fantine": 0.0037524948972974554, "Mme.Thenardier": 0.005965581497087263, "Thenardier": 0.0074009445777334145, "Cosette": 0.00508028848741565, "Javert": 0.005946825380566387, "Fauchelevent": 8.664849527873243e-05, "Bamatabois": 0.0007350531370741156, "Perpetue": 0.003609845014999358, "Simplice": 0.002537957430404978, "Scaufflaire": -0.0013275911508512201, "Woman1": 0.0019478044469542321, "Judge": -0.0001073816968127464, "Champmathieu": -0.00010738169681273946, "Brevet": -0.00013616513709715345, "Chenildieu": -0.00013616513709707015, "Cochepaille": -0.0001361651370968481, "Pontmercy": 0.014972384564758969, "Boulatruelle": 0.01660734833692901, "Eponine": 0.011478396564622044, "Anzelma": 0.009835309217112313, "Woman2": 0.002081214461470691, "MotherInnocent": -9.625628468593232e-05, "Gribier": 0.00011985796373579776, "Jondrette": 0.7291889264689462, "Mme.Burgon": 0.32495525779184775, "Gavroche": 0.032767224097558875, "Gillenormand": 0.009994748368569941, "Magnon": 0.011040302585908887, "Mlle.Gillenormand": 0.010303000544060208, "Mme.Pontmercy": 0.01748384887542149, "Mlle.Vaubois": 0.023119440189679027, "Lt.Gillenormand": 0.010665126950781081, "Marius": 0.011732297086003096, "BaronessT": 0.015029343883536182, "Mabeuf": 0.0240812977990227, "Enjolras": 0.020621773506421383, "Combeferre": 0.022645750047802036, "Prouvaire": 0.02370027248151823, "Feuilly": 0.023134864452914548, "Courfeyrac": 0.022217341060181067, "Bahorel": 0.024087389937387342, "Bossuet": 0.02241340499840598, "Joly": 0.02328254913424723, "Grantaire": 0.0241324466337942, "MotherPlutarch": 0.029539865723429343, "Gueulemer": 0.010195799762857758, "Babet": 0.009978703430252837, "Claquesous": 0.009671672253411668, "Montparnasse": 0.011233621498933428, "Toussaint": 0.0045030226255189905, "Child1": 0.045332476701544944, "Child2": 0.04533247669932547, "Brujon": 0.011881851084175585, "Mme.Hucheloup": 0.02630027712004717}