{"name": "eigen", "eigen": 1, "normalized": false, "process_time": 0.004521846771240234, "data": {"0": -0.11786358754762272, "1": -0.01723165051093037, "2": 0.08575350117157707, "3": -0.017231650510930223, "4": 0.2800130055763381, "5": 0.3681915641743847, "6": 0.3478543930004788, "7": 0.4264257622537705, "8": -0.30303159661670087, "9": -0.35095991366345336, "10": -0.3509599136634534, "11": -0.3509599136634534}}