{"name": "eigen", "eigen": 4, "normalized": false, "process_time": 0.004521846771240234, "data": {"0": -0.5735743332820297, "1": -0.031217549345547158, "2": 0.5919360831177539, "3": -0.03121754934554695, "4": 0.3062022029874204, "5": -0.0781967817957045, "6": -0.38764118620418575, "7": 0.04923651472856058, "8": -0.17377039428447574, "9": 0.10941433114125149, "10": 0.10941433114125146, "11": 0.10941433114125146}}