{"name": "fiedler", "normalized": false, "process_time": 0.010132074356079102, "data": {"0": -0.11786359884401043, "1": -0.017231666939403523, "2": 0.08575348777965522, "3": -0.017231666939403523, "4": 0.2800130049154141, "5": 0.36819157148392573, "6": 0.3478543974266039, "7": 0.4264257767825131, "8": -0.30303159203172825, "9": -0.35095990454452214, "10": -0.3509599045445221, "11": -0.35095990454452214}}