{"Sen. Jeff Bingaman [D, 1983-2012]": 0.004767181733910599, "Sen. Richard Durbin [D, 1997-2020]": 0.004767125952291271, "Sen. Richard Burr [R, 2005-2022]": 0.003750597322145756, "Sen. Frank Lautenberg [D, 2003-2013]": 0.004766812484780307, "Sen. Richard Lugar [R, 1977-2012]": 0.0021483879530802387, "Sen. Pat Roberts [R, 1997-2020]": 0.007740638115690271, "Sen. Barack Obama [D, 2005-2008]": 0.004765299727427054, "Sen. Wayne Allard [R, 1997-2008]": 0.003426743368351859, "Sen. Roger Wicker [R, 2007-2018]": 0.004509363497532998, "Sen. Ron Wyden [D, 1996-2022]": 0.004767116957348286, "Sen. Russell Feingold [D, 1993-2010]": 0.004766840354995586, "Sen. Christopher \u201cKit\u201d Bond [R, 1987-2010]": 0.005286675529588683, "Sen. Jefferson \u201cJeff\u201d Sessions [R, 1997-2017]": 0.0030287788963177763, "Sen. John Ensign [R, 2001-2011]": 0.002161649543075586, "Sen. Kay Hutchison [R, 1993-2012]": 0.005331872538931009, "Sen. Edward \u201cTed\u201d Kennedy [D, 1962-2009]": 0.004767164333649564, "Sen. John \u201cJay\u201d Rockefeller IV [D, 1985-2014]": 0.0047676342117236245, "Sen. Ken Salazar [D, 2005-2009]": 0.004767689858221014, "Sen. Byron Dorgan [D, 1992-2010]": 0.004767710569282685, "Sen. Robert \u201cBob\u201d Men\u00e9ndez [D, 2006-2018]": 0.004766559274164993, "Sen. John Thune [R, 2005-2022]": 0.00446439228087344, "Sen. Lisa Murkowski [R, 2003-2022]": -0.0035640211521819794, "Sen. Orrin Hatch [R, 1977-2018]": 0.004078413433405995, "Sen. Arlen Specter [R, 1981-2010]": -0.4016023526136368, "Sen. Bill Nelson [D, 2001-2018]": 0.004767353812589845, "Sen. Mark Pryor [D, 2003-2014]": 0.004767258436217634, "Sen. Jon Tester [D, 2007-2018]": 0.004767298506262757, "Sen. Jim Bunning [R, 1999-2010]": 0.002321259578557832, "Sen. Joseph Biden Jr. [D, 1973-2009]": 0.004767221576135107, "Sen. Kent Conrad [D, 1992-2012]": 0.004767364279600056, "Sen. Bob Corker [R, 2007-2018]": 0.004768950016111315, "Sen. Mary Landrieu [D, 1997-2014]": 0.0047675193236347965, "Sen. Norm Coleman [R, 2003-2008]": -0.03885788721265618, "Vice President Richard Cheney [R, 2001-2009]": 0.0047672596198734644, "Sen. Hillary Clinton [D, 2001-2009]": 0.004766164495726439, "Sen. Elizabeth Dole [R, 2003-2008]": 0.013817262292282296, "Sen. James \u201cJim\u201d Inhofe [R, 1994-2020]": 0.0031723549926691783, "Sen. Samuel \u201cSam\u201d Brownback [R, 1996-2010]": 0.004353647260331763, "Sen. Jon Kyl [R, 1995-2012]": 0.0019427199707442201, "Sen. Thad Cochran [R, 1979-2020]": 0.004184287330923072, "Sen. Claire McCaskill [D, 2007-2018]": 0.004767937710648901, "Sen. Christopher Dodd [D, 1981-2010]": 0.004767046526831777, "Sen. Herbert \u201cHerb\u201d Kohl [D, 1989-2012]": 0.004767526068223761, "Sen. Max Baucus [D, 1978-2014]": 0.0047675916401052065, "Sen. Jim DeMint [R, 2005-2012]": 0.0017244065510718248, "Sen. Benjamin Cardin [D, 2007-2018]": 0.00476738697675691, "Sen. Bernard \u201cBernie\u201d Sanders [I, 2007-2018]": 0.004767032401918572, "Sen. Robert \u201cBob\u201d Casey Jr. [D, 2007-2018]": 0.00476756739995878, "Sen. Tim Johnson [D, 1997-2014]": 0.0047677960225835266, "Sen. Saxby Chambliss [R, 2003-2014]": 0.004553778622635559, "Sen. John McCain [R, 1987-2022]": 0.004326884073892461, "Sen. Mitch McConnell [R, 1985-2020]": 0.004899730814800137, "Sen. Barbara Mikulski [D, 1987-2016]": 0.004767646536607911, "Sen. Charles \u201cChuck\u201d Hagel [R, 1997-2008]": 0.002674304690027357, "Sen. Carl Levin [D, 1979-2014]": 0.004767346508054632, "Sen. Barbara Boxer [D, 1993-2016]": 0.004766865529288414, "Sen. John Warner [R, 1979-2008]": 0.009031481739725341, "Sen. John Barrasso [R, 2007-2018]": 0.00294741850627888, "Sen. Sherrod Brown [D, 2007-2018]": 0.004767243216922559, "Sen. Michael Enzi [R, 1997-2020]": 0.0030903628101047187, "Sen. Judd Gregg [R, 1993-2010]": 0.001183132504413785, "Sen. Evan Bayh [D, 1999-2010]": -0.6447228364586073, "Sen. John Cornyn [R, 2002-2020]": 0.0053869133707212455, "Sen. Mel Martinez [R, 2005-2009]": 0.019799482370469208, "Sen. Olympia Snowe [R, 1995-2012]": 0.01218857388500269, "Sen. Ted Stevens [R, 1968-2008]": 0.023555622513783847, "Sen. Pete Domenici [R, 1973-2008]": 0.00041786639626392383, "Sen. Amy Klobuchar [D, 2007-2018]": 0.0047673795757252405, "Sen. Charles \u201cChuck\u201d Schumer [D, 1999-2022]": 0.004767086012535157, "Sen. Daniel Inouye [D, 1963-2012]": 0.004767761675153574, "Sen. Richard Shelby [R, 1987-2022]": 0.003318560840251214, "Sen. Lindsey Graham [R, 2003-2020]": 0.005848511689334757, "Sen. John \u201cJohnny\u201d Isakson [R, 2005-2022]": 0.005003088537289469, "Sen. George Voinovich [R, 1999-2010]": -0.001567317476368602, "Sen. Patty Murray [D, 1993-2022]": 0.004766861254644922, "Sen. Gordon Smith [R, 1997-2008]": -0.014754287896554754, "Sen. Charles \u201cChuck\u201d Grassley [R, 1981-2022]": 0.006523951742203581, "Sen. Susan Collins [R, 1997-2020]": 0.6466459545913421, "Sen. Blanche Lincoln [D, 1999-2010]": 0.004767206879324509, "Sen. Larry Craig [R, 1991-2008]": 0.004421140180357766, "Sen. John \u201cJack\u201d Reed [D, 1997-2020]": 0.004766434036692455, "Sen. Debbie Stabenow [D, 2001-2018]": 0.004766885765289379, "Sen. Ben Nelson [D, 2001-2012]": 0.0047678750626627825, "Sen. Patrick Leahy [D, 1975-2022]": 0.004767281840578494, "Sen. Robert Byrd [D, 1959-2010]": 0.004766881135375742, "Sen. Harry Reid [D, 1987-2016]": 0.004767515848787037, "Sen. Thomas Coburn [R, 2005-2014]": 0.002356627831575621, "Sen. Robert Bennett [R, 1993-2010]": -0.0015526770803363978, "Sen. John Kerry [D, 1985-2013]": 0.004767195672580136, "Sen. David Vitter [R, 2005-2016]": 0.0018707770256414019, "Sen. Lamar Alexander [R, 2003-2020]": 0.007637016624660526, "Sen. Michael Crapo [R, 1999-2022]": 0.0021998899681526934, "Sen. Dianne Feinstein [D, 1992-2018]": 0.004767271847385686, "Sen. Maria Cantwell [D, 2001-2018]": 0.004767097847425225, "Sen. Thomas \u201cTom\u201d Harkin [D, 1985-2014]": 0.004767093071980845, "Sen. Thomas Carper [D, 2001-2018]": 0.00476727333328749, "Sen. Jim Webb [D, 2007-2012]": 0.004767944554402791, "Sen. Joseph Lieberman [I, 1989-2012]": 0.004767480389766501, "Sen. Daniel Akaka [D, 1990-2012]": 0.004767166812757753, "Sen. John Sununu [R, 2003-2008]": 0.0013998611407970256, "Sen. Sheldon Whitehouse [D, 2007-2018]": 0.0047667922869101265}