{"Sen. Jeff Bingaman [D, 1983-2012]": -0.0011672089942236863, "Sen. Richard Durbin [D, 1997-2020]": -0.0011839901321036104, "Sen. Richard Burr [R, 2005-2022]": 0.13020519308362374, "Sen. Frank Lautenberg [D, 2003-2013]": -0.0006714834912607826, "Sen. Richard Lugar [R, 1977-2012]": 0.14427042299353293, "Sen. Pat Roberts [R, 1997-2020]": 0.1389723705340643, "Sen. Barack Obama [D, 2005-2008]": 0.004186359016728231, "Sen. Wayne Allard [R, 1997-2008]": 0.12881702071143988, "Sen. Roger Wicker [R, 2007-2018]": 0.13619831516437497, "Sen. Ron Wyden [D, 1996-2022]": -0.001299030515355144, "Sen. Russell Feingold [D, 1993-2010]": -0.0009524735705617898, "Sen. Christopher \u201cKit\u201d Bond [R, 1987-2010]": 0.13618770229975846, "Sen. Jefferson \u201cJeff\u201d Sessions [R, 1997-2017]": 0.13191604302443574, "Sen. John Ensign [R, 2001-2011]": 0.1280883127635146, "Sen. Kay Hutchison [R, 1993-2012]": 0.1361143047581404, "Sen. Edward \u201cTed\u201d Kennedy [D, 1962-2009]": -0.00025118122133650425, "Sen. John \u201cJay\u201d Rockefeller IV [D, 1985-2014]": -0.003000187938430751, "Sen. Ken Salazar [D, 2005-2009]": -0.0024922850101425373, "Sen. Byron Dorgan [D, 1992-2010]": -0.001839256382575181, "Sen. Robert \u201cBob\u201d Men\u00e9ndez [D, 2006-2018]": -0.0007492648131304941, "Sen. John Thune [R, 2005-2022]": 0.1330008180495045, "Sen. Lisa Murkowski [R, 2003-2022]": 0.1498558548461273, "Sen. Orrin Hatch [R, 1977-2018]": 0.13564279705494006, "Sen. Arlen Specter [R, 1981-2010]": 0.1602371145596179, "Sen. Bill Nelson [D, 2001-2018]": -0.0021212593147305584, "Sen. Mark Pryor [D, 2003-2014]": -0.00300005410077766, "Sen. Jon Tester [D, 2007-2018]": -0.001759855101247028, "Sen. Jim Bunning [R, 1999-2010]": 0.13414489689366016, "Sen. Joseph Biden Jr. [D, 1973-2009]": -0.0007162224940209771, "Sen. Kent Conrad [D, 1992-2012]": -0.0019305086650462176, "Sen. Bob Corker [R, 2007-2018]": 0.1401906884732508, "Sen. Mary Landrieu [D, 1997-2014]": -0.00336238934225475, "Sen. Norm Coleman [R, 2003-2008]": 0.15303803362542215, "Vice President Richard Cheney [R, 2001-2009]": -0.02998632251721718, "Sen. Hillary Clinton [D, 2001-2009]": 0.0004123954331554092, "Sen. Elizabeth Dole [R, 2003-2008]": 0.14874651727716345, "Sen. James \u201cJim\u201d Inhofe [R, 1994-2020]": 0.1294117006712092, "Sen. Samuel \u201cSam\u201d Brownback [R, 1996-2010]": 0.1337471737382279, "Sen. Jon Kyl [R, 1995-2012]": 0.1278129863182629, "Sen. Thad Cochran [R, 1979-2020]": 0.1423099570888795, "Sen. Claire McCaskill [D, 2007-2018]": -0.002509007053450047, "Sen. Christopher Dodd [D, 1981-2010]": -0.001508075289137265, "Sen. Herbert \u201cHerb\u201d Kohl [D, 1989-2012]": -0.002000008155284129, "Sen. Max Baucus [D, 1978-2014]": -0.002279027600545958, "Sen. Jim DeMint [R, 2005-2012]": 0.12524738673883132, "Sen. Benjamin Cardin [D, 2007-2018]": -0.0015557930529569242, "Sen. Bernard \u201cBernie\u201d Sanders [I, 2007-2018]": -0.0008433274158145032, "Sen. Robert \u201cBob\u201d Casey Jr. [D, 2007-2018]": -0.0020822183700823383, "Sen. Tim Johnson [D, 1997-2014]": -0.003115637387225776, "Sen. Saxby Chambliss [R, 2003-2014]": 0.13364666912567874, "Sen. John McCain [R, 1987-2022]": 0.11978320610114761, "Sen. Mitch McConnell [R, 1985-2020]": 0.13263279804411507, "Sen. Barbara Mikulski [D, 1987-2016]": -0.0023291141917852615, "Sen. Charles \u201cChuck\u201d Hagel [R, 1997-2008]": 0.14822136360271793, "Sen. Carl Levin [D, 1979-2014]": -0.001421367581805369, "Sen. Barbara Boxer [D, 1993-2016]": -0.0007701897846331076, "Sen. John Warner [R, 1979-2008]": 0.14609868578383148, "Sen. John Barrasso [R, 2007-2018]": 0.13006366632623495, "Sen. Sherrod Brown [D, 2007-2018]": -0.001189323907392537, "Sen. Michael Enzi [R, 1997-2020]": 0.12997566332896257, "Sen. Judd Gregg [R, 1993-2010]": 0.13155163034754866, "Sen. Evan Bayh [D, 1999-2010]": 0.18925435324403586, "Sen. John Cornyn [R, 2002-2020]": 0.13257148900882101, "Sen. Mel Martinez [R, 2005-2009]": 0.14741710443014472, "Sen. Olympia Snowe [R, 1995-2012]": 0.18376506456476918, "Sen. Ted Stevens [R, 1968-2008]": 0.1489470355412197, "Sen. Pete Domenici [R, 1973-2008]": 0.14409242891991633, "Sen. Amy Klobuchar [D, 2007-2018]": -0.0017699541185233077, "Sen. Charles \u201cChuck\u201d Schumer [D, 1999-2022]": -0.0010939720988035132, "Sen. Daniel Inouye [D, 1963-2012]": -0.00272568963977178, "Sen. Richard Shelby [R, 1987-2022]": 0.13511796983409008, "Sen. Lindsey Graham [R, 2003-2020]": 0.13505838083300659, "Sen. John \u201cJohnny\u201d Isakson [R, 2005-2022]": 0.1342530946562617, "Sen. George Voinovich [R, 1999-2010]": 0.1596281815861465, "Sen. Patty Murray [D, 1993-2022]": -0.0011935532956154984, "Sen. Gordon Smith [R, 1997-2008]": 0.1651489247632751, "Sen. Charles \u201cChuck\u201d Grassley [R, 1981-2022]": 0.13564466699469502, "Sen. Susan Collins [R, 1997-2020]": 0.1760159898915135, "Sen. Blanche Lincoln [D, 1999-2010]": -0.0027933964917848286, "Sen. Larry Craig [R, 1991-2008]": 0.1353037531247237, "Sen. John \u201cJack\u201d Reed [D, 1997-2020]": -0.0008560897644439088, "Sen. Debbie Stabenow [D, 2001-2018]": -0.0010279058637383853, "Sen. Ben Nelson [D, 2001-2012]": -0.0036753862573575993, "Sen. Patrick Leahy [D, 1975-2022]": -0.0010430010071288882, "Sen. Robert Byrd [D, 1959-2010]": -0.0014834257094168443, "Sen. Harry Reid [D, 1987-2016]": -0.002673189160014374, "Sen. Thomas Coburn [R, 2005-2014]": 0.12918199422594767, "Sen. Robert Bennett [R, 1993-2010]": 0.1417499626309698, "Sen. John Kerry [D, 1985-2013]": -0.0012485554350341506, "Sen. David Vitter [R, 2005-2016]": 0.13223262292125904, "Sen. Lamar Alexander [R, 2003-2020]": 0.13652604070991836, "Sen. Michael Crapo [R, 1999-2022]": 0.135370032688631, "Sen. Dianne Feinstein [D, 1992-2018]": -0.002128922955677144, "Sen. Maria Cantwell [D, 2001-2018]": -0.0012074175148724393, "Sen. Thomas \u201cTom\u201d Harkin [D, 1985-2014]": -0.0009712751231900157, "Sen. Thomas Carper [D, 2001-2018]": -0.0028896245758600874, "Sen. Jim Webb [D, 2007-2012]": -0.0024902858375147863, "Sen. Joseph Lieberman [I, 1989-2012]": -0.003004758464652628, "Sen. Daniel Akaka [D, 1990-2012]": -0.0013403247861078274, "Sen. John Sununu [R, 2003-2008]": 0.13855083833403833, "Sen. Sheldon Whitehouse [D, 2007-2018]": -0.0015116394099381548}