{"Fairbanks Intl": 2.889908256880734, "St Mary's": 4.137614678899083, "Aniak": 4.137614678899083, "Anchorage Intl": 2.223241590214067, "Tuluksak": 4.128440366972477, "Akiachak": 4.128440366972477, "Akiak": 4.131498470948012, "Kwethluk": 4.131498470948012, "Bethel": 3.140672782874618, "Napaskiak": 4.137614678899083, "Napakiak": 4.137614678899083, "Merle K (Mudhole) Smith": 3.214067278287462, "Tuntutuliak": 4.131498470948012, "Eek": 4.137614678899083, "Kongiganak": 4.131498470948012, "Kwigillingok": 4.131498470948012, "Quinhagak": 4.137614678899083, "Yakutat": 3.782874617737003, "Dillingham": 3.217125382262997, "King Salmon": 3.217125382262997, "Gustavus": 3.7889908256880735, "Juneau Intl": 2.7920489296636086, "Kodiak": 3.220183486238532, "St Paul Island": 3.217125382262997, "Sitka": 2.8807339449541285, "Port Heiden": 3.217125382262997, "James A Johnson Petersburg": 3.779816513761468, "Wrangell": 3.871559633027523, "Ketchikan Intl": 2.8807339449541285, "Sand Point": 3.217125382262997, "Cold Bay": 3.214067278287462, "Unalaska": 3.214067278287462, "Eareckson As": 3.217125382262997, "Adak Naf": 3.214067278287462, "Bellingham Intl": 2.853211009174312, "Glacier Park Intl": 2.944954128440367, "Minot Intl": 2.7553516819571864, "William R Fairchild Intl": 2.9021406727828745, "Grand Forks Afb": 2.853211009174312, "Grand Forks Intl": 2.853211009174312, "Spokane Intl": 2.382262996941896, "Great Falls Intl": 2.7522935779816513, "Seattle-Tacoma Intl": 1.9051987767584098, "Pangborn Memorial": 2.8776758409785934, "Grant County": 2.889908256880734, "Missoula Intll": 2.7033639143730888, "Hector Intll": 2.5718654434250765, "Duluth Intl": 2.853211009174312, "Bismarck Muni": 2.72782874617737, "Pullman/Moscow Regional": 2.834862385321101, "Helena Regional": 2.941896024464832, "Yakima Air Terminal": 2.8685015290519877, "Marquette County": 2.636085626911315, "Lewiston-Nez Perce County": 2.831804281345566, "Tri-Cities": 2.764525993883792, "Walla Walla Regional": 2.8623853211009176, "Bert Mooney": 3.363914373088685, "Billings Logan Intl": 2.7033639143730888, "Gallatin Field": 2.706422018348624, "Eastern Oregon Regional At Pen": 3.073394495412844, "Portland Intl": 2.085626911314985, "Mcnary Fld": 3.073394495412844, "Minneapolis-St Paul Intl/Wold-": 1.856269113149847, "Bangor Intl": 2.6055045871559632, "Central Wisconsin": 2.636085626911315, "Cherry Capital": 2.63302752293578, "Austin Straubel Intll": 2.5871559633027523, "Burlington Intl": 2.5565749235474007, "Outagamie County": 2.6299694189602447, "Roberts Field": 2.7889908256880735, "Mahlon Sweet Field": 2.672782874617737, "Rapid City Regional": 2.5565749235474007, "Wittman Regional": 2.636085626911315, "Rochester Intll": 2.6085626911314983, "La Crosse Muni": 2.6085626911314983, "Portland Intl Jetport": 2.541284403669725, "Jackson Hole": 2.46177370030581, "Joe Foss Field": 2.4954128440366974, "Boise Air Terminal /Gowen Fld/": 2.400611620795107, "Mbs Intll": 2.636085626911315, "Fanning Field": 2.6422018348623855, "Friedman Memorial": 2.8073394495412844, "North Bend Muni": 3.076452599388379, "Muskegon County": 2.6452599388379205, "Oneida County": 3.1192660550458715, "Dane County Regional-Truax Fie": 2.4862385321100917, "Greater Rochester Intl": 2.458715596330275, "Syracuse Hancock Intl": 2.4220183486238533, "Bishop Intll": 2.596330275229358, "General Mitchell Intll": 2.1376146788990824, "Greater Buffalo Intl": 2.418960244648318, "Manchester": 2.5565749235474007, "Pocatello Regional": 3.2966360856269112, "Natrona County Intl": 2.9694189602446484, "Kent County Intl": 2.522935779816514, "Capital City": 2.5871559633027523, "Albany County": 2.4801223241590216, "Waterloo Muni": 2.596330275229358, "Tompkins County": 2.932721712538226, "Twin Falls-Sun Valley Regional": 2.9571865443425076, "Detroit City": 2.859327217125382, "Sioux Gateway": 2.54434250764526, "Dubuque Regional": 2.6422018348623855, "Rogue Valley Intl- M": 2.8287461773700304, "General Edward Lawrence Logan": 2.0611620795107033, "Worcester Muni": 2.8929663608562692, "Kalamazoo/Battle Creek Interna": 2.5596330275229358, "Detroit Metropolitan Wayne Cou": 1.9143730886850152, "Binghamton Regional/Edwin A Li": 2.9174311926605503, "Greater Rockford": 2.6452599388379205, "Elmira/Corning Regional": 2.932721712538226, "Klamath Falls Intll": 3.067278287461774, "Erie Intl": 2.9357798165137616, "Chicago O'hare Intl": 1.6483180428134556, "Bradley Intl": 2.2691131498470947, "Cedar Rapids Muni": 2.5168195718654434, "William B. Heilig Field": 3.4984709480122325, "Merrill C Meigs": 3.5871559633027523, "Chicago Midway": 2.2629969418960245, "Jack Mc Namara Field": 2.874617737003058, "Theodore Francis Green State": 2.467889908256881, "Michiana Rgnl Transportation C": 2.5351681957186543, "Toledo Express": 2.5351681957186543, "Des Moines Intl": 2.385321100917431, "Stewart Int'l": 2.522935779816514, "Quad-City": 2.525993883792049, "Cleveland-Hopkins Intl": 2.09480122324159, "Wilkes-Barre/Scranton Intl": 2.7339449541284404, "Eppley Airfield": 2.311926605504587, "Tweed-New Haven": 2.6422018348623855, "Youngstown-Warren Regional": 3.541284403669725, "Westchester County": 2.565749235474006, "Fort Wayne Intll": 2.5137614678899083, "Arcata": 2.871559633027523, "Akron-Canton Regional": 2.54434250764526, "Lincoln Muni": 2.54434250764526, "University Park": 3.055045871559633, "Elko Muni-J.C. Harris Field": 2.5015290519877675, "Long Island Mac Arthur": 2.4954128440366974, "Salt Lake City Intl": 1.9755351681957187, "Burlington Regional": 2.596330275229358, "La Guardia": 2.1957186544342506, "Newark Intl": 2.021406727828746, "Greater Peoria Regional": 2.541284403669725, "Lehigh Valley Intll": 2.5015290519877675, "John F Kennedy Intl": 2.076452599388379, "Redding Muni": 2.8256880733944953, "Pittsburgh Intll": 1.9388379204892967, "Yampa Valley": 2.4220183486238533, "Bloomington/Normal": 2.5932721712538225, "Purdue University": 2.63914373088685, "Mercer County": 2.9357798165137616, "Harrisburg Intll": 2.4954128440366974, "University Of Illinois-Willard": 2.55045871559633, "Port Columbus Intl": 2.2477064220183487, "Quincy Muni Baldwin Field": 2.8776758409785934, "James M Cox Dayton Intl": 2.256880733944954, "Philadelphia Intl": 2.070336391437309, "Capital": 2.5902140672782874, "Decatur": 2.596330275229358, "Chico Muni": 2.8776758409785934, "Stapleton Intl": 1.8990825688073394, "Indianapolis Intl": 2.162079510703364, "Eagle County Regional": 2.4311926605504586, "Reno/Tahoe Intll": 2.302752293577982, "Atlantic City Intll": 2.776758409785933, "Hulman Regional": 3.532110091743119, "Kansas City Intl": 2.1131498470948014, "Aspen-Pitkin Co/Sardy Field": 2.474006116207951, "Baltimore-Washington Intl": 2.1223241590214066, "Walker Field": 2.8960244648318043, "Cincinnati/Northern Kentucky I": 2.021406727828746, "Washington Dulles Intl": 2.070336391437309, "Lake Tahoe": 2.8776758409785934, "Washington National": 2.229357798165138, "Columbia Regional": 2.8807339449541285, "City Of Colorado Springs Muni": 2.418960244648318, "Lambert-St Louis Intl": 1.8837920489296636, "Sacramento Metropolitan": 2.232415902140673, "Gunnison County": 2.6422018348623855, "Sonoma County": 2.8776758409785934, "Yeager": 2.54434250764526, "Tri-State/Milton J.Ferguson Fi": 2.9357798165137616, "Pueblo Memorial": 3.4159021406727827, "Louisville Intl": 2.3211009174311927, "Charlottesville-Albemarle": 2.920489296636086, "Evansville Regional": 2.5535168195718656, "Blue Grass": 2.4831804281345566, "Stockton Metropolitan": 2.8776758409785934, "Greenbrier Valley": 3.229357798165138, "Williamson County Regional": 2.8776758409785934, "Forney Aaf": 2.8807339449541285, "Metropolitan Oakland Intl": 2.2813455657492354, "Wichita Mid-Continent": 2.382262996941896, "Modesto City-County--Harry Sha": 2.871559633027523, "Mammoth Lakes": 3.529051987767584, "San Francisco Intl": 1.8807339449541285, "Richmond Intll": 2.3577981651376145, "San Jose Intll": 2.220183486238532, "Roanoke Regional/Woodrum Field": 2.5565749235474007,