{"Wiley Post-Will Rogers Mem": 4.746987951807229, "Deadhorse": 4.746987951807229, "Ralph Wien Memorial": 4.746987951807229, "Fairbanks Intl": 2.86144578313253, "Nome": 4.746987951807229, "St Mary's": 4.096385542168675, "Aniak": 4.096385542168675, "Anchorage Intl": 2.246987951807229, "Tuluksak": 4.123493975903615, "Akiachak": 4.123493975903615, "Akiak": 4.126506024096385, "Kwethluk": 4.126506024096385, "Bethel": 3.1355421686746987, "Napaskiak": 4.132530120481928, "Napakiak": 4.132530120481928, "Merle K (Mudhole) Smith": 3.2379518072289155, "Tuntutuliak": 4.126506024096385, "Eek": 4.132530120481928, "Kongiganak": 4.126506024096385, "Kwigillingok": 4.126506024096385, "Quinhagak": 4.132530120481928, "Yakutat": 3.783132530120482, "Dillingham": 3.2409638554216866, "King Salmon": 3.2409638554216866, "Gustavus": 3.789156626506024, "Juneau Intl": 2.7921686746987953, "Kodiak": 3.2439759036144578, "St Paul Island": 3.2409638554216866, "Sitka": 2.894578313253012, "Port Heiden": 3.2409638554216866, "James A Johnson Petersburg": 3.7801204819277108, "Wrangell": 3.8855421686746987, "Ketchikan Intl": 2.894578313253012, "Sand Point": 3.2409638554216866, "Cold Bay": 3.2379518072289155, "Unalaska": 3.2379518072289155, "Eareckson As": 3.2409638554216866, "Adak Naf": 3.2379518072289155, "Bellingham Intl": 2.8674698795180724, "Glacier Park Intl": 2.9728915662650603, "Minot Intl": 2.786144578313253, "William R Fairchild Intl": 2.9156626506024095, "Grand Forks Afb": 2.8825301204819276, "Grand Forks Intl": 2.8825301204819276, "Spokane Intl": 2.4036144578313254, "Great Falls Intl": 2.783132530120482, "Seattle-Tacoma Intl": 1.9186746987951808, "Pangborn Memorial": 2.891566265060241, "Grant County": 2.9036144578313254, "Missoula Intll": 2.7349397590361444, "Hector Intll": 2.605421686746988, "Duluth Intl": 2.8825301204819276, "Bismarck Muni": 2.7590361445783134, "Pullman/Moscow Regional": 2.8493975903614457, "Helena Regional": 2.9698795180722892, "Yakima Air Terminal": 2.8825301204819276, "Marquette County": 2.6686746987951806, "Lewiston-Nez Perce County": 2.8463855421686746, "Tri-Cities": 2.7801204819277108, "Walla Walla Regional": 2.8765060240963853, "Bert Mooney": 3.3855421686746987, "Billings Logan Intl": 2.7349397590361444, "Gallatin Field": 2.7379518072289155, "Eastern Oregon Regional At Pen": 3.0993975903614457, "Portland Intl": 2.11144578313253, "Mcnary Fld": 3.0993975903614457, "Minneapolis-St Paul Intl/Wold-": 1.8855421686746987, "Bangor Intl": 2.63855421686747, "Central Wisconsin": 2.6686746987951806, "Cherry Capital": 2.6656626506024095, "Austin Straubel Intll": 2.6204819277108435, "Burlington Intl": 2.5903614457831323, "Outagamie County": 2.6626506024096384, "Roberts Field": 2.8042168674698793, "Mahlon Sweet Field": 2.6897590361445785, "Rapid City Regional": 2.5903614457831323, "Wittman Regional": 2.6686746987951806, "Rochester Intll": 2.641566265060241, "La Crosse Muni": 2.641566265060241, "Portland Intl Jetport": 2.575301204819277, "Jackson Hole": 2.496987951807229, "Joe Foss Field": 2.5301204819277108, "Boise Air Terminal /Gowen Fld/": 2.4216867469879517, "Mbs Intll": 2.6686746987951806, "Fanning Field": 2.674698795180723, "Friedman Memorial": 2.822289156626506, "North Bend Muni": 3.102409638554217, "Muskegon County": 2.677710843373494, "Oneida County": 3.1596385542168677, "Dane County Regional-Truax Fie": 2.5210843373493974, "Greater Rochester Intl": 2.4939759036144578, "Syracuse Hancock Intl": 2.4578313253012047, "Bishop Intll": 2.6295180722891565, "General Mitchell Intll": 2.1626506024096384, "Greater Buffalo Intl": 2.4548192771084336, "Manchester": 2.5903614457831323, "Pocatello Regional": 3.319277108433735, "Natrona County Intl": 2.996987951807229, "Kent County Intl": 2.5572289156626504, "Capital City": 2.6204819277108435, "Albany County": 2.5150602409638556, "Waterloo Muni": 2.6295180722891565, "Tompkins County": 2.960843373493976, "Twin Falls-Sun Valley Regional": 2.9849397590361444, "Detroit City": 2.88855421686747, "Sioux Gateway": 2.5783132530120483, "Dubuque Regional": 2.674698795180723, "Rogue Valley Intl- M": 2.858433734939759, "General Edward Lawrence Logan": 2.0873493975903616, "Worcester Muni": 2.9216867469879517, "Kalamazoo/Battle Creek Interna": 2.5933734939759034, "Detroit Metropolitan Wayne Cou": 1.9427710843373494, "Binghamton Regional/Edwin A Li": 2.9457831325301207, "Greater Rockford": 2.677710843373494, "Elmira/Corning Regional": 2.960843373493976, "Klamath Falls Intll": 3.0933734939759034, "Erie Intl": 2.963855421686747, "Chicago O'hare Intl": 1.680722891566265, "Bradley Intl": 2.3072289156626504, "Cedar Rapids Muni": 2.5512048192771086, "William B. Heilig Field": 3.5180722891566263, "Merrill C Meigs": 3.6204819277108435, "Chicago Midway": 2.286144578313253, "Jack Mc Namara Field": 2.9036144578313254, "Theodore Francis Green State": 2.503012048192771, "Michiana Rgnl Transportation C": 2.569277108433735, "Toledo Express": 2.569277108433735, "Des Moines Intl": 2.4216867469879517, "Stewart Int'l": 2.5572289156626504, "Quad-City": 2.5602409638554215, "Cleveland-Hopkins Intl": 2.1204819277108435, "Wilkes-Barre/Scranton Intl": 2.7650602409638556, "Eppley Airfield": 2.3493975903614457, "Tweed-New Haven": 2.674698795180723, "Youngstown-Warren Regional": 3.575301204819277, "Westchester County": 2.5993975903614457, "Fort Wayne Intll": 2.5481927710843375, "Arcata": 2.9006024096385543, "Akron-Canton Regional": 2.5783132530120483, "Lincoln Muni": 2.5783132530120483, "University Park": 3.0813253012048194, "Elko Muni-J.C. Harris Field": 2.5210843373493974, "Long Island Mac Arthur": 2.5301204819277108, "Salt Lake City Intl": 2.003012048192771, "Burlington Regional": 2.6295180722891565, "La Guardia": 2.2349397590361444, "Newark Intl": 2.0481927710843375, "Greater Peoria Regional": 2.575301204819277, "Lehigh Valley Intll": 2.536144578313253, "John F Kennedy Intl": 2.102409638554217, "Redding Muni": 2.855421686746988, "Pittsburgh Intll": 1.966867469879518, "Yampa Valley": 2.4578313253012047, "Bloomington/Normal": 2.6265060240963853, "Purdue University": 2.6716867469879517, "Mercer County": 2.963855421686747, "Harrisburg Intll": 2.5301204819277108, "University Of Illinois-Willard": 2.5843373493975905, "Port Columbus Intl": 2.286144578313253, "Quincy Muni Baldwin Field": 2.9066265060240966, "James M Cox Dayton Intl": 2.2951807228915664, "Philadelphia Intl": 2.11144578313253, "Capital": 2.6234939759036147, "Decatur": 2.6295180722891565, "Chico Muni": 2.9066265060240966, "Stapleton Intl": 1.927710843373494, "Indianapolis Intl": 2.2018072289156625, "Eagle County Regional": 2.466867469879518, "Reno/Tahoe Intll": 2.325301204819277, "Atlantic City Intll": 2.8072289156626504, "Hulman Regional": 3.566265060240964, "Kansas City Intl": 2.13855421686747, "Aspen-Pitkin Co/Sardy Field": 2.5090361445783134, "Baltimore-Washington Intl": 2.1626506024096384, "Walker Field": 2.924698795180723, "Cincinnati/Northern Kentucky I": 2.0481927710843375, "Washington Dulles Intl": 2.0963855421686746, "Lake Tahoe": 2.9066265060240966, "Washington National": 2.2680722891566263, "Columbia Regional": 2.9096385542168677, "City Of Colorado Springs Muni": 2.4548192771084336, "Lambert-St Louis Intl": 1.9126506024096386, "Sacramento Metropolitan": 2.2560240963855422, "Gunnison County": 2.674698795180723, "Sonoma County": 2.9066265060240966, "Yeager": 2.5783132530120483, "Tri-State/Milton J.Ferguson Fi": 2.963855421686747, "Pueblo Memorial": 3.4518072289156625, "Louisville Intl": 2.358433734939759, "Charlottesville-Albemarle": 2.9487951807228914, "Evansville Regional": 2.5873493975903616, "Blue Grass": 2.5180722891566263, "Stockton Metropolitan": 2.9066265060240966, "Greenbrier Valley": 3.2680722891566263, "Williamson County Regional": 2.9066265060240966, "Forney Aaf": 2.9096385542168677, "Metropolitan Oakland Intl": 2.3042168674698793, "Wichita Mid-Continent": 2.4186746987951806, "Modesto City-County--Harry Sha": 2.9006024096385543, "Mammoth Lakes": 3.5632530120481927,