{"Fairbanks Intl": 6.2218827973656834e-06, "St Mary's": -0.003906343484451724, "Aniak": -0.003865150662070835, "Anchorage Intl": 0.012515133003494296, "Tuluksak": -0.007193190131326247, "Akiachak": -0.005346196167057349, "Akiak": -0.00445173421526103, "Kwethluk": -0.005199737276942495, "Bethel": -0.009877257740457735, "Napaskiak": -0.0009799945581647818, "Napakiak": -0.001083424748674342, "Merle K (Mudhole) Smith": 0.0019579704214889963, "Tuntutuliak": -0.005429124412011833, "Eek": -0.0024226113865413266, "Kongiganak": -0.005011272029845319, "Kwigillingok": -0.005573763650278747, "Quinhagak": -0.0032338170554862965, "Yakutat": 0.0016462841080139932, "Dillingham": 0.002063973722402494, "King Salmon": 0.00195730647701213, "Gustavus": 0.0001958438681428712, "Juneau Intl": 0.001287299601693187, "Kodiak": 0.0015178627783136722, "St Paul Island": 0.003621054289849268, "Sitka": -0.00019699334436440452, "Port Heiden": 0.0024499236797823065, "James A Johnson Petersburg": 0.00020478666536874468, "Wrangell": 2.8350170844418376e-05, "Ketchikan Intl": -6.971800662132488e-05, "Sand Point": 0.002684081993173902, "Cold Bay": 0.003803391403941859, "Unalaska": 0.004231315593258709, "Eareckson As": 0.0044097227063073004, "Adak Naf": 0.004907400460541652, "Bellingham Intl": -0.001640286827873808, "Glacier Park Intl": -0.0019784739024336574, "Minot Intl": -0.0007476585314997627, "William R Fairchild Intl": -0.0001046420137234137, "Grand Forks Afb": -0.00018098912054325566, "Grand Forks Intl": -0.00017898917937080668, "Spokane Intl": -0.003070671218357774, "Great Falls Intl": -0.0015910891117046917, "Seattle-Tacoma Intl": -0.0024290856575429065, "Pangborn Memorial": -0.0004697214013413328, "Grant County": -0.0005496722383455906, "Missoula Intll": -0.0017518064156585584, "Hector Intll": -0.0010885265424862745, "Duluth Intl": -0.00013213036748716111, "Bismarck Muni": -0.0014306770859899226, "Pullman/Moscow Regional": -0.0010065670295983365, "Helena Regional": -0.001713325733378904, "Yakima Air Terminal": -0.0008630825727222589, "Marquette County": -0.0012470398080616065, "Lewiston-Nez Perce County": -0.0011186837263000252, "Tri-Cities": -0.0015154370122557616, "Walla Walla Regional": -0.0009092640182732818, "Bert Mooney": -0.0014005754184126724, "Billings Logan Intl": -0.0020753010635247773, "Gallatin Field": -0.0015435875338229018, "Eastern Oregon Regional At Pen": -0.0005724353161211791, "Portland Intl": -0.004239434686332279, "Mcnary Fld": -0.0015392498844490248, "Minneapolis-St Paul Intl/Wold-": -0.0021220167426242863, "Bangor Intl": -0.0023810250719744222, "Central Wisconsin": -0.0009775445991239092, "Cherry Capital": -0.0010746851309516546, "Austin Straubel Intll": -0.0015000548082722952, "Burlington Intl": -0.002975109604022435, "Outagamie County": -0.0009531480492244241, "Roberts Field": -0.0010100499773499992, "Mahlon Sweet Field": -0.0016185678925871568, "Rapid City Regional": -0.002026762283374059, "Wittman Regional": -0.0007228470635534974, "Rochester Intll": -0.0004789249754226406, "La Crosse Muni": -0.0004476810521082677, "Portland Intl Jetport": -0.0035679136343551893, "Jackson Hole": -0.0016912189047278124, "Joe Foss Field": -0.0019518819925870216, "Boise Air Terminal /Gowen Fld/": -0.002164661840204991, "Mbs Intll": -0.000636930878635038, "Fanning Field": -0.0015135505521915095, "Friedman Memorial": -0.0006965183665456976, "North Bend Muni": -0.0009123149866943415, "Muskegon County": -0.0003062404046503247, "Oneida County": -0.0011792584018995753, "Dane County Regional-Truax Fie": -0.001740976236801436, "Greater Rochester Intl": -0.004658371809727436, "Syracuse Hancock Intl": -0.0051263543221753164, "Bishop Intll": -0.001470559832521629, "General Mitchell Intll": -0.006795202896297482, "Greater Buffalo Intl": -0.005278443429824017, "Manchester": -0.0026514673623655905, "Pocatello Regional": -0.0007730053999272414, "Natrona County Intl": -0.0010165365753552087, "Kent County Intl": -0.0026242981149407116, "Capital City": -0.0017371596979280704, "Albany County": -0.004287259717549408, "Waterloo Muni": -0.0005580720397710802, "Tompkins County": -0.0010991238704318774, "Twin Falls-Sun Valley Regional": -0.0008736847345414392, "Detroit City": -0.0012253728247740914, "Sioux Gateway": -0.0010033868627729971, "Dubuque Regional": -0.00039261827948445306, "Rogue Valley Intl- M": -0.0009347215498298927, "General Edward Lawrence Logan": -0.010291489769437192, "Worcester Muni": -0.001664790536895301, "Kalamazoo/Battle Creek Interna": -0.0015508459200921356, "Detroit Metropolitan Wayne Cou": -0.008813380677775939, "Binghamton Regional/Edwin A Li": -0.0014260002600194287, "Greater Rockford": -0.00020719296057746819, "Elmira/Corning Regional": -0.0010339255406972307, "Klamath Falls Intll": -0.0014831308756813432, "Erie Intl": -0.000741957670643792, "Chicago O'hare Intl": -0.006855910310388478, "Bradley Intl": -0.007937190750963044, "Cedar Rapids Muni": -0.0012724656652473739, "William B. Heilig Field": -0.0014459200027859497, "Merrill C Meigs": -0.000923960534003708, "Chicago Midway": -0.007255299228552967, "Jack Mc Namara Field": -0.0005764206824115469, "Theodore Francis Green State": -0.004965243159204093, "Michiana Rgnl Transportation C": -0.002183275965808329, "Toledo Express": -0.0010956486302170448, "Des Moines Intl": -0.0026696669491134625, "Stewart Int'l": -0.0021824782797635897, "Quad-City": -0.0014537358292172596, "Cleveland-Hopkins Intl": -0.008734961871638499, "Wilkes-Barre/Scranton Intl": -0.001927757202393404, "Eppley Airfield": -0.003385225524740526, "Tweed-New Haven": -0.0007479719188142437, "Youngstown-Warren Regional": -0.000483119602670526, "Westchester County": -0.0014276046600180986, "Fort Wayne Intll": -0.001997488695548547, "Arcata": -0.0007669384703162061, "Akron-Canton Regional": -0.0025290086808164454, "Lincoln Muni": -0.0010277290342928665, "University Park": -0.0008745437610160313, "Elko Muni-J.C. Harris Field": -0.005510472059477655, "Long Island Mac Arthur": -0.005843124664017857, "Salt Lake City Intl": -0.007460168714358519, "Burlington Regional": -0.0005205898030712907, "La Guardia": -0.01042437919584994, "Newark Intl": -0.013261897568377147, "Greater Peoria Regional": -0.00091377252764453, "Lehigh Valley Intll": -0.002592106218902169, "John F Kennedy Intl": -0.010270427853677856, "Redding Muni": -0.001684568252858671, "Pittsburgh Intll": -0.011796726137922249, "Yampa Valley": -0.0037769245821787333, "Bloomington/Normal": -0.0006611272602531118, "Purdue University": -0.000589065464351136, "Mercer County": -0.0010016066969352612, "Harrisburg Intll": -0.0025491440744168465, "University Of Illinois-Willard": -0.0014915933278198106, "Port Columbus Intl": -0.005211850135076642, "Quincy Muni Baldwin Field": -0.00038034990139243106, "James M Cox Dayton Intl": -0.00510555689700729, "Philadelphia Intl": -0.010914912155870395, "Capital": -0.0013635078400233223, "Decatur": -0.0004613402913482535, "Chico Muni": -0.0003488728616572522, "Stapleton Intl": -0.00490947711085835, "Indianapolis Intl": -0.007845714447862463, "Eagle County Regional": -0.0027243832377930135, "Reno/Tahoe Intll": -0.0018560043528843956, "Atlantic City Intll": -0.0025717635831070647, "Hulman Regional": -0.0007683622173581981, "Kansas City Intl": -0.006827511712962721, "Aspen-Pitkin Co/Sardy Field": -0.001054761011002807, "Baltimore-Washington Intl": -0.009361080987247103, "Walker Field": -0.0003141055877048812, "Cincinnati/Northern Kentucky I": -0.009739055387991838, "Washington Dulles Intl": -0.007835490495169121, "Lake Tahoe": -0.00031481512931633404, "Washington National": -0.008710015172524994, "Columbia Regional": -0.00011816126593519269, "City Of Colorado Springs Muni": -0.0016718736916127826, "Lambert-St Louis Intl": -0.002469943744502838, "Sacramento Metropolitan": -0.0036663158688787644, "Gunnison County": -0.0019303913567100595, "Sonoma County": -0.0002258389657728247, "Yeager": -0.0015304884708031126, "Tri-State/Milton J.Ferguson Fi": -0.0009225528742563128,