{"0": 3.3707865168539324, "1": 3.168539325842697, "2": 3.3258426966292136, "3": 3.1797752808988764, "4": 3.4157303370786516, "5": 3.651685393258427, "6": 3.2808988764044944, "7": 3.4831460674157304, "8": 3.5168539325842696, "9": 3.393258426966292, "10": 3.7865168539325844, "11": 3.5280898876404496, "12": 3.258426966292135, "13": 3.404494382022472, "14": 3.438202247191011, "15": 3.3707865168539324, "16": 3.247191011235955, "17": 3.404494382022472, "18": 3.303370786516854, "19": 3.5730337078651684, "20": 3.707865168539326, "21": 3.292134831460674, "22": 3.4157303370786516, "23": 3.4157303370786516, "24": 3.292134831460674, "25": 3.707865168539326, "26": 3.5730337078651684, "27": 3.3707865168539324, "28": 3.5280898876404496, "29": 3.5168539325842696, "30": 3.3258426966292136, "31": 3.0898876404494384, "32": 3.269662921348315, "33": 3.1235955056179776, "34": 3.292134831460674, "35": 3.2808988764044944, "36": 2.6741573033707864, "37": 3.1123595505617976, "38": 3.258426966292135, "39": 3.2134831460674156, "40": 3.640449438202247, "41": 3.449438202247191, "42": 3.258426966292135, "43": 3.5168539325842696, "44": 3.5842696629213484, "45": 3.3707865168539324, "46": 3.168539325842697, "47": 3.3258426966292136, "48": 3.1797752808988764, "49": 3.4157303370786516, "50": 3.651685393258427, "51": 3.2808988764044944, "52": 3.4831460674157304, "53": 3.5168539325842696, "54": 3.393258426966292, "55": 3.7865168539325844, "56": 3.5280898876404496, "57": 3.258426966292135, "58": 3.404494382022472, "59": 3.438202247191011, "60": 3.3707865168539324, "61": 3.247191011235955, "62": 3.404494382022472, "63": 3.303370786516854, "64": 3.5730337078651684, "65": 3.707865168539326, "66": 3.292134831460674, "67": 3.4157303370786516, "68": 3.4157303370786516, "69": 3.292134831460674, "70": 3.707865168539326, "71": 3.5730337078651684, "72": 3.3707865168539324, "73": 3.5280898876404496, "74": 3.5168539325842696, "75": 3.3258426966292136, "76": 3.0898876404494384, "77": 3.269662921348315, "78": 3.1235955056179776, "79": 3.292134831460674, "80": 3.2808988764044944, "81": 2.6741573033707864, "82": 3.1123595505617976, "83": 3.258426966292135, "84": 3.2134831460674156, "85": 3.640449438202247, "86": 3.449438202247191, "87": 3.258426966292135, "88": 3.5168539325842696, "89": 3.5842696629213484}