{"name": "eigen", "eigen": 5, "normalized": false, "process_time": 0.008049726486206055, "data": {"0": 0.01170070299170526, "1": 0.05106863441619021, "2": 0.10743939712545875, "3": 0.11191660102685143, "4": 0.10910639070380347, "5": 0.11156208164764907, "6": 0.07589710939374296, "7": 0.035202002313000136, "8": -0.006545144751028296, "9": -0.05453841255224513, "10": -0.14423687955841355, "11": -0.1471181624938796, "12": -0.14578182730003444, "13": -0.13558339042456402, "14": -0.11498017339976248, "15": -0.08440487691460397, "16": 0.002501930618916937, "17": 0.012831275440467452, "18": 0.00746938682327518, "19": 0.0013656106970213787, "20": -0.011150424751893668, "21": -0.022137316753902472, "22": -0.03201069523109672, "23": -0.03365448671035571, "24": -0.02703416892728004, "25": -0.010952751756790589, "26": 0.008524577147411172, "27": 0.011700632469260883, "28": 0.01386963541742093, "29": 0.00936377441642175, "30": 0.004348517767691244, "31": -0.06045848738068495, "32": -0.20084799048030935, "33": -0.20662123666709672, "34": -0.1997196803511163, "35": -0.18893643091153758, "36": 0.003285527081907576, "37": 0.17355593945832276, "38": 0.1777166073686263, "39": 0.1778321994157559, "40": 0.15522692140235841, "41": 0.13095972286210886, "42": 0.12363306974182545, "43": 0.10828475151670601, "44": 0.0903495380527139, "45": 0.011700702991709, "46": 0.051068634416186885, "47": 0.10743939712545425, "48": 0.11191660102684696, "49": 0.10910639070379956, "50": 0.11156208164764586, "51": 0.07589710939373981, "52": 0.035202002312997346, "53": -0.006545144751030636, "54": -0.05453841255224786, "55": -0.14423687955841696, "56": -0.1471181624938847, "57": -0.14578182730004033, "58": -0.13558339042457074, "59": -0.11498017339977004, "60": -0.08440487691461132, "61": 0.002501930618914128, "62": 0.012831275440462309, "63": 0.007469386823270165, "64": 0.0013656106970166906, "65": -0.011150424751897765, "66": -0.022137316753904825, "67": -0.03201069523109766, "68": -0.03365448671035512, "69": -0.027034168927277932, "70": -0.010952751756785735, "71": 0.008524577147418928, "72": 0.01170063246926924, "73": 0.01386963541742926, "74": 0.009363774416429535, "75": 0.004348517767698179, "76": -0.06045848738068338, "77": -0.20084799048030957, "78": -0.2066212366670966, "79": -0.19971968035111576, "80": -0.18893643091153567, "81": 0.0032855270819071684, "82": 0.17355593945832168, "83": 0.177716607368626, "84": 0.17783219941575656, "85": 0.15522692140236044, "86": 0.13095972286211008, "87": 0.12363306974182622, "88": 0.10828475151670676, "89": 0.09034953805271406}}