{"name": "eigen", "eigen": 1, "normalized": true, "process_time": 0.010436296463012695, "data": {"0": 0.007379060280764266, "1": -0.02987693255743374, "2": 0.05681049187304125, "3": 0.08537642559945721, "4": 0.09550058485086149, "5": 0.11504959122510383, "6": 0.10801956870376413, "7": 0.10869245657124757, "8": 0.1046924612540032, "9": 0.09152182375044812, "10": 0.11654476131828051, "11": 0.08006409333618437, "12": 0.08129207385238948, "13": 0.06986417845637949, "14": 0.05852196039308735, "15": 0.03967871169732263, "16": 0.04237535403642763, "17": -0.09702805615832208, "18": -0.15010219385963247, "19": -0.17387995529740607, "20": -0.21170608976478134, "21": -0.19167795889354494, "22": -0.18818141001469657, "23": -0.18591629964068054, "24": -0.16120474394999199, "25": -0.20690590044811957, "26": -0.12351587424937399, "27": -0.11746496377572158, "28": -0.09400681013770457, "29": -0.06715063425785153, "30": -0.03863815396517692, "31": 0.0015793360939705126, "32": 0.05305485884069183, "33": 0.08081942287343297, "34": 0.09130259605052776, "35": 0.08382593751003169, "36": 0.009736096285121402, "37": 0.045774003193546804, "38": 0.07245258743696899, "39": 0.06908841842337066, "40": 0.1018121376735709, "41": 0.062379744579346565, "42": 0.062202191682576805, "43": 0.05198796630479055, "44": 0.03037842860520993, "45": 0.007379060280763364, "46": -0.029876932557446785, "47": 0.056810491873042566, "48": 0.08537642559946218, "49": 0.09550058485086999, "50": 0.11504959122511679, "51": 0.1080195687037788, "52": 0.10869245657126553, "53": 0.1046924612540222, "54": 0.09152182375046482, "55": 0.11654476131830196, "56": 0.08006409333619877, "57": 0.0812920738524031, "58": 0.06986417845639041, "59": 0.058521960393095, "60": 0.03967871169732662, "61": 0.04237535403641636, "62": -0.09702805615833761, "63": -0.1501021938596528, "64": -0.1738799552974255, "65": -0.21170608976479888, "66": -0.19167795889355638, "67": -0.1881814100147033, "68": -0.18591629964068257, "69": -0.16120474394998957, "70": -0.20690590044810547, "71": -0.12351587424935975, "72": -0.11746496377570516, "73": -0.09400681013768794, "74": -0.06715063425783738, "75": -0.03863815396516819, "76": 0.0015793360939713296, "77": 0.05305485884068128, "78": 0.08081942287341726, "79": 0.09130259605050997, "80": 0.08382593751001582, "81": 0.009736096285119376, "82": 0.04577400319353811, "83": 0.07245258743695716, "84": 0.06908841842336125, "85": 0.10181213767356062, "86": 0.062379744579343185, "87": 0.06220219168257578, "88": 0.051987966304791966, "89": 0.030378428605212296}}