{"name": "eigen", "eigen": 3, "normalized": true, "process_time": 0.010436296463012695, "data": {"0": 0.08483278490106996, "1": 0.11112903640356625, "2": 0.1178270984418475, "3": 0.15428039426753873, "4": 0.14830348415055905, "5": 0.14266723988450591, "6": 0.08190927079876406, "7": 0.030273796672654136, "8": -0.013067715174857372, "9": -0.03662474715414013, "10": -0.10978055019252841, "11": -0.10181646601303126, "12": -0.11517612969214569, "13": -0.10872184349032657, "14": -0.09253767976218255, "15": -0.06752071628441428, "16": 0.07700150913517687, "17": 0.11504525480857128, "18": 0.1500913033708233, "19": 0.14567528071609717, "20": 0.1339816751054059, "21": 0.09196497081469221, "22": 0.05605534861200101, "23": 0.011544810665635646, "24": -0.02281631768346795, "25": -0.10762754868879895, "26": -0.10017981134997964, "27": -0.10925775829391055, "28": -0.10094285514222083, "29": -0.0760627269293524, "30": -0.03335246846027275, "31": -0.053840298683021946, "32": 0.06975306553336645, "33": 0.10503894911581581, "34": 0.11430309024203236, "35": 0.09576919342909374, "36": -0.01170134133977841, "37": -0.03883282033438806, "38": -0.07083843895993235, "39": -0.08510788137074242, "40": -0.16448189766852633, "41": -0.15226317921168137, "42": -0.1796898247630626, "43": -0.17770080891307766, "44": -0.13359769768246332, "45": -0.08483278490107174, "46": -0.11112903640356452, "47": -0.11782709844184816, "48": -0.1542803942675402, "49": -0.14830348415056138, "50": -0.14266723988450955, "51": -0.08190927079876784, "52": -0.030273796672658414, "53": 0.013067715174852723, "54": 0.03662474715413552, "55": 0.10978055019252106, "56": 0.10181646601302465, "57": 0.11517612969213846, "58": 0.10872184349032007, "59": 0.09253767976217653, "60": 0.06752071628441006, "61": -0.0770015091351794, "62": -0.11504525480856614, "63": -0.15009130337081508, "64": -0.14567528071608765, "65": -0.13398167510539388, "66": -0.09196497081468114, "67": -0.05605534861198981, "68": -0.011544810665624516, "69": 0.022816317683477444, "70": 0.10762754868881053, "71": 0.10017981134998549, "72": 0.10925775829391561, "73": 0.10094285514222397, "74": 0.07606272692935401, "75": 0.03335246846027323, "76": 0.05384029868302131, "77": -0.06975306553337002, "78": -0.1050389491158207, "79": -0.11430309024203808, "80": -0.09576919342909905, "81": 0.011701341339778272, "82": 0.0388328203343853, "83": 0.07083843895992792, "84": 0.08510788137073907, "85": 0.1644818976685226, "86": 0.1522631792116794, "87": 0.17968982476306095, "88": 0.17770080891307638, "89": 0.13359769768246238}}