{"name": "fiedler", "normalized": true, "process_time": 0.12073278427124023, "data": {"0": -0.006152368864162039, "1": 0.020878650169427446, "2": -0.061068002713701046, "3": -0.09147817207405194, "4": -0.10154689229692423, "5": -0.12082875376594522, "6": -0.11374392580463022, "7": -0.11407143165264527, "8": -0.10909191020085188, "9": -0.09379526145299608, "10": -0.08865463273200644, "11": -0.08090689668677206, "12": -0.08332997795517937, "13": -0.07243750832920462, "14": -0.061135210578730864, "15": -0.041541712367216224, "16": -0.030551152944740294, "17": 0.10193684012922893, "18": 0.1572611402346207, "19": 0.18081550295627638, "20": 0.21799797445965763, "21": 0.1985557079475815, "22": 0.19490084842648264, "23": 0.19136646338410454, "24": 0.16391559687713217, "25": 0.15758519390213982, "26": 0.12347989649581645, "27": 0.11849288466662894, "28": 0.0953864356718442, "29": 0.0684762453163871, "30": 0.03931581213362334, "31": -0.0015265776226327978, "32": -0.054979685449926874, "33": -0.0833775925410617, "34": -0.09336807851875945, "35": -0.08472984489465803, "36": -0.00716492566876284, "37": -0.047476506319748264, "38": -0.07462446029891961, "39": -0.07055937701150403, "40": -0.07884941559670197, "41": -0.06391794719136346, "42": -0.06448647198820738, "43": -0.05437385160636993, "44": -0.03221101176315552, "45": -0.00615236882231555, "46": 0.020878586417149375, "47": -0.061067853171872945, "48": -0.09147791941588863, "49": -0.1015465885675507, "50": -0.12082837713263929, "51": -0.1137435615513306, "52": -0.11407105410614259, "53": -0.10909153665111475, "54": -0.09379495086254057, "55": -0.0886543620060768, "56": -0.08090667452456551, "57": -0.08332976682635863, "58": -0.07243734129332077, "59": -0.06113508337465339, "60": -0.041541644567236205, "61": -0.03055123842339792, "62": 0.10193674999455492, "63": 0.15726102834543354, "64": 0.18081540090154802, "65": 0.2179978869812926, "66": 0.19855565251858434, "67": 0.1949008167580875, "68": 0.191366450060724, "69": 0.16391560626423102, "70": 0.15758524749964414, "71": 0.12347997409920497, "72": 0.11849297705781459, "73": 0.09538652782532005, "74": 0.0684763258349282, "75": 0.039315857165154726, "76": -0.001526611650596701, "77": -0.05497984771588169, "78": -0.08337783936939254, "79": -0.09336835878937906, "80": -0.08473010154965145, "81": -0.0071649461274308724, "82": -0.04747669382673011, "83": -0.0746247304270194, "84": -0.0705596166805636, "85": -0.07884966185172224, "86": -0.06391812555933256, "87": -0.06448663039535878, "88": -0.054373959445142984, "89": -0.03221107033652192}}