{"name": "fiedler", "normalized": true, "process_time": 0.12261795997619629, "data": {"0": -0.006152368858465707, "1": 0.02087858723829458, "2": -0.061067855233468644, "3": -0.09147792287784218, "4": -0.10154659261536288, "5": -0.12082838195714946, "6": -0.11374356623847495, "7": -0.11407105906415854, "8": -0.10909154161862648, "9": -0.09379495505630564, "10": -0.0886543656891413, "11": -0.08090667749739289, "12": -0.08332976960136877, "13": -0.07243734349463432, "14": -0.06113508503631522, "15": -0.04154164543766924, "16": -0.030551237242181322, "17": 0.10193675133293766, "18": 0.15726102991710564, "19": 0.18081540226283577, "20": 0.21799788807328718, "21": 0.19855565319156152, "22": 0.1949008170249325, "23": 0.1913664502775733, "24": 0.16391560624319987, "25": 0.15758524686876235, "26": 0.12347997316775661, "27": 0.11849297591720878, "28": 0.09538652654171098, "29": 0.06847632469627227, "30": 0.0393158565419545, "31": -0.001526611133015841, "32": -0.05497984570405342, "33": -0.08337783617468605, "34": -0.0933683550581559, "35": -0.08473009814221331, "36": -0.007164945819895146, "37": -0.04747669132989985, "38": -0.07462472680293498, "39": -0.07055961349574964, "40": -0.07884965869400315, "41": -0.06391812323252026, "42": -0.06448662832861571, "43": -0.05437395798599161, "44": -0.03221106950717834, "45": -0.00615236887530537, "46": 0.020878649311218234, "47": -0.061068000619939736, "48": -0.09147816858702316, "49": -0.10154688824319998, "50": -0.12082874894681583, "51": -0.11374392116648736, "52": -0.11407142673719806, "53": -0.10909190522378226, "54": -0.09379525724133833, "55": -0.08865462901429691, "56": -0.08090689363313061, "57": -0.08332997515283427, "58": -0.07243750615427122, "59": -0.061135208938382486, "60": -0.04154171154295542, "61": -0.030551154119079747, "62": 0.10193683882580394, "63": 0.15726113858267846, "64": 0.18081550158377563, "65": 0.2179979734417306, "66": 0.19855570741760098, "67": 0.19490084801362212, "68": 0.19136646315445868, "69": 0.16391559691621438, "70": 0.15758519449493788, "71": 0.12347989745663107, "72": 0.1184928858917479, "73": 0.09538643686611153, "74": 0.06847624644852031, "75": 0.039315812806747535, "76": -0.0015265781418664773, "77": -0.054979687478517704, "78": -0.08337759577708231, "79": -0.09336808224236591, "80": -0.08472984827202083, "81": -0.00716492601458465, "82": -0.0474765088312907, "83": -0.07462446392085262, "84": -0.07055938017874351, "85": -0.07884941873952844, "86": -0.06391794954553903, "87": -0.06448647402836864, "88": -0.05437385301303393, "89": -0.03221101262805115}}