{"0": 12.439024390243903, "1": 12.439024390243903, "2": 12.439024390243903, "3": 17.121951219512194, "4": 17.121951219512194, "5": 17.121951219512194, "6": 22.975609756097562, "7": 22.975609756097562, "8": 20.634146341463413, "9": 20.634146341463413, "10": 22.975609756097562, "11": 20.634146341463413, "12": 20.634146341463413, "13": 20.634146341463413, "14": 20.634146341463413, "15": 26.097560975609756, "16": 26.097560975609756, "17": 22.975609756097562, "18": 22.975609756097562, "19": 24.926829268292682, "20": 24.926829268292682, "21": 22.585365853658537, "22": 22.585365853658537, "23": 26.097560975609756, "24": 22.975609756097562, "25": 22.975609756097562, "26": 24.926829268292682, "27": 24.926829268292682, "28": 22.585365853658537, "29": 22.585365853658537, "30": 22.975609756097562, "31": 22.975609756097562, "32": 24.926829268292682, "33": 24.926829268292682, "34": 22.585365853658537, "35": 22.585365853658537, "36": 22.585365853658537, "37": 22.585365853658537, "38": 22.585365853658537, "39": 22.585365853658537, "40": 22.585365853658537, "41": 22.585365853658537}