{"0": 0.11577711432135707, "1": -0.05788858784698292, "2": -0.057888526474264734, "3": -0.027682141482519403, "4": -0.02768217083079202, "5": 0.05536431231320279, "6": 0.04327428483679192, "7": 0.04327433071566706, "8": 0.1492746651018017, "9": 0.1492746146515928, "10": -0.08654861555229659, "11": -0.14601653329687758, "12": -0.003258185709362924, "13": -0.14601647939243642, "14": -0.0032580813547130757, "15": 0.03847093069098877, "16": 0.03847097147740505, "17": 0.11133902152682013, "18": 0.11133900805017313, "19": 0.18832732974366262, "20": 0.18832733986443537, "21": 0.21171076562208735, "22": 0.2117107544928894, "23": -0.0769419021682491, "24": -0.0747368900335734, "25": -0.03660218377496598, "26": -0.07984440327724895, "27": -0.10848303135773019, "28": -0.12160151487568803, "29": -0.0901093574081711, "30": -0.07473683775178747, "31": -0.036602118016533, "32": -0.07984429838573069, "33": -0.10848293658698413, "34": -0.12160140821374849, "35": -0.09010923961703358, "36": -0.42964907788572865, "37": 0.12422306429326749, "38": 0.1242228045207509, "39": -0.4296491419221889, "40": 0.3054260776283347, "41": 0.3054262733643904}