{"name": "eigen", "eigen": 3, "normalized": true, "process_time": 0.0061419010162353516, "data": {"0": -0.22561305967098005, "1": 0.11280652983549805, "2": 0.112806529835482, "3": 0.23905313580584342, "4": 0.23905313580587823, "5": -0.47810627161172237, "6": -0.04771295140131547, "7": -0.04771295140132248, "8": -0.012067528397594462, "9": -0.012067528397578919, "10": 0.09542590280263812, "11": 0.17011282767192187, "12": -0.15804529927433456, "13": 0.1701128276719291, "14": -0.15804529927434313, "15": -0.041275447785259226, "16": -0.04127544778526513, "17": -0.012742833716614027, "18": -0.012742833716601745, "19": -0.11747621987214522, "20": -0.11747621987214647, "21": -0.11167992915203954, "22": -0.11167992915203645, "23": 0.08255089557052465, "24": 0.13377047159185373, "25": -0.12102763787524577, "26": 0.04633063526681217, "27": 0.07114558460534187, "28": 0.08949678168429996, "29": 0.022183147467746783, "30": 0.13377047159185915, "31": -0.12102763787525268, "32": 0.04633063526680321, "33": 0.07114558460533414, "34": 0.08949678168429367, "35": 0.02218314746773721, "36": 0.18363866530109532, "37": 0.13078970854993202, "38": 0.13078970854995595, "39": 0.18363866530111686, "40": -0.31442837385104916, "41": -0.3144283738510517}}