{"name": "fiedler", "normalized": false, "process_time": 0.047077178955078125, "data": {"0": -0.06609363116681499, "1": 0.12417284193736636, "2": -0.05807919908460132, "3": 0.09528117123463321, "4": -0.20371029371283, "5": 0.10842911062459856, "6": 0.0362587748136808, "7": -0.07752093415615703, "8": -0.018380066299368118, "9": -0.1691709135052054, "10": 0.04126217675044038, "11": 0.17286442806482788, "12": 0.1794953379201689, "13": -0.16111527077937005, "14": -0.003693515103142678, "15": 0.034268007202387006, "16": -0.0732646910053783, "17": -0.02248380771970794, "18": -0.13654513912285376, "19": -0.07271472117788198, "20": -0.09211792107690782, "21": -0.08203244833466189, "22": -0.10774727391226185, "23": 0.038996699308903676, "24": 0.14687924890217413, "25": 0.15189501496087354, "26": 0.15441233213723365, "27": 0.15526557826524284, "28": 0.1777081110481337, "29": 0.1788388996172093, "30": -0.12941120019630348, "31": -0.010334102734458164, "32": -0.08255083531682544, "33": -0.062294389289790385, "34": -0.09680643314123866, "35": -0.0699608193268702, "36": 0.2460924665985399, "37": 0.143491656559095, "38": -0.4186246049277089, "39": -0.414302783140115, "40": 0.27081106737325206, "41": 0.17253207091169231}}