{"0": -0.06589717093033087, "1": 0.12418124671767083, "2": -0.058284092732669476, "3": 0.09561730470325444, "4": -0.2037240964463097, "5": 0.10810680893135355, "6": 0.03638666926927663, "7": -0.07752620094346534, "8": -0.01801306699194013, "9": -0.16898039997626862, "10": 0.04113950642934329, "11": 0.17304240226063997, "12": 0.17934124130999582, "13": -0.1613281760692731, "14": -0.004062000963234766, "15": 0.03438888052693728, "16": -0.07326966801516274, "17": -0.02218070133407144, "18": -0.13637552903097422, "19": -0.07245839345189596, "20": -0.09188430152325752, "21": -0.08173534435354536, "22": -0.1074802667253373, "23": 0.03888076500039054, "24": 0.1470149592269074, "25": 0.15177954090964413, "26": 0.15444417002990246, "27": 0.15525468656076793, "28": 0.17774848974134283, "29": 0.1788226491788021, "30": -0.12959884978961145, "31": -0.010639440409971987, "32": -0.08279632467581424, "33": -0.06255990007358718, "34": -0.09708733125715303, "35": -0.0702682487107194, "36": 0.24672898120546918, "37": 0.14422958849808495, "38": -0.4185445780401505, "39": -0.4144391957499346, "40": 0.27020968994987893, "41": 0.17181569774501648}