{"name": "fiedler", "normalized": true, "process_time": 0.013944149017333984, "data": {"0": -0.15422192407602342, "1": -0.40590886900953244, "2": -0.24203911345608214, "3": -0.174160538870194, "4": -0.14888380611185897, "5": -0.1494887620321845, "6": -0.0926855544523001, "7": -0.07636175066587074, "8": -0.03004813765226417, "9": 0.00256566022050008, "10": 0.06088634395749465, "11": 0.08025929245930423, "12": 0.14948697479438602, "13": 0.14525919777146745, "14": 0.16856780997665957, "15": 0.21750165124839024, "16": 0.2335529692694575, "17": -0.2204154966605194, "18": -0.1566728427604703, "19": -0.15422192407561114, "20": -0.15422192407558188, "21": -0.15422192407451593, "22": -0.22041549669757873, "23": -0.1566728427978243, "24": -0.14047256825642637, "25": -0.08675899539881352, "26": -0.06333997010375028, "27": -0.04502248405040801, "28": 0.0249868132218645, "29": 0.024986813223444145, "30": 0.03571140061052518, "31": 0.02538390798659904, "32": 0.02498681322282481, "33": 0.04658019445531488, "34": 0.09604637056581122, "35": 0.06827041735338107, "36": 0.06720242551670788, "37": 0.06720242551782779, "38": 0.1491492579997189, "39": 0.0865619570458062, "40": 0.08656195704723911, "41": 0.09783192824540257, "42": 0.10931988310007716, "43": 0.10931988310140014, "44": 0.11738753769200462, "45": 0.16777142728102534, "46": 0.11925307791324699, "47": 0.20767942549260585, "48": 0.12053118931397074, "49": 0.12053118931071953}}