{"name": "fiedler", "normalized": false, "process_time": 0.028609037399291992, "data": {"0": -0.09243294343246711, "1": -0.0924329434324671, "2": -0.0924329434324671, "3": -0.09243294343246704, "4": -0.09243294343246716, "5": -0.09243294343246708, "6": -0.09243294343246708, "7": -0.09243294343246708, "8": -0.09243294343246708, "9": -0.0924329434324671, "10": -0.09243294343246705, "11": -0.0924329434324671, "12": -0.09243294343246716, "13": -0.09243294343246705, "14": -0.09243294343246715, "15": -0.0924329434324671, "16": -0.09243294343246715, "17": -0.0924329434324671, "18": -0.0924329434324671, "19": -0.0924329434324671, "20": -0.0924329434324671, "21": -0.0924329434324671, "22": -0.09243294343246701, "23": -0.0924329434324671, "24": -0.09243294343246714, "25": -0.0924329434324671, "26": -0.09243294343246714, "27": -0.09243294343246715, "28": -0.09243294343246708, "29": -0.09243294343246708, "30": -0.0924329434324671, "31": -0.09243294343246716, "32": -0.0924329434324671, "33": -0.09243294343246719, "34": -0.0924329434324671, "35": -0.09243294343246708, "36": -0.09243294343246708, "37": -0.09243294343246714, "38": -0.0924329434324671, "39": -0.0924329434324671, "40": -0.0924329434324671, "41": -0.09243294343246708, "42": -0.09243294343246714, "43": -0.0924329434324671, "44": -0.09243294343246705, "45": -0.09243294343246714, "46": -0.09243294343246715, "47": -0.0924329434324671, "48": -0.09243294343246705, "49": -0.09237076656129388, "50": -0.0892619648230862, "51": -0.08609311902875774, "52": -0.08286636055989294, "53": -0.07958385975255321, "54": -0.0762478244385749, "55": -0.07286049846165014, "56": -0.0694241601691819, "57": -0.0659411208809219, "58": -0.0624137233354147, "59": -0.058844340115287004, "60": -0.05523537205243498, "61": -0.051589246614176874, "62": -0.0479084162714497, "63": -0.04419535685014291, "64": -0.040452565866671786, "65": -0.036682560848905324, "66": -0.03288787764357301, "67": -0.02907106871128443, "68": -0.025234701410304015, "69": -0.021381356270231557, "70": -0.01751362525674617, "71": -0.01363411002857754, "72": -0.00974542018787417, "73": -0.005850171525143395, "74": -0.001950984259941298, "75": 0.001949518721505018, "76": 0.005848713630559052, "77": 0.009743977541133304, "78": 0.013632690154158422, "79": 0.01751223556037501, "80": 0.02138000400026213, "81": 0.02523339361991692, "82": 0.029069812221702736, "83": 0.0328866790084863, "84": 0.03668142632028739, "85": 0.04045150136217032, "86": 0.04419436792221115, "87": 0.04790750807838146, "88": 0.05158842389319606, "89": 0.055234639094979956, "90": 0.058843700744619316, "91": 0.06241318088666914, "92": 0.06594067818370203, "93": 0.06942381953279274, "94": 0.07286026166304452, "95": 0.0762476927130772, "96": 0.07958383378740916, "97": 0.08286644049067887, "98": 0.0860933044386687, "99": 0.08926225474510642, "100": 0.09237115948323839, "101": 0.09243333841462509, "102": 0.09243333841462503, "103": 0.09243333841462506, "104": 0.09243333841462505, "105": 0.09243333841462506, "106": 0.09243333841462503, "107": 0.09243333841462509, "108": 0.09243333841462503, "109": 0.09243333841462505, "110": 0.09243333841462506, "111": 0.09243333841462506, "112": 0.09243333841462505, "113": 0.09243333841462505, "114": 0.09243333841462509, "115": 0.09243333841462506, "116": 0.09243333841462505, "117": 0.09243333841462505, "118": 0.09243333841462498, "119": 0.09243333841462505, "120": 0.09243333841462499, "121": 0.09243333841462505, "122": 0.09243333841462506, "123": 0.09243333841462503, "124": 0.09243333841462499, "125": 0.09243333841462509, "126": 0.09243333841462503, "127": 0.09243333841462506, "128": 0.09243333841462503, "129": 0.09243333841462506, "130": 0.09243333841462505, "131": 0.0924333384146251, "132": 0.09243333841462503, "133": 0.09243333841462503, "134": 0.09243333841462506, "135": 0.09243333841462499, "136": 0.09243333841462509, "137": 0.09243333841462505, "138": 0.09243333841462496, "139": 0.09243333841462505, "140": 0.09243333841462505, "141": 0.09243333841462499, "142": 0.09243333841462499, "143": 0.09243333841462505, "144": 0.09243333841462506, "145": 0.09243333841462506, "146": 0.09243333841462506, "147": 0.09243333841462505, "148": 0.09243333841462505, "149": 0.09243333841462503}}