{"0": -0.3865293649623402, "1": -0.29769829869966963, "2": -0.15094240146910587, "3": -0.14907333519380148, "4": 0.11227837628215491, "5": 0.2719335507169476, "6": 0.1092541635214863, "7": 0.12330858721107946, "8": -0.12820186624705246, "9": -0.11227837628215492, "10": -0.2719335507169474, "11": -0.10925416352148626, "12": 0.15094240146910579, "13": 0.14907333519380145, "14": 0.2946740859390009, "15": 0.38652936496234014, "16": 0.2976982986996695, "17": 0.1282018662470525, "18": -0.12330858721107937, "19": -0.2946740859390008}