{"0": 0.49990379373701355, "1": 0.16698952836711511, "2": -0.16443280274250394, "3": -0.15875222067159567, "4": -0.16719439389295163, "5": 0.16003928940603818, "6": -0.17267011043802358, "7": -0.16827659710155807, "8": -0.16848146262739427, "9": -0.16719439389295146, "10": 0.16003928940603815, "11": -0.17267011043802372, "12": -0.16443280274250385, "13": -0.1587522206715955, "14": 0.17287497596385978, "15": 0.4999037937370133, "16": 0.16698952836711528, "17": -0.1684814626273942, "18": -0.16827659710155804, "19": 0.1728749759638597}