{"name": "eigen", "eigen": 2, "normalized": false, "process_time": 0.028059959411621094, "data": {"0": -0.09999999999999784, "1": -0.0998026728428246, "2": -0.09921147013144468, "3": -0.09822872507286584, "4": -0.09685831611286058, "5": -0.09510565162951382, "6": -0.09297764858882415, "7": -0.09048270524660218, "8": -0.0876306680043876, "9": -0.0844327925502045, "10": -0.08090169943749942, "11": -0.07705132427758526, "12": -0.07289686274214924, "13": -0.06845471059287847, "14": -0.06374239897488018, "15": -0.05877852522926, "16": -0.053582679497913885, "17": -0.04817536741018691, "18": -0.0425779291565237, "19": -0.03681245526848541, "20": -0.03090169943751335, "21": -0.02486898871650499, "22": -0.01873813145859264, "23": -0.012533323356451381, "24": -0.006279051952952863, "25": -2.187833247901949e-14, "26": 0.006279051952909238, "27": 0.012533323356408242, "28": 0.01873813145855058, "29": 0.024868988716463876, "30": 0.03090169943747343, "31": 0.03681245526844719, "32": 0.0425779291564872, "33": 0.04817536741015235, "34": 0.05358267949788159, "35": 0.058778525229230376, "36": 0.06374239897485351, "37": 0.0684547105928551, "38": 0.07289686274212884, "39": 0.07705132427756818, "40": 0.08090169943748576, "41": 0.08443279255019441, "42": 0.08763066800438118, "43": 0.0904827052465984, "44": 0.09297764858882328, "45": 0.0951056516295146, "46": 0.09685831611286336, "47": 0.09822872507286984, "48": 0.09921147013144935, "49": 0.0998026728428291, "50": 0.10000000000000203, "51": 0.09980267284282932, "52": 0.09921147013145012, "53": 0.09822872507287142, "54": 0.09685831611286547, "55": 0.09510565162951765, "56": 0.09297764858882696, "57": 0.09048270524660282, "58": 0.0876306680043861, "59": 0.08443279255019992, "60": 0.08090169943749173, "61": 0.0770513242775744, "62": 0.07289686274213548, "63": 0.0684547105928621, "64": 0.06374239897486136, "65": 0.05877852522923896, "66": 0.053582679497890744, "67": 0.04817536741016211, "68": 0.0425779291564975, "69": 0.0368124552684579, "70": 0.03090169943748451, "71": 0.024868988716475218, "72": 0.01873813145856197, "73": 0.012533323356419537, "74": 0.006279051952920171, "75": -1.1478665240538533e-14, "76": -0.006279051952943246, "77": -0.012533323356442722, "78": -0.018738131458585, "79": -0.02486898871649822, "80": -0.03090169943750755, "81": -0.036812455268480586, "82": -0.042577929156519964, "83": -0.04817536741018402, "84": -0.05358267949791188, "85": -0.05877852522925907, "86": -0.06374239897488003, "87": -0.06845471059287925, "88": -0.07289686274215085, "89": -0.07705132427758742, "90": -0.08090169943750215, "91": -0.08443279255020761, "92": -0.08763066800439095, "93": -0.09048270524660529, "94": -0.09297764858882711, "95": -0.09510565162951622, "96": -0.09685831611286279, "97": -0.09822872507286765, "98": -0.09921147013144604, "99": -0.09980267284282522, "100": -0.09999999999999769, "101": -0.09980267284282442, "102": -0.09921147013144466, "103": -0.09822872507286584, "104": -0.09685831611286061, "105": -0.0951056516295136, "106": -0.09297764858882429, "107": -0.09048270524660204, "108": -0.08763066800438794, "109": -0.08443279255020474, "110": -0.08090169943749947, "111": -0.07705132427758549, "112": -0.07289686274214918, "113": -0.06845471059287855, "114": -0.06374239897488024, "115": -0.05877852522925996, "116": -0.053582679497913815, "117": -0.04817536741018687, "118": -0.04257792915652375, "119": -0.036812455268485464, "120": -0.030901699437513475, "121": -0.02486898871650496, "122": -0.018738131458592683, "123": -0.012533323356451355, "124": -0.006279051952952832, "125": -2.187833247901949e-14, "126": 0.006279051952909115, "127": 0.012533323356408249, "128": 0.01873813145855053, "129": 0.024868988716463838, "130": 0.03090169943747362, "131": 0.03681245526844716, "132": 0.04257792915648733, "133": 0.0481753674101523, "134": 0.05358267949788145, "135": 0.05877852522923047, "136": 0.06374239897485358, "137": 0.06845471059285503, "138": 0.07289686274212888, "139": 0.07705132427756825, "140": 0.08090169943748589, "141": 0.08443279255019451, "142": 0.08763066800438131, "143": 0.09048270524659849, "144": 0.09297764858882322, "145": 0.0951056516295147, "146": 0.09685831611286352, "147": 0.09822872507286991, "148": 0.0992114701314494, "149": 0.09980267284282912, "150": 0.10000000000000216, "151": 0.09980267284282954, "152": 0.09921147013145035, "153": 0.09822872507287142, "154": 0.09685831611286574, "155": 0.09510565162951767, "156": 0.09297764858882686, "157": 0.09048270524660267, "158": 0.08763066800438599, "159": 0.08443279255019971, "160": 0.08090169943749162, "161": 0.07705132427757438, "162": 0.07289686274213535, "163": 0.06845471059286207, "164": 0.0637423989748613, "165": 0.05877852522923899, "166": 0.05358267949789065, "167": 0.048175367410162095, "168": 0.042577929156497586, "169": 0.03681245526845784, "170": 0.030901699437484702, "171": 0.02486898871647521, "172": 0.018738131458561937, "173": 0.01253332335641956, "174": 0.006279051952920046, "175": -1.1494277751822324e-14, "176": -0.0062790519529431835, "177": -0.012533323356442647, "178": -0.01873813145858495, "179": -0.02486898871649821, "180": -0.03090169943750765, "181": -0.036812455268480655, "182": -0.042577929156519916, "183": -0.04817536741018399, "184": -0.05358267949791184, "185": -0.058778525229258936, "186": -0.06374239897488009, "187": -0.06845471059287926, "188": -0.07289686274215075, "189": -0.07705132427758762, "190": -0.08090169943750208, "191": -0.08443279255020766, "192": -0.08763066800439107, "193": -0.09048270524660511, "194": -0.09297764858882714, "195": -0.09510565162951595, "196": -0.09685831611286265, "197": -0.09822872507286765, "198": -0.09921147013144586, "199": -0.09980267284282504}}