{"name": "eigen", "eigen": 5, "normalized": false, "process_time": 0.03382706642150879, "data": {"0": -1.7042356430027019e-15, "1": -0.018738131458574375, "2": -0.036812455268470184, "3": -0.053582679497902255, "4": -0.06845471059287159, "5": -0.08090169943749746, "6": -0.09048270524660458, "7": -0.09685831611286547, "8": -0.09980267284282915, "9": -0.0992114701314495, "10": -0.0951056516295167, "11": -0.0876306680043874, "12": -0.07705132427757937, "13": -0.06374239897486886, "14": -0.048175367410170734, "15": -0.030901699437493168, "16": -0.012533323356428197, "17": 0.006279051952934247, "18": 0.024868988716488766, "19": 0.04257792915651124, "20": 0.05877852522925156, "21": 0.0728968627421458, "22": 0.08443279255020633, "23": 0.09297764858883044, "24": 0.09822872507287464, "25": 0.10000000000000606, "26": 0.0982287250728752, "27": 0.09297764858883169, "28": 0.0844327925502079, "29": 0.0728968627421477, "30": 0.058778525229253725, "31": 0.042577929156513726, "32": 0.024868988716492152, "33": 0.0062790519529378665, "34": -0.01253332335642386, "35": -0.03090169943748806, "36": -0.04817536741016482, "37": -0.06374239897486257, "38": -0.07705132427757248, "39": -0.08763066800438, "40": -0.09510565162950929, "41": -0.0992114701314422, "42": -0.09980267284282197, "43": -0.09685831611285838, "44": -0.09048270524659818, "45": -0.08090169943749186, "46": -0.06845471059286695, "47": -0.05358267949789868, "48": -0.03681245526846786, "49": -0.018738131458573292, "50": -1.7705563746527927e-15, "51": 0.01873813145856993, "52": 0.03681245526846492, "53": 0.05358267949789595, "54": 0.0684547105928648, "55": 0.08090169943749026, "56": 0.09048270524659718, "57": 0.09685831611285817, "58": 0.09980267284282239, "59": 0.09921147013144314, "60": 0.09510565162951132, "61": 0.0876306680043828, "62": 0.07705132427757602, "63": 0.06374239897486673, "64": 0.048175367410169805, "65": 0.030901699437493546, "66": 0.012533323356429454, "67": -0.006279051952931949, "68": -0.024868988716485844, "69": -0.042577929156507925, "70": -0.058778525229248084, "71": -0.07289686274214224, "72": -0.08443279255020304, "73": -0.09297764858882715, "74": -0.09822872507287146, "75": -0.10000000000000309, "76": -0.09822872507287254, "77": -0.09297764858882943, "78": -0.08443279255020637, "79": -0.07289686274214666, "80": -0.05877852522925323, "81": -0.042577929156513906, "82": -0.02486898871649225, "83": -0.0062790519529381476, "84": 0.01253332335642387, "85": 0.03090169943748857, "86": 0.048175367410166224, "87": 0.06374239897486436, "88": 0.07705132427757502, "89": 0.08763066800438318, "90": 0.09510565162951287, "91": 0.09921147013144586, "92": 0.09980267284282571, "93": 0.09685831611286222, "94": 0.09048270524660154, "95": 0.08090169943749431, "96": 0.06845471059286848, "97": 0.05358267949789899, "98": 0.0368124552684668, "99": 0.01873813145857097, "100": -1.6731407925796304e-15, "101": -0.018738131458574458, "102": -0.036812455268470025, "103": -0.053582679497902234, "104": -0.06845471059287153, "105": -0.08090169943749742, "106": -0.0904827052466044, "107": -0.0968583161128653, "108": -0.09980267284282918, "109": -0.09921147013144943, "110": -0.09510565162951672, "111": -0.08763066800438732, "112": -0.07705132427757938, "113": -0.0637423989748689, "114": -0.048175367410170825, "115": -0.030901699437493203, "116": -0.012533323356428119, "117": 0.0062790519529342705, "118": 0.02486898871648897, "119": 0.04257792915651124, "120": 0.058778525229251775, "121": 0.07289686274214591, "122": 0.08443279255020657, "123": 0.09297764858883047, "124": 0.09822872507287456, "125": 0.10000000000000604, "126": 0.09822872507287514, "127": 0.09297764858883156, "128": 0.08443279255020798, "129": 0.07289686274214766, "130": 0.05877852522925383, "131": 0.04257792915651375, "132": 0.02486898871649213, "133": 0.006279051952937979, "134": -0.012533323356423778, "135": -0.030901699437487898, "136": -0.048175367410164836, "137": -0.06374239897486256, "138": -0.0770513242775726, "139": -0.08763066800438019, "140": -0.09510565162950922, "141": -0.09921147013144219, "142": -0.09980267284282199, "143": -0.09685831611285849, "144": -0.09048270524659818, "145": -0.08090169943749198, "146": -0.06845471059286698, "147": -0.05358267949789882, "148": -0.036812455268467895, "149": -0.0187381314585733, "150": -1.6653345369377348e-15, "151": 0.018738131458570083, "152": 0.036812455268464675, "153": 0.05358267949789597, "154": 0.06845471059286472, "155": 0.08090169943749007, "156": 0.09048270524659704, "157": 0.09685831611285814, "158": 0.09980267284282211, "159": 0.09921147013144326, "160": 0.09510565162951126, "161": 0.08763066800438285, "162": 0.07705132427757604, "163": 0.06374239897486657, "164": 0.048175367410169895, "165": 0.030901699437493504, "166": 0.012533323356429676, "167": -0.006279051952931887, "168": -0.024868988716485785, "169": -0.04257792915650776, "170": -0.058778525229248035, "171": -0.07289686274214204, "172": -0.08443279255020313, "173": -0.0929776485888272, "174": -0.09822872507287157, "175": -0.10000000000000332, "176": -0.09822872507287274, "177": -0.09297764858882952, "178": -0.08443279255020644, "179": -0.07289686274214656, "180": -0.05877852522925334, "181": -0.04257792915651373, "182": -0.02486898871649232, "183": -0.0062790519529381805, "184": 0.01253332335642391, "185": 0.03090169943748869, "186": 0.04817536741016625, "187": 0.06374239897486435, "188": 0.0770513242775751, "189": 0.08763066800438313, "190": 0.09510565162951291, "191": 0.09921147013144585, "192": 0.09980267284282583, "193": 0.0968583161128622, "194": 0.09048270524660146, "195": 0.08090169943749423, "196": 0.06845471059286844, "197": 0.053582679497899056, "198": 0.03681245526846674, "199": 0.018738131458571124}}