{"name": "fiedler", "normalized": false, "process_time": 0.0179440975189209, "data": {"0": -0.09974859028626981, "1": -0.09910678797024565, "2": -0.09807385633116755, "3": -0.09665387186580782, "4": -0.09485243858505453, "5": -0.09267666591358144, "6": -0.09013514062347491, "7": -0.0872378929509918, "8": -0.0839963570002906, "9": -0.08042332562967561, "10": -0.0765328999600983, "11": -0.07234043372371309, "12": -0.06786247268150322, "13": -0.06311668930489457, "14": -0.05812181304723628, "15": -0.052897556417863076, "16": -0.04746453718597758, "17": -0.04184419701433257, "18": -0.03605871683812894, "19": -0.030130929322125764, "20": -0.024084228757968534, "21": -0.017942478735655264, "22": -0.01172991795282841, "23": -0.00547106457229091, "24": 0.0008093805507066724, "25": 0.007086631350007152, "26": 0.013335914363905951, "27": 0.019532566511408934, "28": 0.025652132419891668, "29": 0.031670460942914466, "30": 0.03756380047593108, "31": 0.04330889268891521, "32": 0.048883064324199726, "33": 0.0542643166642799, "34": 0.059431412367997864, "35": 0.06436395926570969, "36": 0.06904249085050114, "37": 0.07344854310184722, "38": 0.07756472735389595, "39": 0.08137479892056616, "40": 0.08486372120236392, "41": 0.08801772503492161, "42": 0.0908243630222431, "43": 0.09327255866432049, "44": 0.09535265007120561, "45": 0.09705642809563635, "46": 0.09837716872603339, "47": 0.09930965962399681, "48": 0.09985022069375118, "49": 0.099996718608373, "50": 0.09974857523073453, "51": 0.09910676988567729, "52": 0.09807383550386406, "53": 0.09665384861979427, "54": 0.09485241329066424, "55": 0.09267663896615366, "56": 0.09013511244567285, "57": 0.08723786397943019, "58": 0.08399632768701325, "59": 0.08042329643806677, "60": 0.07653287135619165, "61": 0.07234040616772573, "62": 0.06786244661070488, "63": 0.06311666513473714, "64": 0.0581217911622744, "65": 0.05289753715995399, "66": 0.04746452085410465, "67": 0.04184418386454913, "68": 0.03605870707784847, "69": 0.030130923108917282, "70": 0.024084226190078772, "71": 0.017942479846491673, "72": 0.011729922728169497, "73": 0.005471072936594304, "74": -0.0008093687311883308, "75": -0.0070866162616331175, "76": -0.013335896242119812, "77": -0.019532545640986367, "78": -0.02565210912987017, "79": -0.03167043560462656, "80": -0.03756377349068215, "81": -0.04330886448127984, "82": -0.048883035334635214, "83": -0.054264287350616454, "84": -0.0594313831885583, "85": -0.06436393068455366, "86": -0.06904246332169879, "87": -0.07344851706226597, "88": -0.07756470321826209, "89": -0.08137477707149812, "90": -0.08486370198123323, "91": -0.08801770874001476, "92": -0.09082434990921241, "93": -0.09327254893635419, "94": -0.09535264388184199, "95": -0.09705642553976176, "96": -0.0983771698380182, "97": -0.09930966438887498, "98": -0.09985022903838496, "99": -0.09999673040140555, "100": -0.09974859028621375, "101": -0.0991067879688431, "102": -0.09807385633256253, "103": -0.0966538718651989, "104": -0.09485243858438049, "105": -0.09267666591185991, "106": -0.09013514062445444, "107": -0.08723789295083999, "108": -0.08399635699932183, "109": -0.08042332562868058, "110": -0.07653289995987315, "111": -0.072340433724853, "112": -0.06786247268092446, "113": -0.06311668930582028, "114": -0.05812181304690946, "115": -0.05289755641775859, "116": -0.047464537187258134, "117": -0.041844197016869644, "118": -0.03605871683788164, "119": -0.030130929321692455, "120": -0.024084228759053774, "121": -0.01794247873412145, "122": -0.011729917953014504, "123": -0.005471064570539333, "124": 0.0008093805513902548, "125": 0.007086631349589382, "126": 0.013335914365957508, "127": 0.01953256651203221, "128": 0.02565213241797432, "129": 0.031670460944010825, "130": 0.037563800474468376, "131": 0.04330889268939538, "132": 0.04888306432341991, "133": 0.05426431666486515, "134": 0.05943141236758968, "135": 0.0643639592641615, "136": 0.06904249084890152, "137": 0.0734485431014127, "138": 0.0775647273550929, "139": 0.08137479892062664, "140": 0.08486372120134851, "141": 0.0880177250353205, "142": 0.09082436302310475, "143": 0.09327255866577167, "144": 0.09535265007303889, "145": 0.09705642809552087, "146": 0.09837716872563784, "147": 0.09930965962399946, "148": 0.09985022069318501, "149": 0.09999671860930154, "150": 0.09974857523045065, "151": 0.09910676988535375, "152": 0.09807383550371085, "153": 0.09665384861930025, "154": 0.09485241328933061, "155": 0.0926766389674156, "156": 0.09013511244496822, "157": 0.08723786397814419, "158": 0.08399632768667004, "159": 0.08042329643831847, "160": 0.07653287135594047, "161": 0.07234040616880621, "162": 0.06786244661015532, "163": 0.06311666513498417, "164": 0.05812179116272262, "165": 0.05289753715992792, "166": 0.04746452085518416, "167": 0.04184418386516318, "168": 0.036058707077493195, "169": 0.03013092310848737, "170": 0.02408422618980716, "171": 0.017942479847885245, "172": 0.011729922729425019, "173": 0.005471072935877841, "174": -0.0008093687332740777, "175": -0.007086616259778813, "176": -0.013335896242906757, "177": -0.01953254564097537, "178": -0.025652109131182464, "179": -0.03167043560631716, "180": -0.03756377349118814, "181": -0.04330886448087937, "182": -0.048883035333591764, "183": -0.05426428735067706, "184": -0.05943138318914088, "185": -0.06436393068434981, "186": -0.06904246332149568, "187": -0.07344851706138109, "188": -0.07756470321848988, "189": -0.08137477707067356, "190": -0.08486370198032481, "191": -0.08801770874019532, "192": -0.09082434990840853, "193": -0.0932725489355695, "194": -0.09535264388278383, "195": -0.09705642553938486, "196": -0.0983771698400469, "197": -0.09930966438935349, "198": -0.09985022903860637, "199": -0.09999673040292215}}