{"name": "fiedler", "normalized": true, "process_time": 0.021528005599975586, "data": {"0": -0.009098669191115905, "1": -0.002827705402540816, "2": 0.0034544180071602584, "3": 0.009722908336898827, "4": 0.015953026695310422, "5": 0.022120185628005766, "6": 0.028200046151130663, "7": 0.034168613809674196, "8": 0.04000233337323358, "9": 0.04567818180029156, "10": 0.05117375909664163, "11": 0.05646737671467796, "12": 0.061538143159166094, "13": 0.06636604643324953, "14": 0.07093203300548495, "15": 0.07521808301883086, "16": 0.07920728139916222, "17": 0.08288388461204686, "18": 0.08623338279729013, "19": 0.08924255703941478, "20": 0.09189953152102817, "21": 0.09419382040407562, "22": 0.09611636919784652, "23": 0.0976595905075824, "24": 0.0988173939737868, "25": 0.09958521030900863, "26": 0.09996000932545823, "27": 0.09994031188961079, "28": 0.09952619576342175, "29": 0.09871929530374439, "30": 0.09752279500838545, "31": 0.09594141693660475, "32": 0.09398140208898577, "33": 0.09165048577248722, "34": 0.08895786706220239, "35": 0.08591417250924685, "36": 0.08253141419890755, "37": 0.07882294233387704, "38": 0.07480339256353487, "39": 0.07048862821330006, "40": 0.06589567768234271, "41": 0.06104266724241762, "42": 0.05594874949742082, "43": 0.05063402779652162, "44": 0.04511947689854607, "45": 0.03942686019857756, "46": 0.03357864383290564, "47": 0.027597908011573614, "48": 0.021508255935974722, "49": 0.015333720648918008, "50": 0.009098670195483612, "51": 0.00282771144327306, "52": -0.003454407027676894, "53": -0.009722892595296606, "54": -0.0159530064385048, "55": -0.022120161178219536, "56": -0.028200017891702827, "57": -0.03416858218828943, "58": -0.04000229888849779, "59": -0.0456781449950958, "60": -0.05117372054760478, "61": -0.056467337031773035, "62": -0.061538102968557794, "63": -0.06636600636403209, "64": -0.07093199369028581, "65": -0.07521804508163289, "66": -0.07920724543736442, "67": -0.0828838511905896, "68": -0.08623335244586267, "69": -0.08924253023515345, "70": -0.09189950868824194, "71": -0.09419380190021742, "72": -0.09611635531612382, "73": -0.09765958146804238, "74": -0.09881738992096117, "75": -0.09958521130625352, "76": -0.09996001535274418, "77": -0.09994032285291667, "78": -0.09952621149426033, "79": -0.09871931555169106, "80": -0.09752281944904267, "81": -0.09594144518784768, "82": -0.09398143370694645, "83": -0.09165052025773297, "84": -0.08895790387102, "85": -0.08591421106433769, "86": -0.0825314538918116, "87": -0.07882298253910769, "88": -0.07480343264685899, "89": -0.07048866753933343, "90": -0.06589571563253681, "91": -0.06104270321602889, "92": -0.05594878292743602, "93": -0.050634058153501214, "94": -0.045119503706551434, "95": -0.03942688303413384, "96": -0.03357866233320485, "97": -0.027597921884505872, "98": -0.02150826496674683, "99": -0.015333724694884227, "100": -0.009098669190722771, "101": -0.0028277054021075805, "102": 0.00345441800649897, "103": 0.009722908336890374, "104": 0.01595302669522696, "105": 0.022120185628947305, "106": 0.028200046151125757, "107": 0.03416861380871706, "108": 0.04000233337379928, "109": 0.04567818180072516, "110": 0.05117375909567839, "111": 0.05646737671419142, "112": 0.06153814315998504, "113": 0.06636604643293659, "114": 0.07093203300690668, "115": 0.07521808301989515, "116": 0.07920728139846556, "117": 0.08288388460974595, "118": 0.08623338279786241, "119": 0.08924255703909105, "120": 0.09189953152213098, "121": 0.09419382040374692, "122": 0.09611636919841501, "123": 0.09765959050685254, "124": 0.09881739397326816, "125": 0.09958521031023665, "126": 0.09996000932545615, "127": 0.09994031188827335, "128": 0.0995261957640286, "129": 0.09871929530493842, "130": 0.09752279500670553, "131": 0.09594141693653171, "132": 0.09398140209094634, "133": 0.09165048577120291, "134": 0.08895786706250189, "135": 0.08591417251039231, "136": 0.08253141419747372, "137": 0.07882294233219374, "138": 0.07480339256429802, "139": 0.07048862821365263, "140": 0.06589567768370652, "141": 0.06104266724247154, "142": 0.05594874949802445, "143": 0.050634027795549826, "144": 0.04511947689853129, "145": 0.03942686019790106, "146": 0.03357864383299942, "147": 0.02759790801111724, "148": 0.021508255936692793, "149": 0.015333720650155157, "150": 0.00909867019571846, "151": 0.002827711442316056, "152": -0.0034544070274692075, "153": -0.009722892595394685, "154": -0.015953006439573876, "155": -0.022120161177198255, "156": -0.028200017891885684, "157": -0.03416858218949668, "158": -0.040002298889120026, "159": -0.04567814499332877, "160": -0.05117372054631011, "161": -0.05646733703382657, "162": -0.061538102968107335, "163": -0.06636600636434507, "164": -0.07093199369131856, "165": -0.07521804508119719, "166": -0.07920724543545295, "167": -0.08288385119148592, "168": -0.08623335244475405, "169": -0.0892425302346029, "170": -0.09189950868831913, "171": -0.09419380190158784, "172": -0.0961163553163417, "173": -0.09765958146869516, "174": -0.09881738992061252, "175": -0.09958521130457458, "176": -0.09996001535246585, "177": -0.09994032285458188, "178": -0.09952621149400442, "179": -0.0987193155515826, "180": -0.09752281944910923, "181": -0.09594144518803126, "182": -0.09398143370785832, "183": -0.09165052025744887, "184": -0.08895790387149881, "185": -0.08591421106403811, "186": -0.08253145389052306, "187": -0.07882298253965075, "188": -0.07480343264629312, "189": -0.07048866753971716, "190": -0.06589571563191497, "191": -0.06104270321789469, "192": -0.05594878292685686, "193": -0.05063405815316962, "194": -0.045119503705772654, "195": -0.039426883032889715, "196": -0.03357866233409527, "197": -0.027597921886573718, "198": -0.021508264966099058, "199": -0.015333724695122088}}