{"(0, 1, 1)": -0.002280311908301123, "(1, 0, 0)": 0.0022803119083012503, "(0, 0, 1)": -0.0311874179595453, "(1, 0, 1)": -0.5137552327486571, "(0, 0, 0)": 0.48484812669741284, "(1, 1, 1)": -0.4848481266974129, "(1, 1, 0)": 0.031187417959545397, "(0, 1, 0)": 0.5137552327486571}