{"(0, 1, 1)": 0.09549781643664379, "(1, 0, 0)": -0.09549781643664372, "(0, 0, 1)": 0.44375054099154587, "(1, 0, 1)": -0.16743303544539567, "(0, 0, 0)": 0.5156857600002978, "(1, 1, 1)": -0.5156857600002971, "(1, 1, 0)": -0.443750540991546, "(0, 1, 0)": 0.16743303544539484}