{"(0, 1, 1)": -0.6082180292135848, "(1, 0, 0)": -0.6082180292135844, "(0, 0, 1)": 0.19578702783887225, "(1, 0, 1)": 0.26404543766678656, "(0, 0, 0)": 0.14838556370792594, "(1, 1, 1)": 0.14838556370792577, "(1, 1, 0)": 0.19578702783887203, "(0, 1, 0)": 0.2640454376667864}