{"(0, 1, 1)": -0.28823835904991996, "(1, 0, 0)": 0.2882383590499199, "(0, 0, 1)": 0.28594582671645274, "(1, 0, 1)": 0.5789052976594244, "(0, 0, 0)": -0.004721111893051633, "(1, 1, 1)": 0.004721111893051078, "(1, 1, 0)": -0.2859458267164529, "(0, 1, 0)": -0.5789052976594244}