{"name": "agd", "process_time": 0.0018768310546875, "data": {"0": 1.894736842105263, "1": 1.5789473684210527, "2": 2.473684210526316, "3": 1.5263157894736843, "4": 1.4736842105263157, "5": 1.6842105263157894, "6": 1.4736842105263157, "7": 1.5789473684210527, "8": 1.7894736842105263, "9": 1.8421052631578947, "10": 1.8421052631578947, "11": 2.0526315789473686, "12": 2.0526315789473686, "13": 2.0526315789473686, "14": 2.0526315789473686, "15": 1.894736842105263, "16": 1.8421052631578947, "17": 2.263157894736842, "18": 2.0526315789473686, "19": 2.1578947368421053}}