{"name": "density", "eps": 0.5, "process_time": 0.002429962158203125, "data": {"0": 1.6803665507799297, "1": 2.0860369074019065, "2": 1.681037445575775, "3": 2.35637199601725, "4": 2.6263716372346706, "5": 1.81536637138864, "6": 1.681037445575775, "7": 1.8163727135824081, "8": 2.2213721754085394, "9": 1.6807019981778524, "10": 1.4103669095625089, "11": 1.4107023569604316, "12": 1.4100314621645862, "13": 1.5450312827732966, "14": 1.4107023569604316, "15": 1.4093605673687408, "16": 1.4100314621645862, "17": 1.4100314621645862, "18": 1.4103669095625089, "19": 1.4103669095625089}}