{"name": "eigen", "eigen": 2, "normalized": false, "process_time": 0.002324819564819336, "data": {"0": 0.18157783167443126, "1": 0.1776061053060067, "2": 0.08125364390337395, "3": -0.006482793597066226, "4": 0.05424639368845985, "5": 0.18601967997538957, "6": 0.19761247241169388, "7": 0.16020794614980025, "8": 0.024223942300417047, "9": -0.040529700081133574, "10": -0.07520326699614119, "11": 0.44273109920930154, "12": -0.1505502489331438, "13": -0.18124178829247015, "14": 0.052451650330750776, "15": -0.3483426632106186, "16": -0.1407708251161234, "17": 0.23999340984398154, "18": -0.43999705332653033, "19": -0.41480583524038195}}