{"name": "eigen", "eigen": 3, "normalized": false, "process_time": 0.002324819564819336, "data": {"0": -0.0024929807759760396, "1": -0.0664842451099874, "2": 0.3456595935272092, "3": -0.021716843038360238, "4": 0.024124357965839005, "5": -0.04048081081344064, "6": -0.1436819264699024, "7": -0.07915284937209288, "8": -0.060129503441177304, "9": -0.06371680341755445, "10": 0.14874463801182736, "11": -0.2952342296476559, "12": 0.1853403335565984, "13": -0.35081125840266847, "14": 0.17074024482679134, "15": -0.02345508203018966, "16": 0.4693414475206163, "17": 0.13858556456337875, "18": -0.5188343943074947, "19": 0.18365474685423902}}