{"name": "eigen", "eigen": 5, "normalized": false, "process_time": 0.002324819564819336, "data": {"0": -0.07639793824124444, "1": 0.09373485244791886, "2": -0.10944639786600352, "3": -0.047234454159310706, "4": 0.13704559159055274, "5": 0.030663669107984317, "6": -0.10314336452127817, "7": 0.013324385856724482, "8": 0.10990105160233545, "9": 0.01803515685473215, "10": 0.06845701524417182, "11": -0.3888824376171588, "12": -0.046602664534109314, "13": 0.30023164721214546, "14": 0.2427748411043209, "15": -0.18308143777855074, "16": 0.37176358489497235, "17": 0.05316231982557465, "18": 0.16357546418886787, "19": -0.6478808852126442}}