{"0": -0.22360679774997833, "1": -0.25668858370361286, "2": -0.21308046133397784, "3": -0.11481213201704124, "4": -0.09837214268690125, "5": 0.008838328875944853, "6": -0.008547343317919615, "7": -0.025909999066960867, "8": -2.99221215248436e-16, "9": 0.018799553836493735, "10": 0.0492004922030531, "11": 0.27724379929491233, "12": -0.20176782588534675, "13": 0.002467297058370345, "14": 0.4695371968973792, "15": -0.6209140935902623, "16": 0.2757746739526234, "17": 0.01881700417019159, "18": 0.0834521776730536, "19": -0.0728161821477681}