{"name": "eigen", "eigen": 5, "normalized": true, "process_time": 0.00427699089050293, "data": {"0": 0.01257532143342882, "1": -0.1619986497882983, "2": -0.535506102495074, "3": -0.4622646626418012, "4": 0.19817108019290747, "5": -0.1854136568139533, "6": 0.207740567488479, "7": -0.25101097789434307, "8": 0.28889766535625605, "9": -0.09502426924023981, "10": 0.18866843147890502, "11": 0.26860758120676886, "12": 0.06592922583554148, "13": 0.019888541250825207, "14": 0.21298062834806752, "15": 0.009192401942638172, "16": -0.030806019549674196, "17": 0.15353566565589138, "18": -0.04771071828579963, "19": 0.12691322721428824}}