{"0": -0.26698117510653474, "1": 0.21820011335193915, "2": -0.05982602236457311, "3": 0.042382631374412554, "4": -0.03824415021877349, "5": 0.25668862860966457, "6": -0.14846738157224795, "7": -0.13585080326479293, "8": -0.07843563009412846, "9": -0.011918083444032487, "10": 0.32116162114101227, "11": -0.31079884371114364, "12": -0.23227552097934134, "13": 0.25407142116012454, "14": -0.31079884371114364, "15": -0.22205498292371725, "16": -0.16090734498056886, "17": 0.3190414239498198, "18": 0.21129272230876908, "19": 0.3537202204752557}