{"name": "fiedler", "normalized": true, "process_time": 0.041687726974487305, "data": {"0": -0.33838545343938486, "1": 0.3890458124143005, "2": -0.014029175241862193, "3": 0.07955103349651904, "4": -0.09715883769844627, "5": 0.40209671123604335, "6": -0.15144748793243437, "7": -0.2428945353618375, "8": -0.1849557816741365, "9": -0.04666259748866307, "10": 0.24577289487309203, "11": -0.24677421696227322, "12": -0.13888836457735337, "13": 0.2243268925632845, "14": -0.24677421696227322, "15": -0.1710693734321234, "16": -0.11942481294397715, "17": 0.1925419484249116, "18": 0.16510754670991398, "19": 0.2801783681311187}}