{"0": 1.75, "1": 1.75, "2": 1.75, "3": 1.75, "4": 1.75, "5": 1.75, "6": 1.75, "7": 1.75, "8": 1.75, "9": 1.75, "10": 1.1666666666666667, "11": 1.1666666666666667, "12": 1.1666666666666667}