{"0": -0.07482628342272332, "1": -0.2248018505243191, "2": 0.8978782728911809, "3": -0.14067628957190104, "4": 0.04348801108193587, "5": -0.1368145301230031, "6": 0.04215029713061247, "7": -0.0815567167613796, "8": -0.2967550505633238, "9": -0.02808586013707809, "10": -8.326672684688674e-17, "11": 1.3877787807814457e-16, "12": 1.3877787807814457e-16}