{"0": -0.008531630498766374, "1": -0.0612121519606527, "2": -0.009101142344829375, "3": -0.021942817172559838, "4": 0.10330734641612453, "5": 0.03451431922426023, "6": -0.091156279485188, "7": 0.18869646704474485, "8": 0.09425887801173186, "9": -0.22883298923486528, "10": 0.7437487802339626, "11": -0.5281495488925656, "12": -0.21559923134139708}