{"0": 0.38973350426290143, "1": -0.229625290967703, "2": 0.28156866926848667, "3": 0.33107050948491595, "4": -0.1170550276708061, "5": -0.31785371129004514, "6": -0.08625515048203651, "7": -0.33678166986346014, "8": -0.26988563371703195, "9": 0.3550838009747789, "10": 0.08595352329508332, "11": -0.3266067538577827, "12": 0.24065323056269966}