{"name":"pagerank","alpha":0.85,"weight":"value","num_of_nodes":100,"num_of_edges":200,"process_time":0.03358817100524902,"data":{"0":0.007628451069924381,"1":0.012157882997178421,"2":0.009783980560741075,"3":0.0076765821596201855,"4":0.00978639637119187,"5":0.007859643810925228,"6":0.008070325344047979,"7":0.007866479729870673,"8":0.012796095575105129,"9":0.005605316659635184,"10":0.005498448902610837,"11":0.012546239864045284,"12":0.011863767813153134,"13":0.007827451649343948,"14":0.01050780756402819,"15":0.010375869680244251,"16":0.010136765118434612,"17":0.008165145608594625,"18":0.010041121224177026,"19":0.008209510388863962,"20":0.010386790705414763,"21":0.00781228424600274,"22":0.010133452588409015,"23":0.005875861576310795,"24":0.010305542813898871,"25":0.007916121479277782,"26":0.010129569585947528,"27":0.012031749005836612,"28":0.009711587099505634,"29":0.01406198241521939,"30":0.011873779102644245,"31":0.00993143279143566,"32":0.01245363026682916,"33":0.009861883538902725,"34":0.008030552470261423,"35":0.007697011580947958,"36":0.007711520483311925,"37":0.018341882849632465,"38":0.01378092397113946,"39":0.007472471226830332,"40":0.017715472817199058,"41":0.01150843243081369,"42":0.013573093370693226,"43":0.011976365663049424,"44":0.011605384979373405,"45":0.008154354840390876,"46":0.008589373305384345,"47":0.008543346879618432,"48":0.008321227722007503,"49":0.010288243720493733,"50":0.010360725469020525,"51":0.012441694420782965,"52":0.007618611474114377,"53":0.010320166420392584,"54":0.010407950610165358,"55":0.010297277304683128,"56":0.00783867501983627,"57":0.007725954510938951,"58":0.012314060343998609,"59":0.00766885027854221,"60":0.0056281858326710605,"61":0.012469368670487842,"62":0.014178280641067595,"63":0.007814802063379978,"64":0.007592397675673935,"65":0.01230818543246854,"66":0.007855186019787415,"67":0.0101367478137665,"68":0.009796538995566616,"69":0.007875171329442923,"70":0.01218047415698794,"71":0.01012891126084725,"72":0.009758434910395072,"73":0.007657616004539154,"74":0.00967245221809664,"75":0.012100298442797405,"76":0.016320342451918646,"77":0.010145086042860007,"78":0.011869640794822368,"79":0.0077382224479178,"80":0.009714206127750981,"81":0.009794128996597236,"82":0.010150293355225928,"83":0.007891710178710673,"84":0.010115152619589245,"85":0.014188022411434565,"86":0.007879536833720816,"87":0.010037564728287145,"88":0.005880550999274872,"89":0.009839777389433998,"90":0.005772977209600831,"91":0.009596334806137764,"92":0.008391202996724918,"93":0.014129942156397656,"94":0.007969786054766404,"95":0.01857039663194735,"96":0.009537257687920195,"97":0.010302807693377594,"98":0.009828834707532985,"99":0.009990599739080957}}