{"name": "eigen", "eigen": 3, "normalized": true, "process_time": 0.006913900375366211, "data": {"0": -0.018415647090889577, "1": -0.008294799551341757, "2": 0.06411935625435307, "3": -0.008294799551341875, "4": -0.008294799551341603, "5": 0.03550331888183064, "6": 0.09550732078547235, "7": -0.152590924514781, "8": -0.008294799551341965, "9": -0.2917407202786577, "10": -0.00829479955134179, "11": -0.00829479955134204, "12": -0.09143417983826221, "13": -0.17254086448250333, "14": -0.24450525839165374, "15": -0.4192972428335585, "16": -0.037917331513786894, "17": -0.03791733151378691, "18": 0.12780047362428476, "19": 0.0595844571148069, "20": 0.07700967240800546, "21": -0.2440830143210791, "22": -0.008294799551341818, "23": 0.11891766000670899, "24": 0.1867448303648497, "25": -0.008294799551341818, "26": 0.07700967240800546, "27": -0.2440830143210791, "28": -0.08390674651630918, "29": -0.03572256447347524, "30": 0.16568401203421054, "31": -0.037917331513786914, "32": 0.0595844571148069, "33": -0.008294799551341818, "34": 0.025282547886806263, "35": -0.008294799551341818, "36": -0.2586077611221671, "37": -0.16093910881863194, "38": -0.008294799551341818, "39": -0.008294799551341818, "40": 0.2035484157960082, "41": 0.17327879197995633, "42": 0.11891766000670902, "43": 0.19492378948554012, "44": -0.008294799551341818, "45": 0.11891766000670902, "46": 0.07700967240800549, "47": 0.014598130507432859, "48": 0.21995053790873095, "49": 0.2700617339566488}}