{"name": "eigen", "eigen": 5, "normalized": true, "process_time": 0.006913900375366211, "data": {"0": -0.0103108428476164, "1": -0.006285092401370721, "2": 0.10593107255882495, "3": -0.006285092401370384, "4": -0.006285092401370232, "5": 0.2134025931115431, "6": 0.055349027200594064, "7": -0.33953703174495925, "8": -0.006285092401370095, "9": -0.0038240535540929655, "10": -0.006285092401370154, "11": -0.0062850924013699945, "12": 0.44430015297669806, "13": 0.02579890436516143, "14": -0.060427323314059346, "15": -0.0985566523224455, "16": 0.06554949418478062, "17": 0.06554949418478026, "18": 0.07654583360988851, "19": 0.048297057040441176, "20": 0.008534803440940542, "21": -0.2076992834744021, "22": -0.006285092401370427, "23": 0.06690207931765155, "24": 0.05885676657008619, "25": -0.006285092401370427, "26": 0.008534803440940542, "27": -0.2076992834744021, "28": 0.06481914996296874, "29": 0.38676275488722667, "30": -0.17214724877504678, "31": 0.06554949418478051, "32": 0.04829705704044134, "33": -0.006285092401370427, "34": 0.25419987325217114, "35": -0.0062850924013704255, "36": -0.08226291196275617, "37": -0.002854874980595983, "38": -0.006285092401370425, "39": -0.006285092401370425, "40": -0.09103209535123176, "41": -0.12493536211056934, "42": 0.06690207931765146, "43": -0.16292343781184984, "44": -0.006285092401370426, "45": 0.06690207931765157, "46": 0.008534803440940405, "47": 0.11874807241033372, "48": -0.21396548021044956, "49": -0.34768073385468135}}