{"name": "fiedler", "normalized": false, "process_time": 0.11780714988708496, "data": {"0": -0.08925152013466509, "1": 0.022481082811600217, "2": 0.022480857474399506, "3": -0.10202244999713178, "4": -0.1020227901917168, "5": 0.22377442697354924, "6": -0.06683733004946098, "7": -0.0668374625412191, "8": -0.13383257207259625, "9": -0.13383277209481756, "10": 0.040088087700634975, "11": -0.07091908050559922, "12": 0.2508723772197285, "13": -0.07091966633158954, "14": 0.25087201189062397, "15": -0.06586543770206338, "16": -0.0658655370045875, "17": -0.11842521781571647, "18": -0.11842536773975149, "19": -0.10357164761339253, "20": -0.1035717059987922, "21": -0.1318540192342456, "22": -0.1318541073787094, "23": 0.032847741309457924, "24": -0.058110337502219424, "25": 0.1657844661454683, "26": -0.032405231303379814, "27": 0.04752113973864612, "28": -0.02394891806518783, "29": 0.18323103308361866, "30": -0.0581107830776158, "31": 0.1657842253570917, "32": -0.03240551323115931, "33": 0.04752089895026947, "34": -0.02394957622523926, "35": 0.18323053203921927, "36": -0.14418813629700064, "37": -0.17230804562265814, "38": -0.17230847124602888, "39": -0.14418891718030866, "40": 0.45067206894045364, "41": 0.45067166452209134}}