{"name": "eigen", "eigen": 2, "normalized": false, "process_time": 0.0018050670623779297, "data": {"0": 0.15811388300841897, "1": 0.1581138830084187, "2": 0.158113883008419, "3": 0.15811388300841916, "4": -2.7755575615628914e-17, "5": -0.6324555320336755, "6": -0.6324555320336757, "7": 3.0531133177191805e-16, "8": 0.15811388300841933, "9": 0.15811388300841933, "10": 0.15811388300841933, "11": 0.15811388300841933}}