{"name": "eigen", "eigen": 3, "normalized": true, "process_time": 0.010428190231323242, "data": {"0": 0.02609080784749293, "1": 0.03863415010292161, "2": 0.04803530669776209, "3": 0.05569936184845317, "4": 0.059987192469052486, "5": 0.06349319130347852, "6": 0.06553649122582383, "7": 0.06514540183970827, "8": 0.06567114385008073, "9": 0.06493383171571407, "10": 0.0660589354016417, "11": 0.06642880245125445, "12": 0.06614560417626118, "13": 0.06747618164604507, "14": 0.06338862613755344, "15": 0.07255246497107101, "16": 0.07585041031921047, "17": 0.08149744740184656, "18": 0.08357092706510261, "19": 0.08425537387400081, "20": 0.08267153117407162, "21": 0.07919067099039273, "22": 0.07376792421445665, "23": 0.06658351442430234, "24": 0.05779110002545228, "25": 0.04760992937282865, "26": 0.03628163023015468, "27": 0.024081427798008953, "28": 0.011298762408889607, "29": -0.0017487441739500453, "30": -0.014772470423742773, "31": -0.027393256596810495, "32": -0.03947740543619866, "33": -0.05029362891393582, "34": -0.060722219670045416, "35": -0.06755817330630709, "36": -0.07828722104465025, "37": -0.08143587354932084, "38": -0.10265389377853637, "39": -0.09780021093905386, "40": -0.12442946128844591, "41": -0.1313780812046241, "42": -0.1358535102117305, "43": -0.13656478579128206, "44": -0.13477109757406883, "45": -0.14299727683661645, "46": -0.1226244627635228, "47": -0.11141738555815195, "48": -0.10172248878020182, "49": -0.08007793699336502, "50": -0.080587286580775, "51": -0.10487180228049763, "52": -0.1149778640015642, "53": -0.13583097070014927, "54": -0.16098497196868722, "55": -0.1743633583548475, "56": -0.17847406394020848, "57": -0.18026752173483188, "58": -0.17690530065744053, "59": -0.16973746589359986, "60": -0.15795493232870636, "61": -0.14349335214794787, "62": -0.13725655998412412, "63": -0.10632940360750362, "64": -0.08501944290335822, "65": -0.061304185559654056, "66": -0.0394957547902923, "67": -0.007029991302386379, "68": 8.733378711554829e-05, "69": 0.016825417406540866, "70": 0.02567432256288414, "71": 0.05506529088865415, "72": 0.08136293435766087, "73": 0.12435499464894302, "74": 0.13226503991299715, "75": 0.15249479514166134, "76": 0.16813510291105396, "77": 0.1800888760955669, "78": 0.1875548521986886, "79": 0.19060225168954847, "80": 0.188930506470931, "81": 0.18300712588839832, "82": 0.17193036803710093, "83": 0.15864736816477693, "84": 0.13654508006729452, "85": 0.12410635725722466, "86": 0.07514278535032581, "87": 0.019726987882076087, "88": 0.008141398853482792, "89": -0.01699398258734372, "90": 0.006507444375566385, "91": -0.015148902006988416, "92": -0.02206018258552707, "93": -0.022821843551784703, "94": -0.03615987995954659, "95": -0.010195205597175953, "96": -0.007311480090754354, "97": -0.0029953649128500667, "98": -0.010958507217038033, "99": 0.018393849075387957}}