{"name": "eigen", "eigen": 1, "normalized": true, "process_time": 0.010428190231323242, "data": {"0": 0.03032137378260164, "1": 0.038533102458133676, "2": 0.04731592751648947, "3": 0.05362042160122508, "4": 0.05767311288467887, "5": 0.06142351628981002, "6": 0.0644874529532767, "7": 0.06581790080699049, "8": 0.0687358287154813, "9": 0.07181875763791866, "10": 0.07581861420184888, "11": 0.08062776861977969, "12": 0.08461929506743512, "13": 0.0924609689147235, "14": 0.09383453795965266, "15": 0.11450416996815765, "16": 0.12808987965191732, "17": 0.14590354357886404, "18": 0.15948374234691637, "19": 0.1718088242519856, "20": 0.18149975624094383, "21": 0.18889356170351912, "22": 0.1937120978731725, "23": 0.19595981609316251, "24": 0.1955802477175974, "25": 0.19258848936600834, "26": 0.18702102608854496, "27": 0.1789527701067231, "28": 0.168493688925471, "29": 0.15577688777174167, "30": 0.14099040250581485, "31": 0.12428486416926682, "32": 0.10600617586134903, "33": 0.08607977481601918, "34": 0.06560210753455387, "35": 0.042686913496575205, "36": 0.023261797537264706, "37": -0.007873208567907797, "38": -0.00975071001991705, "39": -0.01839552616748511, "40": -0.02473399671787197, "41": -0.030885825628839656, "42": -0.03540908306890271, "43": -0.04009970502209181, "44": -0.043556040361636954, "45": -0.05352518100045865, "46": -0.047937064449651914, "47": -0.04965839881329108, "48": -0.04746342177191497, "49": -0.05204794882580365, "50": -0.037045833742595125, "51": -0.04228470092855087, "52": -0.05413087763298388, "53": -0.0457783770423958, "54": -0.05395707659841597, "55": -0.053154512464254566, "56": -0.052085218941095364, "57": -0.05017156484176379, "58": -0.047585140037810565, "59": -0.04451639163512596, "60": -0.040394828379294145, "61": -0.036946073934970916, "62": -0.03336049960776573, "63": -0.03057130026604911, "64": -0.02904306485251589, "65": -0.02441930035497481, "66": -0.029406786090866763, "67": -0.007027987196699222, "68": -0.04778399737927071, "69": -0.05774546050747904, "70": -0.08454280064049621, "71": -0.09985196319872731, "72": -0.1072961252869876, "73": -0.13780203673805408, "74": -0.13384936501771993, "75": -0.1440829529599607, "76": -0.15184060112807118, "77": -0.157781779847319, "78": -0.16152491809337505, "79": -0.16315915335334918, "80": -0.16254908483164948, "81": -0.15990282107195072, "82": -0.15477211121316076, "83": -0.14847002876211335, "84": -0.13784767442317108, "85": -0.13145883970647482, "86": -0.10749925403367744, "87": -0.07269723814127506, "88": -0.06957986231530228, "89": -0.07055404399499367, "90": -0.0751956734420907, "91": -0.06632509393023822, "92": -0.053432870848552416, "93": -0.053429722781215806, "94": -0.062256921461661716, "95": -0.01721285206622644, "96": -0.004923214536091243, "97": 0.00048134403024814587, "98": 0.0029338231080780113, "99": 0.024829721219309007}}