{"name": "eigen", "eigen": 2, "normalized": false, "process_time": 0.00940704345703125, "data": {"0": -0.20539518248036245, "1": 0.22566692951404416, "2": -0.013074092687033634, "8": 0.7881626635044728, "9": -0.3401541500951867, "10": -0.045662480263753635, "11": -0.4095436874921796}}