{"name": "eigen", "eigen": 4, "normalized": true, "process_time": 0.015023231506347656, "data": {"0": 0.05530712583123534, "1": -0.3814706602673869, "2": 0.26801546907081936, "8": -0.39748666319527637, "9": -0.6145874695863287, "10": 0.3605335261541224, "11": 0.3374776094119938}}