{"name": "eigen", "eigen": 5, "normalized": true, "process_time": 0.0033330917358398438, "data": {"0": 0.43956487204730194, "1": 0.06583346300839044, "2": -0.07119294473301602, "8": 0.3886069910470946, "9": -0.33189354160862516, "10": -0.5425318515729013, "11": 0.49180353456160725}}