{"name": "eigen", "eigen": 2, "normalized": true, "process_time": 0.015023231506347656, "data": {"0": -0.23427718029120387, "1": -0.03225503471126606, "2": -0.012136245915398428, "8": 0.7501093124172589, "9": -0.42277746045802, "10": 0.36436427280590256, "11": -0.2641220212739933}}