{"name": "fiedler", "normalized": false, "process_time": 0.02200603485107422, "data": {"0": -0.028866906514117163, "1": 0.7864638223142134, "2": 0.26156194863293664, "8": -0.4434508313297841, "9": -0.18141349771045726, "10": -0.1474828053131371, "11": -0.24681173007965446}}