{"name": "fiedler", "normalized": false, "process_time": 0.024023056030273438, "data": {"0": -0.028866862804116877, "1": 0.7864637742901971, "2": 0.2615619514152257, "8": -0.44345099905810315, "9": -0.18141342532249882, "10": -0.1474827955957446, "11": -0.2468116429249595}}