{"name": "fiedler", "normalized": true, "process_time": 0.02123117446899414, "data": {"0": -0.05414767598808501, "1": -0.603120889292542, "2": -0.5732780453877171, "8": 0.16303583632987675, "9": 0.3291634544548583, "10": 0.20006372542600212, "11": 0.3601537822274431}}