{"name": "fiedler", "normalized": true, "process_time": 0.022476911544799805, "data": {"0": -0.05414766288816031, "1": -0.6031208874907741, "2": -0.5732780447056067, "8": 0.1630357943818085, "9": 0.3291634780994722, "10": 0.20006370504651705, "11": 0.3601537969998631}}