{"name": "pagerank", "alpha": 0.85, "process_time": 0.0018680095672607422, "data": {"0": 0.1596060073662471, "1": 0.06982475846908544, "2": 0.17081190609044034, "8": 0.06623815065957367, "9": 0.15872441122438513, "10": 0.2635849458645352, "11": 0.11120982032573312}}