{"directed": false, "multigraph": true, "graph": {}, "nodes": [{"cover": {"level": 0, "range": [0.0, 0.5]}, "min_value": 0.0, "max_value": 0.4897959183673469, "avg_value": 0.24489795918367346, "component_count": 25, "components": ["28", "18", "20", "36", "1", "47", "9", "15", "10", "49", "7", "0", "29", "46", "38", "32", "42", "27", "26", "12", "3", "31", "8", "48", "39"], "x": 250.0, "y": 250.0, "id": "mapper_node_0"}, {"cover": {"level": 1, "range": [0.5, 1.0]}, "min_value": 0.5102040816326531, "max_value": 1.0, "avg_value": 0.7551020408163265, "component_count": 25, "components": ["41", "6", "35", "17", "13", "19", "43", "23", "34", "2", "24", "40", "21", "37", "14", "30", "33", "5", "44", "22", "45", "16", "25", "4", "11"], "x": 0.0, "y": 250.00000000000003, "id": "mapper_node_1"}], "links": [{"value": 184, "source": "mapper_node_0", "target": "mapper_node_1", "key": 0}], "info": {"component_method": "modularity", "link_method": "connectivity", "cover_overlap": 0.0, "cover_intervals": 2, "compute_time": 0.018670082092285156}}