{"name": "density", "eps": 0.5, "process_time": 5.22786283493042, "data": {"0": 45.501468568890004, "1": 44.207365007147054, "2": 44.918798054870116, "3": 45.90943049717396, "4": 45.392373386387675, "5": 44.51418237379963, "6": 45.16563652752855, "7": 45.72580129264068, "8": 44.11805560062298, "9": 45.180396306089875, "10": 45.281849973164675, "11": 44.81370513631074, "12": 45.126296313650826, "13": 44.78096019150519, "14": 44.72080398511975, "15": 45.72455553494537, "16": 44.059543854844534, "17": 44.72758033237972, "18": 45.6664192818309, "19": 45.149764020917644, "20": 44.25502905863952, "21": 45.137078393356276, "22": 45.108945273186315, "23": 44.76606109569541, "24": 44.18203393399503, "25": 44.86657205769104, "26": 45.10111759671368, "27": 43.63810465246678, "28": 45.26918728461116, "29": 46.010582968757824, "30": 44.995285048458854, "31": 45.68059160878389, "32": 44.63761404033186, "33": 44.93595264402117, "34": 44.14087838491318, "35": 44.932628863531995, "36": 44.52740300017538, "37": 45.30672142869508, "38": 45.0399037634986, "39": 45.2284560250063, "40": 43.608978452793174, "41": 44.954229598012056, "42": 44.40638043171365, "43": 44.64166024551367, "44": 45.29349999202871, "45": 44.503958785435294, "46": 45.814923530292674, "47": 43.683256214401396, "48": 44.86271979336488, "49": 43.66305872008598, "50": 63.81960084157475, "51": 63.47399896971045, "52": 63.321393419757456, "53": 63.651016130453314, "54": 63.07082983339677, "55": 63.36764626328261, "56": 63.60978356087231, "57": 62.308739487817874, "58": 63.686336071009194, "59": 62.81220648308481, "60": 62.72265943946396, "61": 61.88354912798406, "62": 63.17031969171158, "63": 63.4649805495039, "64": 64.62101601110191, "65": 62.02685891220975, "66": 62.89263203525344, "67": 62.09013101780198, "68": 62.94169884287546, "69": 62.38356704902505, "70": 62.81001764002488, "71": 62.78685834362837, "72": 62.90119931698107, "73": 63.14663414243697, "74": 62.8488859137776, "75": 63.336334648652695, "76": 61.74185594043615, "77": 64.1264235118798, "78": 62.699921171935834, "79": 63.18351983574825, "80": 63.18327252911508, "81": 62.85241500478691, "82": 62.61185765484019, "83": 63.40755931610718, "84": 63.953867548533864, "85": 63.725584677215046, "86": 63.13321872797715, "87": 63.34643423863174, "88": 63.40803757731105, "89": 62.07811129285391, "90": 63.078859200280085, "91": 63.066468893157435, "92": 63.250462433692434, "93": 63.540814265248386, "94": 63.37832756733865, "95": 61.9859042117818, "96": 63.17406045368314, "97": 62.888637100396046, "98": 62.46375645352156, "99": 62.76721520330421, "100": 63.35509040239968, "101": 62.438428107405656, "102": 61.96371979177175, "103": 62.790835286857636, "104": 62.53621650669406, "105": 62.70681079499038, "106": 61.99307208333913, "107": 64.38883394886992, "108": 62.336730933582736, "109": 63.89855795344661, "110": 64.14174124062762, "111": 63.18286393133422, "112": 62.193698024524544, "113": 62.61576141714735, "114": 63.71291391821435, "115": 63.67888223392253, "116": 63.53343666514578, "117": 63.88359076753935, "118": 62.86288456784604, "119": 63.31535540593061, "120": 90.44579210169765, "121": 89.91319439992152, "122": 91.20989939799055, "123": 91.06348584080925, "124": 90.77984341736726, "125": 90.35320966655654, "126": 89.86501065062473, "127": 90.45736763304159, "128": 89.73372984025313, "129": 90.85999721154577, "130": 90.99566292759387, "131": 90.51922773833489, "132": 91.5138658851037, "133": 89.60405037664555, "134": 89.40829345093772, "135": 91.04899608607622, "136": 90.7941643045416, "137": 91.389711029996, "138": 89.08293343296322, "139": 89.03882948549021, "140": 89.37932578332914, "141": 88.38156847519289, "142": 90.76167256123473, "143": 90.4440331160667, "144": 90.75700317893362, "145": 90.79616758179165, "146": 90.96545215826573, "147": 89.65034698678758, "148": 91.26979941581855, "149": 90.01983240915177, "150": 88.90643362473286, "151": 90.81452008214801, "152": 91.25377855832316, "153": 90.45455931020243, "154": 90.89884099860441, "155": 90.7418206695008, "156": 90.19711926711459, "157": 90.87951446084432, "158": 89.83928453090957, "159": 91.10315960881913, "160": 90.4085973377623, "161": 91.14597454428544, "162": 89.21418488818667, "163": 90.00104356773306, "164": 90.80820428093995, "165": 90.95908054613751, "166": 91.35838028161577, "167": 90.64447630471584, "168": 90.43036705490809, "169": 90.83385831592089, "170": 89.99269459161198, "171": 90.82343629492239, "172": 90.74770667247758, "173": 90.05287062418468, "174": 89.12336616995314, "175": 90.18816230098636, "176": 90.68264981253583, "177": 90.71952936482128, "178": 90.47575213040712, "179": 89.86798055714104, "180": 91.14275542075742, "181": 90.21742316721274, "182": 91.16940800909482, "183": 90.10042937662901, "184": 90.5207094767125, "185": 90.84619235697338, "186": 91.0965877999108, "187": 90.83527983455397, "188": 90.49480953596559, "189": 90.89343139434573, "190": 89.78658005484503, "191": 90.3362674041381, "192": 90.82508374517569, "193": 89.39598756203692, "194": 90.61076385581082, "195": 90.40432586461115, "196": 91.08845766999103, "197": 91.3665248710296, "198": 91.20157466102886, "199": 90.89253856185707, "200": 90.9764600532817, "201": 90.23648423216639, "202": 90.62708231083198, "203": 89.77575543570065, "204": 90.90432361054214, "205": 89.535638195736, "206": 89.50423124968383, "207": 89.35783906294087, "208": 89.84656531528516, "209": 90.75498647070386, "210": 91.04178688984307, "211": 90.41211705268013, "212": 90.50598632592451, "213": 89.95591135534629, "214": 89.92807836539548, "215": 91.14646398938862, "216": 89.8042189878786, "217": 91.3074696356675, "218": 91.08473742953973, "219": 91.39554674770424, "220": 108.49854456579011, "221": 109.41074864362758, "222": 109.0494693314201, "223": 109.28452192651449, "224": 109.17081830789411, "225": 108.63230743300592, "226": 108.95972679045887, "227": 108.88775926975194, "228": 107.90426432142144, "229": 108.55917751388795, "230": 108.62553824191374, "231": 107.65441969211965, "232": 109.31927538542764, "233": 109.5850616820485, "234": 109.26931653468132, "235": 108.992200163549, "236": 109.7467259597736, "237": 109.60426919208314, "238": 109.81512569054308, "239": 109.24315293846263, "240": 109.0105881118926, "241": 109.20819468985621, "242": 109.61327865097208, "243": 109.42645689549288, "244": 108.59964021768836, "245": 108.58151037505357, "246": 108.75332171937829, "247": 109.15870072776124, "248": 108.96291156719437, "249": 109.94442651819139, "250": 108.62722543889603, "251": 110.01793646954958, "252": 108.65205084672462, "253": 108.89258119466915, "254": 106.85216266470073, "255": 109.3109979198522, "256": 108.64998868938702, "257": 108.4114406854399, "258": 109.1645354369093, "259": 109.13426291255782, "260": 108.73160915985571, "261": 108.68885537813158, "262": 108.6513112313539, "263": 108.59623365323019, "264": 110.36902107090287, "265": 109.1614814700328, "266": 109.72326372038602, "267": 108.75903916517751, "268": 108.28288628922914, "269": 108.87224131617451, "270": 107.47771257040722, "271": 109.59155498889601, "272": 108.10841075671752, "273": 109.58482657270736, "274": 109.63787652976254, "275": 109.10053485421093, "276": 107.2914456148714, "277": 107.9482479484062, "278": 109.83903446800787, "279": 108.18835044186412, "280": 108.85003177890376, "281": 109.40723768764646, "282": 108.94461715492059, "283": 109.28972319587878, "284": 108.6266386743337, "285": 109.38453932108756, "286": 109.08188862255591, "287": 108.92898224585156, "288": 108.95720424940369, "289": 108.5401250921908, "290": 108.28579564747314, "291": 108.5920199078096, "292": 109.68425749560419, "293": 110.32551756939704, "294": 107.43894945299436, "295": 109.05946014575728, "296": 109.72083568152301, "297": 109.04037107961499, "298": 109.20667560799629, "299": 107.68733566461282, "300": 109.01998089173561, "301": 108.3237779804381, "302": 108.7175310211663, "303": 109.1302882494056, "304": 109.29925617759497, "305": 108.29441300835708,