{"0": -0.02730906010592901, "1": -0.02803347327358796, "2": 0.01769968380750228, "3": -0.02952529198067591, "4": -0.02676255369830529, "5": -0.0245359664640903, "6": -0.025243012812672633, "7": -0.02874281351034741, "8": -0.029194875724842917, "9": -0.026033964197682807, "10": -0.027460834407087308, "11": -0.02684137598919198, "12": -0.027735149662630243, "13": -0.0272862739418554, "14": 0.04741826978081676, "15": -0.02699078421229384, "16": -0.025540561393931294, "17": -0.028225492558304262, "18": -0.027115075864309245, "19": -0.02488252944250063, "20": -0.02537977581772629, "21": -0.026421222673269254, "22": 0.04663826422140388, "23": -0.02580181950238529, "24": -0.026249917036553293, "25": -0.024860989433504788, "26": -0.024681918347145088, "27": 0.03245782471735249, "28": -0.028014588552919606, "29": -0.027945630829618207, "30": -0.025386138722927075, "31": -0.024986904854082916, "32": -0.026179702894495803, "33": 0.04103419180321813, "34": -0.005133493238984976, "35": -0.017070295733005943, "36": -0.027770587066921582, "37": -0.027089615540486226, "38": -0.026591044508501156, "39": -0.027789861479255048, "40": -0.026551739212823573, "41": -0.024031073989349675, "42": -0.023048879144383264, "43": -0.027883106620339135, "44": -0.027603352779930545, "45": -0.02337989097983239, "46": -0.031325220220166115, "47": -0.033128529591217544, "48": -0.02644126330659279, "49": -0.027766109240776778, "50": -0.04180880681443957, "51": -0.04031521610934795, "52": 0.015863184655983832, "53": -0.0047078033820225716, "54": -0.04114372194547827, "55": -0.04276040643677692, "56": -0.012305604521848614, "57": -0.026557679747817243, "58": -0.04217644923085858, "59": -0.03266930569622264, "60": -0.0389663805916342, "61": -0.03911725037270755, "62": -0.04163024592284891, "63": -0.04010243481946827, "64": -0.04300333920545424, "65": -0.03914585888040374, "66": -0.03951057751282493, "67": -0.041100160429336875, "68": -0.03962755302663134, "69": -0.039764999245473984, "70": -0.04040346615972582, "71": -0.03975029864292672, "72": -0.04078456586305442, "73": -0.040626949469199064, "74": -0.03973713457156003, "75": -0.04114713477819463, "76": -0.03962840615037569, "77": 0.019219071106578136, "78": -0.03925586848172263, "79": 0.035495709845208015, "80": -0.04183829769667385, "81": -0.03873298746263665, "82": -0.025989105033816892, "83": 0.0059412612867712, "84": -0.04075733685138938, "85": -0.024301918038830604, "86": -0.04116110093544057, "87": -0.023735746423690977, "88": -0.035000455138862505, "89": -0.03884314858959245, "90": -0.033044660385110176, "91": -0.04060454972121849, "92": -0.040871868125458004, "93": -0.03919770098488594, "94": -0.04242048248408092, "95": -0.040443294479690334, "96": -0.025997746830866968, "97": -0.040645453573138694, "98": -0.04082255226021209, "99": -0.039615657422816426, "100": -0.025054844661618232, "101": -0.04021948095193719, "102": -0.04023302654914513, "103": -0.04177265246212854, "104": -0.025009737884252994, "105": -0.04049666206795995, "106": -0.024029973085099337, "107": -0.03967317342510365, "108": -0.040695007966251855, "109": -0.04066552742256177, "110": -0.040857710842690576, "111": -0.0398611142357489, "112": -0.04068082546973323, "113": -0.0367023020949734, "114": -0.04116391117962504, "115": -0.04153013305008553, "116": 0.0204628482153073, "117": -0.040573767273986906, "118": -0.04171889989869877, "119": -0.04116215699788918, "120": -0.023381093386956826, "121": -0.022845055079707317, "122": -0.022618581254892824, "123": -0.02277370452976995, "124": -0.023388648893159624, "125": -0.023389984191625402, "126": -0.023447538799678803, "127": -0.0232181966760221, "128": -0.02400202089291353, "129": -0.022842508427213616, "130": -0.02302563655246731, "131": -0.02228733969117087, "132": -0.023971070052913664, "133": -0.023173787915003238, "134": -0.02363697149050732, "135": -0.023209467657600805, "136": -0.02305915380352768, "137": -0.023186695971428136, "138": -0.02300098094034175, "139": -0.022207355287232885, "140": -0.00663626751718203, "141": -0.02289223653655049, "142": -0.017996496892238683, "143": -0.016514117298124797, "144": -0.023942206389870293, "145": -0.023212541698112838, "146": -0.022677049661198753, "147": -0.02322890198580477, "148": -0.016752548239254664, "149": -0.022826851348522973, "150": -0.023318677225438816, "151": -0.023438568238916498, "152": -0.024131602944309934, "153": -0.022948892042175154, "154": -0.022826397478045643, "155": -0.023004260791518474, "156": -0.022653929821909263, "157": -0.022740731259864574, "158": -0.02304524065539776, "159": -0.02308175168420579, "160": -0.022981543757350748, "161": -0.023590757142327032, "162": -0.022996143754581345, "163": 0.013946695975345551, "164": -0.022346530832709422, "165": 0.0036304942068781172, "166": -0.024195534621954087, "167": -0.023551698409611983, "168": -0.023042599393182688, "169": 0.002074913172670832, "170": -0.02272411642335945, "171": -0.022901165700920618, "172": -0.023036234827842755, "173": -0.022923739815555393, "174": -0.023075059501960926, "175": -0.023201862953279875, "176": -0.023018064505274376, "177": -0.022816178141507895, "178": -0.023638233103785725, "179": -0.022538843178221614, "180": -0.02316365019708093, "181": 0.016157674993923492, "182": -0.022695489073172, "183": 0.008806931709036351, "184": 0.009500647622264538, "185": -0.023447099832156305, "186": -0.017862437054005722, "187": -0.02321093453537579, "188": -0.023606460844909586, "189": -0.02336923555588698, "190": -0.027757607801492265, "191": -0.023322545416313005, "192": -0.02322156859306044, "193": 0.01669884232149091, "194": -0.023641082449478414, "195": -0.02277356211230425, "196": -0.02359226693249974, "197": -0.022845672779016203, "198": -0.02346471739886665, "199": -0.02270634440915083, "200": -0.023580616986929155, "201": -0.022862624176254946, "202": -0.023159399038859333, "203": -0.022645280822235977, "204": -0.023267135575772344, "205": -0.022767234933686445, "206": -0.01667750489209106, "207": -0.02270880553751917, "208": -0.022610737054517546, "209": -0.022397783728962565, "210": -0.023326556842370137, "211": -0.023813450235119233, "212": -0.022969283322953244, "213": -0.023386188723526737, "214": -0.023029545190166072, "215": -0.023060528102872555, "216": -0.01710947363410292, "217": -0.014738050718983202, "218": -0.017098629257746266, "219": -0.027847578229558554, "220": -0.004698630722204336, "221": -0.013887095690722726, "222": -0.0046190701127472224, "223": -0.005053933245747826, "224": -0.012332144345175846, "225": -0.004666937973366756, "226": -0.005097359200888956, "227": -0.0049291207875118825, "228": -0.004561946642243111, "229": -0.004604312390194183, "230": -0.004276619710173064, "231": -0.0048032545596324435, "232": -0.012907582376265676, "233": -0.00446993595052069, "234": -0.00496401871231398, "235": 0.02680950934236227, "236": -0.004234548460510933, "237": -0.004768997354979589, "238": -0.005038957943900832, "239": -0.013117806229509315, "240": -0.004610097252678043, "241": -0.004777580477720312, "242": -0.005045811687998072, "243": -0.0045718094886535885, "244": -0.004540350275482586, "245": -0.00487175909531379, "246": -0.004466505933007276, "247": -0.004669137671096809, "248": -0.005215025675829359, "249": -0.004440891529310368, "250": -0.005104919402357974, "251": -0.0046408893825029334, "252": -0.00436567673900838, "253": -0.004772574254919573, "254": -0.00925510106216318, "255": -0.01348400702302441, "256": -0.005135873550541472, "257": -0.004735459647875893, "258": -0.00988829965983102, "259": -0.00479964842100861, "260": -0.0049596912376497874, "261": -0.004515690831415126, "262": -0.0046047924460817695, "263": -0.004931982818497152, "264": -0.004486041521801624, "265": -0.005478048965817666, "266": -0.005062132025492725, "267": -0.005189862810660247, "268": -0.004772453337921197, "269": -0.00461711764757688, "270": -0.004644438793462718, "271": -0.005028699036011219, "272": 0.01791259975608721, "273": -0.0045969363990305346,