{"name": "fiedler", "normalized": false, "process_time": 0.3873779773712158, "data": {"0": -0.0647899570237418, "1": -0.12893008268968056, "2": -0.05863231512510984, "3": -0.12679310029474225, "4": -0.12460790412960197, "5": -0.12466220843037133, "6": -0.12361168934213143, "7": -0.12711600243101337, "8": -0.1282675549219682, "9": -0.12561467564920661, "10": -0.12449714603434554, "11": -0.12339309452214126, "12": -0.12516304649556356, "13": -0.12415251811352188, "14": -0.08446426400562794, "15": -0.12744689421633024, "16": -0.12393487064123336, "17": -0.12633433519025056, "18": -0.12566186512567531, "19": -0.12532012330098724, "20": -0.12485604941908628, "21": -0.12394094448479194, "22": -0.08144720033785939, "23": -0.12603347913131227, "24": -0.12532909746027054, "25": -0.12475804136972618, "26": -0.12417702377749675, "27": -0.04662739916563679, "28": -0.12387669241331821, "29": -0.12796919635634493, "30": -0.064493151401792, "31": -0.12412135745473162, "32": -0.12393345401821357, "33": -0.08257339828563136, "34": -0.0760483684446562, "35": -0.06470782006725437, "36": -0.12476016469082421, "37": -0.12527510043213338, "38": -0.12559870717204588, "39": -0.12608805882544719, "40": -0.12350340381379872, "41": -0.12080890006378633, "42": -0.12105687338808974, "43": -0.12397440434476595, "44": -0.12545979624364398, "45": -0.12277730238557964, "46": -0.07823551954455588, "47": -0.08100272646486574, "48": -0.1260586532843386, "49": -0.12529392716914903, "50": -0.021734209024303463, "51": -0.021470151404429007, "52": -0.017946655327681405, "53": -0.01752407303112881, "54": -0.02142039882628864, "55": -0.021350832239278122, "56": -0.02690798405537213, "57": -0.025650932872904986, "58": -0.020275834416652396, "59": 0.004211003585031757, "60": -0.02045329373492987, "61": -0.02033562632530746, "62": -0.021106980410663848, "63": -0.021245267425975847, "64": -0.021303442089732675, "65": -0.021615651737711596, "66": -0.020966582169885135, "67": -0.020945269420713685, "68": -0.02111857303244014, "69": -0.020932077046756297, "70": -0.021791675644764658, "71": -0.021066888141078512, "72": -0.02181204153541841, "73": -0.021550649810388192, "74": -0.02184864540225986, "75": -0.021043403913565684, "76": -0.022250949716328534, "77": -0.018079476581889197, "78": -0.02102753706919854, "79": -0.00994584746632205, "80": -0.020622673424208197, "81": -0.0217584584403628, "82": -0.002798484308800457, "83": -0.04433555986314111, "84": -0.021033420146635066, "85": 0.00033879009270110547, "86": -0.022391769798346988, "87": 0.0012366126099302213, "88": -0.05023911319411695, "89": -0.02177336613010048, "90": 0.006021791651733855, "91": -0.02114584853226715, "92": -0.02181504850555216, "93": -0.021503798269750667, "94": -0.021484352355702056, "95": -0.021326112478464058, "96": -0.002085458540098702, "97": -0.021232093627819183, "98": -0.021211399871788852, "99": -0.021604381684027514, "100": -0.0007560421010173693, "101": -0.021625933078276642, "102": -0.021613169158986277, "103": -0.02141365631763958, "104": -0.02800620347790744, "105": -0.020820246561857353, "106": -0.00029071421909150256, "107": -0.021493036672454773, "108": -0.020883636320273465, "109": -0.021440246279653505, "110": -0.021039673236549306, "111": -0.02104441584706715, "112": -0.02045744875647617, "113": -0.05357845089920596, "114": -0.022257158735673563, "115": -0.021218872757775988, "116": -0.018543552101575426, "117": -0.021371845255055175, "118": -0.02134441487073182, "119": -0.02146101165742573, "120": 0.045502089991983616, "121": 0.045151602214671585, "122": 0.04506028913023982, "123": 0.045271091304939726, "124": 0.045406288647145104, "125": 0.04499742765279785, "126": 0.045368959234783124, "127": 0.045235422061972994, "128": 0.04523406709748033, "129": 0.04513169494553461, "130": 0.04507882526642787, "131": 0.04498747231687132, "132": 0.045846486855225244, "133": 0.04541957877989861, "134": 0.045262278833135466, "135": 0.04550381175815027, "136": 0.04526917239408684, "137": 0.04513487673425122, "138": 0.04490045616496652, "139": 0.044549124467982475, "140": 0.028872658926436333, "141": 0.045203267378953624, "142": 0.040801557847329355, "143": 0.039711853839010804, "144": 0.045474688130798566, "145": 0.04516830666934948, "146": 0.045103730275593765, "147": 0.045428962920415664, "148": 0.03950210268185873, "149": 0.045148589348551524, "150": 0.0455492523302965, "151": 0.045058788140549415, "152": 0.0456314857911653, "153": 0.045102783317092415, "154": 0.04528287437169447, "155": 0.04510994719348073, "156": 0.04509477214812673, "157": 0.04500403294395933, "158": 0.045211429142671955, "159": 0.04512721910445205, "160": 0.04523230690604992, "161": 0.04527767120179219, "162": 0.04511292356957702, "163": 0.03359364997011711, "164": 0.04489078312091939, "165": 0.036554894484644385, "166": 0.045998662948355834, "167": 0.04539037362432022, "168": 0.045275272216215016, "169": 0.037053631266001204, "170": 0.04524654345872167, "171": 0.04490494716497242, "172": 0.045422494885856673, "173": 0.045637350569443395, "174": 0.04514543045244886, "175": 0.045189265724466056, "176": 0.04516736772323415, "177": 0.04507715054581594, "178": 0.04575781773323684, "179": 0.04498867345587397, "180": 0.04544726194781201, "181": 0.031836854474616344, "182": 0.04499708820487747, "183": 0.01651767635052157, "184": 0.031452171816209726, "185": 0.04573462539991224, "186": 0.04073892726962647, "187": 0.04551654505056552, "188": 0.045503658743043615, "189": 0.04503489584811995, "190": 0.027070323256109127, "191": 0.04513736370024579, "192": 0.04528442738143211, "193": 0.03213515806430302, "194": 0.045360149171317886, "195": 0.04504785653280107, "196": 0.04542583632454138, "197": 0.04498902355909514, "198": 0.04532106917760564, "199": 0.04532012295904489, "200": 0.04553344540342662, "201": 0.0450371067552116, "202": 0.04540118113378863, "203": 0.04494405753364788, "204": 0.045719464910103605, "205": 0.04528732939274088, "206": 0.03936474155104475, "207": 0.04504451392764058, "208": 0.045396127144957735, "209": 0.04503160036436174, "210": 0.04509252611397718, "211": 0.045391320009201874, "212": 0.04532070495147789, "213": 0.045604329731924145, "214": 0.04551517879296885, "215": 0.04498565650569025, "216": 0.04003954490602769, "217": 0.018224971915937863, "218": 0.04003039259846446, "219": 0.026437670564682315, "220": 0.028449554052399233, "221": 0.006945102820994844, "222": 0.02848737149563107, "223": 0.028581264220012725, "224": 0.035487475280162065, "225": 0.028327730532783466, "226": 0.028304270234486357, "227": 0.028270995417602293, "228": 0.02824525174653702, "229": 0.028342950000881682, "230": 0.028145371292254896, "231": 0.02845142352708717, "232": 0.006685797090214122, "233": 0.02831045047360235, "234": 0.028385227102654634, "235": 0.01984955212028209, "236": 0.028213440393628934, "237": 0.028280638827487617, "238": 0.028524090479483125, "239": 0.016505181725317893, "240": 0.028462029054019476, "241": 0.028276086481825384, "242": 0.028525120547318643, "243": 0.028418834690980645, "244": 0.028071828136823608, "245": 0.028164425799285596, "246": 0.02833423786367164, "247": 0.02810429834112138, "248": 0.02818733571791795, "249": 0.0284959481061278, "250": 0.028072970729663062, "251": 0.02841330862832727, "252": 0.02810070138727056, "253": 0.02849592291464559, "254": 0.03237537847959231, "255": 0.015576521259680572, "256": 0.028385813267311058, "257": 0.028036713978193968, "258": 0.03276768194519665, "259": 0.028475499964229475, "260": 0.028402910898403883, "261": 0.02819167014313801, "262": 0.028497373770488214, "263": 0.028162928048413416, "264": 0.02823086997655906, "265": 0.028317771563023425, "266": 0.02853256249323624, "267": 0.028450257451318343, "268": 0.028464013035198778, "269": 0.028062653872427186, "270": 0.028337753556652093, "271": 0.028350112600345166, "272": 0.017728674972313452, "273": 0.028562258144117697, "274": 0.028439529073845664, "275": 0.028220411674682387, "276": 0.02825635084517828, "277": 0.028454522064269003,