{"name": "eigen", "eigen": 3, "normalized": true, "process_time": 0.010661840438842773, "data": {"0": 0.009775854335817733, "1": 0.03118545553918881, "2": 0.04698842925017717, "3": 0.06317043140976536, "4": 0.07674079022508827, "5": 0.08824722735135336, "6": 0.09699218810848959, "7": 0.10278658765543737, "8": 0.10557736417443842, "9": 0.10483956834694008, "10": 0.10178053819050484, "11": 0.09341439526073539, "12": 0.08795243461899284, "13": 0.07268051901676675, "14": 0.07835288600149246, "15": 0.06855107230862933, "16": 0.08238208553320682, "17": 0.08113172301952618, "18": 0.07847274152104866, "19": 0.0722895038409884, "20": 0.0811537541258614, "21": 0.05239771489411085, "22": 0.03934451359692876, "23": 0.023798711166105085, "24": 0.008990622902997857, "25": -0.009124487293013534, "26": -0.01941113831709496, "27": -0.04850107901822561, "28": -0.02916317785773237, "29": -0.11438048573638243, "30": -0.14491550129097755, "31": -0.18788118307167984, "32": -0.21178241827231573, "33": -0.23443779320833366, "34": -0.24797945346394462, "35": -0.25477819688811604, "36": -0.2535487477332051, "37": -0.24475156053379793, "38": -0.2284758261855156, "39": -0.20531925904522297, "40": -0.1758522884281985, "41": -0.14125562109136308, "42": -0.10185739823409473, "43": -0.060706228770488264, "44": -0.014265481429079876, "45": 0.02052657922017566, "46": 0.06479254233759282, "47": 0.0822705762302852, "48": 0.09729190840761677, "49": 0.10214856455345192, "50": 0.10254325582796259, "51": 0.09836736314981362, "52": 0.09691185481806844, "53": 0.08613530023904792, "54": 0.09509036890490381, "55": 0.09459186736908379, "56": 0.09748582110201912, "57": 0.09449447163022986, "58": 0.0910754026773059, "59": 0.08058441977045042, "60": 0.06756018190663157, "61": 0.07352341799242465, "62": 0.060619196973380744, "63": 0.06379825201974038, "64": 0.049466064134427556, "65": 0.054317465996268105, "66": 0.059849200467016916, "67": 0.06173468353828456, "68": 0.0572068497399202, "69": 0.044374461544054576, "70": 0.047383192509870393, "71": 0.043336265538190866, "72": 0.03422275605520837, "73": 0.037582089291280235, "74": 0.03324661393194743, "75": 0.037472069915152055, "76": 0.022312247572634503, "77": 0.051100264640009746, "78": 0.04612133501129949, "79": 0.03739155111555205, "80": 0.03056741565713654, "81": 0.02101141805414421, "82": 0.020133543550387795, "83": -0.005087717117908608, "84": -0.020462638433947515, "85": -0.038140914762844515, "86": -0.05354617832836084, "87": -0.06771926561219661, "88": -0.07979245215194751, "89": -0.08919218179101782, "90": -0.0966874107466913, "91": -0.1108287878798123, "92": -0.10406587472873251, "93": -0.10400951170650098, "94": -0.10075550303893371, "95": -0.09641408957801338, "96": -0.0833486192159659, "97": -0.08301306113083745, "98": -0.04065113439988583, "99": 9.304544876760634e-05}}