{"0": -0.24626448813764198, "1": -0.28621661102475837, "2": 0.22485872715239696, "3": 0.28327456943790796, "4": -0.4681811737031888, "5": -0.5081332965903054, "6": 0.224858727152397, "7": 0.24332244655079224, "8": 0.002942041586849714, "9": 0.2832745694379081, "10": 0.0029420415868492283, "11": 0.24332244655079283}