{"0": -0.288675134594813, "1": 0.3285961498470613, "2": -0.15353941882832295, "3": 0.22485872715239696, "4": 0.36164068340286004, "5": 0.29452823712480236, "6": -0.0004148038183702585, "7": 0.4082480797315022, "8": 0.3535533905932731, "9": 0.13047823690442611, "10": 0.2603120353496158, "11": 0.374927963194897}