{"0": 0.5261010300824139, "1": 0.23705636718515793, "2": 0.36164068340286004, "3": -0.0202208722497516, "4": -0.05237514825585313, "5": -0.3414198111531088, "6": 0.3616406834028606, "7": -0.3092655351470069, "8": -0.21683549493540688, "9": -0.02022087224975186, "10": -0.21683549493540705, "11": -0.30926553514700683}