{"Mohamed Almallah": 1.2740255887320135, "Moutaz Almallah": 1.2740255887320135, "Abdelilah el Fouad": 1.138690290265421, "Yousef Hichman": 1.2743610056699768, "Nasredine Boushoa": 1.1396968152188445, "Mustafa Ahmidan": 1.6827151546949244, "Said Ahmidan": 1.410031903834188, "Mohamed Bahaiah": 1.407348035281293, "Mamoun Darkazanli": 1.5430188268356841, "Anwar Adnan Ahmad": 1.5430188268356841, "Waanid Altaraki Almasri": 1.1403676186348874, "El Gitanillo": 1.814695735502741, "Raul Gonzales Perez": 1.814695735502741, "Ivan Granados": 1.814695735502741, "Emilio Llamo": 1.814695735502741, "Semaan Gaby Eid": 2.4970750315898913, "Rachid Adli": 1.1376836434720332, "Antonio Toro": 1.6776829259068748, "Abderrahim Zbakh": 3.0394224762701243, "Galeb Kalaje": 2.630733047376945, "Said Bahaji": 1.820734062804782, "Mohamed Belfatmi": 1.6847279000023034, "Ramzi Binalshibh": 1.9564047782093377, "Mohamed El Egipcio": 2.6327457774543808, "Mohamed Atta": 2.0917400462159765, "Abdul Fatal": 1.2736901413340023, "Abu Musad Alsakaoui": 2.36207513483132, "Driss Chebli": 1.2760383188094508, "Vinay Kholy": 2.3637524784307273, "Anuar Asri Rifaat": 1.1400321864669065, "Mohamed Chaoui": 3.9867693523165544, "Allekema Lamari": 1.551740748551162, "Abdelkarim el Mejjati": 1.9547275107597901, "Mohamed Bekkali": 1.2783866028945803, "Parlindumgan Siregar": 1.1390256158235945, "Naima Oulad Akcha": 3.1740868799408464, "Jamal Zougam": 3.580092653500811, "Basel Ghayoun": 2.499758641233205, "Suresh Kumar": 2.3637524784307273, "Mohamed Chedadi": 1.9567402712971869, "Ghasoub Al Albrash": 1.1396966781491156, "S B Abdelmajid Fakhet": 2.6354293566377605, "Imad Eddin Barakat": 2.903080866069724, "Said Chedadi": 1.2757028866414573, "Jamal Ahmidan": 2.9060999231109603, "Abdelaziz Benyaich": 1.6864051217619498, "Abu Abderrahme": 1.5500635115615486, "Taysir Alouny": 1.6823795702272728, "Amer Azizi": 2.629391257785255, "Shakur": 2.226068972028842, "Hamid Ahmidan": 2.6340875670460706, "Abdeluahid Berrak": 2.366436088074041, "Said Berrak": 3.040764250631847, "Otman El Gnaut": 2.363417031032805, "OM. Othman": 1.955733990023287, "Omar Dhegayes": 1.1396966781491156, "Farid Oulad Ali": 1.817715005763569, "Fouad El Morabit Anghar": 1.2753674849334737, "Mohamed Oulad Akcha": 1.6817088125011563, "Rachid Oulad Akcha": 1.6817088125011563, "Abddenabi Koujma": 1.1400321864669065, "Khalid Ouled Akcha": 1.6840569747465493, "Rafa Zuher": 1.413386438733283, "Jose Emilio Suarez": 2.085366286745984}