{"Mohamed Almallah": -0.1414923950777581, "Moutaz Almallah": -0.14149239507775777, "Abdelilah el Fouad": 0.03482122396867639, "Yousef Hichman": -0.01794052819839899, "Nasredine Boushoa": -0.1365290205974963, "Mustafa Ahmidan": -0.038265465111899113, "Said Ahmidan": -0.05953564784232372, "Mohamed Bahaiah": 0.38562844849348754, "Mamoun Darkazanli": 0.40096879187812645, "Anwar Adnan Ahmad": 0.4009687918781266, "Waanid Altaraki Almasri": -0.16118149382699537, "El Gitanillo": 0.061535129456246264, "Raul Gonzales Perez": 0.06153512945624582, "Ivan Granados": 0.06153512945624557, "Emilio Llamo": 0.06153512945624582, "Semaan Gaby Eid": 0.013413868026465338, "Rachid Adli": 0.1632571461666205, "Antonio Toro": 0.0704709300657498, "Abderrahim Zbakh": -0.07417556182259247, "Galeb Kalaje": -0.02969967179185885, "Said Bahaji": -0.010076125583787158, "Mohamed Belfatmi": -0.02346316938018709, "Ramzi Binalshibh": -0.023975308369151915, "Mohamed El Egipcio": -0.05450584723927167, "Mohamed Atta": -0.023562776035312996, "Abdul Fatal": 0.22255042192981628, "Abu Musad Alsakaoui": -0.024871005976448625, "Driss Chebli": -0.028036819813253355, "Vinay Kholy": -0.05157886423298497, "Anuar Asri Rifaat": -0.19255324758909778, "Mohamed Chaoui": -0.02176061500089401, "Allekema Lamari": -0.038801369899344296, "Abdelkarim el Mejjati": 0.252413097341133, "Mohamed Bekkali": -0.03707521406768473, "Parlindumgan Siregar": -0.08274364215017328, "Naima Oulad Akcha": -0.06209050228815135, "Jamal Zougam": -0.029596751497852382, "Basel Ghayoun": -0.0518359504148542, "Suresh Kumar": -0.05157886423298481, "Mohamed Chedadi": -0.061501347060861807, "Ghasoub Al Albrash": -0.03990961487654802, "S B Abdelmajid Fakhet": -0.04706468452121709, "Imad Eddin Barakat": -0.015374023251524168, "Said Chedadi": -0.06583860364487487, "Jamal Ahmidan": -0.05259385097216595, "Abdelaziz Benyaich": 0.05261545442224589, "Abu Abderrahme": 0.07493489566848863, "Taysir Alouny": 0.31835765195971455, "Amer Azizi": -0.03187459168091568, "Shakur": -0.02403685592406134, "Hamid Ahmidan": -0.051146363634448876, "Abdeluahid Berrak": -0.032539946257349336, "Said Berrak": -0.04223589730790632, "Otman El Gnaut": -0.037248272528542334, "OM. Othman": -0.03049457985935843, "Omar Dhegayes": 0.03767235160928186, "Farid Oulad Ali": -0.0695542176704554, "Fouad El Morabit Anghar": -0.08374634166987617, "Mohamed Oulad Akcha": -0.07947083303048581, "Rachid Oulad Akcha": -0.07947083303048584, "Abddenabi Koujma": -0.19255324758909695, "Khalid Ouled Akcha": -0.06320605406633768, "Rafa Zuher": -0.028825266773924565, "Jose Emilio Suarez": 0.06289008723604737}