{"Mohamed Almallah": 0.05187993767897722, "Moutaz Almallah": 0.051879937678977084, "Abdelilah el Fouad": -0.007716655369859132, "Yousef Hichman": -0.050495453400904305, "Nasredine Boushoa": -0.058867038736757915, "Mustafa Ahmidan": -0.1115820809937157, "Said Ahmidan": -0.10526872046311236, "Mohamed Bahaiah": -0.08697680551258956, "Mamoun Darkazanli": -0.08027159892734842, "Anwar Adnan Ahmad": -0.08027159892734852, "Waanid Altaraki Almasri": -0.09616577098670354, "El Gitanillo": 0.09756640722964402, "Raul Gonzales Perez": 0.09756640722964421, "Ivan Granados": 0.09756640722964413, "Emilio Llamo": 0.09756640722964424, "Semaan Gaby Eid": -0.02005079550826928, "Rachid Adli": 0.033668770444547844, "Antonio Toro": 0.10600520798710741, "Abderrahim Zbakh": -0.24711512275151792, "Galeb Kalaje": 0.14339739971004073, "Said Bahaji": 0.17055320654300987, "Mohamed Belfatmi": 0.19126119264638816, "Ramzi Binalshibh": 0.15866679312528456, "Mohamed El Egipcio": 0.07781095730167718, "Mohamed Atta": 0.15005577554142807, "Abdul Fatal": 0.014451525746290585, "Abu Musad Alsakaoui": 0.13076382934340763, "Driss Chebli": 0.06685628336511554, "Vinay Kholy": -0.13472083918850764, "Anuar Asri Rifaat": -0.08144183191813334, "Mohamed Chaoui": 0.04083886908525321, "Allekema Lamari": 0.0602299719728427, "Abdelkarim el Mejjati": -0.056591167980767645, "Mohamed Bekkali": 0.018128077943389446, "Parlindumgan Siregar": 0.038676660886090924, "Naima Oulad Akcha": -0.30136073713297823, "Jamal Zougam": 0.0847761359216383, "Basel Ghayoun": -0.12261557636669856, "Suresh Kumar": -0.13472083918850766, "Mohamed Chedadi": -0.06159634498479981, "Ghasoub Al Albrash": 0.03854185783262663, "S B Abdelmajid Fakhet": -0.10519953702583631, "Imad Eddin Barakat": 0.1786375803772361, "Said Chedadi": 0.007230136360442962, "Jamal Ahmidan": -0.17256088827909324, "Abdelaziz Benyaich": 0.041384538949169644, "Abu Abderrahme": 0.009150331027653388, "Taysir Alouny": -0.06707938358487342, "Amer Azizi": 0.15744795167743209, "Shakur": 0.13638729571114344, "Hamid Ahmidan": -0.16220828002164783, "Abdeluahid Berrak": 0.053466952314560286, "Said Berrak": -0.05152151506607326, "Otman El Gnaut": 0.05494671985893133, "OM. Othman": 0.06937718251785598, "Omar Dhegayes": 0.045306471580478, "Farid Oulad Ali": -0.27750069916581604, "Fouad El Morabit Anghar": -0.0022432161078413185, "Mohamed Oulad Akcha": -0.2807184064992815, "Rachid Oulad Akcha": -0.2807184064992815, "Abddenabi Koujma": -0.08144183191813333, "Khalid Ouled Akcha": -0.2544527187424984, "Rafa Zuher": -0.11957020089731414, "Jose Emilio Suarez": 0.07460679959096064}