{"Mohamed Almallah": 0.5611461332963384, "Moutaz Almallah": 0.561146133296338, "Abdelilah el Fouad": 0.008168902386583993, "Yousef Hichman": 0.024796375826251854, "Nasredine Boushoa": 0.012492163734805745, "Mustafa Ahmidan": 0.03833265544476658, "Said Ahmidan": 0.02916360562426852, "Mohamed Bahaiah": 0.031081508667501485, "Mamoun Darkazanli": 0.02967215561611685, "Anwar Adnan Ahmad": 0.0296721556161169, "Waanid Altaraki Almasri": -0.019637927713302833, "El Gitanillo": 0.0019287662264899303, "Raul Gonzales Perez": 0.00192876622648989, "Ivan Granados": 0.001928766226489906, "Emilio Llamo": 0.001928766226489892, "Semaan Gaby Eid": 0.017266980444960323, "Rachid Adli": -0.006623338934383517, "Antonio Toro": -0.0007518928476143615, "Abderrahim Zbakh": -0.0048144831492652725, "Galeb Kalaje": -0.03147567860941331, "Said Bahaji": -0.1492011476832172, "Mohamed Belfatmi": -0.15931896017321498, "Ramzi Binalshibh": -0.13423464031445717, "Mohamed El Egipcio": 0.40773990595176324, "Mohamed Atta": -0.12561569112845322, "Abdul Fatal": -0.03400623511688927, "Abu Musad Alsakaoui": -0.1032985573837917, "Driss Chebli": -0.05417125929169737, "Vinay Kholy": 0.0117166557789106, "Anuar Asri Rifaat": -0.0019505078092279526, "Mohamed Chaoui": -0.03059383200567498, "Allekema Lamari": 0.07011947933125684, "Abdelkarim el Mejjati": 0.009388253801336824, "Mohamed Bekkali": -0.012297089783472631, "Parlindumgan Siregar": -0.002330243963238115, "Naima Oulad Akcha": -0.05006243810042269, "Jamal Zougam": -0.0378256111640742, "Basel Ghayoun": 0.056429480205857654, "Suresh Kumar": 0.01171665577891059, "Mohamed Chedadi": 0.07856695389991819, "Ghasoub Al Albrash": -0.01925961172700611, "S B Abdelmajid Fakhet": 0.005431400626147206, "Imad Eddin Barakat": -0.07261693222229582, "Said Chedadi": 0.02532659197684323, "Jamal Ahmidan": 0.029789144683952263, "Abdelaziz Benyaich": -0.047652310690008984, "Abu Abderrahme": -0.020041691825757636, "Taysir Alouny": 0.01464855806139977, "Amer Azizi": -0.007716842238022204, "Shakur": -0.10480290652822032, "Hamid Ahmidan": 0.02455490346500689, "Abdeluahid Berrak": 0.06353872562367201, "Said Berrak": 0.04846467045579429, "Otman El Gnaut": 0.06830022918920742, "OM. Othman": 0.0036993306686788213, "Omar Dhegayes": -0.0437518630533813, "Farid Oulad Ali": -0.0663361121095135, "Fouad El Morabit Anghar": 0.1538532790622602, "Mohamed Oulad Akcha": -0.07405846882485487, "Rachid Oulad Akcha": -0.07405846882485487, "Abddenabi Koujma": -0.0019505078092280081, "Khalid Ouled Akcha": -0.07061389105345095, "Rafa Zuher": -0.03969533095336498, "Jose Emilio Suarez": -0.011939285053093817}