{"Mohamed Almallah": 0.00701825213300146, "Moutaz Almallah": 0.00701825213300146, "Abdelilah el Fouad": 0.0045020020389768085, "Yousef Hichman": 0.006671371081784527, "Nasredine Boushoa": 0.004012727143947386, "Mustafa Ahmidan": 0.012760526878113477, "Said Ahmidan": 0.007742438359657476, "Mohamed Bahaiah": 0.011688152996143007, "Mamoun Darkazanli": 0.011688152996143007, "Anwar Adnan Ahmad": 0.011688152996143007, "Waanid Altaraki Almasri": 0.004018395715991373, "El Gitanillo": 0.016046042481191836, "Raul Gonzales Perez": 0.016046042481191836, "Ivan Granados": 0.016046042481191836, "Emilio Llamo": 0.016046042481191836, "Semaan Gaby Eid": 0.02792715298262317, "Rachid Adli": 0.004718397458889771, "Antonio Toro": 0.013812782846504305, "Abderrahim Zbakh": 0.030333354416464262, "Galeb Kalaje": 0.027009811945300156, "Said Bahaji": 0.01949232065346229, "Mohamed Belfatmi": 0.019195344636669134, "Ramzi Binalshibh": 0.016955063917782204, "Mohamed El Egipcio": 0.025876446860751426, "Mohamed Atta": 0.016955063917782204, "Abdul Fatal": 0.006123021038150564, "Abu Musad Alsakaoui": 0.016955063917782204, "Driss Chebli": 0.005370494090526685, "Vinay Kholy": 0.01772000143624721, "Anuar Asri Rifaat": 0.004062594127521281, "Mohamed Chaoui": 0.04535636203975302, "Allekema Lamari": 0.00847163443662128, "Abdelkarim el Mejjati": 0.01732223106355777, "Mohamed Bekkali": 0.0051963380957203995, "Parlindumgan Siregar": 0.003811478023233057, "Naima Oulad Akcha": 0.031523147523716766, "Jamal Zougam": 0.0469355325942565, "Basel Ghayoun": 0.019417595760663875, "Suresh Kumar": 0.01772000143624721, "Mohamed Chedadi": 0.015478437139969738, "Ghasoub Al Albrash": 0.003887302428027066, "S B Abdelmajid Fakhet": 0.020766524480239697, "Imad Eddin Barakat": 0.039952530735432285, "Said Chedadi": 0.0056580320566866895, "Jamal Ahmidan": 0.027489293703670648, "Abdelaziz Benyaich": 0.01324260457626871, "Abu Abderrahme": 0.009175848473155373, "Taysir Alouny": 0.016044786560453904, "Amer Azizi": 0.031083025333846093, "Shakur": 0.016955063917782204, "Hamid Ahmidan": 0.022028876459141783, "Abdeluahid Berrak": 0.019794503334535824, "Said Berrak": 0.028469317717250812, "Otman El Gnaut": 0.017664381937151856, "OM. Othman": 0.014096764036208536, "Omar Dhegayes": 0.005763311124026591, "Farid Oulad Ali": 0.014412151582569845, "Fouad El Morabit Anghar": 0.005915058971820311, "Mohamed Oulad Akcha": 0.011883142791869116, "Rachid Oulad Akcha": 0.011883142791869116, "Abddenabi Koujma": 0.004062594127521281, "Khalid Ouled Akcha": 0.012258661168918637, "Rafa Zuher": 0.008434784882485448, "Jose Emilio Suarez": 0.02234603005120129}