{"0": -0.32036730932537605, "1": -0.3203673093299944, "2": -0.32036730932721236, "3": -0.32036730932992047, "4": -0.2825705537532715, "5": -0.09804601156085754, "6": 0.09804596557352176, "7": 0.28257055375221085, "8": 0.32036732082455016, "9": 0.32036732082616143, "10": 0.3203673208224145, "11": 0.3203673208277733}