{"0": -0.31542539150745297, "1": -0.3154253914849053, "2": -0.31542539152949267, "3": -0.31542539149279514, "4": -0.3122862469334617, "5": -0.06711623610585458, "6": 0.06711623364341819, "7": 0.3122862463812515, "8": 0.3154253920954108, "9": 0.3154253920976936, "10": 0.3154253920840143, "11": 0.31542539209612275}