{"0": 0.08480616898497634, "1": 0.08480616898497634, "2": 0.08480616898497634, "3": 0.08480616898497634, "4": 0.1073087699931968, "5": 0.053466554066897876, "6": 0.053466554066897876, "7": 0.10730876999319683, "8": 0.08480616898497634, "9": 0.08480616898497634, "10": 0.08480616898497634, "11": 0.08480616898497632}