{"name": "agd", "process_time": 0.18161797523498535, "data": {"0": 43.67625899280576, "1": 42.67985611510792, "2": 41.7410071942446, "3": 40.81654676258993, "4": 39.89928057553957, "5": 38.989208633093526, "6": 38.093525179856115, "7": 37.20503597122302, "8": 36.33812949640288, "9": 35.47841726618705, "10": 34.62589928057554, "11": 33.81654676258993, "12": 33.02158273381295, "13": 32.26258992805755, "14": 31.532374100719423, "15": 30.81654676258993, "16": 30.12230215827338, "17": 29.47841726618705, "18": 28.85611510791367, "19": 28.241007194244606, "20": 27.633093525179856, "21": 27.032374100719423, "22": 26.43884892086331, "23": 25.87410071942446, "24": 25.31654676258993, "25": 24.780575539568346, "26": 24.25179856115108, "27": 23.730215827338128, "28": 23.215827338129497, "29": 22.723021582733814, "30": 22.287769784172664, "31": 21.87410071942446, "32": 21.52517985611511, "33": 21.255395683453237, "34": 20.992805755395683, "35": 20.744604316546763, "36": 20.510791366906474, "37": 20.406474820143885, "38": 20.309352517985612, "39": 20.219424460431654, "40": 20.14388489208633, "41": 20.16187050359712, "42": 20.18705035971223, "43": 20.23381294964029, "44": 20.287769784172664, "45": 20.348920863309353, "46": 20.424460431654676, "47": 20.514388489208635, "48": 20.66187050359712, "49": 20.85251798561151, "50": 21.050359712230215, "51": 21.262589928057555, "52": 21.51798561151079, "53": 21.780575539568346, "54": 22.057553956834532, "55": 22.341726618705035, "56": 22.633093525179856, "57": 22.931654676258994, "58": 23.237410071942445, "59": 23.586330935251798, "60": 24.035971223021583, "61": 24.5, "62": 24.985611510791365, "63": 25.47841726618705, "64": 25.97841726618705, "65": 26.492805755395683, "66": 27.107913669064747, "67": 27.730215827338128, "68": 28.431654676258994, "69": 29.14748201438849, "70": 29.8705035971223, "71": 30.64388489208633, "72": 31.424460431654676, "73": 32.23381294964029, "74": 33.05755395683453, "75": 33.95323741007194, "76": 34.8705035971223, "77": 35.79496402877698, "78": 36.726618705035975, "79": 37.66546762589928, "80": 38.611510791366904, "81": 39.564748201438846, "82": 40.55395683453237, "83": 41.55035971223022, "84": 43.669064748201436, "85": 44.66546762589928, "86": 43.67625899280576, "87": 43.67625899280576, "88": 43.67625899280576, "89": 43.669064748201436, "90": 44.66546762589928, "91": 42.73741007194245, "92": 39.985611510791365, "93": 38.194244604316545, "94": 39.19064748201439, "95": 35.62230215827338, "96": 35.62230215827338, "97": 35.615107913669064, "98": 36.611510791366904, "99": 35.62230215827338, "100": 34.81294964028777, "101": 34.010791366906474, "102": 35.007194244604314, "103": 34.01798561151079, "104": 34.01798561151079, "105": 33.24460431654676, "106": 34.2410071942446, "107": 34.2410071942446, "108": 32.52877697841727, "109": 31.81294964028777, "110": 31.81294964028777, "111": 31.118705035971225, "112": 31.111510791366907, "113": 32.10791366906475, "114": 31.10431654676259, "115": 32.10071942446043, "116": 32.10071942446043, "117": 30.467625899280577, "118": 31.464028776978417, "119": 27.428057553956833, "120": 28.424460431654676, "121": 27.43525179856115, "122": 26.31294964028777, "123": 26.31294964028777, "124": 24.212230215827336, "125": 24.212230215827336, "126": 23.719424460431654, "127": 23.712230215827336, "128": 24.70863309352518, "129": 23.719424460431654, "130": 23.712230215827336, "131": 24.70863309352518, "132": 23.719424460431654, "133": 23.284172661870503, "134": 23.284172661870503, "135": 22.85611510791367, "136": 23.85251798561151, "137": 23.85251798561151, "138": 22.863309352517987, "139": 23.859712230215827, "140": 22.85611510791367, "141": 23.85251798561151, "142": 23.85251798561151, "143": 22.52158273381295, "144": 22.507194244604317, "145": 23.503597122302157, "146": 23.503597122302157, "147": 22.514388489208635, "148": 23.510791366906474, "149": 22.514388489208635, "150": 23.510791366906474, "151": 22.514388489208635, "152": 23.510791366906474, "153": 21.989208633093526, "154": 21.741007194244606, "155": 21.5, "156": 22.496402877697843, "157": 21.5, "158": 22.496402877697843, "159": 21.507194244604317, "160": 21.492805755395683, "161": 22.489208633093526, "162": 22.489208633093526, "163": 21.507194244604317, "164": 21.507194244604317, "165": 21.485611510791365, "166": 22.48201438848921, "167": 22.48201438848921, "168": 22.48201438848921, "169": 21.492805755395683, "170": 22.489208633093526, "171": 22.489208633093526, "172": 21.215827338129497, "173": 21.118705035971225, "174": 22.115107913669064, "175": 22.115107913669064, "176": 22.115107913669064, "177": 21.140287769784173, "178": 21.140287769784173, "179": 21.140287769784173, "180": 21.140287769784173, "181": 21.140287769784173, "182": 21.133093525179856, "183": 22.1294964028777, "184": 21.140287769784173, "185": 21.176258992805757, "186": 22.172661870503596, "187": 21.345323741007196, "188": 21.42086330935252, "189": 21.510791366906474, "190": 21.503597122302157, "191": 22.5, "192": 21.510791366906474, "193": 21.496402877697843, "194": 22.492805755395683, "195": 22.492805755395683, "196": 21.658273381294965, "197": 21.658273381294965, "198": 21.64388489208633, "199": 22.640287769784173, "200": 22.640287769784173, "201": 22.046762589928058, "202": 22.258992805755394, "203": 22.244604316546763, "204": 23.241007194244606, "205": 23.241007194244606, "206": 22.258992805755394, "207": 22.776978417266186, "208": 24.23381294964029, "209": 24.23381294964029, "210": 24.219424460431654, "211": 25.215827338129497, "212": 25.215827338129497, "213": 24.58273381294964, "214": 24.575539568345324, "215": 25.571942446043167, "216": 24.575539568345324, "217": 25.571942446043167, "218": 24.58273381294964, "219": 24.568345323741006, "220": 25.56474820143885, "221": 25.56474820143885, "222": 24.58273381294964, "223": 24.58273381294964, "224": 24.58273381294964, "225": 24.58273381294964, "226": 25.032374100719423, "227": 25.489208633093526, "228": 26.485611510791365, "229": 26.97482014388489, "230": 27.48201438848921, "231": 28.47841726618705, "232": 27.47482014388489, "233": 28.471223021582734, "234": 28.471223021582734, "235": 27.489208633093526, "236": 27.489208633093526, "237": 27.48201438848921, "238": 28.47841726618705, "239": 27.489208633093526, "240": 27.47482014388489, "241": 28.471223021582734, "242": 28.471223021582734, "243": 28.72661870503597, "244": 28.705035971223023, "245": 29.701438848920862, "246": 29.701438848920862, "247": 29.701438848920862, "248": 28.705035971223023, "249": 29.701438848920862, "250": 29.701438848920862, "251": 29.701438848920862, "252": 28.72661870503597, "253": 29.428057553956833, "254": 30.866906474820144, "255": 30.866906474820144, "256": 30.866906474820144, "257": 30.866906474820144, "258": 30.859712230215827, "259": 31.85611510791367, "260": 32.406474820143885, "261": 33.402877697841724, "262": 33.402877697841724, "263": 33.23021582733813, "264": 34.04676258992806, "265": 35.0431654676259, "266": 34.03237410071942, "267": 35.02877697841727, "268": 35.02877697841727, "269": 35.02877697841727, "270": 34.039568345323744, "271": 35.03597122302158, "272": 35.03597122302158, "273": 34.94964028776978, "274": 34.94964028776978, "275": 40.56115107913669, "276": 40.56115107913669, "277": 40.56115107913669, "278": 40.56115107913669}}