{"name": "density", "eps": 0.5, "process_time": 0.19122886657714844, "data": {"0": 1.1373481199239588, "1": 1.9486888483978917, "2": 1.4083541337951198, "3": 1.2716770761968086, "4": 1.2716770000469733, "5": 1.406676820655633, "6": 1.2720124626747997, "7": 1.4070122832835608, "8": 1.2716770609668542, "9": 1.2726834183906146, "10": 1.8133536260812484, "11": 1.409025089510922, "12": 1.6783538663924569, "13": 1.40868964211305, "14": 1.407683315149249, "15": 1.543354015323825, "16": 1.6793601781262402, "17": 1.408018732087149, "18": 1.2716770457368998, "19": 1.2713415374190709, "20": 1.271341552649, "21": 1.272012462674825, "22": 1.5423475817501027, "23": 1.2726833879306045, "24": 1.542012119122213, "25": 1.2720124474448706, "26": 1.2713415831089974, "27": 1.2720125235947946, "28": 1.5436894627217097, "29": 1.9500307598295594, "30": 1.5446960029052395, "31": 1.681373075733543, "32": 1.9507017612352122, "33": 1.273354435026437, "34": 1.407012466043482, "35": 1.4096961061466304, "36": 2.3573784295909355, "37": 1.2740253907421253, "38": 1.2716772284967703, "39": 1.40936056736888, "40": 2.3557011164514234, "41": 1.2743607772200152, "42": 1.4070123898934441, "43": 1.271677015276991, "44": 1.2716770152769403, "45": 1.407012328973538, "46": 1.4083542099450437, "47": 1.815030939220735, "48": 1.6793602238162173, "49": 1.2726835097705183, "50": 1.4076832694593224, "51": 1.6783537750125785, "52": 1.272683418390564, "53": 1.4066768511156051, "54": 1.2716769848169556, "55": 1.2713415374190329, "56": 1.2713415678791062, "57": 1.2723480776025626, "58": 1.6810375369556914, "59": 2.4920428180317034, "60": 1.4100315535445151, "61": 1.4073478677513516, "62": 1.2716770305070593, "63": 1.2716771066568566, "64": 1.4090251352008865, "65": 2.2210368041606325, "66": 1.2750318243156578, "67": 1.8150310001407932, "68": 1.4080188234671158, "69": 1.2733543741064168, "70": 1.9483534314600297, "71": 1.2733543588763991, "72": 1.407683315149287, "73": 1.4080188082370981, "74": 1.6803665507799803, "75": 1.5430185831558187, "76": 1.2720124931348478, "77": 1.2713415526490126, "78": 1.2713415221890911, "79": 1.271341583108934, "80": 1.2726833727006122, "81": 1.812682639905474, "82": 1.27234789484273, "83": 1.1356708220144265, "84": 1.2726833879305919, "85": 1.1356708372444315, "86": 1.1373481199239588, "87": 1.1373481199239588, "88": 1.1373481199239588, "89": 1.2726833879305919, "90": 1.1356708372444315, "91": 1.1360063151023136, "92": 1.136006238952415, "93": 1.2713415221890279, "94": 1.1356707763245, "95": 1.137012657296107, "96": 1.137012657296107, "97": 1.27234792530274, "98": 1.1356708220144518, "99": 1.137012657296107, "100": 1.1360063455622984, "101": 1.272012477904868, "102": 1.1356708067844847, "103": 1.136677209898235, "104": 1.136677209898235, "105": 1.4066768663455975, "106": 1.136006238952453, "107": 1.136006238952453, "108": 1.1360062846424428, "109": 1.136341762500287, "110": 1.136341762500287, "111": 1.1366772555881108, "112": 1.272012523594744, "113": 1.1356708067845227, "114": 1.407347791601377, "115": 1.1360062694124125, "116": 1.1360062694124125, "117": 1.2713415678790176, "118": 1.135670776324538, "119": 1.271676984816943, "120": 1.1356707915544797, "121": 1.1363417168103098, "122": 1.13634170158033, "123": 1.13634170158033, "124": 1.136341777730254, "125": 1.136341777730254, "126": 1.1373481808439283, "127": 1.2726834488505614, "128": 1.1356708372444821, "129": 1.1373481808439283, "130": 1.2726834488505614, "131": 1.1356708372444821, "132": 1.1373481808439283, "133": 1.1363418234203198, "134": 1.1363418234203198, "135": 1.4073478829813566, "136": 1.1360062694124884, "137": 1.1360062694124884, "138": 1.2720126149747235, "139": 1.1356708067845986, "140": 1.4073478829813566, "141": 1.1360062694124884, "142": 1.1360062694124884, "143": 1.137348211303951, "144": 1.4080187473172172, "145": 1.1360062998723972, "146": 1.1360062998723972, "147": 1.2726834793105841, "148": 1.1356708372445075, "149": 1.2726834793105841, "150": 1.1356708372445075, "151": 1.2726834793105841, "152": 1.1356708372445075, "153": 1.1360062541825466, "154": 1.1360063760223338, "155": 1.2736898976541622, "156": 1.135670882934472, "157": 1.2736898976541622, "158": 1.135670882934472, "159": 1.138354629647529, "160": 1.4090251656607953, "161": 1.1360063455623617, "162": 1.1360063455623617, "163": 1.138354629647529, "164": 1.138354629647529, "165": 1.5443604336674284, "166": 1.1363418081902514, "167": 1.1363418081902514, "168": 1.1363418081902514, "169": 1.4090251656607953, "170": 1.1360063455623617, "171": 1.1360063455623617, "172": 1.1360063607922908, "173": 1.5443603575175298, "174": 1.1363418081901882, "175": 1.1363418081901882, "176": 1.1363418081901882, "177": 1.1383545534976305, "178": 1.1383545534976305, "179": 1.1383545534976305, "180": 1.1383545534976305, "181": 1.1383545534976305, "182": 1.2736898215042636, "183": 1.1356708829344087, "184": 1.1383545534976305, "185": 1.2713415221891164, "186": 1.1356707763245, "187": 1.1360062541824327, "188": 1.136006315102377, "189": 1.1370127334460056, "190": 1.2723480014526387, "191": 1.135670822014515, "192": 1.1370127334460056, "193": 1.4076832694592718, "194": 1.1360062846424048, "195": 1.1360062846424048, "196": 1.1366772555881488, "197": 1.1366772555881488, "198": 1.407347791601415, "199": 1.1360062694124125, "200": 1.1360062694124125, "201": 1.1360062846424048, "202": 1.136677209898159, "203": 1.4073477459114252, "204": 1.1360062694123745, "205": 1.1360062694123745, "206": 1.136677209898159, "207": 1.1360062389524404, "208": 1.1366773317380474, "209": 1.1366773317380474, "210": 1.4073478677513136, "211": 1.1360062694124757, "212": 1.1360062694124757, "213": 1.1386900618154974, "214": 1.2740253298221305, "215": 1.1356708981644263, "216": 1.2740253298221305, "217": 1.1356708981644263, "218": 1.1386900618154974, "219": 1.4093605978287636, "220": 1.136006360792316, "221": 1.136006360792316, "222": 1.1386900618154974, "223": 1.1386900618154974, "224": 1.1386900618154974, "225": 1.1386900618154974, "226": 1.1360063912523009, "227": 1.2713415374191088, "228": 1.1356707763245126, "229": 1.1360063455623364, "230": 1.2733543893363586, "231": 1.1356708677044542, "232": 1.4086896573429917, "233": 1.136006330332344, "234": 1.136006330332344, "235": 1.1380191213297255, "236": 1.1380191213297255, "237": 1.2733543893363586, "238": 1.1356708677044542, "239": 1.1380191213297255, "240": 1.4086896573429917, "241": 1.136006330332344, "242": 1.136006330332344, "243": 1.1370127334460562, "244": 1.5430185374659555, "245": 1.1363417472702946, "246": 1.1363417472702946, "247": 1.1363417472702946, "248": 1.5430185374659555, "249": 1.1363417472702946, "250": 1.1363417472702946, "251": 1.1363417472702946, "252": 1.1370127334460562, "253": 1.1360062998724605, "254": 1.137348104694017, "255": 1.137348104694017, "256": 1.137348104694017, "257": 1.137348104694017, "258": 1.2726833727006501, "259": 1.1356708372444189, "260": 1.406676820655709, "261": 1.136006238952415, "262": 1.136006238952415, "263": 1.1360062998724478, "264": 1.2720125692846704, "265": 1.1356708067845607, "266": 1.5426831052979366, "267": 1.1363417320403402, "268": 1.1363417320403402, "269": 1.1363417320403402, "270": 1.4073478372913035, "271": 1.1360062694124504, "272": 1.1360062694124504, "273": 1.1363417472703325, "274": 1.1363417472703325, "275": 1.137012626836097, "276": 1.137012626836097, "277": 1.137012626836097, "278": 1.137012626836097}}