{"name": "eigen", "eigen": 1, "normalized": true, "process_time": 0.05580592155456543, "data": {"0": 0.06308875947881526, "1": 0.1668778482301875, "2": 0.10880955808848922, "3": 0.08840158451465072, "4": 0.08791888820578571, "5": 0.10703629712510043, "6": 0.08678829955626137, "7": 0.10550067432295258, "8": 0.0853717815045935, "9": 0.0845624018991591, "10": 0.14499548514072444, "11": 0.10119731719118955, "12": 0.12880507712226288, "13": 0.09811155570263638, "14": 0.09626608716234428, "15": 0.10892279269227602, "16": 0.1191076492099363, "17": 0.08988640972845569, "18": 0.0713498284951312, "19": 0.06927409570337663, "20": 0.06716572578066572, "21": 0.06502571204411926, "22": 0.08889048216133136, "23": 0.06056592328071793, "24": 0.08237546428007773, "25": 0.05584824148549895, "26": 0.05342192177199308, "27": 0.0509704333682414, "28": 0.06858218947289446, "29": 0.08596622746986253, "30": 0.061141518128523864, "31": 0.06396524327665379, "32": 0.07016558180266008, "33": 0.03436050171468792, "34": 0.03821171431429675, "35": 0.034304572855297435, "36": 0.055438844399165, "37": 0.021366012420135402, "38": 0.01792895372863075, "39": 0.017738528856919393, "40": 0.02465107214604846, "41": 0.007497578950433931, "42": 0.004858968241833059, "43": 0.0004314733684680147, "44": -0.0031045874995689893, "45": -0.008131308638888779, "46": -0.012452627395533648, "47": -0.02370534731791734, "48": -0.027121963342604003, "49": -0.020572066190525092, "50": -0.029370612272275123, "51": -0.04327157204411265, "52": -0.03067628011812989, "53": -0.04160551725898653, "54": -0.037233233859239295, "55": -0.0404781634212109, "56": -0.04370402249071312, "57": -0.04690929126754009, "58": -0.07920313305051735, "59": -0.12461015084698504, "60": -0.06837115635502432, "61": -0.07160235655438826, "62": -0.06101867956224859, "63": -0.06354553205784937, "64": -0.08088514742807054, "65": -0.14526192409400945, "66": -0.07045985302237438, "67": -0.12541672952263805, "68": -0.09061057975800782, "69": -0.07548735898642504, "70": -0.14397135264703625, "71": -0.078170637304563, "72": -0.09718169418478059, "73": -0.09844101445375025, "74": -0.12859282270282618, "75": -0.11582149346923326, "76": -0.0823513215505961, "77": -0.08276568145261927, "78": -0.08314104792778058, "79": -0.08347724412952981, "80": -0.08377411166562393, "81": -0.145546845921965, "82": -0.08409094203620894, "83": -0.059475285657101376, "84": 0.08926304868672902, "85": 0.06313337906217026, "86": 0.0630887594788153, "87": 0.06308875947881537, "88": 0.06308875947881536, "89": 0.08926304868672907, "90": 0.06313337906217045, "91": 0.06283602963401853, "92": 0.061811995712717685, "93": 0.08620186312946737, "94": 0.060968283975125936, "95": 0.05920810630245723, "96": 0.05920810630245701, "97": 0.08377238860275837, "98": 0.059249981290272556, "99": 0.05920810630245717, "100": 0.05844006476652924, "101": 0.08152109870392953, "102": 0.057657703851257194, "103": 0.057616954207229704, "104": 0.057616954207229606, "105": 0.09822726122364972, "106": 0.05672489812060607, "107": 0.05672489812060613, "108": 0.05559234695875466, "109": 0.05447422857811311, "110": 0.054474228578113126, "111": 0.053279110758542664, "112": 0.07538356906862959, "113": 0.05331679245878888, "114": 0.0923691934456908, "115": 0.05334194420589052, "116": 0.05334194420589057, "117": 0.07344385273683424, "118": 0.051944882712818816, "119": 0.06289951702032504, "120": 0.04448715464344202, "121": 0.044455713299190916, "122": 0.0411974368220487, "123": 0.04119743682204875, "124": 0.034299174427969224, "125": 0.03429917442796926, "126": 0.03249983569218971, "127": 0.045983380235535755, "128": 0.03252282123097142, "129": 0.03249983569218975, "130": 0.04598338023553582, "131": 0.0325228212309714, "132": 0.03249983569218974, "133": 0.03057796216771284, "134": 0.030577962167712802, "135": 0.04960569677273916, "136": 0.028646610529316323, "137": 0.028646610529316323, "138": 0.04048378392590282, "139": 0.028633103104454008, "140": 0.04960569677273924, "141": 0.028646610529316396, "142": 0.028646610529316382, "143": 0.026526345833109758, "144": 0.0459883270343986, "145": 0.02655762904580798, "146": 0.026557629045807996, "147": 0.0375316065673628, "148": 0.02654510661567668, "149": 0.03753160656736284, "150": 0.02654510661567671, "151": 0.03753160656736287, "152": 0.02654510661567667, "153": 0.022066741701745662, "154": 0.019810421018021215, "155": 0.02481053980973011, "156": 0.017547834603341642, "157": 0.024810539809730102, "158": 0.017547834603341687, "159": 0.017535432652417852, "160": 0.030400916001875566, "161": 0.017556112646295648, "162": 0.017556112646295634, "163": 0.017535432652417825, "164": 0.01753543265241783, "165": 0.03512052188453668, "166": 0.01756439850312925, "167": 0.01756439850312918, "168": 0.0175643985031292, "169": 0.030400916001875493, "170": 0.017556112646295592, "171": 0.017556112646295564, "172": 0.010243757483242435, "173": 0.015616460410845759, "174": 0.007810069986038701, "175": 0.0078100699860386875, "176": 0.007810069986038681, "177": 0.007797190221256377, "178": 0.007797190221256363, "179": 0.007797190221256349, "180": 0.0077971902212564045, "181": 0.007797190221256391, "182": 0.011032091549896907, "183": 0.007802704791235286, "184": 0.007797190221256363, "185": 0.0039701368547722105, "186": 0.0028079721527401284, "187": -0.0046957193795514746, "188": -0.0071912217804503634, "189": -0.009679947776123507, "190": -0.013695968295513113, "191": -0.009686793928119934, "192": -0.009679947776123552, "193": -0.016781979953251393, "194": -0.009691363591444884, "195": -0.009691363591444872, "196": -0.012132168660072731, "197": -0.012132168660072735, "198": -0.02103335843866982, "199": -0.012146476443552502, "200": -0.012146476443552498, "201": -0.016961126352604782, "202": -0.01935619496251639, "203": -0.03355754424971334, "204": -0.019379022228957554, "205": -0.019379022228957547, "206": -0.019356194962516397, "207": -0.02402661642369911, "208": -0.03542906376049987, "209": -0.03542906376049988, "210": -0.061422835281998586, "211": -0.035470846181052555, "212": -0.0354708461810526, "213": -0.03758022672314003, "214": -0.05317152588445453, "215": -0.03760680537316593, "216": -0.053171525884454514, "217": -0.03760680537316592, "218": -0.03758022672313999, "219": -0.06515227417465945, "220": -0.037624546066377794, "221": -0.037624546066377766, "222": -0.03758022672314003, "223": -0.03758022672314003, "224": -0.037580226723140014, "225": -0.03758022672314002, "226": -0.039483406442497815, "227": -0.05850442737981536, "228": -0.04137862469326821, "229": -0.04671006490632784, "230": -0.06852555822848277, "231": -0.048466303882009565, "232": -0.08396591753593075, "233": -0.0484891674520405, "234": -0.04848916745204049, "235": -0.04843205026976695, "236": -0.048432050269766935, "237": -0.06852555822848277, "238": -0.04846630388200956, "239": -0.048432050269766935, "240": -0.0839659175359307, "241": -0.04848916745204046, "242": -0.04848916745204046, "243": -0.05121322947728975, "244": -0.10257148382289523, "245": -0.051297825893522435, "246": -0.051297825893522435, "247": -0.051297825893522456, "248": -0.10257148382289522, "249": -0.05129782589352243, "250": -0.05129782589352243, "251": -0.051297825893522435, "252": -0.05121322947728973, "253": -0.0523263688857135, "254": -0.05442887798061562, "255": -0.05442887798061561, "256": -0.0544288779806156, "257": -0.054428877980615624, "258": -0.0770103521654941, "259": -0.05446737285479028, "260": -0.09729630309581155, "261": -0.056187282551381015, "262": -0.05618728255138101, "263": -0.05684833768360872, "264": -0.08138676227974655, "265": -0.05756269127310112, "266": -0.11520690753517718, "267": -0.05761702633331212, "268": -0.05761702633331217, "269": -0.05761702633331215, "270": -0.09972504196627097, "271": -0.057589845987153485, "272": -0.05758984598715346, "273": -0.05792439170492218, "274": -0.0579243917049222, "275": -0.059433251435183285, "276": -0.05943325143518328, "277": -0.05943325143518328,