{"name": "fiedler", "normalized": false, "process_time": 0.09956884384155273, "data": {"0": -0.06930459573688008, "1": -0.06929411490131503, "2": -0.06927315481533372, "3": -0.06917882728977692, "4": -0.06906357455208402, "5": -0.06892743146563816, "6": -0.06878086458440877, "7": -0.06862389607447782, "8": -0.06844617021643144, "9": -0.06825809334761535, "10": -0.06805969391198104, "11": -0.06783040900547982, "12": -0.06759086621357267, "13": -0.06734110176373712, "14": -0.06708115342942189, "15": -0.06680091441860854, "16": -0.06649036578524471, "17": -0.0660993434208033, "18": -0.06569832497028467, "19": -0.06523766984133893, "20": -0.06476714894252417, "21": -0.06428683343368942, "22": -0.06379679595591126, "23": -0.06329711062079767, "24": -0.06278785299865391, "25": -0.06226910010760008, "26": -0.06174093040177512, "27": -0.061156698091250725, "28": -0.06056321720126683, "29": -0.05995141727900446, "30": -0.05933055105964107, "31": -0.058700712440346726, "32": -0.05806199667561444, "33": -0.05741450036268805, "34": -0.056758321426037206, "35": -0.05607638973608418, "36": -0.05538597779317294, "37": -0.0546871900128161, "38": -0.05398013207666497, "39": -0.053264910917680965, "40": -0.05254163470322958, "41": -0.05181041281881011, "42": -0.051071355851680066, "43": -0.050324575573489266, "44": -0.04957018492465679, "45": -0.048800800583054915, "46": -0.04802403632098417, "47": -0.04724000961305233, "48": -0.046391669676234946, "49": -0.045536314166185074, "50": -0.044667185188937, "51": -0.043791301442366724, "52": -0.042862418220391274, "53": -0.041849209479012155, "54": -0.04082967214693871, "55": -0.039797785079773544, "56": -0.0387538604168463, "57": -0.03758085286425043, "58": -0.03640216224673792, "59": -0.03521796682325846, "60": -0.033991145535519594, "61": -0.032759184070746857, "62": -0.031522268743716, "63": -0.030280586618461856, "64": -0.02903432547979824, "65": -0.027783673804959517, "66": -0.02649937598679431, "67": -0.025211071002645222, "68": -0.02391132614213264, "69": -0.02260796551531932, "70": -0.02129776706205766, "71": -0.019981127103091037, "72": -0.01866146575418978, "73": -0.017338982591276763, "74": -0.016006009804717777, "75": -0.01466577451992513, "76": -0.013310009438070175, "77": -0.011940151669130535, "78": -0.010568488562983454, "79": -0.009195227556748597, "80": -0.007820576329274976, "81": -0.006443560258051352, "82": -0.005065570100318213, "83": -0.003686814249662761, "84": -0.002307501214620794, "85": -0.0009278395882814519, "86": 0.00045294275897524047, "87": 0.0018324832007543333, "88": 0.0032117461529619067, "89": 0.004590523035901444, "90": 0.005967215666259301, "91": 0.00734210262843291, "92": 0.008715878908311065, "93": 0.010088336757161559, "94": 0.011457742415320101, "95": 0.012809801649276042, "96": 0.014156047711966676, "97": 0.015495868824294311, "98": 0.016833346217290757, "99": 0.01816827763633495, "100": 0.019500461211919444, "101": 0.020800175719429603, "102": 0.02209045033160774, "103": 0.023377383992702047, "104": 0.024660782095332016, "105": 0.02591806318421707, "106": 0.027171424520745755, "107": 0.02840834189199945, "108": 0.02964096294140663, "109": 0.03086910127796008, "110": 0.03209257118870608, "111": 0.03326748106323963, "112": 0.03443735984388001, "113": 0.0356020306302444, "114": 0.03676131730964437, "115": 0.03791504458370562, "116": 0.03906303799533525, "117": 0.0402051239541877, "118": 0.0413411297639127, "119": 0.04247088364714605, "120": 0.043594214772596784, "121": 0.04471095328009582, "122": 0.045800634609129955, "123": 0.04688338968649706, "124": 0.04794486947531014, "125": 0.048999098783371144, "126": 0.05000883622526203, "127": 0.050942913630122245, "128": 0.051869287226376855, "129": 0.052779971872281506, "130": 0.05368267493551502, "131": 0.054536633908311226, "132": 0.05534933317645162, "133": 0.056153662363768606, "134": 0.056949499853455494, "135": 0.057736725312907536, "136": 0.05851521971161793, "137": 0.05926716110497302, "138": 0.060010140032796734, "139": 0.06073496797815839, "140": 0.06145061152386307, "141": 0.06215696246399033, "142": 0.06285391399786715, "143": 0.06354136074610736, "144": 0.06421919876661096, "145": 0.06488732557029854, "146": 0.06553582641489993, "147": 0.06617441696859551, "148": 0.06680300067699498, "149": 0.06742148249870611, "150": 0.06800937040724817, "151": 0.06858697402698964, "152": 0.06915420602526796, "153": 0.06971098063745913, "154": 0.07025721367953999, "155": 0.07077156620864851, "156": 0.07127521680929147, "157": 0.07176808933058072, "158": 0.07225010925099708, "159": 0.07267747035615743, "160": 0.07309384136437053, "161": 0.0734881045981208, "162": 0.07383790709498515, "163": 0.07417654403976259, "164": 0.0744365941063047, "165": 0.07465160966988982, "166": 0.0748101498723915, "167": 0.07487815029357223, "168": 0.07493482788099168, "169": -0.06930460049482354, "170": -0.06931508291641449, "171": -0.06931508291640373, "172": -0.06930460049482352, "173": -0.0693150829164287, "174": -0.0693150829163896, "175": -0.06918929068699242, "176": -0.06907402051630479, "177": -0.06863427553329209, "178": -0.06808028682124743, "179": -0.06809058405452562, "180": -0.06709129953492425, "181": -0.0668110181353776, "182": -0.06681101813537063, "183": -0.06651048383714679, "184": -0.06652054362375606, "185": -0.06651048383714678, "186": -0.06652054362375603, "187": -0.06652054819041765, "188": -0.06653060949923854, "189": -0.06653060949927614, "190": -0.06572814782047226, "191": -0.06573808927170867, "192": -0.06573808927174404, "193": -0.06571820336109374, "194": -0.06572814330808283, "195": -0.06178765607004346, "196": -0.061797001486373834, "197": -0.06179700148635678, "198": -0.061797001486361594, "199": -0.06179700148637208, "200": -0.06057237741005335, "201": -0.056766906109889576, "202": -0.056766906109856206, "203": -0.049577682338075864, "204": -0.04724715456648898, "205": -0.04725430276278845, "206": -0.047261449878144436, "207": -0.04724715456649635, "208": -0.047254302762788435, "209": -0.04726144987814442, "210": -0.04725430276278845, "211": -0.047261449878144436, "212": -0.045543201420537326, "213": -0.043804551060321856, "214": -0.04381117637021515, "215": -0.043804551060321925, "216": -0.043811176370215164, "217": -0.04381117937772408, "218": -0.04381780569047203, "219": -0.04381780569043858, "220": -0.042894855792663826, "221": -0.042901343503359175, "222": -0.04290134350336567, "223": -0.04290134350333889, "224": -0.042901343503359175, "225": -0.042894855792663715, "226": -0.04290134350334909, "227": -0.042901343503344576, "228": -0.04290134350335672, "229": -0.04290134350337288, "230": -0.04287538677139481, "231": -0.042881871537260204, "232": -0.04083584748155205, "233": -0.03980380433287032, "234": -0.03881844183705381, "235": -0.038824312955947266, "236": -0.03882431295590985, "237": -0.03882431295593663, "238": -0.038824312955964335, "239": -0.03882431295594807, "240": -0.03882431295595575, "241": -0.0388243129559187, "242": -0.038824312955947266, "243": -0.03882431295594716, "244": -0.03882431295594863, "245": -0.03877145156477253, "246": -0.038777315576280884, "247": -0.03877731557628339, "248": -0.03877731912603836, "249": -0.03878318402506289, "250": -0.03878318402506289, "251": -0.038783184025078576, "252": -0.03877145156477247, "253": -0.038777315576289086, "254": -0.038777315576275284, "255": -0.035228622281104384, "256": -0.03523395041301329, "257": -0.035239284995101886, "258": -0.03524461473955935, "259": -0.03524461473955935, "260": -0.035244614739564, "261": -0.03522329334323529, "262": -0.02781311855332309, "263": -0.02781732503681018, "264": -0.02781732503681018, "265": -0.027817325036812023, "266": -0.02781732503681118, "267": -0.02781732503684275, "268": -0.027817325036807592, "269": -0.02521869854801982, "270": -0.025222512609114768, "271": -0.022611384686951515, "272": -0.021300988058367838, "273": -0.017344228196078636, "274": -0.017346851196685175, "275": -0.01734160479892822,