{"0": -0.6955935117689875, "1": -0.18603673784978297, "2": 0.1915687711077324, "3": 0.1321667017360626, "4": -0.32171190383733256, "5": -0.1878448700818718, "6": 0.31798800281147244, "7": 0.2454388072214525, "8": 0.2623098344656631, "9": 0.24171490619559222}