{"0": -0.10316690851404367, "1": -0.18546704709105719, "2": 0.2194189391736782, "3": -0.17774723705810358, "4": 0.12032962930651503, "5": -0.038029490729501673, "6": -0.3017190777506918, "7": 0.5826332233228388, "8": -0.5174958055382967, "9": 0.4012437748786619}