{"name": "fiedler", "normalized": false, "process_time": 0.015136957168579102, "data": {"0": -0.11447135359700078, "1": 0.08558296433620137, "2": 0.005357007738019851, "3": -0.5914952003388064, "4": -0.38555611126224454, "5": 0.18550179791472549, "6": 0.19469730578347788, "7": 0.5112692444909906, "8": -0.21129608830551677, "9": 0.3204104332401532}}