{"0": -0.18541927713924955, "1": 0.0629307556425917, "2": -0.4159266987946419, "3": -0.22956409153840865, "4": -0.04711558155761166, "5": -0.20123445052216288, "6": 0.6642767332295992, "7": -0.2492933694561213, "8": 0.2334781897295923, "9": 0.3678677904064125}