{"0": -0.5576787871439524, "1": -0.19424952573851634, "2": 0.08860346540289639, "3": 0.12483282108140978, "4": 0.10621332786888678, "5": -0.4696425806465873, "6": 0.27482579285687786, "7": 0.15802016813452788, "8": -0.06998396840284364, "9": 0.5390592865873011}