{"name": "fiedler", "normalized": true, "process_time": 0.015531778335571289, "data": {"0": -0.3877738490143181, "1": -0.5742129210380398, "2": 0.10461262638383163, "3": 0.5513654210138649, "4": 0.17911892190515433, "5": 0.007320140945581478, "6": -0.2910516963473991, "7": 0.12746012706141108, "8": 0.2676338708096605, "9": 0.01552735828025305}}