{"name": "density", "eps": 0.5, "process_time": 0.06669402122497559, "data": {"0": 1.406005986779656, "1": 1.1370125963762008, "2": 1.1370125963762008, "3": 1.1370125963762008, "4": 1.000335523547872, "5": 1.000335523547872, "6": 1.000335523547872, "7": 1.000335523547872, "8": 1.000335523547872, "9": 1.000335523547872, "10": 1.000335523547872, "11": 1.000335523547872, "12": 1.000335523547872, "13": 1.0000000152300177, "14": 1.0000000152300177, "15": 1.0000000152300177, "16": 1.0000000152300177, "17": 1.0000000152300177, "18": 1.0000000152300177, "19": 1.0000000152300177, "20": 1.0000000152300177, "21": 1.0000000152300177, "22": 1.0000000152300177, "23": 1.0000000152300177, "24": 1.0000000152300177, "25": 1.0000000152300177, "26": 1.0000000152300177, "27": 1.0000000152300177, "28": 1.0000000152300177, "29": 1.0000000152300177, "30": 1.0000000152300177, "31": 1.0000000152300177, "32": 1.0000000152300177, "33": 1.0000000152300177, "34": 1.0000000152300177, "35": 1.0000000152300177, "36": 1.0000000152300177, "37": 1.0000000152300177, "38": 1.0000000152300177, "39": 1.0000000152300177, "40": 1.0000000000000127, "41": 1.0000000000000127, "42": 1.0000000000000127, "43": 1.0000000000000127, "44": 1.0000000000000127, "45": 1.0000000000000127, "46": 1.0000000000000127, "47": 1.0000000000000127, "48": 1.0000000000000127, "49": 1.0000000000000127, "50": 1.0000000000000127, "51": 1.0000000000000127, "52": 1.0000000000000127, "53": 1.0000000000000127, "54": 1.0000000000000127, "55": 1.0000000000000127, "56": 1.0000000000000127, "57": 1.0000000000000127, "58": 1.0000000000000127, "59": 1.0000000000000127, "60": 1.0000000000000127, "61": 1.0000000000000127, "62": 1.0000000000000127, "63": 1.0000000000000127, "64": 1.0000000000000127, "65": 1.0000000000000127, "66": 1.0000000000000127, "67": 1.0000000000000127, "68": 1.0000000000000127, "69": 1.0000000000000127, "70": 1.0000000000000127, "71": 1.0000000000000127, "72": 1.0000000000000127, "73": 1.0000000000000127, "74": 1.0000000000000127, "75": 1.0000000000000127, "76": 1.0000000000000127, "77": 1.0000000000000127, "78": 1.0000000000000127, "79": 1.0000000000000127, "80": 1.0000000000000127, "81": 1.0000000000000127, "82": 1.0000000000000127, "83": 1.0000000000000127, "84": 1.0000000000000127, "85": 1.0000000000000127, "86": 1.0000000000000127, "87": 1.0000000000000127, "88": 1.0000000000000127, "89": 1.0000000000000127, "90": 1.0000000000000127, "91": 1.0000000000000127, "92": 1.0000000000000127, "93": 1.0000000000000127, "94": 1.0000000000000127, "95": 1.0000000000000127, "96": 1.0000000000000127, "97": 1.0000000000000127, "98": 1.0000000000000127, "99": 1.0000000000000127, "100": 1.0000000000000127, "101": 1.0000000000000127, "102": 1.0000000000000127, "103": 1.0000000000000127, "104": 1.0000000000000127, "105": 1.0000000000000127, "106": 1.0000000000000127, "107": 1.0000000000000127, "108": 1.0000000000000127, "109": 1.0000000000000127, "110": 1.0000000000000127, "111": 1.0000000000000127, "112": 1.0000000000000127, "113": 1.0000000000000127, "114": 1.0000000000000127, "115": 1.0000000000000127, "116": 1.0000000000000127, "117": 1.0000000000000127, "118": 1.0000000000000127, "119": 1.0000000000000127, "120": 1.0000000000000127}}