{"0": -2.4556602382322288e-26, "1": -7.406816645178194e-16, "2": 3.3343236792820474e-16, "3": 2.8859902346073794e-16, "4": 0.05296062654699789, "5": -0.13993768712036017, "6": 0.08697706057335959, "7": 0.036301505950263706, "8": 0.03971528691109667, "9": -0.07601679286135911, "10": 0.08917324858195927, "11": -0.06725528671942911, "12": -0.021917961862528985, "13": 0.06398725041544727, "14": 0.06398725041544844, "15": 0.06398725041544562, "16": -0.16907329863975235, "17": -0.16907329863975157, "18": -0.1690732986397527, "19": 0.10508604822430212, "20": 0.10508604822430268, "21": 0.10508604822430179, "22": 0.043859631260897314, "23": 0.04385963126089659, "24": 0.04385963126089651, "25": 0.047984175690340594, "26": 0.047984175690340594, "27": 0.04798417569034059, "28": -0.0918438069512354, "29": -0.0918438069512354, "30": -0.0918438069512354, "31": 0.10773949175826295, "32": 0.10773949175826295, "33": 0.10773949175826295, "34": -0.0812581185998594, "35": -0.08125811859985953, "36": -0.08125811859985944, "37": -0.026481373158402436, "38": -0.02648137315840254, "39": -0.026481373158402363, "40": 0.06607117444068746, "41": 0.06607117444068746, "42": 0.06607117444068746, "43": 0.0660711744406884, "44": 0.0660711744406884, "45": 0.0660711744406884, "46": 0.06607117444068532, "47": 0.06607117444068532, "48": 0.06607117444068532, "49": -0.17457964415037144, "50": -0.17457964415037144, "51": -0.17457964415037144, "52": -0.17457964415037072, "53": -0.17457964415037072, "54": -0.17457964415037072, "55": -0.17457964415037178, "56": -0.17457964415037178, "57": -0.17457964415037178, "58": 0.10850846970968075, "59": 0.10850846970968075, "60": 0.10850846970968075, "61": 0.10850846970968181, "62": 0.10850846970968181, "63": 0.10850846970968181, "64": 0.10850846970968067, "65": 0.10850846970968067, "66": 0.10850846970968067, "67": 0.04528804299494314, "68": 0.04528804299494314, "69": 0.04528804299494314, "70": 0.045288042994942324, "71": 0.045288042994942324, "72": 0.045288042994942324, "73": 0.04528804299494227, "74": 0.04528804299494227, "75": 0.04528804299494227, "76": 0.0495469147657532, "77": 0.0495469147657532, "78": 0.0495469147657532, "79": 0.0495469147657532, "80": 0.0495469147657532, "81": 0.0495469147657532, "82": 0.0495469147657532, "83": 0.0495469147657532, "84": 0.0495469147657532, "85": -0.09483495776069388, "86": -0.09483495776069388, "87": -0.09483495776069388, "88": -0.09483495776069388, "89": -0.09483495776069388, "90": -0.09483495776069388, "91": -0.09483495776069388, "92": -0.09483495776069388, "93": -0.09483495776069388, "94": 0.1112483300640888, "95": 0.1112483300640888, "96": 0.1112483300640888, "97": 0.1112483300640888, "98": 0.1112483300640888, "99": 0.1112483300640888, "100": 0.1112483300640888, "101": 0.1112483300640888, "102": 0.1112483300640888, "103": -0.08390451681976431, "104": -0.08390451681976431, "105": -0.08390451681976431, "106": -0.08390451681976445, "107": -0.08390451681976445, "108": -0.0839045168197644, "109": -0.08390451681976437, "110": -0.0839045168197644, "111": -0.0839045168197644, "112": -0.027343813244323372, "113": -0.027343813244323372, "114": -0.027343813244323372, "115": -0.027343813244323476, "116": -0.02734381324432349, "117": -0.02734381324432349, "118": -0.027343813244323542, "119": -0.02734381324432321, "120": -0.027343813244323147}