{"0": 0.0, "1": 2.266306496820428e-16, "2": 1.9647622016625567e-16, "3": -4.138505845908384e-16, "4": -0.02853024794616984, "5": 0.0753853791555994, "6": -0.046855131209428386, "7": 0.0834872315340544, "8": 0.08363098868946582, "9": -0.16711822022351971, "10": -0.015871853294826998, "11": 0.025523157533375664, "12": -0.009651304238550582, "13": -0.03447036484974985, "14": -0.034470364849749885, "15": -0.03447036484975005, "16": 0.09108093027207963, "17": 0.09108093027207968, "18": 0.09108093027207986, "19": -0.05661056542232859, "20": -0.056610565422327876, "21": -0.05661056542232879, "22": 0.10086962218849971, "23": 0.10086962218850086, "24": 0.10086962218850126, "25": 0.10104331018469967, "26": 0.10104331018469773, "27": 0.10104331018469757, "28": -0.20191293237319802, "29": -0.20191293237319782, "30": -0.2019129323731989, "31": -0.019176439508926, "32": -0.019176439508925846, "33": -0.019176439508926064, "34": 0.030837185640765267, "35": 0.03083718564076528, "36": 0.030837185640765513, "37": -0.011660746131841464, "38": -0.011660746131841686, "39": -0.011660746131840934, "40": -0.03559298882566366, "41": -0.03559298882566368, "42": -0.03559298882566358, "43": -0.03559298882566357, "44": -0.0355929888256636, "45": -0.035592988825663543, "46": -0.03559298882566381, "47": -0.03559298882566385, "48": -0.03559298882566386, "49": 0.0940472358658166, "50": 0.09404723586581663, "51": 0.09404723586581668, "52": 0.09404723586581679, "53": 0.0940472358658168, "54": 0.09404723586581683, "55": 0.09404723586581677, "56": 0.09404723586581674, "57": 0.09404723586581677, "58": -0.05845424704015178, "59": -0.05845424704015181, "60": -0.058454247040151834, "61": -0.05845424704015091, "62": -0.05845424704015091, "63": -0.05845424704015088, "64": -0.05845424704015191, "65": -0.05845424704015191, "66": -0.05845424704015191, "67": 0.10415472395065851, "68": 0.1041547239506585, "69": 0.10415472395065849, "70": 0.10415472395066001, "71": 0.10415472395066001, "72": 0.10415472395066, "73": 0.1041547239506604, "74": 0.10415472395066039, "75": 0.10415472395066042, "76": 0.10433406858292026, "77": 0.10433406858292031, "78": 0.10433406858292026, "79": 0.10433406858291813, "80": 0.10433406858291822, "81": 0.10433406858291816, "82": 0.10433406858291797, "83": 0.104334068582918, "84": 0.104334068582918, "85": -0.2084887925335776, "86": -0.20848879253357758, "87": -0.20848879253357747, "88": -0.2084887925335773, "89": -0.20848879253357733, "90": -0.20848879253357738, "91": -0.2084887925335785, "92": -0.20848879253357847, "93": -0.2084887925335786, "94": -0.01980097397089701, "95": -0.01980097397089701, "96": -0.01980097397089701, "97": -0.019800973970896817, "98": -0.019800973970896814, "99": -0.019800973970896817, "100": -0.019800973970897123, "101": -0.019800973970897123, "102": -0.019800973970897116, "103": 0.03184148495993181, "104": 0.031841484959931804, "105": 0.03184148495993181, "106": 0.031841484959932095, "107": 0.031841484959931866, "108": 0.03184148495993186, "109": 0.03184148495993252, "110": 0.03184148495993201, "111": 0.031841484959932026, "112": -0.012040510989037257, "113": -0.012040510989037247, "114": -0.012040510989037254, "115": -0.012040510989037535, "116": -0.01204051098903747, "117": -0.01204051098903747, "118": -0.012040510989036413, "119": -0.012040510989036662, "120": -0.012040510989036524}