{"name": "eigen", "eigen": 5, "normalized": false, "process_time": 0.03090500831604004, "data": {"0": 0.0, "1": 3.52214094316754e-16, "2": -1.227839815216309e-16, "3": -1.9782413465109762e-16, "4": -0.01336032754532387, "5": 0.035301948989282635, "6": -0.02194162144395747, "7": -0.1507838937600861, "8": 0.13872368571312518, "9": 0.012060208046960508, "10": 0.06849859106452365, "11": -0.018251639880391045, "12": -0.050246951184133304, "13": -0.016142003598019587, "14": -0.016142003598018144, "15": -0.016142003598022626, "16": 0.04265196236162158, "17": 0.04265196236162642, "18": 0.04265196236162459, "19": -0.02650995876360288, "20": -0.026509958763604995, "21": -0.026509958763599756, "22": -0.1821777308484231, "23": -0.1821777308484229, "24": -0.18217773084842415, "25": 0.16760653706395662, "26": 0.16760653706395384, "27": 0.16760653706394665, "28": 0.014571193784472941, "29": 0.014571193784468583, "30": 0.014571193784468611, "31": 0.08276028410769368, "32": 0.08276028410769366, "33": 0.08276028410769366, "34": -0.022051707611178, "35": -0.02205170761117746, "36": -0.022051707611176776, "37": -0.06070857649651614, "38": -0.06070857649651625, "39": -0.0607085764965183, "40": -0.01666771315570512, "41": -0.01666771315570512, "42": -0.01666771315570512, "43": -0.016667713155703555, "44": -0.016667713155703555, "45": -0.016667713155703555, "46": -0.016667713155708638, "47": -0.016667713155708638, "48": -0.016667713155708638, "49": 0.044041042975523685, "50": 0.044041042975523685, "51": 0.044041042975523685, "52": 0.044041042975529465, "53": 0.044041042975529465, "54": 0.044041042975529465, "55": 0.04404104297552731, "56": 0.04404104297552731, "57": 0.04404104297552731, "58": -0.027373329819819735, "59": -0.027373329819819735, "60": -0.027373329819819735, "61": -0.02737332981982229, "62": -0.02737332981982229, "63": -0.02737332981982229, "64": -0.02737332981981604, "65": -0.02737332981981604, "66": -0.02737332981981604, "67": -0.18811085889680546, "68": -0.18811085889680546, "69": -0.18811085889680546, "70": -0.1881108588968051, "71": -0.1881108588968051, "72": -0.1881108588968051, "73": -0.18811085889680657, "74": -0.18811085889680657, "75": -0.18811085889680657, "76": 0.17306511337575553, "77": 0.17306511337575553, "78": 0.17306511337575553, "79": 0.17306511337575242, "80": 0.17306511337575242, "81": 0.17306511337575242, "82": 0.17306511337574373, "83": 0.17306511337574373, "84": 0.17306511337574373, "85": 0.015045745521057596, "86": 0.015045745521057596, "87": 0.015045745521057596, "88": 0.015045745521052348, "89": 0.015045745521052348, "90": 0.015045745521052348, "91": 0.015045745521052369, "92": 0.015045745521052369, "93": 0.015045745521052369, "94": 0.08545560455462577, "95": 0.08545560455462577, "96": 0.08545560455462577, "97": 0.08545560455462577, "98": 0.08545560455462577, "99": 0.08545560455462577, "100": 0.08545560455462577, "101": 0.08545560455462577, "102": 0.08545560455462577, "103": -0.02276988323194846, "104": -0.02276988323194846, "105": -0.02276988323194846, "106": -0.022769883231947417, "107": -0.02276988323194761, "108": -0.022769883231948337, "109": -0.02276988323194802, "110": -0.022769883231946536, "111": -0.022769883231946536, "112": -0.06268572132267766, "113": -0.06268572132267766, "114": -0.06268572132267766, "115": -0.06268572132267748, "116": -0.06268572132267797, "117": -0.06268572132267797, "118": -0.06268572132268044, "119": -0.06268572132268081, "120": -0.06268572132267988}}