{"0": -1.2726810619259675e-55, "1": -6.130877413704229e-16, "2": 1.6894942228348314e-15, "3": -9.218414328040362e-16, "4": -0.0012575693803696742, "5": 0.14365515057250183, "6": -0.14239758119213627, "7": -0.050856859978368016, "8": -0.004526851576820026, "9": 0.05538371155519557, "10": 0.15867480732163938, "11": -0.06276339289537712, "12": -0.09591141442626573, "13": -0.001761927391211865, "14": -0.0017619273912146405, "15": -0.0017619273912123645, "16": 0.2012691694259821, "17": 0.20126916942597892, "18": 0.20126916942597747, "19": -0.19950724203477146, "20": -0.19950724203477188, "21": -0.19950724203477083, "22": -0.07125340042920156, "23": -0.07125340042919776, "24": -0.07125340042920064, "25": -0.006342380717644156, "26": -0.006342380717643101, "27": -0.006342380717646285, "28": 0.07759578114685423, "29": 0.07759578114684756, "30": 0.07759578114685889, "31": 0.22231257668924087, "32": 0.22231257668924043, "33": 0.22231257668923973, "34": -0.08793514126062285, "35": -0.08793514126062248, "36": -0.08793514126062243, "37": -0.13437743542862232, "38": -0.13437743542862127, "39": -0.13437743542862246, "40": -0.0009268635072272523, "41": -0.0009268635072272523, "42": -0.0009268635072272523, "43": -0.0009268635072288079, "44": -0.0009268635072288079, "45": -0.0009268635072288079, "46": -0.0009268635072275089, "47": -0.0009268635072275089, "48": -0.0009268635072275089, "49": 0.10587782970022325, "50": 0.10587782970022325, "51": 0.10587782970022325, "52": 0.10587782970022151, "53": 0.10587782970022151, "54": 0.10587782970022151, "55": 0.10587782970022072, "56": 0.10587782970022072, "57": 0.10587782970022072, "58": -0.10495096619299658, "59": -0.10495096619299658, "60": -0.10495096619299658, "61": -0.10495096619299688, "62": -0.10495096619299688, "63": -0.10495096619299688, "64": -0.10495096619299621, "65": -0.10495096619299621, "66": -0.10495096619299621, "67": -0.03748291612530959, "68": -0.03748291612530959, "69": -0.03748291612530959, "70": -0.03748291612530745, "71": -0.03748291612530745, "72": -0.03748291612530745, "73": -0.03748291612530912, "74": -0.03748291612530912, "75": -0.03748291612530912, "76": -0.003336415147098244, "77": -0.003336415147098244, "78": -0.003336415147098244, "79": -0.0033364151470975808, "80": -0.0033364151470975808, "81": -0.0033364151470975808, "82": -0.003336415147099402, "83": -0.003336415147099402, "84": -0.003336415147099402, "85": 0.04081933127241222, "86": 0.04081933127241222, "87": 0.04081933127241222, "88": 0.04081933127240843, "89": 0.04081933127240843, "90": 0.04081933127240843, "91": 0.04081933127241491, "92": 0.04081933127241491, "93": 0.04081933127241491, "94": 0.11694773323729288, "95": 0.11694773323729288, "96": 0.11694773323729288, "97": 0.11694773323729266, "98": 0.11694773323729266, "99": 0.11694773323729266, "100": 0.11694773323729228, "101": 0.11694773323729228, "102": 0.11694773323729228, "103": -0.046258361067472116, "104": -0.046258361067472116, "105": -0.046258361067472116, "106": -0.046258361067471915, "107": -0.046258361067471915, "108": -0.046258361067471915, "109": -0.04625836106747191, "110": -0.0462583610674719, "111": -0.0462583610674719, "112": -0.07068937216982295, "113": -0.07068937216982295, "114": -0.07068937216982295, "115": -0.0706893721698224, "116": -0.07068937216982239, "117": -0.07068937216982248, "118": -0.0706893721698232, "119": -0.07068937216982316, "120": -0.07068937216982323}