{"(1, 0, 1, 1, 0)": 0.3796917784793199, "(0, 1, 1, 1, 0)": 0.11038083608886406, "(0, 0, 0, 1, 0)": 0.08344860911857127, "(1, 1, 0, 1, 1)": -0.16763783397280999, "(0, 1, 0, 0, 0)": -0.1608706538887157, "(1, 0, 1, 1, 1)": 0.16087065388871585, "(1, 1, 1, 0, 0)": 0.13537251547203288, "(1, 0, 0, 1, 1)": -0.016849703527193335, "(0, 0, 1, 1, 0)": 0.26116896653448013, "(0, 1, 1, 0, 0)": 0.016849703527193605, "(0, 0, 1, 0, 0)": 0.16763783397280924, "(1, 0, 0, 0, 1)": -0.11038083608886438, "(0, 1, 1, 0, 1)": -0.20197142106341073, "(1, 1, 0, 0, 1)": -0.26116896653448085, "(0, 1, 1, 1, 1)": -0.10844028850173978, "(1, 1, 0, 1, 0)": 0.05118329061779432, "(1, 0, 0, 0, 0)": 0.10844028850173962, "(1, 1, 1, 0, 1)": -0.08344860911857113, "(0, 0, 1, 1, 1)": 0.04234784194387622, "(1, 0, 1, 0, 0)": 0.28616064591764895, "(0, 0, 0, 0, 1)": -0.22890364803370405, "(1, 1, 0, 0, 0)": -0.04234784194387652, "(0, 1, 0, 1, 1)": -0.28616064591764895, "(1, 0, 0, 1, 0)": 0.20197142106341034, "(0, 0, 1, 0, 1)": -0.051183290617794606, "(0, 1, 0, 1, 0)": -0.06733952132704506, "(1, 1, 1, 1, 0)": 0.2289036480337037, "(0, 0, 0, 0, 0)": -0.010082523443099706, "(1, 1, 1, 1, 1)": 0.01008252344309972, "(0, 0, 0, 1, 1)": -0.13537251547203305, "(1, 0, 1, 0, 1)": 0.06733952132704497, "(0, 1, 0, 0, 1)": -0.37969177847932006}