{"(1, 0, 1, 1, 0)": 0.3916025150792543, "(0, 1, 1, 1, 0)": 0.071005108333204, "(0, 0, 0, 1, 0)": 0.059816609282572764, "(1, 1, 0, 1, 1)": -0.0772894160992375, "(0, 1, 0, 0, 0)": -0.27338468278656636, "(1, 0, 1, 1, 1)": 0.27338468278656647, "(1, 1, 1, 0, 0)": 0.05840122301011541, "(1, 0, 0, 1, 1)": 0.09245338381834894, "(0, 0, 1, 1, 0)": 0.24074790825079026, "(0, 1, 1, 0, 0)": -0.09245338381834863, "(0, 0, 1, 0, 0)": 0.07728941609923765, "(1, 0, 0, 0, 1)": -0.07100510833320373, "(0, 1, 1, 0, 1)": -0.21067121611103648, "(1, 1, 0, 0, 1)": -0.24074790825079012, "(0, 1, 1, 1, 1)": -0.04721272395948392, "(1, 1, 0, 1, 0)": 0.04092841619345042, "(1, 0, 0, 0, 0)": 0.04721272395948409, "(1, 1, 1, 0, 1)": -0.059816609282572576, "(0, 0, 1, 1, 1)": 0.1225300759581024, "(1, 0, 1, 0, 0)": 0.22814402292770172, "(0, 0, 0, 0, 1)": -0.22185971516166764, "(1, 1, 0, 0, 0)": -0.12253007595810227, "(0, 1, 0, 1, 1)": -0.22814402292770136, "(1, 0, 0, 1, 0)": 0.2106712161110368, "(0, 0, 1, 0, 1)": -0.040928416193450244, "(0, 1, 0, 1, 0)": -0.10992619063501366, "(1, 1, 1, 1, 0)": 0.22185971516166808, "(0, 0, 0, 0, 0)": -0.10364188286897993, "(1, 1, 1, 1, 1)": 0.10364188286898016, "(0, 0, 0, 1, 1)": -0.058401223010115105, "(1, 0, 1, 0, 1)": 0.10992619063501377, "(0, 1, 0, 0, 1)": -0.39160251507925425}