{"(1, 0, 1, 1, 0)": -0.009295057743915702, "(0, 1, 1, 1, 0)": 0.34856106741245285, "(0, 0, 0, 1, 0)": -0.024548141679687545, "(1, 1, 0, 1, 1)": 0.08123946049253718, "(0, 1, 0, 0, 0)": 0.10658986877760093, "(1, 0, 1, 1, 1)": -0.10658986900535238, "(1, 1, 1, 0, 0)": 0.12184295076706039, "(1, 0, 0, 1, 1)": -0.19922980733594625, "(0, 0, 1, 1, 0)": 0.06809179787730388, "(0, 1, 1, 0, 0)": 0.19922980921140515, "(0, 0, 1, 0, 0)": -0.08123946013090526, "(1, 0, 0, 0, 1)": -0.34856106849924295, "(0, 1, 1, 0, 1)": 0.10193499893217602, "(1, 1, 0, 0, 1)": -0.06809180086359796, "(0, 1, 1, 1, 1)": 0.2512662587437968, "(1, 1, 0, 1, 0)": 0.17853427014599618, "(1, 0, 0, 0, 0)": -0.2512662567870027, "(1, 1, 1, 0, 1)": 0.024548138343808774, "(0, 0, 1, 1, 1)": -0.029203011240233123, "(1, 0, 1, 0, 0)": -0.15862631824080867, "(0, 0, 0, 0, 1)": -0.27117420831138916, "(1, 1, 0, 0, 0)": 0.02920301039976127, "(0, 1, 0, 1, 1)": 0.15862631852559275, "(1, 0, 0, 1, 0)": -0.10193499723427922, "(0, 0, 1, 0, 1)": -0.17853427085834256, "(0, 1, 0, 1, 0)": 0.2559211260349844, "(1, 1, 1, 1, 0)": 0.2711742114573477, "(0, 0, 0, 0, 0)": -0.17387939874372874, "(1, 1, 1, 1, 1)": 0.173879400644112, "(0, 0, 0, 1, 1)": -0.12184294963733223, "(1, 0, 1, 0, 1)": -0.25592113111231324, "(0, 1, 0, 0, 1)": 0.009295059658141416}