{"E3": -0.19563351427190812, "E9": 0.0844250073843391, "Dorothy Murchison": 0.045518968496569216, "Eleanor Nye": -0.12021364869117648, "Flora Price": 0.3925225516428659, "Myra Liddel": 0.09947282112927323, "E10": 0.1382116794997051, "Ruth DeSand": -0.05478389378146093, "E7": -0.05165603846450313, "E5": -0.1650351108640492, "Charlotte McDowd": -0.20409823642872582, "E14": 0.163880792532435, "Sylvia Avondale": 0.09579567521352716, "E6": -0.11631341683608201, "Katherina Rogers": 0.12489033574771649, "E12": 0.1183566339212202, "E8": -0.03581079143415995, "Helen Lloyd": 0.12386682950999471, "Nora Fayette": 0.11821932933041884, "Brenda Rogers": -0.16739665476598226, "E2": -0.2189716376731012, "Theresa Anderson": -0.12915169165931187, "E1": -0.2374653379676447, "Laura Mandeville": -0.16824093764726028, "E13": 0.16388079253243498, "Frances Anderson": -0.16714243755814356, "Verne Sanderson": 0.03758632526320247, "Olivia Carleton": 0.39252255164286687, "E4": -0.21384853024150263, "Evelyn Jefferson": -0.15544050378028915, "Pearl Oglethorpe": -0.03273657215605292, "E11": 0.33478866037478466}