{"E3": -0.19563353678042072, "E9": 0.08442500354071183, "Dorothy Murchison": 0.04551897796360076, "Eleanor Nye": -0.12021365198773813, "Flora Price": 0.3925224350132332, "Myra Liddel": 0.09947286473213839, "E10": 0.1382117376565311, "Ruth DeSand": -0.05478389551710925, "E7": -0.05165603237703338, "E5": -0.16503512733147965, "Charlotte McDowd": -0.2040982595711515, "E14": 0.16388088600463532, "Sylvia Avondale": 0.09579572981143346, "E6": -0.11631342473899908, "Katherina Rogers": 0.12489040086934282, "E12": 0.11835668466378793, "E8": -0.035810781630331745, "Helen Lloyd": 0.12386684445391231, "Nora Fayette": 0.11821936241677838, "Brenda Rogers": -0.1673966710201369, "E2": -0.2189716688117913, "Theresa Anderson": -0.12915170585950142, "E1": -0.23746537036725657, "Laura Mandeville": -0.1682409544793437, "E13": 0.16388088600463532, "Frances Anderson": -0.16714245163743569, "Verne Sanderson": 0.03758634903709261, "Olivia Carleton": 0.3925224350131747, "E4": -0.21384855812172662, "Evelyn Jefferson": -0.15544052372595143, "Pearl Oglethorpe": -0.03273657332592684, "E11": 0.33478859010232576}