{"name": "fiedler", "normalized": true, "process_time": 0.02137899398803711, "data": {"E3": -0.24009784795380917, "E9": 0.16850672217425633, "Dorothy Murchison": 0.04055834981653874, "Eleanor Nye": -0.09671749581970564, "Flora Price": 0.1466718341147674, "Myra Liddel": 0.15651201108135898, "E10": 0.23644424605604364, "Ruth DeSand": -0.031813811275434846, "E7": -0.03847506288811404, "E5": -0.23661838710092464, "Charlotte McDowd": -0.18426318096953176, "E14": 0.19247432958237448, "Sylvia Avondale": 0.21856605444593938, "E6": -0.15320840631660076, "Katherina Rogers": 0.24234970271968795, "E12": 0.23699644727855823, "E8": -0.012027308606188681, "Helen Lloyd": 0.1709493316362486, "Nora Fayette": 0.23332679580813942, "Brenda Rogers": -0.21413927923324205, "E2": -0.15838583767174608, "Theresa Anderson": -0.1750140827575856, "E1": -0.172279820773458, "Laura Mandeville": -0.21099188856178355, "E13": 0.1924743295823703, "Frances Anderson": -0.15091549700654328, "Verne Sanderson": 0.08207778204545511, "Olivia Carleton": 0.1466718341147633, "E4": -0.19607898135289156, "Evelyn Jefferson": -0.2139834552734747, "Pearl Oglethorpe": -0.0063696440830073656, "E11": 0.2312858291006451}}