{"name": "agd", "process_time": 0.6400289535522461, "data": {"(7, 3)": 4.887218045112782, "(6, 9)": 4.771929824561403, "(17, 11)": 5.2406015037593985, "(19, 19)": 5.508771929824562, "(16, 6)": 4.9147869674185465, "(7, 12)": 4.879699248120301, "(19, 4)": 5.238095238095238, "(18, 4)": 5.305764411027569, "(18, 19)": 5.498746867167919, "(8, 5)": 4.912280701754386, "(10, 8)": 4.4185463659147866, "(9, 0)": 5.857142857142857, "(11, 5)": 4.468671679197995, "(10, 7)": 4.593984962406015, "(14, 18)": 5.451127819548872, "(12, 6)": 5.3959899749373434, "(10, 18)": 4.709273182957394, "(0, 17)": 6.2631578947368425, "(15, 11)": 5.591478696741855, "(14, 1)": 4.6992481203007515, "(13, 7)": 4.8847117794486214, "(12, 17)": 5.097744360902255, "(0, 4)": 5.461152882205514, "(15, 4)": 5.102756892230577, "(1, 1)": 5.408521303258145, "(4, 10)": 4.496240601503759, "(3, 2)": 4.982456140350878, "(2, 6)": 5.130325814536341, "(5, 11)": 4.473684210526316, "(4, 5)": 4.897243107769423, "(6, 0)": 5.9298245614035086, "(4, 16)": 4.526315789473684, "(7, 5)": 4.476190476190476, "(19, 13)": 6.333333333333333, "(7, 0)": 5.2180451127819545, "(16, 19)": 4.832080200501253, "(17, 7)": 4.776942355889724, "(18, 10)": 5.225563909774436, "(17, 18)": 5.12781954887218, "(16, 8)": 4.481203007518797, "(8, 12)": 4.2105263157894735, "(9, 9)": 4.025062656641604, "(10, 14)": 4.614035087719298, "(8, 18)": 4.979949874686716, "(11, 15)": 5.160401002506266, "(9, 19)": 5.18295739348371, "(15, 16)": 5.431077694235589, "(14, 8)": 4.731829573934837, "(13, 0)": 5.734335839598997, "(12, 8)": 4.69172932330827, "(11, 16)": 5.020050125313284, "(15, 13)": 5.18295739348371, "(13, 13)": 4.829573934837093, "(2, 18)": 5.130325814536341, "(0, 14)": 4.807017543859649, "(3, 11)": 4.521303258145363, "(2, 1)": 5.1077694235588975, "(1, 15)": 4.864661654135339, "(4, 12)": 4.8847117794486214, "(2, 12)": 4.7368421052631575, "(5, 1)": 6.112781954887218, "(3, 17)": 4.904761904761905, "(16, 7)": 4.897243107769423, "(6, 14)": 4.862155388471178, "(19, 18)": 5.12531328320802, "(17, 6)": 4.478696741854637, "(7, 15)": 4.2531328320802, "(19, 7)": 5.142857142857143, "(18, 5)": 4.869674185463659, "(7, 1)": 4.568922305764411, "(18, 16)": 5.994987468671679, "(8, 6)": 4.709273182957394, "(10, 9)": 4.235588972431078, "(9, 7)": 4.468671679197995, "(11, 4)": 4.498746867167919, "(10, 4)": 5.145363408521304, "(14, 19)": 4.989974937343359, "(12, 7)": 5.12781954887218, "(11, 9)": 4.754385964912281, "(10, 19)": 4.989974937343359, "(0, 18)": 5.969924812030075, "(15, 10)": 5.205513784461153, "(14, 6)": 5.358395989974937, "(13, 6)": 5.0852130325814535, "(12, 18)": 4.962406015037594, "(1, 19)": 6.5588972431077694, "(0, 5)": 5.774436090225564, "(15, 7)": 4.882205513784461, "(13, 19)": 4.473684210526316, "(1, 0)": 5.360902255639098, "(0, 8)": 4.553884711779449, "(4, 11)": 4.7368421052631575, "(3, 5)": 4.258145363408521, "(2, 7)": 4.912280701754386, "(5, 10)": 4.822055137844612, "(4, 6)": 4.932330827067669, "(6, 1)": 5.305764411027569, "(5, 7)": 4.360902255639098, "(4, 17)": 4.601503759398496, "(16, 1)": 5.290726817042606, "(19, 12)": 5.9523809523809526, "(17, 12)": 5.526315789473684, "(7, 17)": 4.666666666666667, "(19, 1)": 5.408521303258145, "(18, 11)": 4.7669172932330826, "(7, 6)": 4.43609022556391, "(8, 13)": 4.69172932330827, "(9, 8)": 4.408521303258145, "(8, 0)": 5.298245614035087, "(10, 15)": 4.837092731829574, "(8, 19)": 5.360902255639098, "(11, 14)": 4.917293233082707, "(9, 18)": 5.0776942355889725, "(15, 19)": 5.2531328320802, "(14, 9)": 4.679197994987469, "(12, 9)": 4.837092731829574, "(11, 19)": 5.017543859649122, "(15, 12)": 5.238095238095238, "(13, 12)": 4.779448621553884, "(2, 19)": 5.754385964912281, "(0, 15)": 5.06015037593985, "(3, 10)": 4.503759398496241, "(1, 14)": 4.598997493734336, "(4, 13)": 4.6992481203007515, "(2, 13)": 4.7468671679198, "(5, 0)": 6.5363408521303255, "(3, 16)": 4.651629072681704, "(6, 15)": 4.7669172932330826, "(16, 9)": 4.694235588972431, "(16, 10)": 5.355889724310777, "(7, 14)": 4.4260651629072685, "(6, 18)": 4.834586466165414, "(19, 6)": 4.834586466165414, "(18, 2)": 5.919799498746867, "(17, 10)": 5.401002506265664, "(18, 17)": 5.318295739348371, "(16, 2)": 5.280701754385965, "(8, 7)": 4.521303258145363, "(9, 6)": 4.829573934837093, "(11, 7)": 4.822055137844612, "(10, 5)": 4.586466165413534, "(14, 16)": 5.162907268170426, "(12, 0)": 5.498746867167919, "(11, 8)": 4.68671679197995, "(10, 16)": 5.050125313283208, "(0, 19)": 6.486215538847118, "(14, 7)": 5.020050125313284, "(13, 5)": 4.754385964912281, "(12, 19)": 4.779448621553884, "(1, 18)": 5.651629072681704, "(0, 6)": 5.4411027568922306, "(15, 6)": 5.017543859649122, "(13, 18)": 4.962406015037594, "(1, 7)": 4.8997493734335835, "(0, 9)": 4.741854636591479, "(3, 4)": 4.551378446115288, "(2, 4)": 4.8847117794486214, "(5, 9)": 4.659147869674185, "(4, 7)": 4.568922305764411, "(6, 6)": 4.446115288220551, "(5, 6)": 4.556390977443609, "(4, 18)": 4.942355889724311, "(7, 7)": 4.328320802005012, "(5, 19)": 4.819548872180451, "(19, 15)": 6.035087719298246, "(17, 3)": 5.273182957393484, "(7, 16)": 4.390977443609023, "(19, 0)": 5.348370927318296, "(18, 8)": 5.3734335839598995, "(17, 16)": 5.390977443609023, "(7, 4)": 4.639097744360902, "(9, 15)": 4.576441102756892, "(8, 1)": 4.959899749373434, "(10, 12)": 4.2631578947368425, "(11, 1)": 5.56390977443609, "(9, 17)": 4.5739348370927315, "(15, 18)": 5.513784461152882, "(14, 14)": 4.5814536340852134, "(12, 10)": 4.7593984962406015, "(11, 18)": 4.711779448621554, "(15, 15)": 5.4110275689223055, "(13, 11)": 4.671679197994988, "(2, 16)": 4.919799498746867, "(0, 0)": 5.591478696741855, "(8, 14)": 4.616541353383458, "(1, 13)": 4.706766917293233, "(4, 14)": 4.315789473684211, "(2, 10)": 4.761904761904762, "(5, 15)": 4.8997493734335835, "(3, 19)": 5.12280701754386, "(6, 12)": 4.9298245614035086, "(17, 4)": 4.969924812030075, "(16, 12)": 5.401002506265664, "(6, 19)": 5.2781954887218046, "(19, 9)": 6.040100250626566, "(18, 3)": 5.776942355889724, "(17, 9)": 5.1077694235588975, "(18, 14)": 5.962406015037594, "(17, 17)": 4.6265664160401005, "(16, 0)": 5.142857142857143, "(16, 15)": 5.330827067669173, "(9, 5)": 5.112781954887218, "(11, 6)": 4.8922305764411025, "(10, 2)": 5.353383458646617, "(14, 17)": 5.576441102756892, "(12, 1)": 5.393483709273183, "(11, 11)": 4.518796992481203, "(10, 17)": 4.6265664160401005, "(14, 4)": 5.2706766917293235, "(13, 4)": 4.852130325814536, "(12, 12)": 4.639097744360902, "(1, 17)": 5.446115288220551, "(0, 7)": 4.576441102756892, "(15, 1)": 4.99749373433584, "(13, 17)": 5.290726817042606, "(1, 6)": 5.5814536340852134, "(0, 10)": 5.288220551378446, "(17, 13)": 5.609022556390977, "(3, 7)": 4.902255639097745, "(2, 5)": 4.541353383458647, "(1, 11)": 4.398496240601504, "(5, 8)": 4.538847117794486, "(4, 0)": 6.015037593984962, "(6, 7)": 4.493734335839599, "(5, 5)": 4.902255639097745, "(4, 19)": 5.165413533834586, "(16, 3)": 4.862155388471178, "(6, 10)": 4.676691729323308, "(5, 18)": 4.819548872180451, "(19, 14)": 5.829573934837093, "(17, 2)": 5.443609022556391, "(7, 19)": 5.31077694235589, "(19, 3)": 5.466165413533835, "(18, 9)": 5.468671679197995, "(8, 15)": 4.473684210526316, "(9, 14)": 4.458646616541353, "(8, 2)": 4.99749373433584, "(10, 13)": 4.288220551378446, "(9, 3)": 5.3959899749373434, "(11, 0)": 5.854636591478696, "(9, 16)": 5.052631578947368, "(14, 15)": 4.959899749373434, "(12, 11)": 4.74937343358396, "(15, 14)": 5.080200501253133, "(14, 2)": 5.328320802005012, "(13, 10)": 4.4260651629072685, "(2, 17)": 5.015037593984962, "(0, 1)": 5.110275689223058, "(3, 12)": 4.348370927318296, "(1, 12)": 4.809523809523809, "(4, 15)": 4.506265664160401, "(3, 1)": 5.298245614035087, "(2, 11)": 4.526315789473684, "(5, 14)": 4.7293233082706765, "(3, 18)": 4.864661654135339, "(6, 13)": 5.0927318295739346, "(7, 8)": 4.235588972431078, "(6, 16)": 4.842105263157895, "(19, 8)": 5.523809523809524, "(18, 0)": 5.172932330827067, "(17, 8)": 4.7669172932330826, "(16, 16)": 5.5889724310776945, "(18, 15)": 6.363408521303258,