{"(7, 3)": -0.048175028517968926, "(6, 9)": -0.011219180799173, "(17, 11)": -0.028924974850464316, "(19, 19)": -0.04394011417961284, "(16, 6)": 0.04531182294134167, "(7, 12)": 0.004441173699703954, "(19, 4)": 0.07149645607234176, "(18, 4)": 0.06988202018346662, "(18, 19)": -0.04466049539107078, "(8, 5)": -0.006790178069403227, "(10, 8)": 0.00838947286189709, "(9, 0)": -0.032897815138044795, "(11, 5)": 0.026022056416146244, "(10, 7)": 0.003169136639458753, "(14, 18)": -0.035491476496220864, "(12, 6)": 0.03333675524315538, "(10, 18)": 0.008008931825124063, "(0, 17)": 0.17384651035097395, "(15, 11)": -0.017681650168748606, "(14, 1)": 0.03110874767410944, "(13, 7)": 0.035666026535510015, "(12, 17)": -0.018465265851942136, "(0, 4)": -0.084600693624071, "(15, 4)": 0.0522160338529232, "(1, 1)": -0.08499732568354504, "(4, 10)": -0.006252092281181981, "(3, 2)": -0.07468598520403967, "(2, 6)": -0.05271194484351932, "(5, 11)": -0.004724702647187662, "(4, 5)": -0.04784263865813629, "(6, 0)": -0.10477634989327829, "(4, 16)": 0.034750254925387664, "(7, 5)": -0.013379283714844242, "(19, 13)": -0.055275054641278853, "(7, 0)": -0.07394602390025426, "(16, 19)": -0.04198035323017429, "(17, 7)": 0.033261617478726586, "(18, 10)": -0.023426400263847943, "(17, 18)": -0.04384230321962448, "(16, 8)": 0.012140100614213343, "(8, 12)": -0.0053176940177270295, "(9, 9)": 0.0018386204340033255, "(10, 14)": 0.00393833729480722, "(8, 18)": 0.014217639289438921, "(11, 15)": 0.005087661393576505, "(9, 19)": 0.008837861218942512, "(15, 16)": -0.041233194146308674, "(14, 8)": 0.017643394718642173, "(13, 0)": 0.032116601044498136, "(12, 8)": 0.015779886957589653, "(11, 16)": 0.0009234072697058907, "(15, 13)": -0.028982439494194212, "(13, 13)": -0.0063516550707512056, "(2, 18)": 0.1290048465573688, "(0, 14)": 0.034284399232544, "(3, 11)": 0.0010614557047945831, "(2, 1)": -0.07854667945810273, "(1, 15)": 0.0969664473044809, "(4, 12)": 0.0034647243313187734, "(2, 12)": -0.015041124749478732, "(5, 1)": -0.1081331373127728, "(3, 17)": 0.09461602807789103, "(16, 7)": 0.03880238362540381, "(6, 14)": 0.01903229097611081, "(19, 18)": -0.03293149343561254, "(17, 6)": 0.04654452129967296, "(7, 15)": 0.008328098163330307, "(19, 7)": 0.0456415008936086, "(18, 5)": 0.058954397600129785, "(7, 1)": -0.05696384501842099, "(18, 16)": -0.05568788838194731, "(8, 6)": -0.006379397654249462, "(10, 9)": 0.019429208993126265, "(9, 7)": 0.0020489447122975894, "(11, 4)": 0.02797934516156474, "(10, 4)": 0.008327168315175347, "(14, 19)": -0.0325715417942296, "(12, 7)": 0.02593854163442366, "(11, 9)": 0.014420557415863785, "(10, 19)": -0.0022214027325618488, "(0, 18)": 0.18180597612675023, "(15, 10)": -0.010010518512941461, "(14, 6)": 0.04232402784266513, "(13, 6)": 0.0367153712390694, "(12, 18)": -0.01286435168936248, "(1, 19)": 0.19534456721843352, "(0, 5)": -0.08549778973668139, "(15, 7)": 0.039875871436176165, "(13, 19)": -0.01789792837586289, "(1, 0)": -0.07937117069561221, "(0, 8)": -0.025113755473198735, "(4, 11)": -0.0023302848886495448, "(3, 5)": -0.03517074181523648, "(2, 7)": -0.04269799619702613, "(5, 10)": -0.005660865978773218, "(4, 6)": -0.04359861325051413, "(6, 1)": -0.09263749103914523, "(5, 7)": -0.022511658109491257, "(4, 17)": 0.061858394907264073, "(16, 1)": 0.04389484769106612, "(19, 12)": -0.04374618074280361, "(17, 12)": -0.034379267449694245, "(7, 17)": 0.024426719180035042, "(19, 1)": 0.06801014610920694, "(18, 11)": -0.026304704821174425, "(7, 6)": -0.018237605261492817, "(8, 13)": -0.0027940925856142634, "(9, 8)": -0.00862445121499961, "(8, 0)": -0.054029471873106465, "(10, 15)": 0.005041951841281648, "(8, 19)": 0.017886493082494903, "(11, 14)": 0.0059311781975532295, "(9, 18)": 0.00921393050251788, "(15, 19)": -0.04439127185100995, "(14, 9)": -0.0002802908708061935, "(12, 9)": 0.011126160389129504, "(11, 19)": -0.0007296421459478258, "(15, 12)": -0.026459260922031116, "(13, 12)": -0.0017210374703076955, "(2, 19)": 0.1582006837218714, "(0, 15)": 0.08694127725634483, "(3, 10)": 0.002909027014067124, "(1, 14)": 0.03804109092596998, "(4, 13)": 0.010021526022215739, "(2, 13)": 0.011384449004907784, "(5, 0)": -0.11914157047388588, "(3, 16)": 0.07649947960577574, "(6, 15)": 0.024933427632316103, "(16, 9)": -0.009711238782696495, "(16, 10)": -0.017801060536611818, "(7, 14)": 0.004959584410549771, "(6, 18)": 0.06556426682086172, "(19, 6)": 0.0626103479943981, "(18, 2)": 0.07306678609738461, "(17, 10)": -0.021663289221845832, "(18, 17)": -0.04911219066867233, "(16, 2)": 0.051728025026720255, "(8, 7)": -0.006112623586911356, "(9, 6)": 0.005703920956447273, "(11, 7)": 0.011741310161469787, "(10, 5)": 0.008960849869711175, "(14, 16)": -0.030306689127767288, "(12, 0)": 0.031165671390061468, "(11, 8)": 0.018399572687088174, "(10, 16)": 0.0013550801596138723, "(0, 19)": 0.2016879325337554, "(14, 7)": 0.036207210582216064, "(13, 5)": 0.03568628031479723, "(12, 19)": 0.0011271347652982051, "(1, 18)": 0.17169414920811987, "(0, 6)": -0.07372997950162002, "(15, 6)": 0.041861013182975866, "(13, 18)": -0.0296421515168444, "(1, 7)": -0.046821986080374946, "(0, 9)": -0.028363259189068492, "(3, 4)": -0.050996256687967076, "(2, 4)": -0.06493512341088015, "(5, 9)": -0.00962348366298165, "(4, 7)": -0.04051496841342088, "(6, 6)": -0.03242114559100011, "(5, 6)": -0.027179125476236944, "(4, 18)": 0.0886514874221524, "(7, 7)": -0.020803657777880465, "(5, 19)": 0.06233385357589313, "(19, 15)": -0.056442603689705745, "(17, 3)": 0.06870261566972216, "(7, 16)": 0.005243429269344915, "(19, 0)": 0.0697538263399637, "(18, 8)": 0.018444981405835194, "(17, 16)": -0.05384028320638183, "(7, 4)": -0.028442912848733834, "(9, 15)": 0.0024719852818093843, "(8, 1)": -0.03724986483854295, "(10, 12)": 0.0005815507522075047, "(11, 1)": -0.008721859073065406, "(9, 17)": 0.0032229707874868972, "(15, 18)": -0.04597893945110348, "(14, 14)": 0.00781513585737547, "(12, 10)": 0.004353327711973155, "(11, 18)": -0.0008912758093803305, "(15, 15)": -0.0401818649564026, "(13, 11)": 0.009349101162012834, "(2, 16)": 0.104250705491685, "(0, 0)": -0.08546188560667978, "(8, 14)": -8.069910799796826e-05, "(1, 13)": 0.010757064227043402, "(4, 14)": 0.005106825204838631, "(2, 10)": -0.0003626925710622439, "(5, 15)": 0.02911094080264974, "(3, 19)": 0.1061552997599025, "(6, 12)": 0.01689776735387344, "(17, 4)": 0.06431951442698922, "(16, 12)": -0.028092619033355453, "(6, 19)": 0.06111704895889976, "(19, 9)": -0.01661502254016066, "(18, 3)": 0.07693050719751741, "(17, 9)": -0.0040329005884014, "(18, 14)": -0.05503105648338953, "(17, 17)": -0.03636041604640391, "(16, 0)": 0.03808901986686985, "(16, 15)": -0.047553696626081964, "(9, 5)": 0.00048395441320463195, "(11, 6)": 0.023828708444846546, "(10, 2)": -0.003749255427407956, "(14, 17)": -0.04090648223628883, "(12, 1)": 0.02621709837033758, "(11, 11)": 0.0005895824002325779, "(10, 17)": 0.0007207782560213344, "(14, 4)": 0.05359611620818084, "(13, 4)": 0.059472978006450725, "(12, 12)": 0.00016415149852186915, "(1, 17)": 0.14791999395846037, "(0, 7)": -0.04000839380127266, "(15, 1)": 0.03768964611813553, "(13, 17)": -0.028113749352388105, "(1, 6)": -0.06653523139418585, "(0, 10)": -0.025631547024874374, "(17, 13)": -0.042895341924542786, "(3, 7)": -0.04632659045757572, "(2, 5)": -0.05439742118645831, "(1, 11)": -0.013278567516944659, "(5, 8)": -0.00918186402517801, "(4, 0)": -0.11130534208778267, "(6, 7)": -0.024089670865648376, "(5, 5)": -0.045568105651106486, "(4, 19)": 0.09413346938667265, "(16, 3)": 0.04998792478401763, "(6, 10)": -0.006662612882369204, "(5, 18)": 0.057280559865284006, "(19, 14)": -0.05363739088029483, "(17, 2)": 0.06162830073680087, "(7, 19)": 0.03841707518391524, "(19, 3)": 0.0746267643091235, "(18, 9)": -0.0028910542374636153, "(8, 15)": 0.003226413519988494, "(9, 14)": -0.009387046665786805, "(8, 2)": -0.04416654865754319, "(10, 13)": 0.011764389768364884, "(9, 3)": -0.019120141141388238, "(11, 0)": 0.007128141248494847, "(9, 16)": 0.003577853672108021,