{"(7, 3)": -0.00979532973863529, "(6, 9)": -0.024957891684679313, "(17, 11)": 0.007411435787401163, "(19, 19)": 0.0628506280178221, "(16, 6)": 0.010819575250649544, "(7, 12)": -0.040401727084981555, "(19, 4)": 0.10844693778333175, "(18, 4)": 0.1072774212347075, "(18, 19)": 0.05772532621335624, "(8, 5)": -0.04655565157112325, "(10, 8)": -0.045179092622775405, "(9, 0)": -0.03622511327611226, "(11, 5)": -0.057490772616965446, "(10, 7)": -0.050891898773790495, "(14, 18)": -0.014307619621320607, "(12, 6)": -0.06492874699563107, "(10, 18)": -0.07434199328182682, "(0, 17)": 0.11700158086490663, "(15, 11)": -0.015372877269194812, "(14, 1)": -0.03879656084747958, "(13, 7)": -0.034115433967009556, "(12, 17)": -0.0517970191874569, "(0, 4)": 0.07297733220608044, "(15, 4)": -0.013100969992354388, "(1, 1)": 0.09101089315120511, "(4, 10)": -0.030114778764369802, "(3, 2)": 0.05901032163015422, "(2, 6)": 0.03438366184674343, "(5, 11)": -0.027334977056922383, "(4, 5)": 0.025827862863825296, "(6, 0)": 0.07561113404828215, "(4, 16)": 0.017400089552049667, "(7, 5)": -0.008344670648062515, "(19, 13)": 0.03292918036266135, "(7, 0)": 0.02852262191960011, "(16, 19)": 0.04132931830799769, "(17, 7)": 0.04020816520486931, "(18, 10)": 0.023758804949154184, "(17, 18)": 0.0497057740193096, "(16, 8)": 0.026467922280880712, "(8, 12)": -0.041281186327967456, "(9, 9)": -0.019727991838286288, "(10, 14)": -0.058443163227729134, "(8, 18)": -0.08238565357117816, "(11, 15)": -0.07984387224564381, "(9, 19)": -0.09120090881059072, "(15, 16)": 0.005700170859408992, "(14, 8)": -0.02737828303609041, "(13, 0)": -0.051238158406802896, "(12, 8)": -0.04395731483207098, "(11, 16)": -0.07599075295329763, "(15, 13)": 0.005067071670518088, "(13, 13)": -0.03916829216706371, "(2, 18)": 0.050642793250525515, "(0, 14)": 0.01810593985557669, "(3, 11)": -0.02618621827648906, "(2, 1)": 0.08107463366706408, "(1, 15)": 0.05316628879780133, "(4, 12)": -0.022673360353910287, "(2, 12)": 0.010066281474317384, "(5, 1)": 0.08137572326375304, "(3, 17)": 0.035271104307020656, "(16, 7)": 0.03343688292474276, "(6, 14)": -0.025514339653706027, "(19, 18)": 0.06327482081847015, "(17, 6)": 0.041822196262902366, "(7, 15)": -0.04193687062249585, "(19, 7)": 0.061382861133431214, "(18, 5)": 0.08202687717875269, "(7, 1)": 0.010191943009933962, "(18, 16)": 0.048197122764804985, "(8, 6)": -0.04413316996633239, "(10, 9)": -0.04334820759895037, "(9, 7)": -0.0499814416085535, "(11, 4)": -0.055751229634361896, "(10, 4)": -0.06826775414752956, "(14, 19)": 0.0017885385243994112, "(12, 7)": -0.05545395293169326, "(11, 9)": -0.05905459537666859, "(10, 19)": -0.0727692430136717, "(0, 18)": 0.11952219371187905, "(15, 10)": -0.017393550344201324, "(14, 6)": -0.035546963694216074, "(13, 6)": -0.05111122723674753, "(12, 18)": -0.06190380526057572, "(1, 19)": 0.1243700012298567, "(0, 5)": 0.07997915961120161, "(15, 7)": 0.004376874753927833, "(13, 19)": -0.03646528838298284, "(1, 0)": 0.09151589571774875, "(0, 8)": 0.022225186480157158, "(4, 11)": -0.03197482122533302, "(3, 5)": 0.029358496630695556, "(2, 7)": 0.021953617289863735, "(5, 10)": -0.032847230621786225, "(4, 6)": 0.0191068450514655, "(6, 1)": 0.06144674326957281, "(5, 7)": -0.007090731638420687, "(4, 17)": 0.020180590236425683, "(16, 1)": 0.026471761852266067, "(19, 12)": 0.03997906056102617, "(17, 12)": 0.008041762517726576, "(7, 17)": -0.0440118845461237, "(19, 1)": 0.1015997978377749, "(18, 11)": 0.006373956421829431, "(7, 6)": -0.018257833697045655, "(8, 13)": -0.04169108373099966, "(9, 8)": -0.031654702334780606, "(8, 0)": -0.005990122422739453, "(10, 15)": -0.07441108549674627, "(8, 19)": -0.0898534721126943, "(11, 14)": -0.06515657132251236, "(9, 18)": -0.08978825823595155, "(15, 19)": 0.03342204653319707, "(14, 9)": -0.03345156249157856, "(12, 9)": -0.05542303651935262, "(11, 19)": -0.08299659518057578, "(15, 12)": -0.0074104112665784455, "(13, 12)": -0.04231831338256854, "(2, 19)": 0.08132673951807116, "(0, 15)": 0.05111859655889325, "(3, 10)": -0.024578124229890228, "(1, 14)": 0.015647779330660805, "(4, 13)": -0.014808340214248539, "(2, 13)": -0.007046618369135271, "(5, 0)": 0.09746750664827379, "(3, 16)": 0.03481342841498947, "(6, 15)": -0.01920887155388558, "(16, 9)": 0.01686336608865336, "(16, 10)": 0.0035184212531767867, "(7, 14)": -0.03587035157339194, "(6, 18)": -0.009528418893885194, "(19, 6)": 0.06909556002766253, "(18, 2)": 0.11499900741045974, "(17, 10)": 0.014043179562247078, "(18, 17)": 0.055174598958424914, "(16, 2)": 0.038393127717288665, "(8, 7)": -0.04453961141340356, "(9, 6)": -0.05064339496053935, "(11, 7)": -0.05567792383922267, "(10, 5)": -0.05700208723949873, "(14, 16)": -0.01795001086758884, "(12, 0)": -0.03884613799364085, "(11, 8)": -0.05485112899480977, "(10, 16)": -0.08362948670945039, "(0, 19)": 0.13503083828570592, "(14, 7)": -0.022139662887082478, "(13, 5)": -0.05788378427619438, "(12, 19)": -0.06677757084595398, "(1, 18)": 0.1048630120403056, "(0, 6)": 0.06779650072101995, "(15, 6)": -0.01267791013834824, "(13, 18)": -0.028397952761635713, "(1, 7)": 0.028607087994687995, "(0, 9)": 0.006259384347035532, "(3, 4)": 0.03567448685567645, "(2, 4)": 0.05494041359648946, "(5, 9)": -0.022755892682119486, "(4, 7)": 0.01788184291101176, "(6, 6)": 0.001981383838940441, "(5, 6)": -0.0038038709684163514, "(4, 18)": 0.020561598563646522, "(7, 7)": -0.016017130335676248, "(5, 19)": -0.021728505305312645, "(19, 15)": 0.031347796962643525, "(17, 3)": 0.09572272964639514, "(7, 16)": -0.04788178947122908, "(19, 0)": 0.10911138580992748, "(18, 8)": 0.05286840290479077, "(17, 16)": 0.041633056138291324, "(7, 4)": -0.022235567767432487, "(9, 15)": -0.060437383269015786, "(8, 1)": -0.02395075393338827, "(10, 12)": -0.04138734458254442, "(11, 1)": -0.03232192971293959, "(9, 17)": -0.0737631920506637, "(15, 18)": 0.018900720808553165, "(14, 14)": 0.007127375897222501, "(12, 10)": -0.053599724785789386, "(11, 18)": -0.07481529111199475, "(15, 15)": 0.006284942527969044, "(13, 11)": -0.042963544821394195, "(2, 16)": 0.05237298450801036, "(0, 0)": 0.09523283458724997, "(8, 14)": -0.04671788309683607, "(1, 13)": -0.007012557753676617, "(4, 14)": 0.009061800457959748, "(2, 10)": -0.011143592266124727, "(5, 15)": -0.01230142847913793, "(3, 19)": 0.03503643748681627, "(6, 12)": -0.02686325105101378, "(17, 4)": 0.07706502247256834, "(16, 12)": 0.0011925081091008647, "(6, 19)": -0.03862187660375165, "(19, 9)": 0.05198486998533299, "(18, 3)": 0.11970349828777228, "(17, 9)": 0.028475659216735352, "(18, 14)": 0.028980443833789952, "(17, 17)": 0.03709691346506316, "(16, 0)": 0.02650794748374621, "(16, 15)": 0.01730673777861328, "(9, 5)": -0.06133432482484368, "(11, 6)": -0.06355640340683012, "(10, 2)": -0.05621741200470505, "(14, 17)": -0.006062987819537402, "(12, 1)": -0.050298722535481864, "(11, 11)": -0.056171640697180995, "(10, 17)": -0.0761009021853605, "(14, 4)": -0.04352018580909631, "(13, 4)": -0.040189036262489236, "(12, 12)": -0.05257144886855738, "(1, 17)": 0.08995853909656822, "(0, 7)": 0.02727754993348653, "(15, 1)": -0.027048072324723546, "(13, 17)": -0.03080383810878736, "(1, 6)": 0.05486857679298208, "(0, 10)": -0.0013367023903957387, "(17, 13)": 0.011014521345143958, "(3, 7)": 0.026034996633696753, "(2, 5)": 0.03613593234241892, "(1, 11)": -0.014217964679957767, "(5, 8)": 0.0007926905939544819, "(4, 0)": 0.09475045608017968, "(6, 7)": -0.006084752919501248, "(5, 5)": 0.01252750650212044, "(4, 19)": 0.01508624644896429, "(16, 3)": 0.04802330120649767, "(6, 10)": -0.029507371586744213, "(5, 18)": -0.010964658076486724, "(19, 14)": 0.021937190614714126, "(17, 2)": 0.0854376344500907, "(7, 19)": -0.06849496018499435, "(19, 3)": 0.11087237043896907, "(18, 9)": 0.04728206260563606, "(8, 15)": -0.05488195777309981, "(9, 14)": -0.04174875819919561, "(8, 2)": -0.020374738079049153, "(10, 13)": -0.03863406695832375, "(9, 3)": -0.055595047479849675, "(11, 0)": -0.04678260731306905, "(9, 16)": -0.08101497873094257, "(14, 15)": -0.015760647488536665,