{"(7, 3)": -0.03146770434765435, "(6, 9)": 0.015286004634163422, "(17, 11)": 0.014736285580090061, "(19, 19)": 0.005669649625122897, "(16, 6)": -0.07785251969815686, "(7, 12)": 0.036885053179135124, "(19, 4)": -0.10071135601416323, "(18, 4)": -0.09123307291987762, "(18, 19)": 0.011543432066767521, "(8, 5)": -0.038636665610950305, "(10, 8)": -0.02493304977003398, "(9, 0)": -0.05663355549797941, "(11, 5)": -0.06553790734346066, "(10, 7)": -0.03454616114282101, "(14, 18)": 0.0356422631397799, "(12, 6)": -0.07388338746240833, "(10, 18)": 0.05572674931960554, "(0, 17)": 0.06584018552334106, "(15, 11)": 0.00414922366530103, "(14, 1)": -0.10148446266836522, "(13, 7)": -0.09249279164820949, "(12, 17)": 0.0424168324984467, "(0, 4)": 0.01365718116139545, "(15, 4)": -0.10343421467104577, "(1, 1)": 0.020128727971898297, "(4, 10)": 0.02892812262847308, "(3, 2)": 0.0031478194460783093, "(2, 6)": 0.030325706105673228, "(5, 11)": 0.028863436807033793, "(4, 5)": 0.0033838820396923097, "(6, 0)": -0.02231699743880594, "(4, 16)": 0.0530903421408675, "(7, 5)": -0.0255250953615338, "(19, 13)": 0.029196776040262145, "(7, 0)": -0.02406660332421308, "(16, 19)": 0.007791974215634991, "(17, 7)": -0.06236905832270817, "(18, 10)": 0.002021189518899194, "(17, 18)": 0.020994611412441026, "(16, 8)": -0.04530058119915638, "(8, 12)": 0.038446013221049985, "(9, 9)": -0.008527900916651267, "(10, 14)": 0.045731058420483355, "(8, 18)": 0.06045368141926759, "(11, 15)": 0.046973647493086884, "(9, 19)": 0.04734743755263318, "(15, 16)": 0.03550733791759905, "(14, 8)": -0.03904879686261295, "(13, 0)": -0.09799977037216737, "(12, 8)": -0.05950944743594172, "(11, 16)": 0.036200457252806774, "(15, 13)": 0.022909313530360714, "(13, 13)": 0.01683158060587448, "(2, 18)": 0.04060216394599348, "(0, 14)": 0.04944662899062789, "(3, 11)": 0.04614986460667976, "(2, 1)": 0.010520591622326589, "(1, 15)": 0.0781983334681676, "(4, 12)": 0.035086206194923725, "(2, 12)": 0.04087149820260004, "(5, 1)": -0.020797393367030653, "(3, 17)": 0.055484712064944104, "(16, 7)": -0.07553600461773255, "(6, 14)": 0.052722308972028134, "(19, 18)": -0.001308254703269134, "(17, 6)": -0.07368122390357312, "(7, 15)": 0.028758990023676975, "(19, 7)": -0.05916540899461842, "(18, 5)": -0.07638375827983762, "(7, 1)": -0.028633934198178813, "(18, 16)": 0.030262751759951405, "(8, 6)": -0.024133804459141504, "(10, 9)": -0.014030309556000821, "(9, 7)": -0.023654702889300317, "(11, 4)": -0.07233996570597874, "(10, 4)": -0.0556516065547463, "(14, 19)": 0.01855422923771936, "(12, 7)": -0.06040169638576263, "(11, 9)": -0.022131565372943317, "(10, 19)": 0.0367193674597346, "(0, 18)": 0.07430063341399833, "(15, 10)": -0.004148456108076206, "(14, 6)": -0.07855958199155297, "(13, 6)": -0.07327868653919027, "(12, 18)": 0.029452774218808844, "(1, 19)": 0.05834423500769866, "(0, 5)": 0.018417490758524203, "(15, 7)": -0.07718249197494637, "(13, 19)": 0.0206232019351966, "(1, 0)": 0.014756196626806405, "(0, 8)": 0.04409686250370446, "(4, 11)": 0.03538819123290107, "(3, 5)": 0.01299221623291319, "(2, 7)": 0.038991773530802076, "(5, 10)": 0.03164060152311079, "(4, 6)": 0.007369722303156776, "(6, 1)": -0.017689143878984376, "(5, 7)": 0.005532635690127045, "(4, 17)": 0.037168166280688114, "(16, 1)": -0.08146586963206026, "(19, 12)": 0.01839156589492176, "(17, 12)": 0.02117183121788108, "(7, 17)": 0.05065293196874822, "(19, 1)": -0.08487329777346808, "(18, 11)": 0.015596855947943718, "(7, 6)": -0.009745498560805886, "(8, 13)": 0.03893343015156433, "(9, 8)": -0.019605177538239378, "(8, 0)": -0.04089802407706383, "(10, 15)": 0.0497748088199878, "(8, 19)": 0.049863238228485214, "(11, 14)": 0.03838791994097302, "(9, 18)": 0.05451822289279913, "(15, 19)": 0.016558381064541695, "(14, 9)": -0.009157168947772064, "(12, 9)": -0.023443515978181118, "(11, 19)": 0.028142892979400196, "(15, 12)": 0.019754406884952398, "(13, 12)": 0.001299037109095744, "(2, 19)": 0.04691238547619908, "(0, 15)": 0.06231661210662333, "(3, 10)": 0.04664795738330094, "(1, 14)": 0.06795137130442669, "(4, 13)": 0.03562601128636561, "(2, 13)": 0.03929116401207126, "(5, 0)": -0.016601489075551923, "(3, 16)": 0.07280149783067058, "(6, 15)": 0.04884873540426625, "(16, 9)": -0.01239336156413872, "(16, 10)": -0.0018233312802623846, "(7, 14)": 0.048171630013285706, "(6, 18)": 0.05875323693908194, "(19, 6)": -0.055856492975356345, "(18, 2)": -0.08948466487384751, "(17, 10)": 0.0010168820268425804, "(18, 17)": 0.02001321693895681, "(16, 2)": -0.09551133612171123, "(8, 7)": -0.00889863008454916, "(9, 6)": -0.05146646321275849, "(11, 7)": -0.06642620770770655, "(10, 5)": -0.05361766786058185, "(14, 16)": 0.04533308362252493, "(12, 0)": -0.09523223332334015, "(11, 8)": -0.0646397004224679, "(10, 16)": 0.04665385914901204, "(0, 19)": 0.06285532798825622, "(14, 7)": -0.075383746405202, "(13, 5)": -0.08172825536596, "(12, 19)": 0.004303678927166692, "(1, 18)": 0.08113175179069118, "(0, 6)": 0.02523421860413919, "(15, 6)": -0.0819449343635861, "(13, 18)": 0.035695078149457084, "(1, 7)": 0.030874462215726917, "(0, 9)": 0.032924792822764025, "(3, 4)": 0.02383098872611411, "(2, 4)": 0.027017822923429167, "(5, 9)": 0.017204955133315655, "(4, 7)": 0.02025765071819464, "(6, 6)": -0.014070016888794322, "(5, 6)": -0.011931811653170232, "(4, 18)": 0.05762211750114508, "(7, 7)": -0.006640241953340908, "(5, 19)": 0.034085778661395776, "(19, 15)": 0.03449625756484523, "(17, 3)": -0.09678263810688029, "(7, 16)": 0.055900929201139045, "(19, 0)": -0.07093921668783645, "(18, 8)": -0.043591623216553674, "(17, 16)": 0.03008798024169703, "(7, 4)": -0.02222297367314034, "(9, 15)": 0.049992719753486015, "(8, 1)": -0.05042938382869649, "(10, 12)": 0.03896412564549113, "(11, 1)": -0.08415819703468673, "(9, 17)": 0.05535299181341047, "(15, 18)": 0.030631018321683686, "(14, 14)": 0.0198674100633551, "(12, 10)": -0.006900601264383258, "(11, 18)": 0.04285115334011952, "(15, 15)": 0.04591567607850047, "(13, 11)": -0.019870733306679874, "(2, 16)": 0.06082906624554321, "(0, 0)": 0.011408755678569079, "(8, 14)": 0.04774845980771483, "(1, 13)": 0.05493320537548295, "(4, 14)": 0.04423031000507336, "(2, 10)": 0.04517456866477797, "(5, 15)": 0.05540573159888082, "(3, 19)": 0.05757009262171261, "(6, 12)": 0.05123617604556682, "(17, 4)": -0.09022276405448973, "(16, 12)": 0.017379526531561433, "(6, 19)": 0.049074935112994475, "(19, 9)": -0.010999802624438544, "(18, 3)": -0.08960725202431799, "(17, 9)": -0.02444519522415845, "(18, 14)": 0.03905635924277288, "(17, 17)": 0.02796203160510167, "(16, 0)": -0.07477598217352006, "(16, 15)": 0.04226212910147051, "(9, 5)": -0.04554538380336309, "(11, 6)": -0.070274229888879, "(10, 2)": -0.08047555033848128, "(14, 17)": 0.04068455272951964, "(12, 1)": -0.11591525160569212, "(11, 11)": 0.01272665321980258, "(10, 17)": 0.046483206467696325, "(14, 4)": -0.0855356507097711, "(13, 4)": -0.06312222642714067, "(12, 12)": 0.00934776345715384, "(1, 17)": 0.07822765410017263, "(0, 7)": 0.03538511325484512, "(15, 1)": -0.10590324823360991, "(13, 17)": 0.0469777950796562, "(1, 6)": 0.027361845399684732, "(0, 10)": 0.037121807842050304, "(17, 13)": 0.02636265353319364, "(3, 7)": 0.024921398236325394, "(2, 5)": 0.026471152392502546, "(1, 11)": 0.046204519162134104, "(5, 8)": -0.007578581987201037, "(4, 0)": -0.014161394906102189, "(6, 7)": -0.005145039298600398, "(5, 5)": -0.00765086011718478, "(4, 19)": 0.04663926675686453, "(16, 3)": -0.09237281959298965, "(6, 10)": 0.026239641752294394, "(5, 18)": 0.051355572795221245, "(19, 14)": 0.038425321338042814, "(17, 2)": -0.08534173648426482, "(7, 19)": 0.05173294312597924, "(19, 3)": -0.09459497294133651, "(18, 9)": -0.025873458788666183, "(8, 15)": 0.040706725466532326, "(9, 14)": 0.04589604129195358, "(8, 2)": -0.04069145154067956, "(10, 13)": 0.05193413636369891, "(9, 3)": -0.05174146410236129, "(11, 0)": -0.07701859847296705, "(9, 16)": 0.049492947556254274, "(14, 15)": 0.03838373074288236, "(12, 11)": 0.004204057190415583, "(15, 14)": 0.026208797566081524,