{"name": "fiedler", "normalized": false, "process_time": 0.01421809196472168, "data": {"0": -2.5908164502652653e-12, "1": 0.008645058768858183, "2": -0.08215805091637074, "3": 0.07351299214777007, "4": 0.011476302879932367, "5": 0.011476276977582201, "6": 0.011476282261847196, "7": -0.10906454195163005, "8": -0.10906454211062823, "9": -0.1090645512523347, "10": 0.09758826983155455, "11": 0.09758825293095515, "12": 0.0975882504636363, "13": 0.012353068244616662, "14": 0.012353068245864907, "15": 0.012353068246531243, "16": 0.01235303420121495, "17": 0.01235303420501422, "18": 0.012353034202475495, "19": 0.012353041147197314, "20": 0.012353041146462811, "21": 0.012353041149951028, "22": -0.117396807429222, "23": -0.11739680743051606, "24": -0.11739680742928538, "25": -0.11739680763792706, "26": -0.11739680763791345, "27": -0.11739680764008416, "28": -0.11739681965273677, "29": -0.11739681965562813, "30": -0.11739681965166432, "31": 0.10504377960412392, "32": 0.10504377960282199, "33": 0.10504377960315735, "34": 0.10504375739233152, "35": 0.10504375739149674, "36": 0.10504375739025111, "37": 0.10504375414875937, "38": 0.10504375414765685, "39": 0.10504375414946865, "40": 0.012573223315271253, "41": 0.012573223315277817, "42": 0.012573223315045094, "43": 0.012573223312380984, "44": 0.012573223312037243, "45": 0.012573223312239938, "46": 0.012573223310740622, "47": 0.012573223310655569, "48": 0.01257322331049216, "49": 0.012573187209347317, "50": 0.01257318720923767, "51": 0.012573187209370609, "52": 0.012573187200149723, "53": 0.012573187200208759, "54": 0.012573187200397904, "55": 0.012573187206177172, "56": 0.01257318720652683, "57": 0.012573187206226683, "58": 0.012573194573022932, "59": 0.012573194573028244, "60": 0.01257319457314645, "61": 0.012573194574771147, "62": 0.012573194574702507, "63": 0.012573194574982125, "64": 0.012573194566450346, "65": 0.012573194566450431, "66": 0.012573194566582072, "67": -0.11948903239349025, "68": -0.1194890323934579, "69": -0.11948903239332209, "70": -0.11948903239034278, "71": -0.1194890323902394, "72": -0.11948903239042331, "73": -0.11948903239334022, "74": -0.11948903239323111, "75": -0.11948903239324657, "76": -0.11948903261569818, "77": -0.11948903261558136, "78": -0.11948903261578896, "79": -0.11948903261564926, "80": -0.11948903261573868, "81": -0.11948903261577411, "82": -0.11948903261054922, "83": -0.11948903261060835, "84": -0.11948903261046968, "85": -0.11948904535877762, "86": -0.11948904535889937, "87": -0.11948904535871642, "88": -0.11948904535177388, "89": -0.11948904535210529, "90": -0.11948904535181784, "91": -0.11948904536134945, "92": -0.1194890453612014, "93": -0.11948904536151785, "94": 0.10691585193873532, "95": 0.10691585193916602, "96": 0.1069158519393418, "97": 0.10691585194245246, "98": 0.10691585194183316, "99": 0.10691585194226852, "100": 0.10691585194146092, "101": 0.10691585194142825, "102": 0.10691585194127037, "103": 0.106915828379316, "104": 0.10691582837950978, "105": 0.10691582837951696, "106": 0.10691582838137421, "107": 0.10691582838139388, "108": 0.10691582838154988, "109": 0.10691582838456966, "110": 0.10691582838453556, "111": 0.10691582838413329, "112": 0.10691582494219286, "113": 0.10691582494198291, "114": 0.10691582494199481, "115": 0.10691582494463246, "116": 0.10691582494480702, "117": 0.10691582494462479, "118": 0.10691582494035208, "119": 0.10691582494048295, "120": 0.10691582494026486}}