{"name": "fiedler", "normalized": true, "process_time": 0.013514995574951172, "data": {"0": -6.279421427279885e-13, "1": -0.10822278992971128, "2": -0.012315045071257228, "3": 0.1205378349813264, "4": -0.1429752033486504, "5": -0.14297521227095247, "6": -0.14297520767229446, "7": -0.01626964801935102, "8": -0.01626964839151264, "9": -0.01626963176828475, "10": 0.15924484789338986, "11": 0.15924486044262745, "12": 0.15924484316006, "13": -0.15281302591393695, "14": -0.15281302585106707, "15": -0.1528130258863201, "16": -0.1528130373644694, "17": -0.15281303740973665, "18": -0.1528130374337047, "19": -0.1528130315741909, "20": -0.15281303143946898, "21": -0.1528130313772962, "22": -0.017389129541033176, "23": -0.017389129486123103, "24": -0.017389129539132332, "25": -0.017389129986104746, "26": -0.017389129989512087, "27": -0.017389130033998914, "28": -0.01738910847745398, "29": -0.017389108647782783, "30": -0.017389108515604854, "31": 0.17020215085071588, "32": 0.17020215087438406, "33": 0.17020215098632774, "34": 0.17020216714647624, "35": 0.17020216703613594, "36": 0.1702021671255838, "37": 0.17020214481292265, "38": 0.17020214480504448, "39": 0.17020214476960202, "40": -0.07711291229064919, "41": -0.07711291229309876, "42": -0.07711291229740447, "43": -0.0771129122573378, "44": -0.07711291226203906, "45": -0.0771129122549929, "46": -0.07711291228113001, "47": -0.07711291228142658, "48": -0.07711291228215907, "49": -0.07711291820274546, "50": -0.07711291820790905, "51": -0.07711291820127449, "52": -0.07711291823400597, "53": -0.07711291822858829, "54": -0.07711291822826329, "55": -0.07711291824299432, "56": -0.07711291824644843, "57": -0.07711291824318182, "58": -0.07711291522342056, "59": -0.07711291522777193, "60": -0.07711291522643428, "61": -0.07711291514678785, "62": -0.07711291514616431, "63": -0.07711291514668793, "64": -0.07711291510319562, "65": -0.07711291510595625, "66": -0.07711291510501507, "67": -0.008774948511777495, "68": -0.008774948516825377, "69": -0.008774948510890326, "70": -0.008774948480130731, "71": -0.008774948477378888, "72": -0.008774948480928477, "73": -0.008774948511209742, "74": -0.008774948519514823, "75": -0.008774948514771452, "76": -0.008774948738892719, "77": -0.008774948741368981, "78": -0.008774948739102622, "79": -0.008774948744865216, "80": -0.008774948750579499, "81": -0.008774948743512284, "82": -0.008774948765771324, "83": -0.008774948766156318, "84": -0.008774948770831204, "85": -0.00877493762902749, "86": -0.008774937625122462, "87": -0.008774937626479, "88": -0.00877493773571069, "89": -0.008774937728250555, "90": -0.008774937735983106, "91": -0.00877493765219032, "92": -0.008774937657083686, "93": -0.008774937656090108, "94": 0.08588785842988599, "95": 0.08588785843394559, "96": 0.08588785843844342, "97": 0.085887858440677, "98": 0.08588785844893873, "99": 0.0858878584489631, "100": 0.085887858511761, "101": 0.0858878585088168, "102": 0.08588785850791136, "103": 0.08588786685196165, "104": 0.08588786685566657, "105": 0.08588786685365564, "106": 0.08588786678457598, "107": 0.08588786679064284, "108": 0.08588786678590114, "109": 0.08588786684116452, "110": 0.08588786684622177, "111": 0.08588786684297631, "112": 0.08588785532013278, "113": 0.08588785532142845, "114": 0.0858878553163137, "115": 0.08588785531346871, "116": 0.08588785531340952, "117": 0.08588785531501027, "118": 0.08588785529795791, "119": 0.08588785529276671, "120": 0.0858878552947286}}