{"name": "eigen", "eigen": 3, "normalized": false, "process_time": 0.0032269954681396484, "data": {"0": 0.09391510409911503, "1": 0.06613723228231824, "2": -0.13702762772295268, "3": -0.9399377727591758, "4": 0.09900858521490226, "5": 0.07213803563980749, "6": 0.014342191734642852, "7": 0.11109555217524453, "8": 0.07213803563980696, "9": 0.112486356926223, "10": 2.3893183302772287e-17, "11": 0.009110958678986855, "12": 0.0721375874777871, "13": -0.023704281751230526, "14": 0.0594268447480685, "15": -0.022881337279261317, "16": 0.07994979350703063, "17": 0.08912634825446855, "18": 0.08396965410679702, "19": 0.08856873902742321}}