{"0": 0.16100404841377272, "1": 0.5991384653517235, "2": -0.030189409870010488, "3": -0.3105822065224094, "4": 0.25979370746212666, "5": -0.14990096894481497, "6": -0.5681540576809135, "7": 0.12626975744372496, "8": 0.08903932076384975, "9": -0.12509601312818208, "10": 0.014907643894280084, "11": 0.005920933992033519, "12": -0.009054234882779658, "13": 0.029877704623217663, "14": 0.013998598970332668, "15": -0.0646516693151805, "16": 0.09115962866262856, "17": 0.10197089492661227, "18": -0.19964118377348644, "19": -0.035810960386524315}