{"name": "eigen", "eigen": 4, "normalized": true, "process_time": 0.009828805923461914, "data": {"0": 0.6027712067153447, "1": -0.16927821085612643, "2": 0.13221576528582335, "3": -0.20638106369872533, "4": -0.114095338018544, "5": 0.25818322803272836, "6": 0.042991728160148304, "7": -0.16531286372238885, "8": -0.10069858659533232, "9": -0.2321911904917164, "10": 0.03252453545895915, "11": 0.11831162116071188, "12": 0.12608213859859568, "13": -0.08764754291992305, "14": 0.27667364966160163, "15": 0.17911058074492564, "16": -0.3600123163438074, "17": 0.011960946454474847, "18": -0.25024444520656564, "19": -0.18813370439481486}}