{"name": "eigen", "eigen": 2, "normalized": true, "process_time": 0.009828805923461914, "data": {"0": 0.09408746066903959, "1": 0.36108614856191434, "2": 0.15068256586176706, "3": 0.2503173392128476, "4": 0.06907298793323649, "5": -0.21212058717165963, "6": -0.09594589990749128, "7": -0.32933276065509237, "8": 0.16571341900272252, "9": -0.3367663746099706, "10": 0.05896964819681853, "11": 0.17255402632119501, "12": 0.12398567655426278, "13": 0.019806400551013747, "14": -0.27154485029566255, "15": -0.3364531823801239, "16": -0.06703026502884639, "17": 0.43679193686814644, "18": -0.17772109711301867, "19": -0.06539465740940496}}