{"name": "eigen", "eigen": 5, "normalized": true, "process_time": 0.01029205322265625, "data": {"0": -0.3085497136663502, "1": 0.2306973171619422, "2": 0.39263621864563647, "3": 0.053657119460145807, "4": 0.10637468519880117, "5": 0.0523498188971787, "6": 0.013512072768122274, "7": 0.08763940793396481, "8": -0.49608687717283767, "9": -0.11996113529811497, "10": 0.08853324663339206, "11": 0.02375960202162241, "12": -0.38654990983339144, "13": 0.1254485777483286, "14": 0.1640672087590693, "15": 0.012081666576346822, "16": -0.12444448264212546, "17": 0.2787320961123141, "18": -0.3097208970681311, "19": 0.14963776021155806}}