{"0": -0.1802290358936307, "1": -0.08398046364241551, "2": 0.015558899196634047, "3": -0.038662321610326435, "4": 0.8678484430142119, "5": 0.032968252230171816, "6": 0.1382444100420961, "7": -0.2844357450398893, "8": -0.10786811207193872, "9": -0.1030457423779616, "10": -0.011247111892391854, "11": 0.009329655697720231, "12": 0.039966210399579566, "13": 0.041390693376252355, "14": -0.10142277139970216, "15": -0.06353260552457235, "16": -0.08347930635630932, "17": -0.10316597721601815, "18": 0.1605700337088466, "19": -0.1448074046403564}