{"0": -0.180228976974937, "1": -0.08398037535159797, "2": 0.015558929977751221, "3": -0.038662180225384375, "4": 0.8678483885399996, "5": 0.03296823735839327, "6": 0.13824442528481712, "7": -0.28443595154644213, "8": -0.10786811251440633, "9": -0.10304578625879988, "10": -0.011247112490632327, "11": 0.009329671571647198, "12": 0.03996622806047016, "13": 0.04139068016310611, "14": -0.10142280030783282, "15": -0.06353262713585163, "16": -0.083479327616559, "17": -0.10316592993275538, "18": 0.16057004175231196, "19": -0.14480742235329788}