{"0": -0.18022898143789767, "1": -0.083980409573555, "2": 0.015558930094189904, "3": -0.038662167832255505, "4": 0.8678483804576034, "5": 0.0329682439515, "6": 0.13824444569046876, "7": -0.2844359506382429, "8": -0.10786811629660956, "9": -0.10304577888300939, "10": -0.011247113105589686, "11": 0.009329670838513058, "12": 0.03996622783023174, "13": 0.0413906783669108, "14": -0.101422799489036, "15": -0.06353262356509728, "16": -0.0834793317220276, "17": -0.10316593553749687, "18": 0.16057004999189795, "19": -0.1448074191404982}