{"0": 0.032125906047022416, "1": 0.032147733865487145, "2": 0.0364738960274957, "3": 0.03251684145621701, "4": 0.028134243591487904, "5": 0.03634446697356451, "6": 0.03222662940322009, "7": 0.03224670703880424, "8": 0.04051940944359265, "9": 0.03656095197681292, "10": 0.08577575214798797, "11": 0.08119812016975442, "12": 0.07686083755994057, "13": 0.07222978958326856, "14": 0.06297805864718427, "15": 0.06740400804071589, "16": 0.05843329580772425, "17": 0.054634506299389485, "18": 0.051143667450305325, "19": 0.050045178470024494}