{"name": "pagerank", "alpha": 0.85, "process_time": 0.009227991104125977, "data": {"0": 0.036345826823426367, "1": 0.04058170455072218, "2": 0.019823190825651003, "3": 0.02398094268722064, "4": 0.04062231907548421, "5": 0.0488736042769408, "6": 0.019821090966944982, "7": 0.032285068838529635, "8": 0.0488736042769408, "9": 0.028053927097207748, "10": 0.09178961591413536, "11": 0.08620834480117982, "12": 0.07280340206624769, "13": 0.06362228081863498, "14": 0.07220226774501298, "15": 0.068253221765661, "16": 0.05803782677982975, "17": 0.04954861687093914, "18": 0.049085764115563764, "19": 0.049187379703727295}}