{"name":"fiedler","normalized":true,"weight":"value","num_of_nodes":32,"num_of_edges":89,"process_time":0.013971328735351562,"data":{"E3":-0.2400978480395528,"E9":0.16850672299444325,"Dorothy Murchison":0.040558350051288605,"Eleanor Nye":-0.09671749587714745,"Flora Price":0.14667183573636397,"Myra Liddel":0.1565120107885589,"E10":0.23644424532885258,"Ruth DeSand":-0.03181381113082551,"E7":-0.03847506320560909,"E5":-0.23661838719908018,"Charlotte McDowd":-0.1842631809266173,"E14":0.1924743287023714,"Sylvia Avondale":0.21856605362470563,"E6":-0.15320840639187291,"Katherina Rogers":0.24234970186364552,"E12":0.2369964465605982,"E8":-0.012027308959039034,"Helen Lloyd":0.17094933197105575,"Nora Fayette":0.23332679574662973,"Brenda Rogers":-0.21413927920565048,"E2":-0.15838583764850628,"Theresa Anderson":-0.1750140825552965,"E1":-0.17227982082745952,"Laura Mandeville":-0.21099188852288475,"E13":0.19247432870236525,"Frances Anderson":-0.15091549700524964,"Verne Sanderson":0.082077781955558,"Olivia Carleton":0.14667183573637693,"E4":-0.1960789813807365,"Evelyn Jefferson":-0.21398345502338628,"Pearl Oglethorpe":-0.006369643869698575,"E11":0.23128583119055357}}