{"name": "fiedler", "normalized": true, "process_time": 0.09346508979797363, "data": {"0": -0.002451188971362983, "1": 0.015384773914831524, "2": 0.015220722194915768, "3": 0.03198469691603872, "4": 0.014127302023165804, "5": 0.030487388316156112, "6": 0.015035608990554986, "7": 0.014984541610853185, "8": 0.0076777370842170236, "9": 0.013746704651092775, "10": 0.014562925699382704, "11": 0.015705919836694258, "12": 0.014575267658351453, "13": 0.015055816391720914, "14": 0.01541288153695655, "15": 0.01491723554264341, "16": 0.030532147660659096, "17": 0.02911671562916838, "18": 0.014452327618039808, "19": 0.031152803582324928, "20": 0.01443140586684801, "21": 0.014539104414947338, "22": 0.014296267020865066, "23": 0.014970151971151797, "24": 0.014471265719483765, "25": 0.015802666198303814, "26": -0.003657682129097754, "27": 0.01473501570137645, "28": 0.01547386669284209, "29": 0.015513874571915774, "30": 0.014745063120045624, "31": 0.014630744468554462, "32": 0.014974534141498087, "33": 0.015330635226114829, "34": 0.014587874417737574, "35": 0.02906686665788555, "36": 0.015470831674364022, "37": 0.030479293687423806, "38": 0.015042129803508608, "39": 0.0145640581671608, "40": 0.015348703256240336, "41": 0.014915386944521266, "42": 0.014207785975355703, "43": 0.014261406421569402, "44": 0.02339880236665712, "45": 0.03214934118831935, "46": 0.014821421390639078, "47": 0.014889272379404805, "48": 0.029624410532547708, "49": 0.01578338072694033, "50": 0.02882974620374247, "51": 0.02909266891196911, "52": 0.050989530003310926, "53": 0.02946584405132742, "54": 0.02835241018158747, "55": 0.02859743942618861, "56": 0.0290083257577274, "57": 0.028854842057568778, "58": 0.028755680224075666, "59": 0.02864163152072737, "60": 0.02740241819352203, "61": 0.018866929925032846, "62": 0.028733320218417905, "63": 0.045848804593800536, "64": 0.049848344140778066, "65": 0.02872743527424702, "66": 0.028924875852345436, "67": 0.029095072232051093, "68": 0.029186853997255437, "69": 0.02913972825153754, "70": 0.0275041868737038, "71": 0.029660512939581243, "72": 0.027391516721192822, "73": 0.057976337710974005, "74": 0.029378884029400976, "75": 0.02796419806812818, "76": 0.028110519268453975, "77": 0.04665799032743859, "78": 0.04626458067583922, "79": 0.02930373515866748, "80": 0.027288032774085473, "81": 0.02744457696748734, "82": 0.028613622876214898, "83": 0.02854298071891949, "84": 0.02905610248166967, "85": 0.028459300442013304, "86": 0.028775605632039594, "87": 0.028804571592536573, "88": 0.036201075047247386, "89": 0.02835408697870511, "90": 0.028248889481171744, "91": 0.027871536743444475, "92": 0.029790634525309126, "93": 0.028030586593316642, "94": 0.037747145825907845, "95": 0.02943243384828279, "96": 0.02738242975924135, "97": 0.047582911069406604, "98": 0.02894778544795206, "99": 0.049875764115326626, "100": 0.028491326452823852, "101": 0.02914312909616597, "102": 0.028418193084280955, "103": 0.03708076236777675, "104": 0.02788276924708355, "105": 0.028041499634446763, "106": 0.028770129887161783, "107": 0.02895893689806519, "108": 0.03658318393531159, "109": 0.027956831332011055, "110": 0.03698619373267662, "111": 0.056421260499573994, "112": 0.04479042043671149, "113": 0.02952705166116671, "114": 0.036601264038892495, "115": 0.028742594137397975, "116": 0.028390775556481514, "117": 0.02826004584187192, "118": 0.029748064580592985, "119": 0.06025689283050323, "120": 0.04620447134201331, "121": 0.06581083477376841, "122": 0.04475754882476119, "123": 0.04516664756650779, "124": 0.04403218162229365, "125": 0.06328928417036415, "126": 0.04600628408230115, "127": 0.0440269736729445, "128": 0.04534645032010208, "129": 0.04608627912778331, "130": 0.04600253218142095, "131": 0.04573549139138108, "132": 0.0459382690778118, "133": 0.05268786166025813, "134": 0.044886227889050286, "135": 0.047497218561312705, "136": 0.044963176422000414, "137": 0.04648791855294737, "138": 0.045697402993490246, "139": 0.044564364638019015, "140": 0.04536867687352114, "141": 0.04503239278221885, "142": 0.0455852230335725, "143": 0.0450395616387746, "144": 0.0438554263524287, "145": 0.04555692375477901, "146": 0.04465460562665502, "147": 0.0449533416031155, "148": 0.04449702390925754, "149": 0.04533518027142753, "150": 0.04734838438819369, "151": 0.08584079782885744, "152": 0.04656157071423127, "153": 0.05964709587880196, "154": 0.05731109600812523, "155": 0.04572815028742079, "156": 0.04433009452004837, "157": 0.045786688108837584, "158": 0.06986320193199629, "159": 0.04648449053620107, "160": 0.045838658536723, "161": 0.07322352133198846, "162": 0.04419960588326358, "163": 0.045323224955163735, "164": 0.04454453894251495, "165": 0.04454725901998305, "166": 0.04434510965617487, "167": 0.04592646770328148, "168": 0.04415960349231971, "169": 0.046339487114852966, "170": 0.06739302077468073, "171": 0.04482011828883975, "172": 0.062001746243265654, "173": 0.0445239411139582, "174": 0.044703349074937955, "175": 0.04501680136252831, "176": 0.04442544559369952, "177": 0.04374176435895765, "178": 0.04431330449197398, "179": 0.05679686422383976, "180": 0.059281639509100016, "181": 0.060697911715891395, "182": 0.05741005378586092, "183": 0.04618046163624065, "184": 0.04545133560341761, "185": 0.043797090985251697, "186": 0.045707387088319354, "187": 0.0464247081328886, "188": 0.04349364388288422, "189": 0.056545112319337947, "190": 0.04647180341009141, "191": 0.04601119991352425, "192": 0.04642091213026156, "193": 0.04570905702207559, "194": 0.04458176024369568, "195": 0.044301591676393325, "196": 0.046236827025040436, "197": 0.04626962193298287, "198": 0.0452857708222356, "199": 0.04417796574740701, "200": 0.04482028346175417, "201": 0.045672966520805595, "202": 0.04802214758435674, "203": 0.046467541298358596, "204": 0.04645951648118288, "205": 0.04461307929379507, "206": 0.04457364202058469, "207": 0.059297861063194436, "208": 0.045887387361618695, "209": 0.062171154906373385, "210": 0.04566440692930153, "211": 0.04575194768360915, "212": 0.04515870470651538, "213": 0.04487751881756455, "214": 0.06347745312408927, "215": 0.044938443254708894, "216": 0.047346414590047875, "217": 0.04434190550260965, "218": 0.06137732896116952, "219": 0.057720174663893425, "220": -0.0628530133693342, "221": -0.06569285338752982, "222": -0.06551212125073967, "223": -0.06418654216712229, "224": -0.06450680682960352, "225": -0.06514029943045253, "226": -0.06644911384549057, "227": -0.06399626948120464, "228": -0.0651342771204771, "229": -0.06530338007436605, "230": -0.06705054465008992, "231": -0.08487230763441586, "232": -0.06377266623289415, "233": -0.06524303560579368, "234": -0.0632485507009191, "235": -0.06692070649493069, "236": -0.06407425519675827, "237": -0.06567626043617394, "238": -0.06573011646024206, "239": -0.06332582724249107, "240": -0.0632773292026832, "241": -0.06547135169488949, "242": -0.0652019856852528, "243": -0.06350657316347291, "244": -0.06420734762186561, "245": -0.06475674707498968, "246": -0.06535370819393599, "247": -0.06606713073133912, "248": -0.06404933551654965, "249": -0.0864937107095081, "250": -0.06585863922565328, "251": -0.06174354830859043, "252": -0.0875667613379559, "253": -0.06462548128733593, "254": -0.06670507538764539, "255": -0.06627483653309986, "256": -0.06488763421878008, "257": -0.06650306193801579, "258": -0.06436047036352235, "259": -0.0666576398299215, "260": -0.06625822030790507, "261": -0.06562394707284815, "262": -0.06470061096004312, "263": -0.0649716717655504, "264": -0.06585299809016894, "265": -0.06530779457045728, "266": -0.08361817128052819, "267": -0.06493291996788488, "268": -0.0641580651209874, "269": -0.06450814814306662, "270": -0.06577537771087556, "271": -0.0646583714855707, "272": -0.06284885686147348, "273": -0.06738347841664825, "274": -0.07319059250946937, "275": -0.06532962136377932, "276": -0.06340456132690808, "277": -0.06440374587830024, "278": -0.06394353422264393, "279": -0.06484748930402988, "280": -0.06445042577816416,