{"name":"density","eps":0.5,"weight":"value","num_of_nodes":14,"num_of_edges":15,"process_time":0.0007710456848144531,"data":{"0":1.2710060443311204,"1":1.2710060443311204,"2":1.4063413275677332,"3":1.2716769695869252,"4":1.2713415374189823,"5":1.2713415221890279,"6":1.2713415221890152,"7":1.2713415221890152,"8":1.2713415221890279,"9":1.2713415374189823,"10":1.2716769695869252,"11":1.4063413275677332,"12":1.2710060443311204,"13":1.2710060443311204}}