{"0": -0.19346673156408012, "1": -0.18687844916664867, "2": -0.1739262410789417, "3": -0.15505118045515245, "4": -0.1308960364771239, "5": -0.10228338544921554, "6": -0.07018759861135355, "7": -0.035701660975316386, "8": 4.927837330356838e-08, "9": 0.0357017528526848, "10": 0.07018767143286837, "11": 0.10228342935791368, "12": 0.1308960455745313, "13": 0.15505115347905352, "14": 0.17392618168694884, "15": 0.18687836537441094, "16": 0.19346663469777642, "17": -0.1979001164330111, "18": -0.2001292231901803, "19": -0.19116085998338736, "20": -0.19331405693457604, "21": -0.17791184508224236, "22": -0.17991580749757113, "23": -0.15860425238798678, "24": -0.1603907376014619, "25": -0.13389558062059959, "26": -0.1354037519497677, "27": -0.10462725595474462, "28": -0.1058057544451306, "29": -0.07179597800640615, "30": -0.07260467141274826, "31": -0.0365197781470982, "32": -0.03693112757545059, "33": 5.38732168686631e-08, "34": 5.621537324407925e-08, "35": 0.03651987861047197, "36": 0.036931232415453645, "37": 0.0717960576090792, "38": 0.07260475450104709, "39": 0.10462730396937388, "40": 0.1058058045527158, "41": 0.13389559056361564, "42": 0.13540376231066883, "43": 0.15860422290765785, "44": 0.16039070682639206, "45": 0.17791178015311548, "46": 0.17991573974897399, "47": 0.19116076839549787, "48": 0.19331396135677453, "49": 0.1979000105720832, "50": 0.20012911268412278}