{"0": -0.1975491206865687, "1": -0.23479437426391772, "2": -0.21932811694346985, "3": -0.19609611427535786, "4": -0.16592094179015565, "5": -0.12987101178536287, "6": -0.0892227437790118, "7": -0.045415370458892525, "8": 2.1431801435029404e-08, "9": 0.045415410270825546, "10": 0.08922277498269007, "11": 0.12987103000455139, "12": 0.16592094450367706, "13": 0.19609610107467695, "14": 0.219328089740165, "15": 0.23479433686121548, "16": 0.19754908612812014, "17": -0.20108083654462006, "18": -0.14302131185045439, "19": -0.195136108364126, "20": -0.13879304801762377, "21": -0.18228220031208237, "22": -0.12965054179338562, "23": -0.16297423067910916, "24": -0.11591750186252758, "25": -0.13789583685298995, "26": -0.09808017408359995, "27": -0.1079349695415476, "28": -0.07677012469619299, "29": -0.07415245283301437, "30": -0.052741878410467055, "31": -0.03774442397915769, "32": -0.026846203122430648, "33": 1.8774290113223754e-08, "34": 1.3575079091058242e-08, "35": 0.03774445883657536, "36": 0.0268462283339615, "37": 0.0741524801485311, "38": 0.05274189816952553, "39": 0.10793498548658631, "40": 0.07677013622714038, "41": 0.13789583925505672, "42": 0.09808017582139929, "43": 0.16297421911574494, "44": 0.1159174935085144, "45": 0.1822821764458753, "46": 0.12965052451925307, "47": 0.1951360756090075, "48": 0.1387930243233887, "49": 0.20108079947870408, "50": 0.14302128503989686}