{"name": "eigen", "eigen": 1, "normalized": true, "process_time": 0.003973245620727539, "data": {"0": -0.03476011534243799, "1": 0.18677923751395314, "2": 0.5141513318687395, "3": 0.22327917997990054, "4": 0.027863550320498837, "5": -0.14264697751702649, "6": -0.24017524758368647, "7": -0.1189406341329177, "8": -0.15588008735315986, "9": -0.3378308345649831, "10": -0.15528399819173466, "11": -0.15440811988543546, "12": 0.1280165370326609, "13": 0.4804778120820099, "14": 0.19004411353417233, "15": -0.032371117628517715, "16": -0.27397608428505243, "17": -0.10433854584698346}}