{"name": "fiedler", "normalized": false, "process_time": 0.014156103134155273, "data": {"0": -0.045970491115310264, "1": 0.06971533869778672, "2": -0.14910130025120039, "3": -0.16602150930818665, "4": -0.02623632312998691, "5": 0.20244615103959093, "6": 0.42285383465562876, "7": 0.5178062245777378, "8": 0.31582229937518835, "9": -0.04050129784970319, "10": -0.1122200662269866, "11": 0.01215195213383695, "12": -0.28958597060444424, "13": -0.16194485494696895, "14": 0.15819055507611682, "15": -0.08186728965156745, "16": -0.2737525377833738, "17": -0.351784714688158}}