{"name": "eigen", "eigen": 3, "normalized": true, "process_time": 0.14930200576782227, "data": {"0": -0.06107526679730067, "1": -0.05698620330713827, "2": -0.05630380519751338, "3": -0.057780291260065286, "4": -0.05864590192943993, "5": -0.05758413806070187, "6": -0.060987999827668046, "7": -0.05875027211815681, "8": -0.057651743117609455, "9": -0.05731509164919868, "10": -0.055125315683568835, "11": -0.05885243455975245, "12": -0.058058815090003574, "13": -0.0558361278117617, "14": -0.05848251550411088, "15": -0.05824017285384259, "16": -0.05513777728152647, "17": -0.07292443296488238, "18": -0.05900884404108819, "19": -0.05810654636265024, "20": -0.057631356036782516, "21": -0.05352130787068338, "22": -0.05777131867366837, "23": -0.05827170336672124, "24": -0.05835645958865518, "25": -0.05848205719363529, "26": -0.044027964755763524, "27": -0.057002326501229085, "28": -0.0552417970085091, "29": -0.0422395401269592, "30": -0.058571859917355064, "31": -0.07225462501304103, "32": -0.07686514898255611, "33": -0.057294718074925435, "34": -0.058449328259061364, "35": -0.05750658500814115, "36": -0.05664549806480226, "37": -0.05405042453867671, "38": -0.05645352134964316, "39": -0.052671621788004254, "40": -0.056685460474921005, "41": -0.060392235327173555, "42": -0.0581938259938362, "43": -0.056211752519980215, "44": -0.0768074774869699, "45": -0.05956308188822472, "46": -0.0571975292501553, "47": -0.05674466092782547, "48": -0.04217911502319381, "49": -0.0581926457520866, "50": -0.032369943361719763, "51": -0.03385558100073182, "52": -0.03471049095119396, "53": -0.03392486595095208, "54": -0.0334599802637563, "55": -0.03375646689949911, "56": -0.03342756126551627, "57": -0.06840379713613005, "58": -0.03336941722585235, "59": -0.03368108394577815, "60": -0.033233465069108896, "61": -0.06349141211814026, "62": -0.03230561704701672, "63": -0.03155828876695874, "64": -0.03316923392970238, "65": -0.0335221746354069, "66": -0.032792202145445086, "67": -0.03289181922428441, "68": -0.033746657987781696, "69": -0.032664473556234745, "70": -0.03329959012223833, "71": -0.033725940115255246, "72": -0.032945612983087826, "73": -0.06714444059105526, "74": -0.000665286560222913, "75": -0.032095034127833044, "76": -0.03413851407348162, "77": -0.032070926104148814, "78": -0.03136013676944327, "79": -0.030851311312791403, "80": -0.032170352426781415, "81": -0.032883169967713885, "82": -0.03189966891035101, "83": -0.033778467485593204, "84": -0.03234523180816554, "85": -0.033367533771721906, "86": -0.03330159649007932, "87": -0.03312117752981381, "88": -0.03193887476336596, "89": -0.004156142778871119, "90": -0.03333564804753402, "91": -0.03280718170190612, "92": -0.033482544856588754, "93": -0.03363718553387869, "94": -0.03314352324738782, "95": -0.0322004582743285, "96": -0.033138870006019935, "97": -0.03307089011868445, "98": -0.034296127877017586, "99": -0.03338273818940091, "100": -0.03408302737494283, "101": -0.032734117872847225, "102": -0.03320845259560828, "103": -0.03056925994714512, "104": -0.0318237939202415, "105": -0.06416964094641422, "106": -0.03324224947482204, "107": -0.03237610710516573, "108": -0.03343035711620442, "109": 0.004078608888570714, "110": -0.03342280885237308, "111": -0.03322721676347238, "112": -0.0324593912122251, "113": -0.034342060599759486, "114": -0.032808167335414126, "115": -0.03383610154724538, "116": -0.001978455665685681, "117": 0.0009342141342186152, "118": -0.03283051006363653, "119": -0.033746665867536836, "120": 0.0598517597978464, "121": 0.05736303168154009, "122": 0.05837730468993574, "123": 0.05870311600981162, "124": 0.05990376080749227, "125": 0.061571682769055495, "126": 0.05727565384595035, "127": 0.059635306176008575, "128": 0.06125882589055076, "129": 0.05859109040456661, "130": 0.058878637290596926, "131": 0.059345105622014116, "132": 0.03736249848313883, "133": 0.059778632492138, "134": 0.05782824227180397, "135": 0.04456976586456059, "136": 0.06054672931863828, "137": 0.058616430610617505, "138": 0.05908868064744996, "139": 0.048120934639325125, "140": 0.0587017758689909, "141": 0.05948781463429779, "142": 0.05687609862252379, "143": 0.06108801272601872, "144": 0.05882366048639381, "145": 0.05784601970297689, "146": 0.06244947630726969, "147": 0.059046340345175544, "148": 0.05885167443509596, "149": 0.05962111728160801, "150": 0.06064791667233198, "151": 0.05929958957690963, "152": 0.037659101356986496, "153": 0.05836301795713302, "154": 0.05962136067378895, "155": 0.06083283255623784, "156": 0.05995626834461492, "157": 0.06120518845077251, "158": 0.05949179676402032, "159": 0.05965370129069944, "160": 0.059750121233736936, "161": 0.05910706904983043, "162": 0.05761343455440335, "163": 0.060135176805641316, "164": 0.038993193400839475, "165": 0.05873054810647519, "166": 0.05826329958395791, "167": 0.03802758898826249, "168": 0.06110157879003922, "169": 0.04330227744767296, "170": 0.05700076029584958, "171": 0.06001061397846024, "172": 0.06058704227984112, "173": 0.059828993282042116, "174": 0.058032557641038165, "175": 0.05917993555513196, "176": 0.058711117571771575, "177": 0.05885906546105476, "178": 0.05820221309178359, "179": 0.05669912784484409, "180": 0.06097728577765575, "181": 0.057058120137576086, "182": 0.05814733828555377, "183": 0.05689065200435089, "184": 0.05939702531849976, "185": 0.060277828899562236, "186": 0.05968741983494425, "187": 0.058816188017109666, "188": 0.06010647318921581, "189": 0.05972634120149479, "190": 0.04459985475713813, "191": 0.05818719213178393, "192": 0.04079859046080942, "193": 0.0609541649465233, "194": 0.06064385219176408, "195": 0.04205477903493086, "196": 0.05941091396585683, "197": 0.05810238759460376, "198": 0.0589872175966183, "199": 0.06021033065423015, "200": 0.058567261872361005, "201": 0.05898649892894075, "202": 0.06161407836537723, "203": 0.06050337266391264, "204": 0.059076882588893646, "205": 0.05871636610082128, "206": 0.05904297953150694, "207": 0.059095220566968774, "208": 0.060807876424112, "209": 0.05825196265483819, "210": 0.05928522372278137, "211": 0.058152137415255274, "212": 0.05951642738523717, "213": 0.05929482731201094, "214": 0.05888078287316868, "215": 0.05751231051613036, "216": 0.05867491899529761, "217": 0.060947401943440734, "218": 0.05888001788435161, "219": 0.057470301594296815, "220": -0.03868828839549164, "221": -0.03950535504423687, "222": -0.039069073432522625, "223": -0.03904083903468414, "224": -0.03855378131275571, "225": -0.01573691829966297, "226": -0.03908615081646906, "227": -0.03865176529946676, "228": -0.0404224934026615, "229": -0.037649182222987736, "230": -0.0403536773457219, "231": -0.03918878708767075, "232": -0.03891396814052654, "233": -0.03895736420654941, "234": -0.038785459173506724, "235": -0.03888489455278101, "236": -0.04041236782441785, "237": -0.037158832568323696, "238": -0.038947745569550385, "239": -0.039710731505462254, "240": -0.04024178881000695, "241": -0.0384678426982432, "242": -0.038535997349928776, "243": -0.0384698059784641, "244": -0.03878839439247491, "245": -0.039356334049183796, "246": -0.0395308148613443, "247": -0.03853209447058519, "248": -0.040148328242043056, "249": -0.03922336394311637, "250": -0.03907077682921627, "251": -0.03914895225567532, "252": -0.038954122199126896, "253": -0.0394808361638451, "254": -0.03889119857545331, "255": -0.03953251843371531, "256": -0.04006720234806295, "257": -0.03855955161656041, "258": -0.04016588810862045, "259": -0.03944720678072343, "260": -0.039256924870257226, "261": -0.03956706577816909, "262": -0.0387146443178571, "263": -0.04024821635100635, "264": -0.038820157745020484, "265": -0.039792923447601776, "266": -0.039026118735583065, "267": -0.03777489219164964, "268": -0.03955199189377885, "269": -0.04002285022724969, "270": -0.03966976732254963, "271": -0.03998912456345072, "272": -0.03795390877085975, "273": -0.03827189813586789, "274": -0.03942182828880911, "275": -0.03898717759835652, "276": -0.03848055987000014, "277": -0.039744317215359586,