{"name": "eigen", "eigen": 2, "normalized": true, "process_time": 0.14930200576782227, "data": {"0": 0.02726510763108878, "1": 0.025440571560614716, "2": 0.02420431113369116, "3": 0.026419180762263128, "4": 0.02543441969835883, "5": 0.025819025679730045, "6": 0.026442945217225195, "7": 0.025504483962676166, "8": 0.025688658301431824, "9": 0.02521841229209297, "10": 0.025524985531438914, "11": 0.026477483848638753, "12": 0.025896739905061555, "13": 0.025332402643628738, "14": 0.025798722146957838, "15": 0.02553890562113125, "16": 0.024217729867646517, "17": 0.006786257882409378, "18": 0.026116866113774753, "19": 0.026220712590675224, "20": 0.025402697720042722, "21": 0.024626794177734057, "22": 0.02439537460105179, "23": 0.026131700624227705, "24": 0.025898117940547583, "25": 0.025825125930157365, "26": 0.07212365989088196, "27": 0.024965373571128525, "28": 0.02443406139529896, "29": 0.07124836585905132, "30": 0.02725642682877683, "31": 0.005584493115598115, "32": 0.004838556090555481, "33": 0.025242002234466283, "34": 0.025677287894947953, "35": 0.025876712941137452, "36": 0.02576869745079698, "37": 0.024277670431306873, "38": 0.024588347684723243, "39": 0.023545312291568386, "40": 0.025801304186965437, "41": 0.0259652698201506, "42": 0.0258600779530563, "43": 0.024693738199117167, "44": 0.005574627468986056, "45": 0.026207254913038814, "46": 0.025326493887735408, "47": 0.024684853729789857, "48": 0.07223568850593526, "49": 0.025921364016177232, "50": -0.031852982652255654, "51": -0.03246267242252352, "52": -0.031791306340341434, "53": -0.032170072462759006, "54": -0.03290350010372162, "55": -0.03206304813460887, "56": -0.032632241537567795, "57": -0.020023507032272188, "58": -0.03194239662557438, "59": -0.032549804155395934, "60": -0.03178603925587125, "61": -0.01804453194515418, "62": -0.031318810936595526, "63": -0.03145443944806529, "64": -0.0314200006649805, "65": -0.03168548922150935, "66": -0.03175165469726978, "67": -0.03178095736876074, "68": -0.03204501160972689, "69": -0.03228762766949279, "70": -0.03298364626806592, "71": -0.031804978824037336, "72": -0.031714271779195335, "73": -0.020148462016935095, "74": -0.05286312835752927, "75": -0.0314013218417113, "76": -0.03230134696978582, "77": -0.031058049959275972, "78": -0.031004185580732903, "79": -0.031298226514602144, "80": -0.03202318818040259, "81": -0.03151098973681408, "82": -0.030836711605666384, "83": -0.032116158447014126, "84": -0.031146882342497993, "85": -0.03266973592415306, "86": -0.03196942656565618, "87": -0.03194191504916022, "88": -0.03167815453268069, "89": -0.052430990488596674, "90": -0.03202496899291141, "91": -0.030950697272677796, "92": -0.030942797069153503, "93": -0.03197937244586413, "94": -0.03214332297035462, "95": -0.030288882469617962, "96": -0.03174855482850713, "97": -0.031994423419851675, "98": -0.03309810779942738, "99": -0.03161871489274193, "100": -0.032700743167429276, "101": -0.03198040287722717, "102": -0.03202265070411779, "103": -0.030753518435477786, "104": -0.031385347301258436, "105": -0.019860958238991692, "106": -0.0310452573016133, "107": -0.032120269045060365, "108": -0.03196770067520673, "109": -0.056375370509880625, "110": -0.03125908816270025, "111": -0.03169246939216785, "112": -0.03139200763058575, "113": -0.03310822252856171, "114": -0.03110822052965524, "115": -0.03215306059722849, "116": -0.05355037202905575, "117": -0.05513021761835521, "118": -0.031522711734947195, "119": -0.03248104557743091, "120": -0.054016723850611736, "121": -0.052057623350497885, "122": -0.05276147822669308, "123": -0.05282512698213677, "124": -0.054182716275266087, "125": -0.055667331160503285, "126": -0.05152786782243437, "127": -0.05391089741487041, "128": -0.05532049582903998, "129": -0.05315546953642439, "130": -0.05315238374388425, "131": -0.053888013521554465, "132": -0.044362524551832976, "133": -0.05412708242982241, "134": -0.05223127938562405, "135": -0.06750546072115203, "136": -0.05449456227524753, "137": -0.0531655387939314, "138": -0.05348038015302334, "139": -0.0701961203235228, "140": -0.05313278924282364, "141": -0.05364896775514332, "142": -0.05148868149109842, "143": -0.055200237694481805, "144": -0.052999602523592676, "145": -0.05244923050123042, "146": -0.056139034310374245, "147": -0.05335840282483883, "148": -0.05298684831635661, "149": -0.05398944546138227, "150": -0.05471242967681212, "151": -0.05386425176105433, "152": -0.044530202790755785, "153": -0.052674327509385534, "154": -0.053669846828513196, "155": -0.05462669086814005, "156": -0.05431645189694023, "157": -0.05501041980824877, "158": -0.05363720702167267, "159": -0.05395967056637038, "160": -0.05351638266826194, "161": -0.05337218172806332, "162": -0.05191984502715691, "163": -0.05418315394865664, "164": -0.045444917060556894, "165": -0.052694786669409605, "166": -0.05268395500883998, "167": -0.04508486338448481, "168": -0.05486518159812607, "169": -0.06466373612478835, "170": -0.051767582878444636, "171": -0.05431285118917313, "172": -0.054443158575596916, "173": -0.05396136110149087, "174": -0.05245781533831982, "175": -0.05346003542100728, "176": -0.0531630632143401, "177": -0.053365809407732584, "178": -0.052338587264584804, "179": -0.05120003379761118, "180": -0.054797357024794505, "181": -0.05150967338143331, "182": -0.052774530155919624, "183": -0.05150770976362523, "184": -0.05362378271867932, "185": -0.05399233791112469, "186": -0.053981648625816184, "187": -0.052966004961068104, "188": -0.05432505867709135, "189": -0.05414313540863503, "190": -0.0657351418128785, "191": -0.05230162793997403, "192": -0.04654752214133368, "193": -0.055006657215962866, "194": -0.05467281705665764, "195": -0.06476862950232527, "196": -0.05382861551570721, "197": -0.05257435192838122, "198": -0.05328846039264887, "199": -0.05410735077935872, "200": -0.05278764637683151, "201": -0.0534635060220816, "202": -0.05552862430839161, "203": -0.0545525055191874, "204": -0.053451712592764676, "205": -0.053362214541827345, "206": -0.05323374855911499, "207": -0.05321843648694233, "208": -0.05478554722547405, "209": -0.052291543236181445, "210": -0.05378546449903693, "211": -0.05259000048075673, "212": -0.05371273526816469, "213": -0.05377272808374579, "214": -0.053241442416966024, "215": -0.051850781562258516, "216": -0.0531534409616179, "217": -0.054758538379271096, "218": -0.053199456255215, "219": -0.05230825622205854, "220": 0.008340107591107768, "221": 0.008521283132767258, "222": 0.008348202245516427, "223": 0.008382086946475478, "224": 0.008422924842915694, "225": -0.010846603627159787, "226": 0.008524321439497258, "227": 0.008556500262435632, "228": 0.008524805030242255, "229": 0.008136737522606036, "230": 0.00903096062329776, "231": 0.008212122425669408, "232": 0.008484246418522986, "233": 0.008258040314440463, "234": 0.008649197693880473, "235": 0.008173487456858157, "236": 0.008735313751351014, "237": 0.008173649143930203, "238": 0.00838502939953731, "239": 0.009069412747063004, "240": 0.008474538012089708, "241": 0.008123992679427832, "242": 0.008322730528234927, "243": 0.008468001220689704, "244": 0.00843410700360348, "245": 0.008365861181195203, "246": 0.008363861825677301, "247": 0.008331470378848639, "248": 0.00842416031279685, "249": 0.008119440496406331, "250": 0.008603736142490884, "251": 0.008441015540157413, "252": 0.008638193327730238, "253": 0.008521021495758011, "254": 0.008627196142370858, "255": 0.008693751548376684, "256": 0.00859917545841958, "257": 0.008463449682883829, "258": 0.008543810445503315, "259": 0.008507933368538086, "260": 0.008616785823204028, "261": 0.008421074299976017, "262": 0.008210363938251945, "263": 0.008815779228283195, "264": 0.00852000797248508, "265": 0.008521920355486406, "266": 0.008448920187205161, "267": 0.008340648400935562, "268": 0.008430018600073884, "269": 0.008765858479492525, "270": 0.008677945041340883, "271": 0.008498915249152781, "272": 0.008247761194270014, "273": 0.007934303108832764, "274": 0.00877192823182257,