{"name": "fiedler", "normalized": true, "process_time": 0.1474597454071045, "data": {"0": -0.07181997074521407, "1": -0.06739299169925538, "2": -0.06591178960272803, "3": -0.06853008953015041, "4": -0.06813231787022807, "5": -0.06780559104247919, "6": -0.07136743956096782, "7": -0.06909436798818454, "8": -0.06812736472216985, "9": -0.0674730187984013, "10": -0.0656576716601826, "11": -0.06931467004446543, "12": -0.06812814961680382, "13": -0.0658877550120322, "14": -0.0688973045360822, "15": -0.06852601901383723, "16": -0.06512054856236418, "17": -0.09298343156920146, "18": -0.06921920914469869, "19": -0.06875179346129448, "20": -0.06755239770810177, "21": -0.06338336530688286, "22": -0.06759372517165821, "23": -0.06869444536838837, "24": -0.0686076182290435, "25": -0.0688783625023301, "26": -0.09400771911675737, "27": -0.06738815645350266, "28": -0.06512497418397566, "29": -0.0918689903410804, "30": -0.06978448116446442, "31": -0.09214363382152553, "32": -0.09671979199565477, "33": -0.06757463938285269, "34": -0.06869711930675232, "35": -0.0679817660144048, "36": -0.0670525523011466, "37": -0.0640169205929262, "38": -0.06606274655702997, "39": -0.0621738561190379, "40": -0.06735957879431138, "41": -0.07055391010344254, "42": -0.06862684013467056, "43": -0.06602819527893705, "44": -0.09661038422714584, "45": -0.06976985927968546, "46": -0.06794686035684201, "47": -0.06652201947037699, "48": -0.09271797961170763, "49": -0.06817455686761742, "50": -0.05580710700300581, "51": -0.05774146689054684, "52": -0.05813550122212231, "53": -0.057545455718891726, "54": -0.05768531138545978, "55": -0.0574907382726775, "56": -0.057783950946983756, "57": -0.09491039299056421, "58": -0.05688633894408138, "59": -0.057663090339832884, "60": -0.056620302538139704, "61": -0.08929793235193013, "62": -0.055804117684154206, "63": -0.054935237291196176, "64": -0.05634507694579817, "65": -0.05679035995750971, "66": -0.056096623826599655, "67": -0.05659563171821184, "68": -0.05758153110406773, "69": -0.05646638859465774, "70": -0.05778087492199667, "71": -0.057124313131021856, "72": -0.05658383040263733, "73": -0.09388115863890859, "74": -0.05195721987212003, "75": -0.055442211330982975, "76": -0.05776469310095609, "77": -0.05485165688274129, "78": -0.05451845792466201, "79": -0.054166637289068634, "80": -0.05608976394838443, "81": -0.056319305949944866, "82": -0.05477355934822481, "83": -0.05764463551210213, "84": -0.055153754424213504, "85": -0.05764236982473758, "86": -0.05703496221295016, "87": -0.05668572837118182, "88": -0.055524360753565656, "89": -0.05421702244186379, "90": -0.05677891338523515, "91": -0.055622759041442774, "92": -0.05650768409814934, "93": -0.05701684348639058, "94": -0.056796502909386405, "95": -0.05452430454305032, "96": -0.056763090692639864, "97": -0.05690231090118528, "98": -0.05885452909727658, "99": -0.056456595546111626, "100": -0.05833645670468109, "101": -0.05656524648764027, "102": -0.0569818508520987, "103": -0.053467297032550584, "104": -0.05495216446413212, "105": -0.09073619314045012, "106": -0.056140340606088066, "107": -0.05647541998651077, "108": -0.05693706943574362, "109": -0.05118124310539546, "110": -0.05621650913206327, "111": -0.05656056365576399, "112": -0.05588819086731646, "113": -0.05886258160397258, "114": -0.05561219883441424, "115": -0.0576199086456601, "116": -0.05324205202613587, "117": -0.05242587330718953, "118": -0.05612961069728463, "119": -0.05789273630507703, "120": -0.004449210497651383, "121": -0.00443326251896469, "122": -0.004410088040435783, "123": -0.0045719994228023515, "124": -0.004792194390322146, "125": -0.0047747487516295395, "126": -0.004068037384126888, "127": -0.004830572692771942, "128": -0.004802784269476874, "129": -0.004755273569468322, "130": -0.004668118056091087, "131": -0.00482752118054715, "132": 0.0194422295930915, "133": -0.004645257899181662, "134": -0.0045629711961289, "135": -0.029572572627103406, "136": -0.004445081254303492, "137": -0.004790390704442868, "138": -0.004896147239313141, "139": -0.029378029018917107, "140": -0.004234354172083918, "141": -0.004669383603923652, "142": -0.004376694607591518, "143": -0.004871775885938245, "144": -0.004192405962077412, "145": -0.004717630118052742, "146": -0.004598467692259977, "147": -0.004531917187402368, "148": -0.004069320913985552, "149": -0.004494044213756215, "150": -0.004428217440655655, "151": -0.0048261275891631926, "152": 0.019497809771799792, "153": -0.004177779171438396, "154": -0.00458208754670201, "155": -0.004872280792316744, "156": -0.004618904172496007, "157": -0.0046311290197746605, "158": -0.004380607228886803, "159": -0.004462110775368529, "160": -0.004365798024870494, "161": -0.004735917864270162, "162": -0.004097823447834182, "163": -0.0044573534787973445, "164": 0.018389099048839768, "165": -0.004116233434733397, "166": -0.0044827570260233315, "167": 0.019728742983409677, "168": -0.004532131774245227, "169": -0.028026072762824095, "170": -0.004347613195413856, "171": -0.004676684229724032, "172": -0.004565907809085222, "173": -0.004489350746730683, "174": -0.004567070582601794, "175": -0.004278269175174044, "176": -0.004817079506377775, "177": -0.004557119467497303, "178": -0.00437268496677999, "179": -0.004303072342221232, "180": -0.004334394669455871, "181": -0.004279948410612963, "182": -0.004332030981104962, "183": -0.0043498068818184545, "184": -0.005082243361410571, "185": -0.004246775663264341, "186": -0.004726223686131639, "187": -0.004439788655195656, "188": -0.00442036400001795, "189": -0.004636710691291138, "190": -0.028232387999652785, "191": -0.004231054771151346, "192": 0.01693528945608625, "193": -0.0047819547881473076, "194": -0.00421094060327654, "195": -0.028898388302766292, "196": -0.004649783779813052, "197": -0.004460873395206908, "198": -0.0047974989656977265, "199": -0.004717536423668416, "200": -0.004277238341147623, "201": -0.004602091409568169, "202": -0.004720234211991268, "203": -0.005112123213596924, "204": -0.004687080556978391, "205": -0.00440329608039386, "206": -0.004118561724368721, "207": -0.0045264169336921576, "208": -0.004372062630497797, "209": -0.004086842006834137, "210": -0.00433060803055608, "211": -0.004207327831474291, "212": -0.004539204351871794, "213": -0.0045571217776971705, "214": -0.00415596775632665, "215": -0.004150642818515219, "216": -0.004378007561557545, "217": -0.004305021698328319, "218": -0.004661306497485255, "219": -0.0043455164312556265, "220": 0.05921964522461956, "221": 0.060194429816581935, "222": 0.05924332354960074, "223": 0.05926986626967703, "224": 0.05886416024886954, "225": 0.05476064288634379, "226": 0.05967365991913479, "227": 0.05904525598005743, "228": 0.061726589521816144, "229": 0.057111872889269825, "230": 0.06138164296016833, "231": 0.05964723041592662, "232": 0.05980605967510244, "233": 0.059356931942358034, "234": 0.059791356037981046, "235": 0.05934500900045884, "236": 0.061121736190230626, "237": 0.057209008838083095, "238": 0.059521671530136926, "239": 0.06071287699005448, "240": 0.06127832756205054, "241": 0.05861876789392635, "242": 0.05872400639049418, "243": 0.058543536157151695, "244": 0.0593450324998795, "245": 0.05972929802358701, "246": 0.06018266240811169, "247": 0.05869289722799791, "248": 0.060694255391550656, "249": 0.05947345294676347, "250": 0.059425777883125336, "251": 0.05955981744472547, "252": 0.05944525506956442, "253": 0.05992385634660583, "254": 0.059160948102089744, "255": 0.05996878945253557, "256": 0.060735274801068884, "257": 0.059201532990213426, "258": 0.06128458286619964, "259": 0.06049599267323836, "260": 0.05948761679061569, "261": 0.060423629175779904, "262": 0.0590845554652063, "263": 0.06087885027407997, "264": 0.05940886411279935, "265": 0.06057464938845473, "266": 0.059877485287536024, "267": 0.05786554165870712, "268": 0.06045203301824375, "269": 0.061188837560099706, "270": 0.06040331430507081, "271": 0.06097415280212513, "272": 0.058121127025487065, "273": 0.05871030149796177,