{"name":"fiedler","normalized":true,"weight":"value","num_of_nodes":100,"num_of_edges":200,"process_time":0.027288436889648438,"data":{"0":-0.19008377941666676,"1":-0.1842515356162344,"2":-0.17714807286437528,"3":-0.1681438819413397,"4":-0.15759492605612363,"5":-0.14549579167269727,"6":-0.13201400307800437,"7":-0.11723418819972714,"8":-0.10138321121756556,"9":-0.08440653949104729,"10":-0.06700310137776373,"11":-0.047946968149864266,"12":-0.031053842291796432,"13":-0.00784732366734663,"14":-0.0007532165732979271,"15":0.004697679337098067,"16":0.009239099142699818,"17":0.013857373455887485,"18":0.017983563204404716,"19":0.022116085206784517,"20":0.03166817159912885,"21":0.029702996735073588,"22":0.03309284469226742,"23":0.036317832818117624,"24":0.038902324087708,"25":0.04182682076522674,"26":0.04250117785418947,"27":0.047574703544982784,"28":0.04433808845243512,"29":0.05544813554200963,"30":0.06619248564868888,"31":0.07600176746001304,"32":0.08190212316615968,"33":0.08823192147333694,"34":0.09324405182505296,"35":0.09753710879495793,"36":0.10082141098097472,"37":0.10316097627291948,"38":0.10449550676021438,"39":0.10482938028003129,"40":0.10414559039658418,"41":0.10247472438529576,"42":0.09977490706442657,"43":0.09622152046992695,"44":0.09146011463768397,"45":0.07495408488073597,"46":0.08620722943999365,"47":0.09019933247414993,"48":0.10433794860378436,"49":0.1048220137994917,"50":0.10381593693295382,"51":0.10194058397234752,"52":0.09917121062180163,"53":0.10627065131236173,"54":0.09110831243302696,"55":0.08586339660925045,"56":0.07996633804531733,"57":0.07319883343746589,"58":0.06584962750694238,"59":0.05759620494245094,"60":0.04284292933460309,"61":0.04749308774931754,"62":0.03328544441139699,"63":0.047336242607839106,"64":0.03942846023086187,"65":0.06076221037573888,"66":0.055106874763048486,"67":0.05113444990285604,"68":0.06035295943171988,"69":0.05678284715303446,"70":0.06670125559923067,"71":0.0672827380264266,"72":0.0787037898085578,"73":0.06323241093629514,"74":0.05906635939664905,"75":0.05314520510559977,"76":0.04665280491958248,"77":0.04107375705277817,"78":0.03633516796583205,"79":0.019079423903598174,"80":0.008208358021433744,"81":-0.006381015520715593,"82":-0.014264813239753793,"83":-0.03974617502396005,"84":-0.058393908673232894,"85":-0.07953974229782379,"86":-0.09872300704330664,"87":-0.1174712070381546,"88":-0.13474007103202296,"89":-0.1512334010396618,"90":-0.16505368859007657,"91":-0.20168950224892185,"92":-0.1859080960040328,"93":-0.19269081946825184,"94":-0.1965519051117448,"95":-0.19864115861648235,"96":-0.19951634277169975,"97":-0.19625390183602606,"98":-0.19702465716711107,"99":-0.16694429689253798}}