{"name": "agd", "process_time": 0.0015568733215332031, "data": {"0": 5.2631578947368425, "1": 4.421052631578948, "2": 3.789473684210526, "3": 3.3684210526315788, "4": 3.1578947368421053, "5": 3.1578947368421053, "6": 3.3684210526315788, "7": 3.789473684210526, "8": 4.421052631578948, "9": 5.2631578947368425, "10": 5.2631578947368425, "11": 4.421052631578948, "12": 3.789473684210526, "13": 3.3684210526315788, "14": 3.1578947368421053, "15": 3.1578947368421053, "16": 3.3684210526315788, "17": 3.789473684210526, "18": 4.421052631578948, "19": 5.2631578947368425}}