{"name": "eigen", "eigen": 1, "normalized": false, "process_time": 0.07744383811950684, "data": {"0": 0.33362299169899645, "1": 0.3336229916989968, "2": 0.3336229916989966, "3": 0.33362299169899623, "4": 0.23405725290885987, "5": -0.23405725290886176, "6": -0.33362299169899856, "7": -0.3336229916989985, "8": -0.3336229916989985, "9": -0.3336229916989985}}