{"name": "fiedler", "normalized": true, "process_time": 0.013427972793579102, "data": {"0": -0.3286412920564077, "1": -0.32864129297953726, "2": -0.32864129124906566, "3": -0.32864129112436635, "4": -0.2607289876621811, "5": 0.2607289862456957, "6": 0.32864129034883605, "7": 0.3286412927465535, "8": 0.3286412926410269, "9": 0.3286412932566391}}