{"directed": false, "multigraph": true, "graph": {}, "nodes": [{"cover": {"level": 0, "range": [0.0, 0.25]}, "min_value": 0.0, "max_value": 0.18406574610727638, "avg_value": 0.08424581062955247, "component_count": 150, "components": ["340", "382", "346", "419", "17", "370", "355", "425", "353", "360", "333", "344", "415", "371", "364", "347", "408", "420", "439", "366", "392", "445", "432", "423", "389", "397", "354", "381", "357", "411", "24", "404", "416", "403", "401", "4", "25", "336", "14", "352", "438", "369", "447", "449", "383", "402", "414", "441", "380", "410", "448", "341", "331", "421", "395", "424", "29", "21", "339", "378", "3", "19", "12", "386", "387", "376", "356", "440", "391", "345", "399", "437", "7", "362", "337", "22", "343", "405", "20", "342", "388", "443", "406", "417", "368", "422", "409", "13", "398", "335", "393", "412", "413", "26", "435", "390", "427", "442", "379", "384", "444", "9", "330", "338", "11", "429", "375", "433", "16", "23", "334", "446", "28", "10", "373", "396", "434", "426", "436", "385", "430", "8", "361", "365", "27", "349", "394", "359", "367", "15", "407", "377", "350", "0", "374", "2", "1", "5", "332", "18", "351", "400", "363", "372", "348", "418", "6", "428", "431", "358"], "x": 250.0, "y": 250.0, "id": "mapper_node_0"}, {"cover": {"level": 1, "range": [0.25, 0.5]}, "min_value": 0.35695685702574, "max_value": 0.3694805134015992, "avg_value": 0.3627463437887913, "component_count": 30, "components": ["313", "301", "302", "303", "315", "319", "327", "328", "312", "311", "308", "316", "305", "300", "321", "326", "317", "325", "329", "309", "314", "310", "318", "320", "324", "304", "307", "323", "306", "322"], "x": 249.99999999999997, "y": 166.66666666666669, "id": "mapper_node_1"}, {"cover": {"level": 1, "range": [0.25, 0.5]}, "min_value": 0.327988086325456, "max_value": 0.3402383686181923, "avg_value": 0.3337838988598915, "component_count": 30, "components": ["40", "57", "37", "44", "54", "55", "34", "45", "52", "59", "51", "33", "46", "58", "49", "32", "30", "43", "48", "47", "41", "35", "56", "38", "53", "31", "42", "36", "50", "39"], "x": 250.0, "y": 333.3333333333333, "id": "mapper_node_2"}, {"cover": {"level": 2, "range": [0.5, 0.75]}, "min_value": 0.5347561964014356, "max_value": 0.7476973830519139, "avg_value": 0.6420634909969158, "component_count": 60, "components": ["60", "73", "93", "67", "110", "94", "111", "105", "87", "82", "80", "61", "119", "95", "117", "77", "86", "72", "70", "81", "89", "76", "78", "83", "116", "98", "118", "85", "96", "84", "75", "90", "108", "92", "74", "66", "109", "112", "91", "102", "99", "79", "97", "64", "114", "88", "63", "115", "69", "100", "65", "113", "106", "103", "104", "101", "107", "71", "68", "62"], "x": 132.1488698022421, "y": 367.8511301977579, "id": "mapper_node_3"}, {"cover": {"level": 2, "range": [0.5, 0.75]}, "min_value": 0.5652387722118437, "max_value": 0.5781456114422433, "avg_value": 0.5717530180848099, "component_count": 30, "components": ["273", "272", "274", "271", "296", "284", "298", "279", "270", "294", "292", "290", "299", "297", "280", "281", "289", "287", "283", "276", "286", "295", "293", "288", "285", "291", "275", "277", "282", "278"], "x": 367.8511301977579, "y": 132.14886980224207, "id": "mapper_node_4"}, {"cover": {"level": 3, "range": [0.75, 1.0]}, "min_value": 0.7629224105177316, "max_value": 1.0, "avg_value": 0.9171141266059565, "component_count": 150, "components": ["237", "213", "214", "201", "240", "124", "209", "269", "126", "229", "191", "220", "130", "174", "265", "136", "223", "125", "152", "251", "264", "163", "224", "141", "142", "249", "131", "234", "207", "254", "137", "139", "173", "188", "203", "181", "230", "233", "164", "198", "199", "192", "133", "169", "183", "193", "153", "247", "253", "182", "160", "167", "121", "256", "204", "178", "135", "231", "195", "248", "250", "129", "151", "157", "149", "215", "176", "258", "235", "218", "267", "120", "221", "166", "165", "170", "190", "140", "243", "172", "225", "242", "257", "179", "261", "184", "147", "239", "138", "255", "162", "128", "187", "263", "217", "150", "161", "156", "262", "189", "252", "210", "177", "206", "228", "241", "132", "186", "158", "175", "159", "236", "122", "259", "266", "146", "155", "144", "123", "216", "180", "197", "205", "208", "219", "260", "148", "244", "222", "196", "168", "171", "143", "194", "212", "211", "227", "238", "127", "245", "268", "134", "145", "232", "202", "246", "154", "226", "185", "200"], "x": 19.030116872178326, "y": 345.67085809127246, "id": "mapper_node_5"}], "links": [{"value": 1, "source": "mapper_node_0", "target": "mapper_node_2", "key": 0}, {"value": 1, "source": "mapper_node_0", "target": "mapper_node_1", "key": 0}, {"value": 1, "source": "mapper_node_1", "target": "mapper_node_4", "key": 0}, {"value": 1, "source": "mapper_node_2", "target": "mapper_node_3", "key": 0}, {"value": 1, "source": "mapper_node_3", "target": "mapper_node_5", "key": 0}, {"value": 1, "source": "mapper_node_4", "target": "mapper_node_5", "key": 0}], "info": {"component_method": "connected_components", "link_method": "connectivity", "cover_overlap": 0.0, "cover_intervals": 4, "compute_time": 0.022130250930786133}}