{"name": "eigen", "eigen": 5, "normalized": true, "process_time": 0.0077266693115234375, "data": {"0": -0.038182058204719246, "1": -0.051268148808439606, "2": -0.061314322408689115, "3": 0.0042765619505875235, "4": 0.060776700435397624, "5": 0.08558915301535581, "6": 0.11290172520275607, "7": 0.1577477853986076, "8": 0.11831060907098878, "9": 0.095860111071817, "10": 0.07803910274482322, "11": 0.010286200701641351, "12": -0.04418613989814907, "13": -0.09419149440488604, "14": -0.16494200700158565, "15": -0.20868909545846218, "16": -0.1816852967148651, "17": 0.02871159791745201, "18": 0.23960804784124068, "19": 0.1860198068805682, "20": 0.18380551526910466, "21": 0.1630094538441618, "22": 0.12573399491953868, "23": 0.07574749112826173, "24": 0.018103314812669302, "25": -0.04137101131217935, "26": -0.11838744739366366, "27": -0.0530477368723638, "28": -0.00498432073004956, "29": 0.045742173578073114, "30": 0.09092973508527655, "31": 0.12692477914227446, "32": 0.15008839631746512, "33": 0.11177863873062356, "34": -0.07157449522329115, "35": -0.04352355521964069, "36": -0.04352355521964069, "37": -0.07157449522329065, "38": -0.04352355521964025, "39": -0.043523555219640235, "40": 0.0026005238266220143, "41": 0.03695755127878027, "42": 0.09592445503322428, "43": 0.07534723830167633, "44": 0.05611500912874523, "45": -0.10029917119744886, "46": -0.10989968761397935, "47": -0.10989968761397932, "48": -0.13587841711180967, "49": -0.10119572778633615, "50": -0.1358784171118097, "51": -0.10119572778633615, "52": -0.18969729437386335, "53": -0.11535255178454373, "54": -0.11535255178454379, "55": 0.2797034102629909, "56": 0.17008414496986385, "57": 0.17008414496986385, "58": 0.2003489652962981, "59": 0.14921029980585643, "60": -0.28604685765824234, "61": -0.13473451892147034, "62": -0.13473451892147037, "63": -0.13473451892147037, "64": -0.1347345189214704, "65": -0.0030309030870555352}}