{"0": 0.06491735297605615, "1": -0.8275811824206127, "2": 0.2594774344830403, "3": 0.2136259682227361, "4": 0.11608469307013256, "5": 0.1690309848541563, "6": 0.281393937051901, "7": -0.2769491882374078}