{"0": 0.07782833124684657, "1": 0.6121889226395528, "2": -0.1785154466215534, "3": -0.28183755331771737, "4": -0.16426766126330825, "5": -0.24401894998655393, "6": -0.2633175081950752, "7": 0.593297631967821}