{"0": -0.13885397677617234, "1": 0.2931951484627738, "2": -0.1987719592863883, "3": -0.5369819200115984, "4": -0.0812523567938051, "5": 0.6526935740712512, "6": 0.28937544328332704, "7": -0.22482728824492854}