{"0": -0.06491734555500783, "1": 0.8275811875591421, "2": -0.2594773945531199, "3": -0.2136260106052296, "4": -0.11608470648388497, "5": -0.16903101014030525, "6": -0.2813939080125175, "7": 0.276949187790923}