{"(1, 0, 0, 1, 1, 1)": 1.8170439434379972, "(1, 0, 1, 1, 1, 0)": 1.8170439434379972, "(0, 1, 1, 1, 0, 1)": 1.8170439434379972, "(0, 1, 1, 1, 0, 0)": 1.8170439434379972, "(1, 1, 1, 0, 1, 0)": 1.8170439434379972, "(1, 0, 1, 1, 1, 1)": 1.8170439434379972, "(0, 0, 1, 0, 0, 0)": 1.8170439434379972, "(1, 1, 1, 0, 1, 1)": 1.8170439434379972, "(0, 0, 0, 0, 0, 0)": 1.8170439434379972, "(1, 1, 0, 1, 0, 1)": 1.8170439434379972, "(0, 0, 0, 0, 0, 1)": 1.8170439434379972, "(0, 1, 0, 1, 1, 1)": 1.8170439434379972, "(1, 1, 0, 1, 0, 0)": 1.8170439434379972, "(0, 0, 1, 0, 0, 1)": 1.8170439434379972, "(0, 1, 1, 1, 1, 0)": 1.8170439434379972, "(1, 1, 1, 1, 1, 1)": 1.8170439434379972, "(0, 1, 0, 1, 1, 0)": 1.8170439434379972, "(0, 0, 1, 0, 1, 0)": 1.8170439434379972, "(0, 1, 1, 1, 1, 1)": 1.8170439434379972, "(0, 0, 1, 0, 1, 1)": 1.8170439434379972, "(1, 0, 0, 1, 1, 0)": 1.8170439434379972, "(1, 0, 1, 0, 1, 1)": 1.8170439434379972, "(0, 0, 0, 1, 0, 1)": 1.8170439434379972, "(1, 0, 1, 0, 1, 0)": 1.8170439434379972, "(1, 1, 0, 1, 1, 0)": 1.8170439434379972, "(0, 0, 0, 1, 0, 0)": 1.8170439434379972, "(0, 1, 0, 1, 0, 0)": 1.8170439434379972, "(1, 1, 0, 1, 1, 1)": 1.8170439434379972, "(1, 0, 0, 0, 0, 1)": 1.8170439434379972, "(0, 1, 0, 1, 0, 1)": 1.8170439434379972, "(1, 0, 0, 0, 0, 0)": 1.8170439434379972, "(1, 1, 1, 1, 1, 0)": 1.8170439434379972, "(0, 1, 1, 0, 1, 1)": 1.8170439434379972, "(1, 0, 1, 0, 0, 0)": 1.8170439434379972, "(0, 0, 1, 1, 1, 1)": 1.8170439434379972, "(0, 0, 0, 1, 1, 0)": 1.8170439434379972, "(0, 1, 1, 0, 1, 0)": 1.8170439434379972, "(1, 1, 1, 1, 0, 0)": 1.8170439434379972, "(1, 0, 1, 0, 0, 1)": 1.8170439434379972, "(0, 0, 1, 1, 1, 0)": 1.8170439434379972, "(1, 1, 1, 1, 0, 1)": 1.8170439434379972, "(1, 0, 0, 1, 0, 1)": 1.8170439434379972, "(0, 1, 0, 0, 0, 1)": 1.8170439434379972, "(1, 0, 0, 0, 1, 0)": 1.8170439434379972, "(1, 1, 0, 0, 1, 1)": 1.8170439434379972, "(0, 1, 0, 0, 0, 0)": 1.8170439434379972, "(1, 0, 0, 0, 1, 1)": 1.8170439434379972, "(1, 1, 0, 0, 1, 0)": 1.8170439434379972, "(0, 1, 1, 0, 0, 0)": 1.8170439434379972, "(1, 0, 0, 1, 0, 0)": 1.8170439434379972, "(0, 0, 1, 1, 0, 0)": 1.8170439434379972, "(1, 0, 1, 1, 0, 1)": 1.8170439434379972, "(0, 1, 1, 0, 0, 1)": 1.8170439434379972, "(1, 1, 1, 0, 0, 1)": 1.8170439434379972, "(0, 0, 1, 1, 0, 1)": 1.8170439434379972, "(1, 0, 1, 1, 0, 0)": 1.8170439434379972, "(0, 0, 0, 1, 1, 1)": 1.8170439434379972, "(1, 1, 1, 0, 0, 0)": 1.8170439434379972, "(0, 1, 0, 0, 1, 0)": 1.8170439434379972, "(0, 0, 0, 0, 1, 1)": 1.8170439434379972, "(1, 1, 0, 0, 0, 0)": 1.8170439434379972, "(0, 1, 0, 0, 1, 1)": 1.8170439434379972, "(0, 0, 0, 0, 1, 0)": 1.8170439434379972, "(1, 1, 0, 0, 0, 1)": 1.8170439434379972}