{"(1, 0, 0, 1, 1, 1)": 0.0, "(1, 0, 1, 1, 1, 0)": -0.13373478797859356, "(0, 1, 1, 1, 0, 1)": 0.004046876181924088, "(0, 1, 1, 1, 0, 0)": -0.08728194268864448, "(1, 1, 1, 0, 1, 0)": 0.014921874455701372, "(1, 0, 1, 1, 1, 1)": -0.04240596910802559, "(0, 0, 1, 0, 0, 0)": -0.061374719745650314, "(1, 1, 1, 0, 1, 1)": 0.10625069332626963, "(0, 0, 0, 0, 0, 0)": -0.01896875063762526, "(1, 1, 0, 1, 0, 1)": -0.08902756159879809, "(0, 0, 0, 0, 0, 1)": 0.07236006823294325, "(0, 1, 0, 1, 1, 1)": 0.19685512663439791, "(1, 1, 0, 1, 0, 0)": -0.1803563804693673, "(0, 0, 1, 0, 0, 1)": 0.029954099124917945, "(0, 1, 1, 1, 1, 0)": 0.0631203386558041, "(1, 1, 1, 1, 1, 1)": 0.018968750637624942, "(0, 1, 0, 1, 1, 0)": 0.10552630776382915, "(0, 0, 1, 0, 1, 0)": 0.08902756159879836, "(0, 1, 1, 1, 1, 1)": 0.15444915752637267, "(0, 0, 1, 0, 1, 1)": 0.18035638046936628, "(1, 0, 0, 1, 1, 0)": -0.09132881887056835, "(1, 0, 1, 0, 1, 1)": 0.04487597358061955, "(0, 0, 0, 1, 0, 1)": -0.01492187445570126, "(1, 0, 1, 0, 1, 0)": -0.046452845289948, "(1, 1, 0, 1, 1, 0)": -0.029954099124918247, "(0, 0, 0, 1, 0, 0)": -0.10625069332626969, "(0, 1, 0, 1, 0, 0)": -0.044875973580619705, "(1, 1, 0, 1, 1, 1)": 0.061374719745650314, "(1, 0, 0, 0, 0, 1)": -0.06312033865580395, "(0, 1, 0, 1, 0, 1)": 0.046452845289949286, "(1, 0, 0, 0, 0, 0)": -0.15444915752637214, "(1, 1, 1, 1, 1, 0)": -0.07236006823294347, "(0, 1, 1, 0, 1, 1)": 0.24173110021501684, "(1, 0, 1, 0, 0, 0)": -0.19685512663439714, "(0, 0, 1, 1, 1, 1)": 0.09307443778072177, "(0, 0, 0, 1, 1, 0)": 0.044151588018178964, "(0, 1, 1, 0, 1, 0)": 0.15040228134444858, "(1, 1, 1, 1, 0, 0)": -0.2227623495773918, "(1, 0, 1, 0, 0, 1)": -0.10552630776382921, "(0, 0, 1, 1, 1, 0)": 0.001745618910153672, "(1, 1, 1, 1, 0, 1)": -0.13143353070682326, "(1, 0, 0, 1, 0, 1)": -0.1504022813444484, "(0, 1, 0, 0, 0, 1)": 0.13373478797859373, "(1, 0, 0, 0, 1, 0)": -0.004046876181923719, "(1, 1, 0, 0, 1, 1)": 0.1486566624342949, "(0, 1, 0, 0, 0, 0)": 0.04240596910802496, "(1, 0, 0, 0, 1, 1)": 0.08728194268864461, "(1, 1, 0, 0, 1, 0)": 0.05732784356372618, "(0, 1, 1, 0, 0, 0)": 2.0816681711721685e-17, "(1, 0, 0, 1, 0, 0)": -0.24173110021501698, "(0, 0, 1, 1, 0, 0)": -0.1486566624342949, "(1, 0, 1, 1, 0, 1)": -0.19280825045247388, "(0, 1, 1, 0, 0, 1)": 0.0913288188705684, "(1, 1, 1, 0, 0, 1)": -0.04415158801817873, "(0, 0, 1, 1, 0, 1)": -0.057327843563726714, "(1, 0, 1, 1, 0, 0)": -0.2841370693230422, "(0, 0, 0, 1, 1, 1)": 0.13548040688874755, "(1, 1, 1, 0, 0, 0)": -0.13548040688874707, "(0, 1, 0, 0, 1, 0)": 0.19280825045247357, "(0, 0, 0, 0, 1, 1)": 0.2227623495773917, "(1, 1, 0, 0, 0, 0)": -0.09307443778072218, "(0, 1, 0, 0, 1, 1)": 0.28413706932304217, "(0, 0, 0, 0, 1, 0)": 0.1314335307068236, "(1, 1, 0, 0, 0, 1)": -0.0017456189101534916}