{"(1, 0, 0, 1, 1, 1)": 0.0, "(1, 0, 1, 1, 1, 0)": -0.03647839293586064, "(0, 1, 1, 1, 0, 1)": 0.09905851756983501, "(0, 1, 1, 1, 0, 0)": 0.11665707843126025, "(1, 1, 1, 0, 1, 0)": -0.24533869699182656, "(1, 0, 1, 1, 1, 1)": -0.05407695379728605, "(0, 0, 1, 0, 0, 0)": 0.09220322562470532, "(1, 1, 1, 0, 1, 1)": -0.26293725785325184, "(0, 0, 0, 0, 0, 0)": 0.14628017942199134, "(1, 1, 0, 1, 0, 1)": -0.028948213946902453, "(0, 0, 0, 0, 0, 1)": 0.12868161856056598, "(0, 1, 0, 1, 1, 1)": 0.08988045968931867, "(1, 1, 0, 1, 0, 0)": -0.011349653085477043, "(0, 0, 1, 0, 0, 1)": 0.07460466476328023, "(0, 1, 1, 1, 1, 0)": 0.05340206675345758, "(1, 1, 1, 1, 1, 1)": -0.14628017942199123, "(0, 1, 0, 1, 1, 0)": 0.10747902055074364, "(0, 0, 1, 0, 1, 0)": 0.028948213946902446, "(0, 1, 1, 1, 1, 1)": 0.03580350589203231, "(0, 0, 1, 0, 1, 1)": 0.01134965308547697, "(1, 0, 0, 1, 1, 0)": 0.01759856086142539, "(1, 0, 1, 0, 1, 1)": -0.17073403222854627, "(0, 0, 0, 1, 0, 1)": 0.2453386969918263, "(1, 0, 1, 0, 1, 0)": -0.15313547136712113, "(1, 1, 0, 1, 1, 0)": -0.0746046647632797, "(0, 0, 0, 1, 0, 0)": 0.2629372578532517, "(0, 1, 0, 1, 0, 0)": 0.17073403222854677, "(1, 1, 0, 1, 1, 1)": -0.09220322562470518, "(1, 0, 0, 0, 0, 1)": -0.053402066753457475, "(0, 1, 0, 1, 0, 1)": 0.15313547136712133, "(1, 0, 0, 0, 0, 0)": -0.035803505892032114, "(1, 1, 1, 1, 1, 0)": -0.1286816185605657, "(0, 1, 1, 0, 1, 1)": -0.08085357253922845, "(1, 0, 1, 0, 0, 0)": -0.08988045968931799, "(0, 0, 1, 1, 1, 1)": 0.12800673151673722, "(0, 0, 0, 1, 1, 0)": 0.19968224617544877, "(0, 1, 1, 0, 1, 0)": -0.06325501167780304, "(1, 1, 1, 1, 0, 0)": -0.0654266068827633, "(1, 0, 1, 0, 0, 1)": -0.10747902055074314, "(0, 0, 1, 1, 1, 0)": 0.14560529237816278, "(1, 1, 1, 1, 0, 1)": -0.08302516774418847, "(1, 0, 0, 1, 0, 1)": 0.06325501167780274, "(0, 1, 0, 0, 0, 1)": 0.0364783929358606, "(1, 0, 0, 0, 1, 0)": -0.09905851756983525, "(1, 1, 0, 0, 1, 1)": -0.20886030405596573, "(0, 1, 0, 0, 0, 0)": 0.05407695379728601, "(1, 0, 0, 0, 1, 1)": -0.1166570784312603, "(1, 1, 0, 0, 1, 0)": -0.19126174319454045, "(0, 1, 1, 0, 0, 0)": -4.163336342344337e-17, "(1, 0, 0, 1, 0, 0)": 0.08085357253922806, "(0, 0, 1, 1, 0, 0)": 0.20886030405596537, "(1, 0, 1, 1, 0, 1)": 0.00917805788051676, "(0, 1, 1, 0, 0, 1)": -0.017598560861425236, "(1, 1, 1, 0, 0, 1)": -0.19968224617544877, "(0, 0, 1, 1, 0, 1)": 0.19126174319454023, "(1, 0, 1, 1, 0, 0)": 0.02677661874194203, "(0, 0, 0, 1, 1, 1)": 0.1820836853140234, "(1, 1, 1, 0, 0, 0)": -0.18208368531402352, "(0, 1, 0, 0, 1, 0)": -0.009178057880517058, "(0, 0, 0, 0, 1, 1)": 0.06542660688276296, "(1, 1, 0, 0, 0, 0)": -0.12800673151673753, "(0, 1, 0, 0, 1, 1)": -0.02677661874194231, "(0, 0, 0, 0, 1, 0)": 0.08302516774418818, "(1, 1, 0, 0, 0, 1)": -0.14560529237816283}