{"(1, 0, 0, 1, 1, 1)": -0.24369573616376808, "(1, 0, 1, 1, 1, 0)": -0.15175461564486425, "(0, 1, 1, 1, 0, 1)": -0.007448392731621956, "(0, 1, 1, 1, 0, 0)": 0.04667686458462708, "(1, 1, 1, 0, 1, 0)": 0.04729201820159151, "(1, 0, 1, 1, 1, 1)": -0.20587987296111332, "(0, 0, 1, 0, 0, 0)": 0.24166797389645425, "(1, 1, 1, 0, 1, 1)": -0.0068332391146576354, "(0, 0, 0, 0, 0, 0)": 0.20385211069379894, "(1, 1, 0, 1, 0, 1)": -0.1475071059988569, "(0, 0, 0, 0, 0, 1)": 0.1497268533775503, "(0, 1, 0, 1, 1, 1)": -0.1394251238318751, "(1, 1, 0, 1, 0, 0)": -0.09338184868260788, "(0, 0, 1, 0, 0, 1)": 0.18754271658020533, "(0, 1, 1, 1, 1, 0)": -0.04748400331297058, "(1, 1, 1, 1, 1, 1)": -0.20385211069379927, "(0, 1, 0, 1, 1, 0)": -0.08529986651562595, "(0, 0, 1, 0, 1, 0)": 0.14750710599885675, "(0, 1, 1, 1, 1, 1)": -0.10160926062921977, "(0, 0, 1, 0, 1, 1)": 0.0933818486826077, "(1, 0, 0, 1, 1, 0)": -0.18957047884751946, "(1, 0, 1, 0, 1, 1)": -0.008861001381971823, "(0, 0, 0, 1, 0, 1)": -0.047292018201591256, "(1, 0, 1, 0, 1, 0)": 0.045264255934277194, "(1, 1, 0, 1, 1, 0)": -0.18754271658020544, "(0, 0, 0, 1, 0, 0)": 0.006833239114657524, "(0, 1, 0, 1, 0, 0)": 0.008861001381971698, "(1, 1, 0, 1, 1, 1)": -0.2416679738964545, "(1, 0, 0, 0, 0, 1)": 0.047484003312970535, "(0, 1, 0, 1, 0, 1)": -0.04526425593427741, "(1, 0, 0, 0, 0, 0)": 0.10160926062921952, "(1, 1, 1, 1, 1, 0)": -0.14972685337755012, "(0, 1, 1, 0, 1, 1)": 0.09540961094992184, "(1, 0, 1, 0, 0, 0)": 0.1394251238318749, "(0, 0, 1, 1, 1, 1)": -0.10363702289653379, "(0, 0, 0, 1, 1, 0)": -0.08732762878294, "(0, 1, 1, 0, 1, 0)": 0.14953486826617085, "(1, 1, 1, 1, 0, 0)": -0.05556598547995248, "(1, 0, 1, 0, 0, 1)": 0.08529986651562575, "(0, 0, 1, 1, 1, 0)": -0.0495117655802848, "(1, 1, 1, 1, 0, 1)": -0.10969124279620157, "(1, 0, 0, 1, 0, 1)": -0.14953486826617082, "(0, 1, 0, 0, 0, 1)": 0.1517546156448641, "(1, 0, 0, 0, 1, 0)": 0.007448392731622136, "(1, 1, 0, 0, 1, 1)": -0.04464910231731296, "(0, 1, 0, 0, 0, 0)": 0.2058798729611131, "(1, 0, 0, 0, 1, 1)": -0.0466768645846269, "(1, 1, 0, 0, 1, 0)": 0.009476154998936157, "(0, 1, 1, 0, 0, 0)": 0.2436957361637685, "(1, 0, 0, 1, 0, 0)": -0.09540961094992201, "(0, 0, 1, 1, 0, 0)": 0.044649102317312894, "(1, 0, 1, 1, 0, 1)": -0.11171900506351572, "(0, 1, 1, 0, 0, 1)": 0.1895704788475194, "(1, 1, 1, 0, 0, 1)": 0.08732762878293995, "(0, 0, 1, 1, 0, 1)": -0.00947615499893614, "(1, 0, 1, 1, 0, 0)": -0.05759374774726675, "(0, 0, 0, 1, 1, 1)": -0.14145288609918885, "(1, 1, 1, 0, 0, 0)": 0.14145288609918893, "(0, 1, 0, 0, 1, 0)": 0.11171900506351565, "(0, 0, 0, 0, 1, 1)": 0.05556598547995259, "(1, 1, 0, 0, 0, 0)": 0.10363702289653368, "(0, 1, 0, 0, 1, 1)": 0.05759374774726653, "(0, 0, 0, 0, 1, 0)": 0.10969124279620152, "(1, 1, 0, 0, 0, 1)": 0.04951176558028464}