{"(1, 0, 0, 1, 1, 1)": 1.4239939934201588e-30, "(1, 0, 1, 1, 1, 0)": 0.021858651348930155, "(0, 1, 1, 1, 0, 1)": 0.04213789864254472, "(0, 1, 1, 1, 0, 0)": -0.07659907753034702, "(1, 1, 1, 0, 1, 0)": 0.13680905779027397, "(1, 0, 1, 1, 1, 1)": 0.14059562752182173, "(0, 0, 1, 0, 0, 0)": -0.03835132891099691, "(1, 1, 1, 0, 1, 1)": 0.2555460339631655, "(0, 0, 0, 0, 0, 0)": -0.17894695643281835, "(1, 1, 0, 1, 0, 1)": 0.04720544922937039, "(0, 0, 0, 0, 0, 1)": -0.06020998025992699, "(0, 1, 0, 1, 1, 1)": -0.10731184919765041, "(1, 1, 0, 1, 0, 0)": -0.07153152694352088, "(0, 0, 1, 0, 0, 1)": 0.08038564726189484, "(0, 1, 1, 1, 1, 0)": -0.08545319784872063, "(1, 1, 1, 1, 1, 1)": 0.17894695643281874, "(0, 1, 0, 1, 1, 0)": -0.22604882537054205, "(0, 0, 1, 0, 1, 0)": -0.04720544922937056, "(0, 1, 1, 1, 1, 1)": 0.03328377832417123, "(0, 0, 1, 0, 1, 1)": 0.07153152694352086, "(1, 0, 0, 1, 1, 0)": -0.11873697617289147, "(1, 0, 1, 0, 1, 1)": 0.2171947050521686, "(0, 0, 0, 1, 0, 1)": -0.13680905779027394, "(1, 0, 1, 0, 1, 0)": 0.09845772887927687, "(1, 1, 0, 1, 1, 0)": -0.08038564726189465, "(0, 0, 0, 1, 0, 0)": -0.25554603396316544, "(0, 1, 0, 1, 0, 0)": -0.2171947050521687, "(1, 1, 0, 1, 1, 1)": 0.03835132891099695, "(1, 0, 0, 0, 0, 1)": 0.08545319784872044, "(0, 1, 0, 1, 0, 1)": -0.09845772887927681, "(1, 0, 0, 0, 0, 0)": -0.03328377832417104, "(1, 1, 1, 1, 1, 0)": 0.06020998025992703, "(0, 1, 1, 0, 1, 1)": 0.10988285585451792, "(1, 0, 1, 0, 0, 0)": 0.10731184919765042, "(0, 0, 1, 1, 1, 1)": -0.005067550586825764, "(0, 0, 0, 1, 1, 0)": -0.2644001542815389, "(0, 1, 1, 0, 1, 0)": -0.008854120318373744, "(1, 1, 1, 1, 0, 0)": 0.06906410057830051, "(1, 0, 1, 0, 0, 1)": 0.22604882537054202, "(0, 0, 1, 1, 1, 0)": -0.12380452675971743, "(1, 1, 1, 1, 0, 1)": 0.1878010767511922, "(1, 0, 0, 1, 0, 1)": 0.008854120318373557, "(0, 1, 0, 0, 0, 1)": -0.02185865134893002, "(1, 0, 0, 0, 1, 0)": -0.04213789864254492, "(1, 1, 0, 0, 1, 1)": 0.11495040644134366, "(0, 1, 0, 0, 0, 0)": -0.14059562752182164, "(1, 0, 0, 0, 1, 1)": 0.07659907753034668, "(1, 1, 0, 0, 1, 0)": -0.0037865697315477426, "(0, 1, 1, 0, 0, 0)": -1.1102230246251565e-16, "(1, 0, 0, 1, 0, 0)": -0.10988285585451785, "(0, 0, 1, 1, 0, 0)": -0.11495040644134381, "(1, 0, 1, 1, 0, 1)": 0.14944974784019519, "(0, 1, 1, 0, 0, 1)": 0.11873697617289153, "(1, 1, 1, 0, 0, 1)": 0.264400154281539, "(0, 0, 1, 1, 0, 1)": 0.0037865697315476662, "(1, 0, 1, 1, 0, 0)": 0.03071277166730361, "(0, 0, 0, 1, 1, 1)": -0.14566317810864743, "(1, 1, 1, 0, 0, 0)": 0.14566317810864748, "(0, 1, 0, 0, 1, 0)": -0.1494497478401952, "(0, 0, 0, 0, 1, 1)": -0.06906410057830065, "(1, 1, 0, 0, 0, 0)": 0.005067550586825828, "(0, 1, 0, 0, 1, 1)": -0.030712771667303674, "(0, 0, 0, 0, 1, 0)": -0.1878010767511922, "(1, 1, 0, 0, 0, 1)": 0.1238045267597174}