{"(1, 0, 0, 1, 1, 1)": -0.0029555550231230576, "(1, 0, 1, 1, 1, 0)": 0.1977312006479782, "(0, 1, 1, 1, 0, 1)": -0.008742381335256245, "(0, 1, 1, 1, 0, 0)": 0.16931351751130969, "(1, 1, 1, 0, 1, 0)": 0.010919218461914567, "(1, 0, 1, 1, 1, 1)": 0.019675302990825917, "(0, 0, 1, 0, 0, 0)": 0.023409581065668882, "(1, 1, 1, 0, 1, 1)": -0.16713668132766998, "(0, 0, 0, 0, 0, 0)": 0.0007787205772421119, "(1, 1, 0, 1, 0, 1)": 0.005463524153065357, "(0, 0, 0, 0, 0, 1)": -0.17727717599018017, "(0, 1, 0, 1, 1, 1)": -0.060246347843381565, "(1, 1, 0, 1, 0, 0)": 0.1835194214666079, "(0, 0, 1, 0, 0, 1)": -0.1546463160524411, "(0, 1, 1, 1, 1, 0)": 0.14044041159068255, "(1, 1, 1, 1, 1, 1)": -0.0007787225550029407, "(0, 1, 0, 1, 1, 0)": 0.11780955094038442, "(0, 0, 1, 0, 1, 0)": -0.005463523725103577, "(0, 1, 1, 1, 1, 1)": -0.03761548856742343, "(0, 0, 1, 0, 1, 1)": -0.18351942215475356, "(1, 0, 0, 1, 1, 0)": 0.17510034125968918, "(1, 0, 1, 0, 1, 1)": -0.14668265556747473, "(0, 0, 0, 1, 0, 1)": -0.010919214580061648, "(1, 0, 1, 0, 1, 0)": 0.03137324187983958, "(1, 1, 0, 1, 1, 0)": 0.15464631691692582, "(0, 0, 0, 1, 0, 0)": 0.16713668137354634, "(0, 1, 0, 1, 0, 0)": 0.14668265724147708, "(1, 1, 0, 1, 1, 1)": -0.0234095817081568, "(1, 0, 0, 0, 0, 1)": -0.14044041020785522, "(0, 1, 0, 1, 0, 1)": -0.03137324105440114, "(1, 0, 0, 0, 0, 0)": 0.03761548537723132, "(1, 1, 1, 1, 1, 0)": 0.17727717662076733, "(0, 1, 1, 0, 1, 1)": -0.20397344782128618, "(1, 0, 1, 0, 0, 0)": 0.06024634574285367, "(0, 0, 1, 1, 1, 1)": -0.017161462291604868, "(0, 0, 0, 1, 1, 0)": 0.1382635760131375, "(0, 1, 1, 0, 1, 0)": -0.02591754787301824, "(1, 1, 1, 1, 0, 0)": 0.20615028161363613, "(1, 0, 1, 0, 0, 1)": -0.11780955121657279, "(0, 0, 1, 1, 1, 0)": 0.16089443552423086, "(1, 1, 1, 1, 0, 1)": 0.028094382925753676, "(1, 0, 0, 1, 0, 1)": 0.025917549897415175, "(0, 1, 0, 0, 0, 1)": -0.19773120185523368, "(1, 0, 0, 0, 1, 0)": 0.00874238195740391, "(1, 1, 0, 0, 1, 1)": -0.18976754101497034, "(0, 1, 0, 0, 0, 0)": -0.01967530376919348, "(1, 0, 0, 0, 1, 1)": -0.16931351493922267, "(1, 1, 0, 0, 1, 0)": -0.011711642599725822, "(0, 1, 1, 0, 0, 0)": 0.002955557858437984, "(1, 0, 0, 1, 0, 0)": 0.20397344569233966, "(0, 0, 1, 1, 0, 0)": 0.18976754132782642, "(1, 0, 1, 1, 0, 1)": 0.048548408354551, "(0, 1, 1, 0, 0, 1)": -0.17510034160194224, "(1, 1, 1, 0, 0, 1)": -0.13826357603608425, "(0, 0, 1, 1, 0, 1)": 0.011711643999878518, "(1, 0, 1, 1, 0, 0)": 0.22660430470016324, "(0, 0, 0, 1, 1, 1)": -0.03979232125201056, "(1, 1, 1, 0, 0, 0)": 0.03979232244196025, "(0, 1, 0, 0, 1, 0)": -0.04854840905746295, "(0, 0, 0, 0, 1, 1)": -0.20615028164930582, "(1, 1, 0, 0, 0, 0)": 0.01716146176078535, "(0, 1, 0, 0, 1, 1)": -0.22660430845504317, "(0, 0, 0, 0, 1, 0)": -0.028094384593995804, "(1, 1, 0, 0, 0, 1)": -0.1608944361665714}