{"name":"fiedler","normalized":true,"weight":"value","num_of_nodes":20,"num_of_edges":40,"process_time":0.011914968490600586,"data":{"0":-0.23533649781051835,"1":-0.19609451964630503,"2":-0.23177124157623005,"3":-0.23177124157623435,"4":-0.18666512765637863,"5":0.1504770047029972,"6":0.22568224837574818,"7":0.24120079125722463,"8":0.24120079125724597,"9":0.27194210176472294,"10":0.2353365066150221,"11":0.19609453358867263,"12":0.23177125662014808,"13":0.2317712566201497,"14":0.18666513994532322,"15":-0.15047701355283363,"16":-0.22568226243958006,"17":-0.24120080628602117,"18":-0.24120080628603072,"19":-0.27194211394609324}}