{"directed": false, "multigraph": true, "graph": {}, "nodes": [{"cover": {"level": 0, "range": [0.0, 0.16666666666666666]}, "min_value": 0.0, "max_value": 0.15058113124992695, "avg_value": 0.05518445164859306, "component_count": 273, "components": ["110", "93", "213", "67", "214", "201", "237", "274", "124", "240", "73", "296", "209", "269", "126", "229", "191", "220", "130", "294", "174", "51", "265", "136", "292", "223", "83", "125", "85", "152", "251", "264", "300", "163", "224", "142", "287", "141", "249", "102", "131", "234", "207", "137", "254", "139", "41", "203", "188", "173", "181", "293", "63", "233", "164", "230", "288", "198", "65", "106", "192", "199", "107", "133", "169", "183", "277", "153", "193", "306", "247", "253", "272", "182", "44", "55", "298", "160", "167", "279", "87", "82", "270", "121", "119", "256", "95", "178", "204", "77", "61", "70", "195", "231", "135", "116", "290", "248", "118", "250", "58", "84", "90", "129", "151", "280", "157", "289", "109", "43", "91", "149", "215", "79", "176", "47", "64", "258", "114", "235", "218", "120", "115", "267", "69", "221", "166", "50", "165", "103", "307", "101", "60", "170", "140", "190", "104", "71", "278", "97", "273", "243", "172", "301", "40", "94", "303", "225", "242", "111", "284", "179", "105", "261", "184", "147", "257", "239", "138", "255", "45", "162", "128", "187", "117", "59", "81", "78", "308", "263", "217", "150", "98", "161", "297", "281", "156", "74", "112", "262", "189", "283", "252", "286", "48", "210", "177", "309", "206", "228", "56", "295", "241", "53", "113", "132", "100", "186", "158", "175", "159", "236", "122", "259", "146", "266", "76", "155", "68", "144", "39", "302", "123", "57", "271", "54", "216", "80", "180", "52", "311", "197", "205", "86", "72", "208", "89", "46", "219", "299", "148", "96", "260", "244", "49", "108", "305", "222", "75", "196", "92", "168", "171", "143", "66", "194", "276", "212", "211", "238", "227", "127", "99", "245", "268", "310", "88", "145", "134", "232", "202", "285", "246", "42", "154", "304", "291", "226", "275", "185", "282", "200", "62"], "x": 250.0, "y": 250.0, "id": "mapper_node_0"}, {"cover": {"level": 1, "range": [0.16666666666666666, 0.3333333333333333]}, "min_value": 0.2778628265903945, "max_value": 0.29367042710146396, "avg_value": 0.28444185724999904, "component_count": 6, "components": ["321", "324", "325", "323", "322", "320"], "x": 338.3883476483185, "y": 338.3883476483184, "id": "mapper_node_1"}, {"cover": {"level": 1, "range": [0.16666666666666666, 0.3333333333333333]}, "min_value": 0.20615207605473915, "max_value": 0.3274540774392649, "avg_value": 0.2595165344963667, "component_count": 9, "components": ["31", "22", "25", "33", "26", "8", "32", "16", "29"], "x": 161.61165235168153, "y": 161.61165235168158, "id": "mapper_node_2"}, {"cover": {"level": 2, "range": [0.3333333333333333, 0.5]}, "min_value": 0.37800750804053107, "max_value": 0.3981651738532208, "avg_value": 0.3859252345819555, "component_count": 8, "components": ["313", "317", "315", "316", "319", "314", "318", "312"], "x": 161.61165235168158, "y": 338.3883476483185, "id": "mapper_node_3"}, {"cover": {"level": 2, "range": [0.3333333333333333, 0.5]}, "min_value": 0.4027279315211606, "max_value": 0.43916213387161385, "avg_value": 0.4270349794299714, "component_count": 14, "components": ["21", "9", "19", "10", "6", "12", "7", "11", "20", "17", "15", "13", "14", "18"], "x": 36.839958911476884, "y": 119.37535882101292, "id": "mapper_node_4"}, {"cover": {"level": 2, "range": [0.3333333333333333, 0.5]}, "min_value": 0.3692972492293699, "max_value": 0.49174880221281037, "avg_value": 0.4385196678825579, "component_count": 3, "components": ["4", "2", "1"], "x": 6.907519900580866, "y": 191.63865903602357, "id": "mapper_node_5"}, {"cover": {"level": 2, "range": [0.3333333333333333, 0.5]}, "min_value": 0.38611159360768266, "max_value": 0.38611159360768266, "avg_value": 0.38611159360768266, "component_count": 1, "components": ["27"], "x": 154.32914190872742, "y": 19.030116872178382, "id": "mapper_node_6"}, {"cover": {"level": 2, "range": [0.3333333333333333, 0.5]}, "min_value": 0.42645427139444675, "max_value": 0.4562008180553539, "avg_value": 0.4413275447249003, "component_count": 2, "components": ["30", "34"], "x": 59.89850859999231, "y": 87.63798791745404, "id": "mapper_node_7"}, {"cover": {"level": 2, "range": [0.3333333333333333, 0.5]}, "min_value": 0.4676117635083709, "max_value": 0.46861445609244623, "avg_value": 0.46811310980040854, "component_count": 2, "components": ["3", "5"], "x": 119.37535882101284, "y": 36.83995891147691, "id": "mapper_node_8"}, {"cover": {"level": 2, "range": [0.3333333333333333, 0.5]}, "min_value": 0.4683485906345471, "max_value": 0.4683485906345471, "avg_value": 0.4683485906345471, "component_count": 1, "components": ["35"], "x": 230.38522606803883, "y": 0.7706665667180062, "id": "mapper_node_9"}, {"cover": {"level": 2, "range": [0.3333333333333333, 0.5]}, "min_value": 0.3962387887068453, "max_value": 0.40693417627031775, "avg_value": 0.40158648248858153, "component_count": 2, "components": ["24", "23"], "x": 87.63798791745398, "y": 59.89850859999237, "id": "mapper_node_10"}, {"cover": {"level": 3, "range": [0.5, 0.6666666666666666]}, "min_value": 0.5063182293056661, "max_value": 0.6573525978600104, "avg_value": 0.585955821769874, "component_count": 3, "components": ["38", "37", "36"], "x": 19.030116872178326, "y": 154.3291419087276, "id": "mapper_node_11"}, {"cover": {"level": 3, "range": [0.5, 0.6666666666666666]}, "min_value": 0.5010044650204616, "max_value": 0.5010044650204616, "avg_value": 0.5010044650204616, "component_count": 1, "components": ["326"], "x": 8.518543427732936, "y": 314.7047612756303, "id": "mapper_node_12"}, {"cover": {"level": 3, "range": [0.5, 0.6666666666666666]}, "min_value": 0.5080749669693823, "max_value": 0.5080749669693823, "avg_value": 0.5080749669693823, "component_count": 1, "components": ["28"], "x": 191.63865903602348, "y": 6.907519900580894, "id": "mapper_node_13"}, {"cover": {"level": 5, "range": [0.8333333333333333, 1.0]}, "min_value": 0.8689936561969688, "max_value": 1.0, "avg_value": 0.9087397825372473, "component_count": 5, "components": ["330", "329", "332", "327", "328"], "x": 73.22330470336314, "y": 426.7766952966369, "id": "mapper_node_14"}, {"cover": {"level": 5, "range": [0.8333333333333333, 1.0]}, "min_value": 0.9028861847699101, "max_value": 0.9028861847699101, "avg_value": 0.9028861847699101, "component_count": 1, "components": ["331"], "x": 338.3883476483184, "y": 161.61165235168153, "id": "mapper_node_15"}], "links": [{"value": 36, "source": "mapper_node_0", "target": "mapper_node_1", "key": 0}, {"value": 11, "source": "mapper_node_0", "target": "mapper_node_2", "key": 0}, {"value": 1, "source": "mapper_node_0", "target": "mapper_node_5", "key": 0}, {"value": 18, "source": "mapper_node_0", "target": "mapper_node_3", "key": 0}, {"value": 1, "source": "mapper_node_0", "target": "mapper_node_15", "key": 0}, {"value": 2, "source": "mapper_node_2", "target": "mapper_node_7", "key": 0}, {"value": 3, "source": "mapper_node_2", "target": "mapper_node_11", "key": 0}, {"value": 2, "source": "mapper_node_2", "target": "mapper_node_10", "key": 0}, {"value": 1, "source": "mapper_node_2", "target": "mapper_node_6", "key": 0}, {"value": 3, "source": "mapper_node_2", "target": "mapper_node_4", "key": 0}, {"value": 4, "source": "mapper_node_2", "target": "mapper_node_5", "key": 0}, {"value": 1, "source": "mapper_node_2", "target": "mapper_node_13", "key": 0}, {"value": 1, "source": "mapper_node_2", "target": "mapper_node_9", "key": 0}, {"value": 2, "source": "mapper_node_2", "target": "mapper_node_8", "key": 0}, {"value": 1, "source": "mapper_node_2", "target": "mapper_node_3", "key": 0}, {"value": 1, "source": "mapper_node_3", "target": "mapper_node_14", "key": 0}, {"value": 1, "source": "mapper_node_3", "target": "mapper_node_15", "key": 0}, {"value": 1, "source": "mapper_node_3",