{"directed": false, "multigraph": true, "graph": {}, "nodes": [{"cover": {"level": 0, "range": [0.0, 0.16666666666666666]}, "min_value": 0.020384537670097003, "max_value": 0.025899346882512452, "avg_value": 0.023141942276304728, "component_count": 2, "components": ["195", "207"], "x": 170.74529030873722, "y": 224.2485838020877, "id": "mapper_node_0"}, {"cover": {"level": 0, "range": [0.0, 0.16666666666666666]}, "min_value": 0.0, "max_value": 0.15058113124992695, "avg_value": 0.05502868437474266, "component_count": 265, "components": ["60", "110", "73", "93", "213", "67", "201", "240", "124", "274", "237", "214", "296", "209", "126", "229", "191", "220", "294", "130", "174", "51", "265", "136", "292", "223", "83", "85", "125", "152", "251", "264", "300", "163", "224", "142", "287", "141", "249", "102", "131", "234", "137", "254", "139", "173", "188", "41", "203", "181", "63", "293", "233", "164", "230", "288", "198", "65", "199", "106", "192", "107", "133", "169", "277", "183", "193", "153", "306", "247", "253", "272", "182", "44", "55", "298", "279", "87", "167", "160", "82", "121", "61", "204", "119", "135", "77", "95", "116", "70", "231", "256", "178", "290", "58", "248", "118", "250", "84", "90", "129", "151", "280", "157", "289", "109", "43", "149", "91", "215", "79", "176", "64", "47", "114", "258", "235", "218", "120", "267", "69", "221", "166", "165", "50", "104", "101", "307", "170", "190", "140", "71", "278", "97", "273", "243", "172", "40", "301", "94", "303", "225", "242", "111", "284", "257", "105", "261", "184", "147", "179", "138", "239", "255", "45", "162", "128", "187", "117", "59", "81", "78", "98", "263", "308", "150", "217", "161", "297", "281", "156", "74", "262", "112", "189", "48", "283", "286", "252", "210", "309", "177", "206", "56", "241", "295", "53", "113", "100", "186", "132", "158", "175", "159", "122", "259", "146", "266", "155", "39", "68", "76", "144", "302", "57", "123", "271", "54", "216", "80", "180", "52", "197", "208", "205", "311", "72", "86", "89", "46", "219", "299", "148", "260", "96", "49", "244", "108", "305", "75", "222", "196", "92", "168", "171", "143", "66", "194", "276", "212", "211", "238", "227", "127", "99", "245", "268", "310", "88", "145", "134", "232", "202", "285", "246", "42", "154", "304", "291", "275", "226", "282", "185", "200", "62"], "x": 250.0, "y": 250.0, "id": "mapper_node_1"}, {"cover": {"level": 0, "range": [0.0, 0.16666666666666666]}, "min_value": 0.10511459307645835, "max_value": 0.11062940228887402, "avg_value": 0.10787199768266618, "component_count": 2, "components": ["236", "228"], "x": 201.01789564229384, "y": 182.58191713542112, "id": "mapper_node_2"}, {"cover": {"level": 0, "range": [0.0, 0.16666666666666666]}, "min_value": 0.07371512288301484, "max_value": 0.08006550924882624, "avg_value": 0.07689031606592053, "component_count": 2, "components": ["115", "103"], "x": 249.99999999999997, "y": 166.66666666666669, "id": "mapper_node_3"}, {"cover": {"level": 0, "range": [0.0, 0.16666666666666666]}, "min_value": 0.030965982894469665, "max_value": 0.03597944581484733, "avg_value": 0.0334727143546585, "component_count": 2, "components": ["269", "270"], "x": 298.98210435770613, "y": 182.58191713542107, "id": "mapper_node_4"}, {"cover": {"level": 1, "range": [0.16666666666666666, 0.3333333333333333]}, "min_value": 0.2778628265903945, "max_value": 0.28847769490090264, "avg_value": 0.28187271070850345, "component_count": 4, "components": ["321", "323", "320", "324"], "x": 329.2547096912628, "y": 275.7514161979123, "id": "mapper_node_5"}, {"cover": {"level": 1, "range": [0.16666666666666666, 0.3333333333333333]}, "min_value": 0.20615207605473915, "max_value": 0.25808750062668273, "avg_value": 0.2331543847797343, "component_count": 6, "components": ["31", "33", "25", "26", "32", "29"], "x": 170.7452903087372, "y": 275.7514161979123, "id": "mapper_node_6"}, {"cover": {"level": 1, "range": [0.16666666666666666, 0.3333333333333333]}, "min_value": 0.28573497619617927, "max_value": 0.3274540774392649, "avg_value": 0.3122408339296315, "component_count": 3, "components": ["8", "16", "22"], "x": 201.01789564229392, "y": 317.41808286457893, "id": "mapper_node_7"}, {"cover": {"level": 1, "range": [0.16666666666666666, 0.3333333333333333]}, "min_value": 0.2854898735645163, "max_value": 0.29367042710146396, "avg_value": 0.2895801503329901, "component_count": 2, "components": ["322", "325"], "x": 250.0, "y": 333.3333333333333, "id": "mapper_node_8"}, {"cover": {"level": 2, "range": [0.3333333333333333, 0.5]}, "min_value": 0.37800750804053107, "max_value": 0.3981651738532208, "avg_value": 0.3859252345819555, "component_count": 8, "components": ["313", "317", "315", "316", "319", "314", "318", "312"], "x": 298.9821043577061, "y": 317.41808286457893, "id": "mapper_node_9"}, {"cover": {"level": 2, "range": [0.3333333333333333, 0.5]}, "min_value": 0.42389234120109376, "max_value": 0.4293843619456891, "avg_value": 0.4259258321462227, "component_count": 4, "components": ["12", "9", "10", "11"], "x": 141.19222515691814, "y": 475.0796928505484, "id": "mapper_node_10"}, {"cover": {"level": 2, "range": [0.3333333333333333, 0.5]}, "min_value": 0.3692972492293699, "max_value": 0.49174880221281037, "avg_value": 0.4385196678825579, "component_count": 3, "components": ["4", "2", "1"], "x": 165.15976404160477, "y": 393.45700450065726, "id": "mapper_node_11"}, {"cover": {"level": 2, "range": [0.3333333333333333, 0.5]}, "min_value": 0.4027279315211606, "max_value": 0.43697849224407137, "avg_value": 0.4241133531667759, "component_count": 7, "components": ["21", "6", "7", "15", "13", "14", "18"], "x": 174.33491671007556, "y": 398.50108736472794, "id": "mapper_node_12"}, {"cover": {"level": 2, "range": [0.3333333333333333, 0.5]}, "min_value": 0.43050859302480426, "max_value": 0.43916213387161385, "avg_value": 0.43533097042242563, "component_count": 3, "components": ["17", "19", "20"], "x": 131.8623087827365, "y": 470.32586301624804, "id": "mapper_node_13"}, {"cover": {"level": 2, "range": [0.3333333333333333, 0.5]}, "min_value": 0.38611159360768266, "max_value": 0.38611159360768266, "avg_value": 0.38611159360768266, "component_count": 1, "components": ["27"], "x": 132.1488698022421, "y": 367.8511301977579, "id": "mapper_node_14"}, {"cover": {"level": 2, "range": [0.3333333333333333, 0.5]}, "min_value": 0.42645427139444675, "max_value": 0.4562008180553539, "avg_value": 0.4413275447249003, "component_count": 2, "components": ["30", "34"], "x": 156.31943702464497, "y": 387.84676237909366, "id": "mapper_node_15"}, {"cover": {"level": 2, "range": [0.3333333333333333, 0.5]}, "min_value": 0.4676117635083709, "max_value": 0.46861445609244623, "avg_value": 0.46811310980040854, "component_count": 2, "components": ["3", "5"], "x": 139.7813557793914, "y": 375.0185116050766, "id": "mapper_node_16"}, {"cover": {"level": 2, "range": [0.3333333333333333, 0.5]}, "min_value": 0.4683485906345471, "max_value": 0.4683485906345471, "avg_value": 0.4683485906345471, "component_count": 1, "components": ["35"], "x": 118.30749793738494, "y": 352.15117560882936, "id": "mapper_node_17"}, {"cover": {"level": 2, "range": [0.3333333333333333, 0.5]}, "min_value": 0.3962387887068453, "max_value": 0.40693417627031775, "avg_value": 0.40158648248858153, "component_count": 2, "components": ["24", "23"], "x": 147.84882439117064, "y": 381.69250206261506, "id": "mapper_node_18"}, {"cover": {"level": 3, "range": [0.5, 0.6666666666666666]}, "min_value": 0.5063182293056661, "max_value": 0.6573525978600104, "avg_value": 0.585955821769874, "component_count": 3, "components": ["38", "37", "36"], "x": 183.80868489420328, "y": 402.9591042806635, "id": "mapper_node_19"}, {"cover": {"level": 3, "range": [0.5, 0.6666666666666666]}, "min_value": 0.5010044650204616, "max_value": 0.5010044650204616, "avg_value": 0.5010044650204616, "component_count": 1, "components": ["326"], "x": 317.78944051263335, "y": 402.2575762737668, "id": "mapper_node_20"}, {"cover": {"level": 3,