{"directed": false, "multigraph": true, "graph": {}, "nodes": [{"cover": {"level": 0, "range": [0.0, 0.125]}, "min_value": 0.0007717694435005903, "max_value": 0.12372821359175132, "avg_value": 0.05214480523286767, "component_count": 139, "components": ["110", "73", "93", "67", "237", "126", "191", "130", "174", "51", "265", "136", "292", "223", "125", "152", "300", "163", "141", "287", "249", "102", "131", "234", "207", "137", "139", "230", "164", "106", "192", "107", "306", "182", "44", "298", "160", "167", "82", "119", "204", "95", "135", "77", "70", "195", "118", "84", "90", "129", "157", "289", "109", "43", "149", "91", "215", "79", "176", "114", "235", "218", "120", "115", "69", "221", "103", "101", "307", "170", "190", "140", "71", "273", "243", "301", "94", "111", "284", "179", "105", "147", "255", "162", "187", "117", "78", "217", "150", "161", "156", "112", "189", "252", "210", "177", "295", "113", "100", "186", "132", "158", "159", "122", "259", "146", "76", "155", "57", "123", "80", "180", "52", "311", "72", "89", "299", "260", "148", "96", "305", "222", "196", "92", "171", "143", "194", "212", "211", "238", "227", "127", "99", "310", "88", "145", "134", "202", "154"], "x": 325.08073899186826, "y": 286.1569782597965, "id": "mapper_node_0"}, {"cover": {"level": 0, "range": [0.0, 0.125]}, "min_value": 0.0, "max_value": 0.11783207735114953, "avg_value": 0.05940817580078168, "component_count": 108, "components": ["60", "213", "214", "201", "274", "124", "296", "269", "229", "294", "83", "85", "251", "264", "224", "142", "254", "173", "188", "41", "203", "181", "293", "233", "288", "198", "65", "199", "133", "169", "277", "183", "193", "153", "247", "253", "279", "87", "270", "178", "116", "231", "290", "58", "248", "250", "151", "280", "64", "47", "258", "166", "165", "104", "278", "97", "172", "303", "225", "242", "257", "261", "184", "138", "45", "128", "59", "81", "98", "263", "308", "297", "74", "262", "48", "309", "228", "56", "241", "53", "175", "236", "39", "144", "54", "216", "197", "208", "205", "86", "219", "49", "244", "108", "75", "168", "66", "276", "245", "268", "246", "42", "304", "291", "275", "282", "185", "200"], "x": 250.0, "y": 250.0, "id": "mapper_node_1"}, {"cover": {"level": 0, "range": [0.0, 0.125]}, "min_value": 0.0061194632252367445, "max_value": 0.09014155689799318, "avg_value": 0.03340322761389343, "component_count": 14, "components": ["267", "281", "232", "272", "283", "285", "240", "239", "271", "286", "256", "209", "206", "266"], "x": 413.59319283184425, "y": 281.8597714502287, "id": "mapper_node_2"}, {"cover": {"level": 0, "range": [0.0, 0.125]}, "min_value": 0.04888227629447374, "max_value": 0.07818014334452662, "avg_value": 0.06262430114461061, "component_count": 7, "components": ["63", "61", "40", "50", "46", "55", "62"], "x": 268.5434111630262, "y": 331.2439926818186, "id": "mapper_node_3"}, {"cover": {"level": 0, "range": [0.0, 0.125]}, "min_value": 0.03202387421170901, "max_value": 0.03226998966416363, "avg_value": 0.03214693193793632, "component_count": 2, "components": ["226", "220"], "x": 362.0501483768861, "y": 373.37966617921927, "id": "mapper_node_4"}, {"cover": {"level": 1, "range": [0.125, 0.25]}, "min_value": 0.20615207605473915, "max_value": 0.2485619210779656, "avg_value": 0.23105767693683846, "component_count": 3, "components": ["26", "33", "29"], "x": 198.0425165117722, "y": 184.8473764609975, "id": "mapper_node_5"}, {"cover": {"level": 1, "range": [0.125, 0.25]}, "min_value": 0.2210020545069764, "max_value": 0.22666372273423122, "avg_value": 0.2238328886206038, "component_count": 2, "components": ["32", "31"], "x": 146.08503302354438, "y": 119.69475292199505, "id": "mapper_node_6"}, {"cover": {"level": 1, "range": [0.125, 0.25]}, "min_value": 0.15058113124992695, "max_value": 0.15058113124992695, "avg_value": 0.15058113124992695, "component_count": 1, "components": ["121"], "x": 268.5434111630262, "y": 168.7560073181814, "id": "mapper_node_7"}, {"cover": {"level": 1, "range": [0.125, 0.25]}, "min_value": 0.1454258734186702, "max_value": 0.1454258734186702, "avg_value": 0.1454258734186702, "component_count": 1, "components": ["302"], "x": 376.90765972818906, "y": 358.03806588463135, "id": "mapper_node_8"}, {"cover": {"level": 1, "range": [0.125, 0.25]}, "min_value": 0.1348282230616256, "max_value": 0.1348282230616256, "avg_value": 0.1348282230616256, "component_count": 1, "components": ["68"], "x": 389.6813508153068, "y": 340.92248353509143, "id": "mapper_node_9"}, {"cover": {"level": 2, "range": [0.25, 0.375]}, "min_value": 0.28573497619617927, "max_value": 0.3692972492293699, "avg_value": 0.3265049377545661, "component_count": 4, "components": ["4", "16", "22", "8"], "x": 166.66666666666669, "y": 250.0, "id": "mapper_node_10"}, {"cover": {"level": 2, "range": [0.25, 0.375]}, "min_value": 0.27828365362946855, "max_value": 0.29367042710146396, "avg_value": 0.2864804122990879, "component_count": 4, "components": ["321", "323", "322", "325"], "x": 408.17595783511143, "y": 302.51803633727013, "id": "mapper_node_11"}, {"cover": {"level": 2, "range": [0.25, 0.375]}, "min_value": 0.2778628265903945, "max_value": 0.28286666771324814, "avg_value": 0.28036474715182136, "component_count": 2, "components": ["320", "324"], "x": 400.1614779837365, "y": 322.31395651959303, "id": "mapper_node_12"}, {"cover": {"level": 2, "range": [0.25, 0.375]}, "min_value": 0.25808750062668273, "max_value": 0.25808750062668273, "avg_value": 0.25808750062668273, "component_count": 1, "components": ["25"], "x": 189.10982927226752, "y": 94.85437522596598, "id": "mapper_node_13"}, {"cover": {"level": 3, "range": [0.375, 0.5]}, "min_value": 0.4027279315211606, "max_value": 0.43916213387161385, "avg_value": 0.42747863834347083, "component_count": 10, "components": ["21", "19", "6", "7", "20", "17", "15", "13", "14", "18"], "x": 88.30234073765595, "y": 290.3936228488688, "id": "mapper_node_14"}, {"cover": {"level": 3, "range": [0.375, 0.5]}, "min_value": 0.37800750804053107, "max_value": 0.3981651738532208, "avg_value": 0.3859252345819555, "component_count": 8, "components": ["313", "317", "315", "316", "319", "314", "318", "312"], "x": 198.04251651177225, "y": 315.1526235390025, "id": "mapper_node_15"}, {"cover": {"level": 3, "range": [0.375, 0.5]}, "min_value": 0.42389234120109376, "max_value": 0.4293843619456891, "avg_value": 0.4259258321462227, "component_count": 4, "components": ["12", "9", "10", "11"], "x": 8.739934432715074, "y": 315.5254207347757, "id": "mapper_node_16"}, {"cover": {"level": 3, "range": [0.375, 0.5]}, "min_value": 0.42645427139444675, "max_value": 0.4562008180553539, "avg_value": 0.4413275447249003, "component_count": 2, "components": ["30", "34"], "x": 85.54792110145186, "y": 277.0793560433677, "id": "mapper_node_17"}, {"cover": {"level": 3, "range": [0.375, 0.5]}, "min_value": 0.4545129522054935, "max_value": 0.49174880221281037, "avg_value": 0.4731308772091519, "component_count": 2, "components": ["2", "1"], "x": 92.13283161801502, "y": 303.4390767587893, "id": "mapper_node_18"}, {"cover": {"level": 3, "range": [0.375, 0.5]}, "min_value": 0.4676117635083709, "max_value": 0.46861445609244623, "avg_value": 0.46811310980040854, "component_count": 2, "components": ["3", "5"], "x": 83.88790291763445, "y": 236.41511940882296, "id": "mapper_node_19"}, {"cover": {"level": 3, "range": [0.375, 0.5]}, "min_value": 0.3962387887068453, "max_value": 0.40693417627031775, "avg_value": 0.40158648248858153, "component_count": 2, "components": ["24", "23"], "x": 83.33333333333334, "y": 250.00000000000009, "id": "mapper_node_20"}, {"cover": {"level": 3, "range": [0.375, 0.5]}, "min_value": 0.38611159360768266, "max_value": 0.38611159360768266, "avg_value": 0.38611159360768266, "component_count": 1, "components": ["27"], "x": 88.3023407376559, "y": 209.6063771511314, "id": "mapper_node_21"}, {"cover": {"level": 3, "range": [0.375, 0.5]}, "min_value": 0.4683485906345471, "max_value": 0.4683485906345471,