{"directed": false, "multigraph": true, "graph": {}, "nodes": [{"cover": {"level": 0, "range": [0.0, 0.25]}, "min_value": 0.020384537670097003, "max_value": 0.025899346882512452, "avg_value": 0.023141942276304728, "component_count": 2, "components": ["195", "207"], "x": 170.74529030873722, "y": 224.2485838020877, "id": "mapper_node_0"}, {"cover": {"level": 0, "range": [0.0, 0.25]}, "min_value": 0.0, "max_value": 0.15058113124992695, "avg_value": 0.05482260174920361, "component_count": 258, "components": ["60", "110", "73", "93", "213", "67", "201", "240", "124", "274", "237", "214", "296", "209", "126", "229", "191", "220", "294", "130", "174", "51", "265", "136", "292", "223", "83", "85", "125", "152", "251", "264", "300", "163", "224", "142", "287", "141", "249", "102", "131", "234", "137", "254", "139", "173", "188", "41", "203", "181", "293", "233", "164", "230", "288", "198", "65", "199", "106", "192", "107", "133", "169", "277", "183", "193", "153", "306", "247", "253", "272", "182", "44", "298", "279", "87", "167", "160", "82", "121", "119", "204", "95", "135", "77", "256", "116", "70", "231", "178", "290", "58", "248", "118", "250", "84", "90", "129", "151", "280", "157", "289", "109", "43", "149", "91", "215", "79", "176", "64", "47", "114", "258", "235", "218", "120", "267", "69", "221", "166", "165", "104", "101", "307", "170", "190", "140", "71", "278", "97", "273", "243", "172", "301", "94", "303", "225", "242", "111", "284", "257", "105", "261", "184", "147", "179", "138", "239", "255", "45", "162", "128", "187", "117", "59", "81", "78", "98", "263", "308", "150", "217", "161", "297", "281", "156", "74", "262", "112", "189", "48", "283", "286", "252", "210", "309", "177", "206", "56", "241", "295", "53", "113", "100", "186", "132", "158", "175", "159", "122", "259", "146", "266", "155", "39", "68", "76", "144", "302", "57", "123", "271", "54", "216", "80", "180", "52", "197", "208", "205", "311", "72", "86", "89", "219", "299", "148", "260", "96", "49", "244", "108", "305", "75", "222", "196", "92", "168", "171", "143", "66", "194", "276", "212", "211", "238", "227", "127", "99", "245", "268", "310", "88", "145", "134", "232", "202", "285", "246", "42", "154", "304", "291", "275", "226", "282", "185", "200"], "x": 250.0, "y": 250.0, "id": "mapper_node_1"}, {"cover": {"level": 0, "range": [0.0, 0.25]}, "min_value": 0.10511459307645835, "max_value": 0.11062940228887402, "avg_value": 0.10787199768266618, "component_count": 2, "components": ["236", "228"], "x": 201.01789564229384, "y": 182.58191713542112, "id": "mapper_node_2"}, {"cover": {"level": 0, "range": [0.0, 0.25]}, "min_value": 0.07371512288301484, "max_value": 0.08006550924882624, "avg_value": 0.07689031606592053, "component_count": 2, "components": ["115", "103"], "x": 249.99999999999997, "y": 166.66666666666669, "id": "mapper_node_3"}, {"cover": {"level": 0, "range": [0.0, 0.25]}, "min_value": 0.20615207605473915, "max_value": 0.2485619210779656, "avg_value": 0.2281677616103446, "component_count": 5, "components": ["31", "33", "26", "32", "29"], "x": 170.7452903087372, "y": 275.7514161979123, "id": "mapper_node_4"}, {"cover": {"level": 0, "range": [0.0, 0.25]}, "min_value": 0.04888227629447374, "max_value": 0.07818014334452662, "avg_value": 0.06262430114461061, "component_count": 7, "components": ["63", "61", "40", "50", "46", "55", "62"], "x": 298.9821043577061, "y": 317.41808286457893, "id": "mapper_node_5"}, {"cover": {"level": 0, "range": [0.0, 0.25]}, "min_value": 0.030965982894469665, "max_value": 0.03597944581484733, "avg_value": 0.0334727143546585, "component_count": 2, "components": ["269", "270"], "x": 298.98210435770613, "y": 182.58191713542107, "id": "mapper_node_6"}, {"cover": {"level": 1, "range": [0.25, 0.5]}, "min_value": 0.37800750804053107, "max_value": 0.3981651738532208, "avg_value": 0.3859252345819555, "component_count": 8, "components": ["313", "317", "315", "316", "319", "314", "318", "312"], "x": 250.0, "y": 333.3333333333333, "id": "mapper_node_7"}, {"cover": {"level": 1, "range": [0.25, 0.5]}, "min_value": 0.42060118003750463, "max_value": 0.43697849224407137, "avg_value": 0.42618002203110283, "component_count": 9, "components": ["21", "9", "10", "12", "11", "15", "13", "14", "18"], "x": 159.2268274974955, "y": 389.778427990904, "id": "mapper_node_8"}, {"cover": {"level": 1, "range": [0.25, 0.5]}, "min_value": 0.3692972492293699, "max_value": 0.49174880221281037, "avg_value": 0.4385196678825579, "component_count": 3, "components": ["4", "2", "1"], "x": 145.11326815836046, "y": 379.5243269094952, "id": "mapper_node_9"}, {"cover": {"level": 1, "range": [0.25, 0.5]}, "min_value": 0.28573497619617927, "max_value": 0.46861445609244623, "avg_value": 0.39704167937104556, "component_count": 11, "components": ["3", "6", "7", "22", "5", "24", "8", "27", "16", "35", "23"], "x": 201.01789564229392, "y": 317.41808286457893, "id": "mapper_node_10"}, {"cover": {"level": 1, "range": [0.25, 0.5]}, "min_value": 0.25808750062668273, "max_value": 0.25808750062668273, "avg_value": 0.25808750062668273, "component_count": 1, "components": ["25"], "x": 85.38527656747706, "y": 276.0724108400385, "id": "mapper_node_11"}, {"cover": {"level": 1, "range": [0.25, 0.5]}, "min_value": 0.43050859302480426, "max_value": 0.43916213387161385, "avg_value": 0.43533097042242563, "component_count": 3, "components": ["17", "19", "20"], "x": 119.37535882101281, "y": 463.16004108852303, "id": "mapper_node_12"}, {"cover": {"level": 1, "range": [0.25, 0.5]}, "min_value": 0.42645427139444675, "max_value": 0.4562008180553539, "avg_value": 0.4413275447249003, "component_count": 2, "components": ["30", "34"], "x": 132.1488698022421, "y": 367.8511301977579, "id": "mapper_node_13"}, {"cover": {"level": 1, "range": [0.25, 0.5]}, "min_value": 0.2778628265903945, "max_value": 0.29367042710146396, "avg_value": 0.28444185724999904, "component_count": 6, "components": ["321", "324", "325", "323", "322", "320"], "x": 329.2547096912628, "y": 275.7514161979123, "id": "mapper_node_14"}, {"cover": {"level": 2, "range": [0.5, 0.75]}, "min_value": 0.5063182293056661, "max_value": 0.6573525978600104, "avg_value": 0.585955821769874, "component_count": 3, "components": ["38", "37", "36"], "x": 174.33491671007562, "y": 398.50108736472805, "id": "mapper_node_15"}, {"cover": {"level": 2, "range": [0.5, 0.75]}, "min_value": 0.5010044650204616, "max_value": 0.5010044650204616, "avg_value": 0.5010044650204616, "component_count": 1, "components": ["326"], "x": 215.34805153037348, "y": 413.02460012230097, "id": "mapper_node_16"}, {"cover": {"level": 2, "range": [0.5, 0.75]}, "min_value": 0.5080749669693823, "max_value": 0.5080749669693823, "avg_value": 0.5080749669693823, "component_count": 1, "components": ["28"], "x": 120.47567309050487, "y": 354.8867318416396, "id": "mapper_node_17"}, {"cover": {"level": 3, "range": [0.75, 1.0]}, "min_value": 0.8689936561969688, "max_value": 1.0, "avg_value": 0.9087397825372473, "component_count": 5, "components": ["330", "329", "332", "327", "328"], "x": 250.0, "y": 416.66666666666663, "id": "mapper_node_18"}, {"cover": {"level": 3, "range": [0.75, 1.0]}, "min_value": 0.9028861847699101, "max_value": 0.9028861847699101, "avg_value": 0.9028861847699101, "component_count": 1, "components": ["331"], "x": 329.2547096912628, "y": 224.2485838020877, "id": "mapper_node_19"}], "links": [{"value": 2, "source": "mapper_node_0", "target": "mapper_node_1", "key": 0}, {"value": 36, "source": "mapper_node_1", "target": "mapper_node_14", "key": 0}, {"value": 2, "source": "mapper_node_1", "target": "mapper_node_2", "key": 0}, {"value": 2, "source": "mapper_node_1", "target": "mapper_node_3", "key": 0}, {"value": 20, "source": "mapper_node_1", "target": "mapper_node_5", "key": 0}, {"value": 3, "source": "mapper_node_1", "target": "mapper_node_4", "key": 0}, {"value": 1, "source": "mapper_node_1", "target": "mapper_node_9", "key": 0}, {"value": 8, "source": "mapper_node_1", "target": "mapper_node_10",