{"directed": false, "multigraph": true, "graph": {}, "nodes": [{"cover": {"level": 0, "range": [0.0, 0.5]}, "min_value": 0.0, "max_value": 0.49174880221281037, "avg_value": 0.10269663646300974, "component_count": 321, "components": ["93", "213", "274", "17", "294", "174", "136", "292", "85", "163", "224", "141", "249", "137", "139", "173", "320", "181", "65", "198", "24", "169", "183", "277", "193", "247", "279", "34", "270", "119", "256", "178", "157", "109", "176", "114", "218", "19", "50", "307", "140", "273", "22", "257", "319", "105", "147", "255", "312", "98", "263", "308", "150", "283", "189", "252", "53", "9", "132", "175", "259", "155", "302", "57", "315", "216", "180", "197", "311", "205", "219", "260", "211", "1", "127", "99", "310", "318", "88", "232", "31", "285", "304", "282", "73", "237", "201", "209", "191", "220", "102", "131", "288", "164", "324", "199", "253", "55", "204", "70", "195", "118", "84", "280", "321", "215", "64", "258", "235", "3", "12", "71", "97", "243", "172", "242", "179", "261", "184", "138", "217", "297", "281", "48", "286", "26", "210", "309", "206", "56", "11", "146", "23", "10", "54", "148", "244", "171", "276", "245", "134", "202", "6", "275", "110", "67", "214", "240", "229", "51", "33", "223", "125", "152", "264", "300", "234", "207", "293", "233", "230", "192", "107", "153", "182", "44", "160", "167", "121", "61", "77", "250", "129", "317", "43", "149", "91", "29", "21", "267", "69", "166", "165", "104", "101", "170", "278", "301", "7", "20", "111", "284", "239", "45", "78", "13", "112", "100", "113", "158", "159", "236", "122", "266", "68", "39", "271", "27", "80", "52", "72", "89", "46", "15", "49", "108", "305", "222", "196", "66", "194", "2", "314", "18", "145", "246", "42", "323", "62", "60", "124", "296", "269", "126", "130", "265", "83", "316", "251", "142", "287", "254", "41", "35", "203", "188", "63", "106", "133", "306", "322", "272", "4", "25", "14", "298", "87", "82", "95", "135", "116", "231", "290", "248", "58", "90", "32", "151", "289", "325", "79", "47", "120", "115", "221", "103", "190", "40", "94", "303", "225", "162", "128", "187", "59", "117", "81", "161", "30", "156", "74", "262", "177", "228", "295", "241", "186", "16", "76", "313", "144", "123", "8", "208", "86", "299", "96", "75", "168", "92", "143", "212", "238", "5", "227", "268", "154", "291", "226", "185", "200"], "x": 250.0, "y": 250.0, "id": "mapper_node_0"}, {"cover": {"level": 1, "range": [0.5, 1.0]}, "min_value": 0.5063182293056661, "max_value": 0.6573525978600104, "avg_value": 0.585955821769874, "component_count": 3, "components": ["38", "37", "36"], "x": 452.25424859373686, "y": 396.9463130731183, "id": "mapper_node_1"}, {"cover": {"level": 1, "range": [0.5, 1.0]}, "min_value": 0.5010044650204616, "max_value": 0.5010044650204616, "avg_value": 0.5010044650204616, "component_count": 1, "components": ["326"], "x": 452.25424859373686, "y": 103.05368692688168, "id": "mapper_node_2"}, {"cover": {"level": 1, "range": [0.5, 1.0]}, "min_value": 0.8689936561969688, "max_value": 1.0, "avg_value": 0.9087397825372473, "component_count": 5, "components": ["330", "329", "332", "327", "328"], "x": 172.7457514062631, "y": 12.235870926211618, "id": "mapper_node_3"}, {"cover": {"level": 1, "range": [0.5, 1.0]}, "min_value": 0.5080749669693823, "max_value": 0.5080749669693823, "avg_value": 0.5080749669693823, "component_count": 1, "components": ["28"], "x": 172.7457514062631, "y": 487.76412907378835, "id": "mapper_node_4"}, {"cover": {"level": 1, "range": [0.5, 1.0]}, "min_value": 0.9028861847699101, "max_value": 0.9028861847699101, "avg_value": 0.9028861847699101, "component_count": 1, "components": ["331"], "x": 0.0, "y": 250.00000000000003, "id": "mapper_node_5"}], "links": [{"value": 4, "source": "mapper_node_0", "target": "mapper_node_1", "key": 0}, {"value": 2, "source": "mapper_node_0", "target": "mapper_node_4", "key": 0}, {"value": 2, "source": "mapper_node_0", "target": "mapper_node_5", "key": 0}, {"value": 1, "source": "mapper_node_0", "target": "mapper_node_3", "key": 0}, {"value": 1, "source": "mapper_node_0", "target": "mapper_node_2", "key": 0}], "info": {"component_method": "connected_components", "link_method": "connectivity", "cover_overlap": 0.0, "cover_intervals": 2, "compute_time": 0.009681224822998047}}