{"directed": false, "multigraph": true, "graph": {}, "nodes": [{"cover": {"level": 0, "range": [0.0, 0.1]}, "min_value": 0.020384537670097003, "max_value": 0.025899346882512452, "avg_value": 0.023141942276304728, "component_count": 2, "components": ["195", "207"], "x": 173.0100389573928, "y": 218.10971396957586, "id": "mapper_node_0"}, {"cover": {"level": 0, "range": [0.0, 0.1]}, "min_value": 0.0, "max_value": 0.09990413651203749, "avg_value": 0.04872857430186807, "component_count": 236, "components": ["60", "73", "93", "213", "67", "201", "237", "240", "274", "214", "296", "209", "269", "126", "229", "191", "220", "294", "130", "174", "51", "265", "136", "292", "223", "83", "85", "125", "152", "251", "264", "300", "163", "224", "142", "287", "141", "249", "102", "131", "234", "137", "254", "139", "173", "188", "41", "203", "181", "293", "233", "164", "230", "288", "198", "65", "199", "106", "192", "107", "133", "169", "277", "183", "193", "153", "247", "253", "272", "182", "44", "298", "279", "167", "160", "82", "270", "119", "204", "95", "135", "77", "256", "178", "70", "231", "290", "58", "248", "118", "250", "84", "90", "129", "151", "280", "157", "289", "43", "149", "91", "215", "79", "176", "64", "47", "114", "258", "235", "218", "120", "267", "69", "221", "166", "165", "104", "101", "170", "190", "140", "71", "278", "97", "273", "243", "172", "301", "94", "303", "225", "242", "111", "284", "257", "105", "261", "184", "147", "179", "239", "255", "45", "162", "128", "187", "117", "59", "81", "78", "98", "263", "308", "150", "217", "161", "297", "281", "156", "74", "262", "112", "189", "283", "252", "286", "210", "177", "206", "56", "241", "295", "53", "113", "100", "186", "132", "158", "175", "159", "122", "259", "146", "266", "155", "76", "144", "57", "123", "271", "54", "216", "180", "52", "197", "205", "86", "219", "299", "148", "260", "49", "244", "75", "305", "222", "196", "92", "168", "171", "143", "66", "194", "276", "212", "211", "238", "227", "127", "99", "245", "268", "88", "145", "134", "232", "202", "285", "246", "154", "291", "275", "226", "282", "185", "200"], "x": 250.0, "y": 250.0, "id": "mapper_node_1"}, {"cover": {"level": 0, "range": [0.0, 0.1]}, "min_value": 0.07371512288301484, "max_value": 0.08006550924882624, "avg_value": 0.07689031606592053, "component_count": 2, "components": ["115", "103"], "x": 199.26988091593992, "y": 183.8872216423971, "id": "mapper_node_2"}, {"cover": {"level": 0, "range": [0.0, 0.1]}, "min_value": 0.04888227629447374, "max_value": 0.07818014334452662, "avg_value": 0.06262430114461061, "component_count": 7, "components": ["63", "61", "40", "50", "46", "55", "62"], "x": 316.1127783576029, "y": 300.73011908406005, "id": "mapper_node_3"}, {"cover": {"level": 1, "range": [0.1, 0.2]}, "min_value": 0.10329961821720243, "max_value": 0.10329961821720243, "avg_value": 0.10329961821720243, "component_count": 1, "components": ["110"], "x": 218.1097139695758, "y": 173.0100389573928, "id": "mapper_node_4"}, {"cover": {"level": 1, "range": [0.1, 0.2]}, "min_value": 0.1013251240832073, "max_value": 0.1454258734186702, "avg_value": 0.12073710058779057, "component_count": 8, "components": ["80", "109", "302", "311", "307", "306", "310", "68"], "x": 332.6204051144842, "y": 260.8771826850043, "id": "mapper_node_5"}, {"cover": {"level": 1, "range": [0.1, 0.2]}, "min_value": 0.10514953539378225, "max_value": 0.11783207735114953, "avg_value": 0.11149080637246589, "component_count": 2, "components": ["124", "138"], "x": 183.88722164239707, "y": 300.73011908406005, "id": "mapper_node_6"}, {"cover": {"level": 1, "range": [0.1, 0.2]}, "min_value": 0.10031129047041994, "max_value": 0.10031129047041994, "avg_value": 0.10031129047041994, "component_count": 1, "components": ["87"], "x": 167.37959488551581, "y": 260.87718268500436, "id": "mapper_node_7"}, {"cover": {"level": 1, "range": [0.1, 0.2]}, "min_value": 0.15058113124992695, "max_value": 0.15058113124992695, "avg_value": 0.15058113124992695, "component_count": 1, "components": ["121"], "x": 281.89028603042414, "y": 173.0100389573928, "id": "mapper_node_8"}, {"cover": {"level": 1, "range": [0.1, 0.2]}, "min_value": 0.11019945986267163, "max_value": 0.11019945986267163, "avg_value": 0.11019945986267163, "component_count": 1, "components": ["208"], "x": 300.73011908406005, "y": 183.8872216423971, "id": "mapper_node_9"}, {"cover": {"level": 1, "range": [0.1, 0.2]}, "min_value": 0.10110989966490817, "max_value": 0.10323530409691085, "avg_value": 0.10217260188090951, "component_count": 2, "components": ["108", "116"], "x": 239.12281731499567, "y": 332.6204051144842, "id": "mapper_node_10"}, {"cover": {"level": 1, "range": [0.1, 0.2]}, "min_value": 0.1055728944848363, "max_value": 0.10607525359766597, "avg_value": 0.10582407404125113, "component_count": 2, "components": ["72", "96"], "x": 281.89028603042414, "y": 326.9899610426072, "id": "mapper_node_11"}, {"cover": {"level": 1, "range": [0.1, 0.2]}, "min_value": 0.11885755840304481, "max_value": 0.11885755840304481, "avg_value": 0.11885755840304481, "component_count": 1, "components": ["89"], "x": 332.6204051144842, "y": 239.1228173149957, "id": "mapper_node_12"}, {"cover": {"level": 1, "range": [0.1, 0.2]}, "min_value": 0.10015936735162075, "max_value": 0.10015936735162075, "avg_value": 0.10015936735162075, "component_count": 1, "components": ["48"], "x": 199.26988091593998, "y": 316.11277835760296, "id": "mapper_node_13"}, {"cover": {"level": 1, "range": [0.1, 0.2]}, "min_value": 0.1067984076431507, "max_value": 0.1067984076431507, "avg_value": 0.1067984076431507, "component_count": 1, "components": ["309"], "x": 239.1228173149957, "y": 167.37959488551581, "id": "mapper_node_14"}, {"cover": {"level": 1, "range": [0.1, 0.2]}, "min_value": 0.10511459307645835, "max_value": 0.11062940228887402, "avg_value": 0.10787199768266618, "component_count": 2, "components": ["236", "228"], "x": 183.8872216423971, "y": 199.26988091593992, "id": "mapper_node_15"}, {"cover": {"level": 1, "range": [0.1, 0.2]}, "min_value": 0.10330113744839052, "max_value": 0.10330113744839052, "avg_value": 0.10330113744839052, "component_count": 1, "components": ["42"], "x": 260.87718268500424, "y": 167.37959488551581, "id": "mapper_node_16"}, {"cover": {"level": 1, "range": [0.1, 0.2]}, "min_value": 0.10275421422071294, "max_value": 0.10275421422071294, "avg_value": 0.10275421422071294, "component_count": 1, "components": ["304"], "x": 326.9899610426072, "y": 218.1097139695758, "id": "mapper_node_17"}, {"cover": {"level": 1, "range": [0.1, 0.2]}, "min_value": 0.11009919060426408, "max_value": 0.11009919060426408, "avg_value": 0.11009919060426408, "component_count": 1, "components": ["39"], "x": 173.0100389573928, "y": 281.89028603042414, "id": "mapper_node_18"}, {"cover": {"level": 2, "range": [0.2, 0.30000000000000004]}, "min_value": 0.27828365362946855, "max_value": 0.29367042710146396, "avg_value": 0.2864804122990879, "component_count": 4, "components": ["321", "323", "322", "325"], "x": 326.9899610426072, "y": 281.89028603042414, "id": "mapper_node_19"}, {"cover": {"level": 2, "range": [0.2, 0.30000000000000004]}, "min_value": 0.2778628265903945, "max_value": 0.28286666771324814, "avg_value": 0.28036474715182136, "component_count": 2, "components": ["320", "324"], "x": 218.10971396957586, "y": 326.9899610426072, "id": "mapper_node_20"}, {"cover": {"level": 2, "range": [0.2, 0.30000000000000004]}, "min_value": 0.20615207605473915, "max_value": 0.28573497619617927, "avg_value": 0.24066589783922643, "component_count": 7, "components": ["31", "22", "25", "33", "26", "32", "29"], "x": 167.37959488551581, "y": 239.12281731499576, "id": "mapper_node_21"}, {"cover": {"level": 3, "range": [0.30000000000000004, 0.4]}, "min_value": 0.37800750804053107, "max_value": 0.3981651738532208, "avg_value": 0.3859252345819555, "component_count": 8, "components": ["313", "317", "315", "316", "319", "314", "318", "312"], "x": 300.73011908406005, "y": 316.1127783576029,