{"directed": false, "multigraph": true, "graph": {}, "nodes": [{"cover": {"level": 0, "range": [0.0, 0.16666666666666666]}, "min_value": 0.0, "max_value": 0.0, "avg_value": 0.0, "component_count": 1, "components": ["14"], "x": 154.32914190872742, "y": 19.030116872178382, "id": "mapper_node_0"}, {"cover": {"level": 5, "range": [0.8333333333333333, 1.0]}, "min_value": 0.9911910516376775, "max_value": 0.99202312221799, "avg_value": 0.9912809627488689, "component_count": 147, "components": ["110", "73", "93", "67", "237", "126", "191", "130", "174", "51", "265", "136", "292", "223", "125", "152", "300", "163", "141", "287", "249", "102", "131", "234", "207", "137", "139", "320", "230", "164", "324", "106", "192", "107", "306", "322", "182", "44", "298", "160", "167", "82", "119", "204", "95", "135", "77", "70", "195", "118", "84", "90", "129", "157", "321", "289", "109", "43", "149", "91", "325", "215", "79", "176", "114", "235", "218", "120", "115", "69", "221", "103", "101", "307", "170", "190", "140", "71", "273", "243", "301", "94", "111", "284", "179", "105", "147", "255", "162", "187", "117", "78", "217", "150", "161", "156", "112", "189", "252", "210", "177", "295", "113", "100", "186", "132", "158", "159", "122", "259", "146", "76", "68", "155", "302", "57", "123", "80", "180", "52", "311", "72", "89", "299", "260", "148", "96", "305", "222", "196", "92", "171", "143", "194", "212", "211", "238", "227", "127", "99", "310", "88", "145", "134", "202", "154", "323"], "x": 338.3883476483185, "y": 338.3883476483184, "id": "mapper_node_1"}, {"cover": {"level": 5, "range": [0.8333333333333333, 1.0]}, "min_value": 0.9911909418306585, "max_value": 0.9919995099507547, "avg_value": 0.9913047427230696, "component_count": 121, "components": ["60", "213", "214", "201", "274", "124", "296", "209", "269", "229", "294", "83", "316", "85", "251", "264", "224", "142", "254", "173", "188", "41", "203", "181", "293", "288", "233", "198", "65", "199", "133", "169", "277", "183", "193", "153", "247", "253", "279", "87", "270", "121", "178", "116", "231", "290", "58", "248", "250", "151", "280", "326", "317", "331", "64", "47", "258", "166", "165", "104", "278", "97", "172", "303", "225", "242", "257", "319", "261", "184", "138", "45", "312", "128", "59", "81", "98", "263", "308", "297", "74", "262", "48", "309", "206", "56", "228", "241", "53", "175", "236", "39", "313", "144", "315", "54", "216", "197", "208", "205", "86", "219", "49", "244", "108", "75", "168", "66", "276", "245", "268", "314", "318", "246", "42", "304", "291", "275", "282", "185", "200"], "x": 250.0, "y": 250.0, "id": "mapper_node_2"}, {"cover": {"level": 5, "range": [0.8333333333333333, 1.0]}, "min_value": 0.9398933446604891, "max_value": 0.9917621545544086, "avg_value": 0.9855885387587644, "component_count": 37, "components": ["28", "37", "10", "4", "7", "22", "25", "20", "17", "8", "27", "34", "33", "15", "13", "32", "30", "2", "1", "5", "26", "18", "35", "29", "21", "38", "9", "19", "3", "31", "6", "12", "36", "11", "24", "16", "23"], "x": 161.61165235168153, "y": 161.61165235168158, "id": "mapper_node_3"}, {"cover": {"level": 5, "range": [0.8333333333333333, 1.0]}, "min_value": 0.9912158720496819, "max_value": 0.9912839427195859, "avg_value": 0.9912394725803616, "component_count": 12, "components": ["267", "281", "232", "272", "285", "240", "256", "239", "271", "286", "283", "266"], "x": 426.7766952966369, "y": 426.77669529663683, "id": "mapper_node_4"}, {"cover": {"level": 5, "range": [0.8333333333333333, 1.0]}, "min_value": 0.9912213235615214, "max_value": 0.9912568107479562, "avg_value": 0.9912309682058613, "component_count": 7, "components": ["63", "61", "40", "50", "46", "55", "62"], "x": 161.61165235168158, "y": 338.3883476483185, "id": "mapper_node_5"}, {"cover": {"level": 5, "range": [0.8333333333333333, 1.0]}, "min_value": 0.9912722493167011, "max_value": 1.0, "avg_value": 0.9931876310175886, "component_count": 5, "components": ["330", "329", "332", "327", "328"], "x": 338.3883476483184, "y": 161.61165235168153, "id": "mapper_node_6"}, {"cover": {"level": 5, "range": [0.8333333333333333, 1.0]}, "min_value": 0.9912701116704504, "max_value": 0.9912701775523842, "avg_value": 0.9912701446114174, "component_count": 2, "components": ["226", "220"], "x": 314.70476127563023, "y": 491.48145657226706, "id": "mapper_node_7"}], "links": [{"value": 1, "source": "mapper_node_0", "target": "mapper_node_3", "key": 0}, {"value": 359, "source": "mapper_node_1", "target": "mapper_node_2", "key": 0}, {"value": 4, "source": "mapper_node_1", "target": "mapper_node_5", "key": 0}, {"value": 3, "source": "mapper_node_1", "target": "mapper_node_3", "key": 0}, {"value": 62, "source": "mapper_node_1", "target": "mapper_node_4", "key": 0}, {"value": 2, "source": "mapper_node_1", "target": "mapper_node_7", "key": 0}, {"value": 16, "source": "mapper_node_2", "target": "mapper_node_5", "key": 0}, {"value": 10, "source": "mapper_node_2", "target": "mapper_node_3", "key": 0}, {"value": 31, "source": "mapper_node_2", "target": "mapper_node_4", "key": 0}, {"value": 2, "source": "mapper_node_2", "target": "mapper_node_7", "key": 0}, {"value": 1, "source": "mapper_node_2", "target": "mapper_node_6", "key": 0}], "info": {"component_method": "modularity", "link_method": "connectivity", "cover_overlap": 0.0, "cover_intervals": 6, "compute_time": 0.20876717567443848}}