{"name": "eigen", "eigen": 1, "normalized": false, "process_time": 0.10091710090637207, "data": {"0": 0.06545892080890309, "1": 0.06614165939115339, "2": 0.066122437425641, "3": 0.06612243742564097, "4": 0.06612243742564089, "5": 0.06612243742564117, "6": 0.06612243742564076, "7": 0.06612243742564117, "8": 0.06612243742564096, "9": 0.06612243742564097, "10": 0.06612243742564104, "11": 0.06612243742564097, "12": 0.06612243742564103, "13": 0.06612243742564104, "14": 0.0661224374256409, "15": 0.066122437425641, "16": 0.06612243742564106, "17": 0.06612243742564106, "18": 0.06612243742564056, "19": 0.06612243742564095, "20": 0.06612243742564104, "21": 0.06612243742564083, "22": 0.06612243742564106, "23": 0.06612243742564108, "24": 0.06612243742564108, "25": 0.06612243742564108, "26": 0.06612243742564103, "27": 0.06612243742564103, "28": 0.06612243742564107, "29": 0.0630154066747443, "30": 0.059799699749846634, "31": 0.05657765083092443, "32": 0.056692545365792525, "33": 0.056692545365792525, "34": 0.05669254536579251, "35": 0.05669254536579253, "36": 0.05669254536579254, "37": 0.05669254536579252, "38": 0.05669254536579252, "39": 0.05669254536579252, "40": 0.056692545365792525, "41": 0.056692545365792525, "42": 0.056692545365792525, "43": 0.05669254536579251, "44": 0.05669254536579252, "45": 0.0566925453657925, "46": 0.05669254536579252, "47": 0.05669254536579252, "48": 0.05669254536579252, "49": 0.056692545365792525, "50": 0.05669254536579251, "51": 0.05669254536579252, "52": 0.056692545365792525, "53": 0.056692545365792525, "54": 0.056692545365792525, "55": 0.056692545365792525, "56": 0.05669254536579253, "57": 0.056692545365792525, "58": 0.05669254536579253, "59": 0.050357350989974216, "60": 0.04380056734082264, "61": 0.03723085245020706, "62": 0.03745999717659264, "63": 0.03745999717659263, "64": 0.037459997176592645, "65": 0.03745999717659265, "66": 0.037459997176592645, "67": 0.03745999717659265, "68": 0.037459997176592645, "69": 0.037459997176592645, "70": 0.03745999717659264, "71": 0.037459997176592645, "72": 0.03745999717659266, "73": 0.037459997176592645, "74": 0.03745999717659265, "75": 0.03745999717659266, "76": 0.03745999717659266, "77": 0.03745999717659264, "78": 0.03745999717659265, "79": 0.037459997176592645, "80": 0.037459997176592645, "81": 0.037459997176592645, "82": 0.03745999717659265, "83": 0.03745999717659265, "84": 0.037459997176592645, "85": 0.03745999717659265, "86": 0.03745999717659265, "87": 0.03745999717659263, "88": 0.037459997176592645, "89": 0.028992051836866907, "90": 0.02022791892290978, "91": 0.011446501449175228, "92": 0.011750275162171536, "93": 0.011750275162171541, "94": 0.01175027516217154, "95": 0.011750275162171538, "96": 0.011750275162171538, "97": 0.011750275162171541, "98": 0.01175027516217153, "99": 0.011750275162171536, "100": 0.011750275162171536, "101": 0.011750275162171534, "102": 0.011750275162171534, "103": 0.011750275162171534, "104": 0.011750275162171532, "105": 0.01175027516217153, "106": 0.011750275162171538, "107": 0.011750275162171536, "108": 0.011750275162171536, "109": 0.01175027516217153, "110": 0.011750275162171534, "111": 0.011750275162171538, "112": 0.011750275162171536, "113": 0.011750275162171536, "114": 0.011750275162171534, "115": 0.011750275162171534, "116": 0.011750275162171534, "117": 0.011750275162171534, "118": 0.011750275162171532, "119": 0.0026137635366442337, "120": -0.006842320441648211, "121": -0.01631705364062075, "122": -0.015991176175688175, "123": -0.015991176175688182, "124": -0.015991176175688175, "125": -0.015991176175688175, "126": -0.01599117617568818, "127": -0.015991176175688175, "128": -0.015991176175688175, "129": -0.015991176175688175, "130": -0.01599117617568818, "131": -0.015991176175688175, "132": -0.015991176175688175, "133": -0.01599117617568818, "134": -0.01599117617568818, "135": -0.01599117617568818, "136": -0.01599117617568818, "137": -0.015991176175688175, "138": -0.01599117617568818, "139": -0.01599117617568818, "140": -0.01599117617568818, "141": -0.015991176175688175, "142": -0.01599117617568818, "143": -0.01599117617568818, "144": -0.015991176175688182, "145": -0.015991176175688182, "146": -0.015991176175688182, "147": -0.01599117617568817, "148": -0.01599117617568817, "149": -0.024216468224360844, "150": -0.03272946044131549, "151": -0.04125924192017456, "152": -0.040967607877496516, "153": -0.04096760787749652, "154": -0.040967607877496516, "155": -0.04096760787749652, "156": -0.040967607877496516, "157": -0.04096760787749652, "158": -0.04096760787749652, "159": -0.040967607877496516, "160": -0.04096760787749651, "161": -0.040967607877496516, "162": -0.04096760787749651, "163": -0.040967607877496516, "164": -0.04096760787749653, "165": -0.04096760787749653, "166": -0.04096760787749652, "167": -0.040967607877496516, "168": -0.040967607877496516, "169": -0.0409676078774965, "170": -0.04096760787749652, "171": -0.04096760787749652, "172": -0.04096760787749652, "173": -0.040967607877496516, "174": -0.040967607877496516, "175": -0.040967607877496516, "176": -0.04096760787749653, "177": -0.04096760787749654, "178": -0.04096760787749651, "179": -0.046859452629667044, "180": -0.05295737939286648, "181": -0.05906733244328579, "182": -0.05886036799825327, "183": -0.05886036799825327, "184": -0.05886036799825326, "185": -0.05886036799825328, "186": -0.05886036799825327, "187": -0.05886036799825328, "188": -0.058860367998253275, "189": -0.05886036799825326, "190": -0.05886036799825328, "191": -0.05886036799825328, "192": -0.05886036799825328, "193": -0.058860367998253275, "194": -0.05886036799825328, "195": -0.058860367998253296, "196": -0.05886036799825327, "197": -0.058860367998253296, "198": -0.058860367998253296, "199": -0.0588603679982533, "200": -0.058860367998253296, "201": -0.058860367998253296, "202": -0.05886036799825328, "203": -0.05886036799825329, "204": -0.05886036799825328, "205": -0.05886036799825329, "206": -0.05886036799825329, "207": -0.05886036799825328, "208": -0.05886036799825328, "209": -0.061400011970541034, "210": -0.06402848634470144, "211": -0.06666214457708143, "212": -0.0665756357624536, "213": -0.06657563576245361, "214": -0.06657563576245361, "215": -0.0665756357624536, "216": -0.0665756357624536, "217": -0.0665756357624536, "218": -0.0665756357624536, "219": -0.0665756357624536, "220": -0.06657563576245361, "221": -0.0665756357624536, "222": -0.0665756357624536, "223": -0.06657563576245361, "224": -0.0665756357624536, "225": -0.06657563576245361, "226": -0.06657563576245361, "227": -0.06657563576245361, "228": -0.06657563576245361, "229": -0.06657563576245361, "230": -0.06657563576245361, "231": -0.06657563576245361, "232": -0.06657563576245361, "233": -0.06657563576245361, "234": -0.06657563576245361, "235": -0.06657563576245361, "236": -0.06657563576245362, "237": -0.06657563576245362, "238": -0.06657563576245362, "239": -0.06532395144011177, "240": -0.06402848632700384, "241": -0.06273046630693514, "242": -0.06277937128266901, "243": -0.062779371282669, "244": -0.062779371282669, "245": -0.06277937128266901, "246": -0.062779371282669, "247": -0.062779371282669, "248": -0.06277937128266901, "249": -0.06277937128266901, "250": -0.062779371282669, "251": -0.06277937128266901, "252": -0.062779371282669, "253": -0.062779371282669, "254": -0.06277937128266901, "255": -0.06277937128266903, "256": -0.06277937128266901, "257": -0.062779371282669, "258": -0.06277937128266901, "259": -0.06277937128266901, "260": -0.06277937128266901, "261": -0.06277937128266901, "262": -0.06277937128266901, "263": -0.06277937128266901, "264": -0.06277937128266901, "265": -0.062779371282669, "266": -0.062779371282669, "267": -0.06277937128266901, "268": -0.062779371282669, "269": -0.05795278625622423, "270": -0.052957379342833934, "271": -0.04795212052392664, "272": -0.048127983175430024, "273": -0.04812798317543005, "274": -0.04812798317543003, "275": -0.04812798317543003, "276": -0.04812798317543003, "277": -0.04812798317543004,