{"0": -0.05607052623387552, "1": -0.06252557282553156, "2": -0.06233316292486063, "3": -0.06233316292486046, "4": -0.062333162924860464, "5": -0.06233316292486038, "6": -0.06233316292486074, "7": -0.062333162924860186, "8": -0.06233316292486071, "9": -0.06233316292486055, "10": -0.062333162924860575, "11": -0.062333162924860665, "12": -0.06233316292486055, "13": -0.06233316292486035, "14": -0.06233316292486085, "15": -0.06233316292486035, "16": -0.062333162924860464, "17": -0.062333162924860686, "18": -0.062333162924860484, "19": -0.062333162924860595, "20": -0.062333162924860526, "21": -0.06233316292486041, "22": -0.06233316292486057, "23": -0.06233316292486057, "24": -0.06233316292486054, "25": -0.062333162924860554, "26": -0.06233316292486057, "27": -0.06233316292486056, "28": -0.06233316292486057, "29": -0.04006542775499355, "30": -0.01732674562525987, "31": 0.005776893489150265, "32": 0.004971934553665691, "33": 0.004971934553665692, "34": 0.004971934553665691, "35": 0.00497193455366569, "36": 0.00497193455366569, "37": 0.004971934553665689, "38": 0.004971934553665691, "39": 0.004971934553665691, "40": 0.004971934553665692, "41": 0.00497193455366569, "42": 0.00497193455366569, "43": 0.0049719345536656905, "44": 0.0049719345536656905, "45": 0.004971934553665692, "46": 0.004971934553665693, "47": 0.004971934553665693, "48": 0.004971934553665693, "49": 0.004971934553665692, "50": 0.004971934553665691, "51": 0.004971934553665693, "52": 0.0049719345536656905, "53": 0.0049719345536656905, "54": 0.004971934553665693, "55": 0.0049719345536656965, "56": 0.004971934553665695, "57": 0.004971934553665696, "58": 0.004971934553665695, "59": 0.024955650756942414, "60": 0.04536200852304451, "61": 0.06609588935121544, "62": 0.06540598746886708, "63": 0.06540598746886708, "64": 0.0654059874688671, "65": 0.06540598746886707, "66": 0.0654059874688671, "67": 0.06540598746886707, "68": 0.06540598746886704, "69": 0.06540598746886707, "70": 0.06540598746886707, "71": 0.06540598746886706, "72": 0.06540598746886708, "73": 0.0654059874688671, "74": 0.0654059874688671, "75": 0.0654059874688671, "76": 0.0654059874688671, "77": 0.06540598746886708, "78": 0.06540598746886708, "79": 0.0654059874688671, "80": 0.0654059874688671, "81": 0.06540598746886711, "82": 0.06540598746886711, "83": 0.06540598746886711, "84": 0.06540598746886714, "85": 0.06540598746886712, "86": 0.06540598746886712, "87": 0.06540598746886708, "88": 0.06540598746886707, "89": 0.05548886813415702, "90": 0.04536200869046467, "91": 0.03507261264655395, "92": 0.03545118876984491, "93": 0.03545118876984491, "94": 0.03545118876984491, "95": 0.03545118876984491, "96": 0.03545118876984492, "97": 0.03545118876984492, "98": 0.03545118876984491, "99": 0.03545118876984491, "100": 0.03545118876984492, "101": 0.035451188769844925, "102": 0.035451188769844925, "103": 0.035451188769844925, "104": 0.035451188769844905, "105": 0.03545118876984492, "106": 0.035451188769844905, "107": 0.03545118876984492, "108": 0.035451188769844905, "109": 0.03545118876984492, "110": 0.03545118876984492, "111": 0.035451188769844925, "112": 0.035451188769844925, "113": 0.03545118876984491, "114": 0.03545118876984491, "115": 0.03545118876984491, "116": 0.03545118876984491, "117": 0.03545118876984491, "118": 0.03545118876984492, "119": 0.00933835574722781, "120": -0.017326745354369823, "121": -0.04441982266138723, "122": -0.04349594786751603, "123": -0.04349594786751602, "124": -0.04349594786751603, "125": -0.04349594786751601, "126": -0.04349594786751602, "127": -0.04349594786751601, "128": -0.04349594786751602, "129": -0.04349594786751601, "130": -0.04349594786751602, "131": -0.04349594786751601, "132": -0.04349594786751601, "133": -0.04349594786751602, "134": -0.04349594786751602, "135": -0.04349594786751602, "136": -0.043495947867516004, "137": -0.04349594786751601, "138": -0.043495947867516004, "139": -0.04349594786751602, "140": -0.04349594786751602, "141": -0.043495947867516024, "142": -0.043495947867516004, "143": -0.043495947867516004, "144": -0.04349594786751602, "145": -0.04349594786751601, "146": -0.04349594786751601, "147": -0.04349594786751601, "148": -0.043495947867516, "149": -0.049717446883332975, "150": -0.0560705262338794, "151": -0.06252557282553291, "152": -0.06233316292486206, "153": -0.06233316292486206, "154": -0.06233316292486207, "155": -0.062333162924862066, "156": -0.06233316292486205, "157": -0.06233316292486205, "158": -0.06233316292486206, "159": -0.062333162924862066, "160": -0.062333162924862066, "161": -0.06233316292486206, "162": -0.06233316292486205, "163": -0.06233316292486206, "164": -0.062333162924862066, "165": -0.06233316292486206, "166": -0.062333162924862046, "167": -0.06233316292486205, "168": -0.062333162924862046, "169": -0.062333162924862046, "170": -0.062333162924862046, "171": -0.062333162924862046, "172": -0.06233316292486206, "173": -0.06233316292486205, "174": -0.062333162924862066, "175": -0.062333162924862066, "176": -0.062333162924862066, "177": -0.06233316292486208, "178": -0.06233316292486205, "179": -0.040065427754994096, "180": -0.017326745625259807, "181": 0.00577689348915127, "182": 0.004971934553666605, "183": 0.004971934553666607, "184": 0.004971934553666604, "185": 0.004971934553666609, "186": 0.004971934553666607, "187": 0.00497193455366661, "188": 0.004971934553666606, "189": 0.0049719345536666055, "190": 0.004971934553666609, "191": 0.004971934553666611, "192": 0.004971934553666608, "193": 0.004971934553666607, "194": 0.004971934553666608, "195": 0.00497193455366661, "196": 0.00497193455366661, "197": 0.00497193455366661, "198": 0.00497193455366661, "199": 0.00497193455366661, "200": 0.004971934553666609, "201": 0.004971934553666609, "202": 0.004971934553666609, "203": 0.004971934553666611, "204": 0.004971934553666609, "205": 0.004971934553666609, "206": 0.004971934553666609, "207": 0.004971934553666607, "208": 0.00497193455366661, "209": 0.02495565075694246, "210": 0.04536200852304359, "211": 0.06609588935121367, "212": 0.06540598746886542, "213": 0.0654059874688654, "214": 0.06540598746886542, "215": 0.06540598746886542, "216": 0.06540598746886542, "217": 0.06540598746886542, "218": 0.06540598746886542, "219": 0.06540598746886542, "220": 0.06540598746886542, "221": 0.06540598746886542, "222": 0.06540598746886542, "223": 0.0654059874688654, "224": 0.06540598746886542, "225": 0.06540598746886542, "226": 0.06540598746886542, "227": 0.06540598746886543, "228": 0.06540598746886543, "229": 0.06540598746886543, "230": 0.06540598746886543, "231": 0.06540598746886543, "232": 0.06540598746886543, "233": 0.06540598746886543, "234": 0.06540598746886543, "235": 0.06540598746886543, "236": 0.06540598746886542, "237": 0.06540598746886542, "238": 0.06540598746886542, "239": 0.05548886813415757, "240": 0.04536200869046737, "241": 0.035072612646559, "242": 0.035451188769849776, "243": 0.035451188769849776, "244": 0.03545118876984977, "245": 0.035451188769849776, "246": 0.035451188769849776, "247": 0.03545118876984978, "248": 0.035451188769849776, "249": 0.035451188769849776, "250": 0.035451188769849776, "251": 0.03545118876984977, "252": 0.03545118876984977, "253": 0.035451188769849776, "254": 0.035451188769849776, "255": 0.035451188769849776, "256": 0.03545118876984977, "257": 0.035451188769849776, "258": 0.035451188769849776, "259": 0.035451188769849776, "260": 0.035451188769849776, "261": 0.03545118876984977, "262": 0.03545118876984977, "263": 0.035451188769849776, "264": 0.035451188769849776, "265": 0.03545118876984978, "266": 0.03545118876984978, "267": 0.035451188769849776, "268": 0.03545118876984977, "269": 0.009338355747234336, "270": -0.0173267453543623, "271": -0.044419822661377964, "272": -0.04349594786750677, "273": -0.04349594786750677, "274": -0.04349594786750677, "275": -0.04349594786750677, "276": -0.04349594786750676, "277": -0.04349594786750677, "278": -0.04349594786750677, "279": -0.04349594786750676, "280": -0.04349594786750677, "281": -0.043495947867506775,