{"0": -1.571508816538961e-05, "1": 0.009147345093876817, "2": 0.008842820151897768, "3": 0.008842820151897768, "4": 0.008842820151897761, "5": 0.008842820151897662, "6": 0.00884282015189772, "7": 0.00884282015189762, "8": 0.008842820151897721, "9": 0.008842820151897758, "10": 0.008842820151897699, "11": 0.008842820151897883, "12": 0.008842820151897779, "13": 0.008842820151897817, "14": 0.00884282015189774, "15": 0.008842820151897688, "16": 0.00884282015189774, "17": 0.008842820151897758, "18": 0.008842820151897864, "19": 0.008842820151897642, "20": 0.00884282015189782, "21": 0.008842820151897773, "22": 0.00884282015189774, "23": 0.008842820151897753, "24": 0.00884282015189774, "25": 0.008842820151897746, "26": 0.008842820151897727, "27": 0.008842820151897747, "28": 0.00884282015189774, "29": 0.02432585104396151, "30": 0.03650150492445259, "31": 0.03439875162697048, "32": 0.03414666743531969, "33": 0.034146667435319564, "34": 0.03414666743531951, "35": 0.0341466674353195, "36": 0.034146667435319515, "37": 0.0341466674353196, "38": 0.034146667435319515, "39": 0.03414666743531949, "40": 0.03414666743531958, "41": 0.03414666743531958, "42": 0.034146667435319564, "43": 0.03414666743531959, "44": 0.034146667435319605, "45": 0.034146667435319564, "46": 0.03414666743531959, "47": 0.034146667435319585, "48": 0.03414666743531958, "49": 0.03414666743531958, "50": 0.03414666743531959, "51": 0.03414666743531959, "52": 0.03414666743531959, "53": 0.03414666743531959, "54": 0.03414666743531958, "55": 0.03414666743531958, "56": 0.03414666743531959, "57": 0.03414666743531959, "58": 0.034146667435319585, "59": 0.057397310130932314, "60": 0.06670728312986804, "61": 0.05370230150091109, "62": 0.053546245706437734, "63": 0.05354624570643773, "64": 0.053546245706437734, "65": 0.05354624570643774, "66": 0.05354624570643773, "67": 0.05354624570643773, "68": 0.05354624570643773, "69": 0.053546245706437734, "70": 0.05354624570643774, "71": 0.05354624570643773, "72": 0.05354624570643772, "73": 0.05354624570643775, "74": 0.05354624570643773, "75": 0.05354624570643772, "76": 0.05354624570643772, "77": 0.053546245706437706, "78": 0.05354624570643772, "79": 0.053546245706437734, "80": 0.05354624570643771, "81": 0.05354624570643773, "82": 0.05354624570643771, "83": 0.05354624570643772, "84": 0.05354624570643772, "85": 0.05354624570643773, "86": 0.053546245706437734, "87": 0.05354624570643772, "88": 0.05354624570643774, "89": 0.08054425285807101, "90": 0.08537876606548736, "91": 0.06372023557525221, "92": 0.06368719164254319, "93": 0.06368719164254318, "94": 0.06368719164254318, "95": 0.06368719164254315, "96": 0.06368719164254316, "97": 0.06368719164254319, "98": 0.06368719164254319, "99": 0.06368719164254318, "100": 0.06368719164254318, "101": 0.06368719164254322, "102": 0.06368719164254319, "103": 0.06368719164254316, "104": 0.06368719164254319, "105": 0.06368719164254319, "106": 0.06368719164254318, "107": 0.06368719164254319, "108": 0.06368719164254318, "109": 0.06368719164254318, "110": 0.06368719164254319, "111": 0.0636871916425432, "112": 0.06368719164254319, "113": 0.06368719164254319, "114": 0.06368719164254316, "115": 0.06368719164254316, "116": 0.0636871916425432, "117": 0.06368719164254318, "118": 0.06368719164254318, "119": 0.08976436254448589, "120": 0.08928748470664766, "121": 0.062720362038468, "122": 0.06281604356368338, "123": 0.0628160435636834, "124": 0.0628160435636834, "125": 0.06281604356368338, "126": 0.06281604356368337, "127": 0.06281604356368338, "128": 0.06281604356368338, "129": 0.06281604356368338, "130": 0.0628160435636834, "131": 0.06281604356368337, "132": 0.0628160435636834, "133": 0.06281604356368338, "134": 0.06281604356368338, "135": 0.0628160435636834, "136": 0.06281604356368337, "137": 0.06281604356368337, "138": 0.06281604356368341, "139": 0.0628160435636834, "140": 0.06281604356368338, "141": 0.06281604356368337, "142": 0.06281604356368338, "143": 0.0628160435636834, "144": 0.06281604356368338, "145": 0.06281604356368338, "146": 0.0628160435636834, "147": 0.0628160435636834, "148": 0.06281604356368338, "149": 0.08346339846332854, "150": 0.07775758609069545, "151": 0.05087556810863054, "152": 0.05108343088682124, "153": 0.05108343088682122, "154": 0.05108343088682122, "155": 0.05108343088682123, "156": 0.05108343088682123, "157": 0.051083430886821234, "158": 0.05108343088682121, "159": 0.05108343088682123, "160": 0.051083430886821234, "161": 0.05108343088682123, "162": 0.05108343088682123, "163": 0.05108343088682121, "164": 0.05108343088682123, "165": 0.05108343088682121, "166": 0.05108343088682123, "167": 0.05108343088682123, "168": 0.051083430886821234, "169": 0.051083430886821234, "170": 0.05108343088682122, "171": 0.051083430886821234, "172": 0.051083430886821234, "173": 0.05108343088682122, "174": 0.05108343088682124, "175": 0.051083430886821234, "176": 0.05108343088682123, "177": 0.05108343088682123, "178": 0.051083430886821234, "179": 0.06273085454668827, "180": 0.052782694434165535, "181": 0.030233926262781263, "182": 0.030518028931224184, "183": 0.030518028931224173, "184": 0.030518028931224177, "185": 0.030518028931224198, "186": 0.030518028931224198, "187": 0.030518028931224194, "188": 0.0305180289312242, "189": 0.030518028931224194, "190": 0.03051802893122419, "191": 0.030518028931224184, "192": 0.030518028931224187, "193": 0.030518028931224198, "194": 0.030518028931224198, "195": 0.03051802893122418, "196": 0.030518028931224198, "197": 0.030518028931224184, "198": 0.030518028931224194, "199": 0.030518028931224163, "200": 0.03051802893122419, "201": 0.030518028931224198, "202": 0.0305180289312242, "203": 0.030518028931224173, "204": 0.03051802893122419, "205": 0.030518028931224198, "206": 0.030518028931224194, "207": 0.030518028931224184, "208": 0.030518028931224177, "209": 0.031151575987001412, "210": 0.018681195394244607, "211": 0.004364563899502853, "212": 0.0046757825258323385, "213": 0.004675782525832334, "214": 0.004675782525832339, "215": 0.004675782525832339, "216": 0.00467578252583234, "217": 0.00467578252583234, "218": 0.004675782525832335, "219": 0.004675782525832338, "220": 0.004675782525832337, "221": 0.0046757825258323385, "222": 0.0046757825258323385, "223": 0.0046757825258323385, "224": 0.004675782525832337, "225": 0.004675782525832334, "226": 0.004675782525832344, "227": 0.004675782525832341, "228": 0.004675782525832339, "229": 0.004675782525832337, "230": 0.004675782525832338, "231": 0.004675782525832336, "232": 0.0046757825258323445, "233": 0.004675782525832337, "234": 0.004675782525832341, "235": 0.004675782525832336, "236": 0.004675782525832341, "237": 0.004675782525832342, "238": 0.00467578252583234, "239": -0.005814093064018706, "240": -0.01865045204267249, "241": -0.022259471212818342, "242": -0.02197494915642706, "243": -0.02197494915642708, "244": -0.021974949156427084, "245": -0.021974949156427073, "246": -0.021974949156427073, "247": -0.02197494915642708, "248": -0.021974949156427063, "249": -0.02197494915642708, "250": -0.021974949156427073, "251": -0.021974949156427077, "252": -0.02197494915642708, "253": -0.021974949156427084, "254": -0.021974949156427073, "255": -0.021974949156427073, "256": -0.021974949156427066, "257": -0.02197494915642706, "258": -0.021974949156427066, "259": -0.02197494915642708, "260": -0.021974949156427066, "261": -0.02197494915642708, "262": -0.021974949156427087, "263": -0.021974949156427077, "264": -0.021974949156427073, "265": -0.021974949156427077, "266": -0.021974949156427073, "267": -0.021974949156427077, "268": -0.021974949156427077, "269": -0.04177445260489378, "270": -0.05275726688737517, "271": -0.045034641531496916, "272": -0.04482601249339564, "273": -0.044826012493395635, "274": -0.04482601249339565, "275": -0.04482601249339563, "276": -0.04482601249339563, "277": -0.04482601249339564, "278": -0.04482601249339563, "279": -0.044826012493395635, "280": -0.044826012493395656, "281": -0.04482601249339562, "282": -0.04482601249339564, "283": -0.04482601249339561,