{"name": "eigen", "eigen": 5, "normalized": true, "process_time": 0.08108091354370117, "data": {"0": -6.019341291981352e-06, "1": 0.025856905280935302, "2": 0.02499784759324708, "3": 0.02499784759324716, "4": 0.024997847593247115, "5": 0.02499784759324723, "6": 0.02499784759324705, "7": 0.024997847593247084, "8": 0.024997847593247052, "9": 0.024997847593247025, "10": 0.02499784759324706, "11": 0.02499784759324705, "12": 0.024997847593247115, "13": 0.024997847593247035, "14": 0.02499784759324697, "15": 0.024997847593247052, "16": 0.024997847593247115, "17": 0.02499784759324705, "18": 0.024997847593247066, "19": 0.024997847593246945, "20": 0.02499784759324718, "21": 0.02499784759324709, "22": 0.02499784759324704, "23": 0.024997847593247063, "24": 0.02499784759324703, "25": 0.02499784759324702, "26": 0.024997847593247084, "27": 0.02499784759324706, "28": 0.02499784759324708, "29": 0.0551750704518921, "30": 0.07457763379775526, "31": 0.06588257266623933, "32": 0.0655394370324831, "33": 0.0655394370324831, "34": 0.06553943703248313, "35": 0.06553943703248315, "36": 0.06553943703248319, "37": 0.06553943703248316, "38": 0.0655394370324832, "39": 0.06553943703248322, "40": 0.06553943703248319, "41": 0.0655394370324831, "42": 0.06553943703248313, "43": 0.0655394370324831, "44": 0.06553943703248352, "45": 0.06553943703248274, "46": 0.06553943703248313, "47": 0.0655394370324831, "48": 0.06553943703248312, "49": 0.06553943703248313, "50": 0.0655394370324831, "51": 0.0655394370324831, "52": 0.0655394370324831, "53": 0.06553943703248312, "54": 0.0655394370324831, "55": 0.06553943703248312, "56": 0.0655394370324831, "57": 0.0655394370324831, "58": 0.0655394370324831, "59": 0.07015123906103721, "60": 0.046097531828847696, "61": 0.014860763893085747, "62": 0.01550775209636146, "63": 0.015507752096361464, "64": 0.01550775209636145, "65": 0.015507752096361453, "66": 0.015507752096361453, "67": 0.01550775209636146, "68": 0.015507752096361464, "69": 0.01550775209636146, "70": 0.015507752096361453, "71": 0.015507752096361457, "72": 0.015507752096361458, "73": 0.01550775209636146, "74": 0.015507752096361462, "75": 0.015507752096361453, "76": 0.015507752096361455, "77": 0.015507752096361457, "78": 0.015507752096361458, "79": 0.015507752096361464, "80": 0.015507752096361453, "81": 0.015507752096361457, "82": 0.015507752096361464, "83": 0.015507752096361457, "84": 0.015507752096361457, "85": 0.015507752096361457, "86": 0.015507752096361458, "87": 0.015507752096361457, "88": 0.015507752096361462, "89": -0.011819220359251748, "90": -0.046087792330047575, "91": -0.05669811548152561, "92": -0.0559551191478248, "93": -0.055955119147824785, "94": -0.055955119147824785, "95": -0.05595511914782478, "96": -0.05595511914782479, "97": -0.055955119147824806, "98": -0.05595511914782481, "99": -0.055955119147824764, "100": -0.0559551191478248, "101": -0.05595511914782479, "102": -0.0559551191478248, "103": -0.05595511914782479, "104": -0.05595511914782481, "105": -0.05595511914782479, "106": -0.05595511914782479, "107": -0.0559551191478248, "108": -0.05595511914782479, "109": -0.055955119147824785, "110": -0.05595511914782479, "111": -0.055955119147824785, "112": -0.055955119147824785, "113": -0.05595511914782479, "114": -0.05595511914782479, "115": -0.055955119147824785, "116": -0.0559551191478248, "117": -0.0559551191478248, "118": -0.05595511914782479, "119": -0.0774559189635804, "120": -0.07458135395526513, "121": -0.049902126358736455, "122": -0.050089917574268485, "123": -0.0500899175742685, "124": -0.050089917574268485, "125": -0.05008991757426853, "126": -0.05008991757426852, "127": -0.05008991757426853, "128": -0.050089917574268485, "129": -0.05008991757426848, "130": -0.0500899175742685, "131": -0.050089917574268464, "132": -0.05008991757426849, "133": -0.050089917574268485, "134": -0.05008991757426849, "135": -0.05008991757426849, "136": -0.050089917574268464, "137": -0.050089917574268485, "138": -0.05008991757426852, "139": -0.050089917574268485, "140": -0.050089917574268505, "141": -0.05008991757426848, "142": -0.05008991757426848, "143": -0.050089917574268505, "144": -0.05008991757426851, "145": -0.050089917574268505, "146": -0.05008991757426849, "147": -0.05008991757426852, "148": -0.05008991757426852, "149": -0.03605117019009945, "150": -6.0193412930245604e-06, "151": 0.0258569052809349, "152": 0.024997847593246643, "153": 0.02499784759324665, "154": 0.024997847593246653, "155": 0.024997847593246653, "156": 0.024997847593246646, "157": 0.02499784759324665, "158": 0.024997847593246657, "159": 0.02499784759324665, "160": 0.024997847593246643, "161": 0.024997847593246667, "162": 0.024997847593246646, "163": 0.02499784759324666, "164": 0.024997847593246657, "165": 0.024997847593246653, "166": 0.02499784759324665, "167": 0.024997847593246646, "168": 0.024997847593246657, "169": 0.024997847593246646, "170": 0.024997847593246657, "171": 0.02499784759324665, "172": 0.02499784759324665, "173": 0.024997847593246653, "174": 0.024997847593246657, "175": 0.02499784759324665, "176": 0.024997847593246657, "177": 0.024997847593246636, "178": 0.024997847593246643, "179": 0.05517507045189167, "180": 0.07457763379775485, "181": 0.06588257266623915, "182": 0.06553943703248294, "183": 0.06553943703248298, "184": 0.06553943703248297, "185": 0.06553943703248294, "186": 0.06553943703248294, "187": 0.06553943703248295, "188": 0.06553943703248295, "189": 0.06553943703248295, "190": 0.06553943703248297, "191": 0.065539437032483, "192": 0.06553943703248294, "193": 0.06553943703248295, "194": 0.06553943703248293, "195": 0.06553943703248295, "196": 0.06553943703248293, "197": 0.06553943703248294, "198": 0.06553943703248293, "199": 0.06553943703248294, "200": 0.06553943703248297, "201": 0.06553943703248294, "202": 0.06553943703248297, "203": 0.06553943703248294, "204": 0.06553943703248295, "205": 0.065539437032483, "206": 0.06553943703248293, "207": 0.06553943703248294, "208": 0.06553943703248294, "209": 0.07015123906103692, "210": 0.04609753182884761, "211": 0.014860763893085717, "212": 0.015507752096361429, "213": 0.015507752096361418, "214": 0.015507752096361418, "215": 0.01550775209636142, "216": 0.01550775209636143, "217": 0.01550775209636142, "218": 0.015507752096361429, "219": 0.015507752096361418, "220": 0.01550775209636143, "221": 0.015507752096361425, "222": 0.015507752096361422, "223": 0.015507752096361425, "224": 0.015507752096361418, "225": 0.015507752096361418, "226": 0.015507752096361429, "227": 0.01550775209636143, "228": 0.01550775209636142, "229": 0.01550775209636142, "230": 0.015507752096361429, "231": 0.015507752096361417, "232": 0.015507752096361427, "233": 0.015507752096361422, "234": 0.015507752096361429, "235": 0.01550775209636143, "236": 0.015507752096361438, "237": 0.015507752096361429, "238": 0.015507752096361418, "239": -0.011819220359251417, "240": -0.046087792330046694, "241": -0.05669811548152484, "242": -0.05595511914782404, "243": -0.055955119147824, "244": -0.05595511914782404, "245": -0.05595511914782404, "246": -0.05595511914782404, "247": -0.055955119147824015, "248": -0.055955119147824035, "249": -0.055955119147824035, "250": -0.05595511914782403, "251": -0.05595511914782403, "252": -0.055955119147824035, "253": -0.05595511914782403, "254": -0.055955119147824035, "255": -0.05595511914782405, "256": -0.05595511914782403, "257": -0.05595511914782401, "258": -0.05595511914782401, "259": -0.055955119147824035, "260": -0.055955119147824056, "261": -0.055955119147824056, "262": -0.05595511914782405, "263": -0.05595511914782405, "264": -0.055955119147824, "265": -0.055955119147824035, "266": -0.05595511914782402, "267": -0.05595511914782405, "268": -0.055955119147824015, "269": -0.07745591896357937, "270": -0.07458135395526384, "271": -0.0499021263587354, "272": -0.05008991757426747, "273": -0.05008991757426744, "274": -0.05008991757426746, "275": -0.050089917574267444, "276": -0.050089917574267444, "277": -0.05008991757426746, "278": -0.05008991757426745,