{"name": "fiedler", "normalized": false, "process_time": 0.04556632041931152, "data": {"0": -0.001550544706432344, "1": 0.007885795371817036, "2": 0.0075606898357600755, "3": 0.007560689835763926, "4": 0.007560689835761748, "5": 0.007560689835762727, "6": 0.00756068983575942, "7": 0.007560689835755208, "8": 0.007560689835759729, "9": 0.007560689835762361, "10": 0.007560689835755879, "11": 0.007560689835756682, "12": 0.007560689835763115, "13": 0.007560689835763194, "14": 0.007560689835758569, "15": 0.007560689835759175, "16": 0.007560689835761557, "17": 0.007560689835755638, "18": 0.007560689835761403, "19": 0.00756068983576282, "20": 0.007560689835757436, "21": 0.007560689835757299, "22": 0.007560689835762124, "23": 0.00756068983576438, "24": 0.007560689835756732, "25": 0.007560689835760238, "26": 0.007560689835763556, "27": 0.007560689835760349, "28": 0.00756068983576503, "29": 0.016229037757536393, "30": 0.02520058282669093, "31": 0.0341898215235211, "32": 0.03388186924454764, "33": 0.03388186924455062, "34": 0.03388186924454711, "35": 0.03388186924454356, "36": 0.03388186924454596, "37": 0.03388186924454364, "38": 0.033881869244543644, "39": 0.03388186924454669, "40": 0.03388186924454318, "41": 0.033881869244541486, "42": 0.03388186924455175, "43": 0.03388186924454395, "44": 0.03388186924454667, "45": 0.033881869244548876, "46": 0.033881869244543665, "47": 0.0338818692445457, "48": 0.03388186924454817, "49": 0.03388186924455074, "50": 0.03388186924455166, "51": 0.03388186924454697, "52": 0.033881869244550146, "53": 0.03388186924454626, "54": 0.03388186924454561, "55": 0.03388186924454708, "56": 0.033881869244552984, "57": 0.03388186924454973, "58": 0.03388186924454504, "59": 0.04062023910268115, "60": 0.04759430029738097, "61": 0.05458211569298741, "62": 0.054344564448027245, "63": 0.05434456444802381, "64": 0.05434456444802558, "65": 0.054344564448023054, "66": 0.05434456444802818, "67": 0.05434456444802204, "68": 0.054344564448022076, "69": 0.054344564448024886, "70": 0.05434456444802836, "71": 0.05434456444802081, "72": 0.054344564448020445, "73": 0.054344564448017496, "74": 0.054344564448025254, "75": 0.054344564448025386, "76": 0.054344564448020126, "77": 0.054344564448028376, "78": 0.05434456444802517, "79": 0.0543445644480216, "80": 0.05434456444802591, "81": 0.054344564448020556, "82": 0.05434456444802091, "83": 0.05434456444802113, "84": 0.054344564448024796, "85": 0.05434456444802053, "86": 0.05434456444802009, "87": 0.05434456444802087, "88": 0.054344564448025795, "89": 0.057987830221419144, "90": 0.06175852833096818, "91": 0.06553666298204983, "92": 0.06541058756221986, "93": 0.06541058756221452, "94": 0.06541058756221656, "95": 0.06541058756221639, "96": 0.06541058756221951, "97": 0.06541058756222333, "98": 0.06541058756221962, "99": 0.06541058756222409, "100": 0.06541058756221577, "101": 0.0654105875622152, "102": 0.06541058756221849, "103": 0.0654105875622193, "104": 0.06541058756222241, "105": 0.06541058756222085, "106": 0.06541058756221949, "107": 0.06541058756221337, "108": 0.0654105875622157, "109": 0.06541058756222169, "110": 0.06541058756221564, "111": 0.06541058756222054, "112": 0.06541058756221971, "113": 0.06541058756221854, "114": 0.06541058756221824, "115": 0.06541058756222029, "116": 0.06541058756221285, "117": 0.0654105875622228, "118": 0.06541058756221774, "119": 0.0653287956107015, "120": 0.06524414278878363, "121": 0.0651593230080785, "122": 0.06516652299413761, "123": 0.06516652299413611, "124": 0.06516652299413651, "125": 0.06516652299413646, "126": 0.06516652299413571, "127": 0.06516652299413317, "128": 0.06516652299413558, "129": 0.06516652299413554, "130": 0.06516652299413038, "131": 0.06516652299413818, "132": 0.06516652299413335, "133": 0.06516652299413475, "134": 0.06516652299413289, "135": 0.06516652299413087, "136": 0.06516652299414016, "137": 0.06516652299413565, "138": 0.06516652299412999, "139": 0.06516652299413822, "140": 0.06516652299413656, "141": 0.06516652299413418, "142": 0.06516652299413286, "143": 0.0651665229941415, "144": 0.06516652299413074, "145": 0.065166522994136, "146": 0.06516652299413578, "147": 0.06516652299413667, "148": 0.0651665229941392, "149": 0.061373816522500756, "150": 0.0574484506636002, "151": 0.05351534321512868, "152": 0.05365457364102814, "153": 0.053654573641032585, "154": 0.053654573641030275, "155": 0.05365457364102932, "156": 0.05365457364103473, "157": 0.05365457364103051, "158": 0.0536545736410348, "159": 0.05365457364103424, "160": 0.05365457364103123, "161": 0.053654573641026514, "162": 0.053654573641033355, "163": 0.05365457364102737, "164": 0.05365457364103604, "165": 0.05365457364103063, "166": 0.0536545736410284, "167": 0.05365457364102578, "168": 0.05365457364103157, "169": 0.05365457364103104, "170": 0.0536545736410299, "171": 0.05365457364103183, "172": 0.05365457364102872, "173": 0.05365457364103186, "174": 0.05365457364102922, "175": 0.05365457364102931, "176": 0.05365457364103363, "177": 0.053654573641032356, "178": 0.05365457364102873, "179": 0.04680674699310364, "180": 0.03971940048137049, "181": 0.03261807635094338, "182": 0.03286526297789953, "183": 0.032865262977906984, "184": 0.032865262977906075, "185": 0.03286526297790808, "186": 0.0328652629779024, "187": 0.03286526297790372, "188": 0.03286526297790531, "189": 0.03286526297789983, "190": 0.03286526297790496, "191": 0.03286526297790505, "192": 0.03286526297790326, "193": 0.032865262977912424, "194": 0.03286526297790705, "195": 0.0328652629779011, "196": 0.03286526297790649, "197": 0.03286526297790345, "198": 0.03286526297790461, "199": 0.03286526297789694, "200": 0.03286526297790669, "201": 0.03286526297790369, "202": 0.032865262977905964, "203": 0.032865262977902085, "204": 0.032865262977904985, "205": 0.03286526297790235, "206": 0.03286526297790906, "207": 0.03286526297790234, "208": 0.032865262977900545, "209": 0.02414636806381255, "210": 0.015122507982416551, "211": 0.006080851111204062, "212": 0.006393253109649791, "213": 0.006393253109652359, "214": 0.006393253109655396, "215": 0.006393253109654367, "216": 0.006393253109652455, "217": 0.006393253109656558, "218": 0.00639325310965482, "219": 0.006393253109654114, "220": 0.006393253109658195, "221": 0.006393253109653639, "222": 0.006393253109649831, "223": 0.006393253109654036, "224": 0.006393253109653001, "225": 0.006393253109646922, "226": 0.006393253109655744, "227": 0.00639325310965063, "228": 0.0063932531096558285, "229": 0.006393253109651738, "230": 0.006393253109649277, "231": 0.006393253109645158, "232": 0.006393253109654633, "233": 0.006393253109655669, "234": 0.006393253109648924, "235": 0.006393253109648474, "236": 0.006393253109650034, "237": 0.006393253109649524, "238": 0.006393253109649522, "239": -0.0026891341903270824, "240": -0.012089200717388457, "241": -0.021507805977249467, "242": -0.021184205740949678, "243": -0.021184205740950278, "244": -0.021184205740945615, "245": -0.02118420574094573, "246": -0.02118420574095286, "247": -0.021184205740946222, "248": -0.021184205740943155, "249": -0.02118420574094905, "250": -0.021184205740949143, "251": -0.021184205740946243, "252": -0.02118420574094645, "253": -0.02118420574094635, "254": -0.021184205740945004, "255": -0.02118420574094971, "256": -0.021184205740948314, "257": -0.02118420574094963, "258": -0.02118420574094632, "259": -0.02118420574094754, "260": -0.021184205740948456, "261": -0.021184205740947558, "262": -0.021184205740949643, "263": -0.02118420574094318, "264": -0.02118420574094547, "265": -0.021184205740953786, "266": -0.021184205740946642, "267": -0.021184205740942205, "268": -0.021184205740952804, "269": -0.029059658954297074, "270": -0.03721057585744978, "271": -0.04537756793068013, "272": -0.04509872284828546, "273": -0.04509872284827593, "274": -0.045098722848281286, "275": -0.04509872284828102, "276": -0.04509872284827827, "277": -0.04509872284827901, "278": -0.045098722848278636, "279": -0.045098722848281446, "280": -0.04509872284828358,