{"name": "eigen", "eigen": 1, "normalized": true, "process_time": 0.06806492805480957, "data": {"0": 3.7487680468725626e-16, "1": 0.024026879947761707, "2": -0.06169404828584697, "3": -0.061128822433870925, "4": 0.09879599077195776, "5": 0.029895325055869747, "6": 0.029895325055866187, "7": 0.02989532505587078, "8": 0.029895325055865285, "9": -0.0767625106350783, "10": -0.07676251063507836, "11": -0.07676251063508109, "12": -0.07676251063507714, "13": -0.07605923119923202, "14": -0.07605923119923198, "15": -0.07605923119923344, "16": -0.0760592311992314, "17": 0.12292641677844335, "18": 0.12292641677844636, "19": 0.12292641677844411, "20": 0.1229264167784446, "21": 0.03119038850734431, "22": 0.031190388507344843, "23": 0.031190388507344853, "24": 0.031190388507345408, "25": 0.031190388507341238, "26": 0.031190388507341044, "27": 0.03119038850734052, "28": 0.031190388507340558, "29": 0.031190388507345065, "30": 0.031190388507345207, "31": 0.031190388507345186, "32": 0.031190388507345186, "33": 0.03119038850733943, "34": 0.03119038850733943, "35": 0.03119038850733943, "36": 0.03119038850733943, "37": -0.0800878573834796, "38": -0.0800878573834796, "39": -0.0800878573834796, "40": -0.0800878573834796, "41": -0.08008785738347932, "42": -0.08008785738347932, "43": -0.08008785738347932, "44": -0.08008785738347932, "45": -0.0800878573834826, "46": -0.0800878573834826, "47": -0.0800878573834826, "48": -0.0800878573834826, "49": -0.08008785738347773, "50": -0.08008785738347773, "51": -0.0800878573834778, "52": -0.08008785738347919, "53": -0.0793541119302261, "54": -0.0793541119302261, "55": -0.0793541119302261, "56": -0.0793541119302261, "57": -0.07935411193022629, "58": -0.07935411193022629, "59": -0.07935411193022629, "60": -0.07935411193022629, "61": -0.07935411193022755, "62": -0.07935411193022755, "63": -0.07935411193022755, "64": -0.07935411193022755, "65": -0.07935411193022539, "66": -0.07935411193022539, "67": -0.07935411193022539, "68": -0.07935411193022539, "69": 0.1282515808063639, "70": 0.1282515808063639, "71": 0.1282515808063639, "72": 0.1282515808063639, "73": 0.1282515808063672, "74": 0.1282515808063672, "75": 0.1282515808063672, "76": 0.1282515808063672, "77": 0.12825158080636487, "78": 0.12825158080636487, "79": 0.12825158080636487, "80": 0.12825158080636487, "81": 0.12825158080636545, "82": 0.12825158080636526, "83": 0.1282515808063654, "84": 0.1282515808063656, "85": 0.014013283030677979, "86": 0.014013283030677979, "87": 0.014013283030677979, "88": 0.014013283030677979, "89": 0.014013283030678312, "90": 0.014013283030678312, "91": 0.014013283030678312, "92": 0.014013283030678312, "93": 0.014013283030678338, "94": 0.014013283030678338, "95": 0.014013283030678338, "96": 0.014013283030678338, "97": 0.014013283030678548, "98": 0.014013283030678548, "99": 0.014013283030678548, "100": 0.014013283030678548, "101": 0.01401328303067671, "102": 0.01401328303067671, "103": 0.01401328303067671, "104": 0.01401328303067671, "105": 0.014013283030676638, "106": 0.014013283030676638, "107": 0.014013283030676638, "108": 0.014013283030676638, "109": 0.014013283030676385, "110": 0.014013283030676385, "111": 0.014013283030676385, "112": 0.014013283030676385, "113": 0.014013283030676407, "114": 0.014013283030676407, "115": 0.014013283030676407, "116": 0.014013283030676407, "117": 0.014013283030678447, "118": 0.014013283030678447, "119": 0.014013283030678447, "120": 0.014013283030678447, "121": 0.014013283030678508, "122": 0.014013283030678508, "123": 0.014013283030678508, "124": 0.014013283030678508, "125": 0.014013283030678503, "126": 0.014013283030678503, "127": 0.014013283030678503, "128": 0.014013283030678503, "129": 0.014013283030678503, "130": 0.014013283030678503, "131": 0.014013283030678503, "132": 0.014013283030678503, "133": 0.014013283030675918, "134": 0.014013283030675918, "135": 0.014013283030675918, "136": 0.014013283030675918, "137": 0.014013283030675918, "138": 0.014013283030675918, "139": 0.014013283030675918, "140": 0.014013283030675918, "141": 0.014013283030675918, "142": 0.014013283030675918, "143": 0.014013283030675918, "144": 0.014013283030675918, "145": 0.014013283030675918, "146": 0.014013283030675918, "147": 0.014013283030675918, "148": 0.014013283030675918, "149": -0.035982040190715145, "150": -0.035982040190715145, "151": -0.035982040190715145, "152": -0.035982040190715145, "153": -0.035982040190715145, "154": -0.035982040190715145, "155": -0.035982040190715145, "156": -0.035982040190715145, "157": -0.035982040190715145, "158": -0.035982040190715145, "159": -0.035982040190715145, "160": -0.035982040190715145, "161": -0.035982040190715145, "162": -0.035982040190715145, "163": -0.035982040190715145, "164": -0.035982040190715145, "165": -0.035982040190715034, "166": -0.035982040190715034, "167": -0.035982040190715034, "168": -0.035982040190715034, "169": -0.035982040190715034, "170": -0.035982040190715034, "171": -0.035982040190715034, "172": -0.035982040190715034, "173": -0.035982040190715034, "174": -0.035982040190715034, "175": -0.035982040190715034, "176": -0.035982040190715034, "177": -0.035982040190715034, "178": -0.035982040190715034, "179": -0.035982040190715034, "180": -0.035982040190715034, "181": -0.035982040190716554, "182": -0.035982040190716554, "183": -0.035982040190716554, "184": -0.035982040190716554, "185": -0.035982040190716554, "186": -0.035982040190716554, "187": -0.035982040190716554, "188": -0.035982040190716554, "189": -0.035982040190716554, "190": -0.035982040190716554, "191": -0.035982040190716554, "192": -0.035982040190716554, "193": -0.035982040190716554, "194": -0.035982040190716554, "195": -0.035982040190716554, "196": -0.035982040190716554, "197": -0.035982040190714284, "198": -0.035982040190714284, "199": -0.035982040190714284, "200": -0.035982040190714284, "201": -0.035982040190714284, "202": -0.035982040190714284, "203": -0.035982040190714284, "204": -0.035982040190714284, "205": -0.03598204019071435, "206": -0.03598204019071435, "207": -0.03598204019071435, "208": -0.03598204019071435, "209": -0.035982040190715006, "210": -0.035982040190715006, "211": -0.035982040190715006, "212": -0.035982040190715006, "213": -0.03565238149773375, "214": -0.03565238149773375, "215": -0.03565238149773375, "216": -0.03565238149773375, "217": -0.03565238149773375, "218": -0.03565238149773375, "219": -0.03565238149773375, "220": -0.03565238149773375, "221": -0.03565238149773375, "222": -0.03565238149773375, "223": -0.03565238149773375, "224": -0.03565238149773375, "225": -0.03565238149773375, "226": -0.03565238149773375, "227": -0.03565238149773375, "228": -0.03565238149773375, "229": -0.035652381497733796, "230": -0.035652381497733796, "231": -0.035652381497733796, "232": -0.035652381497733796, "233": -0.035652381497733796, "234": -0.035652381497733796, "235": -0.035652381497733796, "236": -0.035652381497733796, "237": -0.035652381497733796, "238": -0.035652381497733796, "239": -0.035652381497733796, "240": -0.035652381497733796, "241": -0.035652381497733796, "242": -0.035652381497733796, "243": -0.035652381497733796, "244": -0.035652381497733796, "245": -0.035652381497734406, "246": -0.035652381497734406, "247": -0.035652381497734406, "248": -0.035652381497734406, "249": -0.035652381497734406, "250": -0.035652381497734406, "251": -0.035652381497734406, "252": -0.035652381497734406, "253": -0.035652381497734406, "254": -0.035652381497734406, "255": -0.035652381497734406, "256": -0.035652381497734406, "257": -0.035652381497734406, "258": -0.035652381497734406, "259": -0.035652381497734406, "260": -0.035652381497734406, "261": -0.03565238149773339, "262": -0.03565238149773339, "263": -0.03565238149773339, "264": -0.03565238149773339, "265": -0.03565238149773339, "266": -0.03565238149773339, "267": -0.03565238149773339, "268": -0.03565238149773339, "269": -0.03565238149773339, "270": -0.03565238149773339, "271": -0.03565238149773339, "272": -0.03565238149773339, "273": -0.03565238149773339, "274": -0.03565238149773339,