{"name": "eigen", "eigen": 2, "normalized": true, "process_time": 0.06806492805480957, "data": {"0": 1.4184832185644533e-15, "1": -0.005827376036337577, "2": 0.09561830790631543, "3": -0.09323180028767789, "4": 0.003440868417706374, "5": -0.007250683451531931, "6": -0.007250683451535178, "7": -0.00725068345151858, "8": -0.007250683451528794, "9": 0.11897260078571473, "10": 0.11897260078571456, "11": 0.11897260078571523, "12": 0.11897260078571549, "13": -0.11600320063211308, "14": -0.1160032006321131, "15": -0.11600320063211271, "16": -0.11600320063211325, "17": 0.0042812832979332366, "18": 0.004281283297932432, "19": 0.00428128329793303, "20": 0.004281283297932994, "21": -0.007564782566318272, "22": -0.007564782566318413, "23": -0.00756478256631842, "24": -0.007564782566318564, "25": -0.007564782566321343, "26": -0.007564782566321329, "27": -0.007564782566321174, "28": -0.0075647825663211835, "29": -0.007564782566304167, "30": -0.007564782566304204, "31": -0.007564782566304199, "32": -0.007564782566304198, "33": -0.007564782566315172, "34": -0.007564782566315172, "35": -0.007564782566315172, "36": -0.007564782566315172, "37": 0.12412648577330126, "38": 0.12412648577330126, "39": 0.12412648577330126, "40": 0.12412648577330126, "41": 0.12412648577330097, "42": 0.12412648577330097, "43": 0.12412648577330097, "44": 0.12412648577330097, "45": 0.12412648577330176, "46": 0.12412648577330176, "47": 0.12412648577330176, "48": 0.12412648577330176, "49": 0.12412648577330208, "50": 0.12412648577330208, "51": 0.12412648577330197, "52": 0.12412648577330247, "53": -0.12102845140667326, "54": -0.12102845140667326, "55": -0.12102845140667326, "56": -0.12102845140667326, "57": -0.12102845140667323, "58": -0.12102845140667323, "59": -0.12102845140667323, "60": -0.12102845140667323, "61": -0.12102845140667289, "62": -0.12102845140667289, "63": -0.12102845140667289, "64": -0.12102845140667289, "65": -0.12102845140667345, "66": -0.12102845140667345, "67": -0.12102845140667345, "68": -0.12102845140667345, "69": 0.004466748199692874, "70": 0.004466748199692874, "71": 0.004466748199692874, "72": 0.004466748199692874, "73": 0.004466748199692, "74": 0.004466748199692, "75": 0.004466748199692, "76": 0.004466748199692, "77": 0.004466748199692616, "78": 0.004466748199692616, "79": 0.004466748199692616, "80": 0.004466748199692616, "81": 0.004466748199692568, "82": 0.0044667481996926136, "83": 0.0044667481996925685, "84": 0.004466748199692568, "85": -0.003398721344634612, "86": -0.003398721344634612, "87": -0.003398721344634612, "88": -0.003398721344634612, "89": -0.003398721344634701, "90": -0.003398721344634701, "91": -0.003398721344634701, "92": -0.003398721344634701, "93": -0.0033987213446347074, "94": -0.0033987213446347074, "95": -0.0033987213446347074, "96": -0.0033987213446347074, "97": -0.0033987213446347647, "98": -0.0033987213446347647, "99": -0.0033987213446347647, "100": -0.0033987213446347647, "101": -0.003398721344636031, "102": -0.003398721344636031, "103": -0.003398721344636031, "104": -0.003398721344636031, "105": -0.0033987213446360124, "106": -0.0033987213446360124, "107": -0.0033987213446360124, "108": -0.0033987213446360124, "109": -0.0033987213446359456, "110": -0.0033987213446359456, "111": -0.0033987213446359456, "112": -0.0033987213446359456, "113": -0.0033987213446359517, "114": -0.0033987213446359517, "115": -0.0033987213446359517, "116": -0.0033987213446359517, "117": -0.0033987213446283132, "118": -0.0033987213446283132, "119": -0.0033987213446283132, "120": -0.0033987213446283132, "121": -0.003398721344628329, "122": -0.003398721344628329, "123": -0.003398721344628329, "124": -0.003398721344628329, "125": -0.003398721344628327, "126": -0.003398721344628327, "127": -0.003398721344628327, "128": -0.003398721344628327, "129": -0.003398721344628327, "130": -0.003398721344628327, "131": -0.003398721344628327, "132": -0.003398721344628327, "133": -0.003398721344633248, "134": -0.003398721344633248, "135": -0.003398721344633248, "136": -0.003398721344633248, "137": -0.003398721344633248, "138": -0.003398721344633248, "139": -0.003398721344633248, "140": -0.003398721344633248, "141": -0.003398721344633248, "142": -0.003398721344633248, "143": -0.003398721344633248, "144": -0.003398721344633248, "145": -0.003398721344633248, "146": -0.003398721344633248, "147": -0.003398721344633248, "148": -0.003398721344633248, "149": 0.055767807327412225, "150": 0.055767807327412225, "151": 0.055767807327412225, "152": 0.055767807327412225, "153": 0.055767807327412225, "154": 0.055767807327412225, "155": 0.055767807327412225, "156": 0.055767807327412225, "157": 0.055767807327412225, "158": 0.055767807327412225, "159": 0.055767807327412225, "160": 0.055767807327412225, "161": 0.055767807327412225, "162": 0.055767807327412225, "163": 0.055767807327412225, "164": 0.055767807327412225, "165": 0.05576780732741208, "166": 0.05576780732741208, "167": 0.05576780732741208, "168": 0.05576780732741208, "169": 0.05576780732741208, "170": 0.05576780732741208, "171": 0.05576780732741208, "172": 0.05576780732741208, "173": 0.05576780732741208, "174": 0.05576780732741208, "175": 0.05576780732741208, "176": 0.05576780732741208, "177": 0.05576780732741208, "178": 0.05576780732741208, "179": 0.05576780732741208, "180": 0.05576780732741208, "181": 0.05576780732741243, "182": 0.05576780732741243, "183": 0.05576780732741243, "184": 0.05576780732741243, "185": 0.05576780732741243, "186": 0.05576780732741243, "187": 0.05576780732741243, "188": 0.05576780732741243, "189": 0.05576780732741243, "190": 0.05576780732741243, "191": 0.05576780732741243, "192": 0.05576780732741243, "193": 0.05576780732741243, "194": 0.05576780732741243, "195": 0.05576780732741243, "196": 0.05576780732741243, "197": 0.0557678073274126, "198": 0.0557678073274126, "199": 0.0557678073274126, "200": 0.0557678073274126, "201": 0.0557678073274126, "202": 0.0557678073274126, "203": 0.0557678073274126, "204": 0.0557678073274126, "205": 0.05576780732741255, "206": 0.05576780732741255, "207": 0.05576780732741255, "208": 0.05576780732741255, "209": 0.055767807327412794, "210": 0.055767807327412794, "211": 0.055767807327412794, "212": 0.055767807327412794, "213": -0.054375915962926465, "214": -0.054375915962926465, "215": -0.054375915962926465, "216": -0.054375915962926465, "217": -0.054375915962926465, "218": -0.054375915962926465, "219": -0.054375915962926465, "220": -0.054375915962926465, "221": -0.054375915962926465, "222": -0.054375915962926465, "223": -0.054375915962926465, "224": -0.054375915962926465, "225": -0.054375915962926465, "226": -0.054375915962926465, "227": -0.054375915962926465, "228": -0.054375915962926465, "229": -0.05437591596292646, "230": -0.05437591596292646, "231": -0.05437591596292646, "232": -0.05437591596292646, "233": -0.05437591596292646, "234": -0.05437591596292646, "235": -0.05437591596292646, "236": -0.05437591596292646, "237": -0.05437591596292646, "238": -0.05437591596292646, "239": -0.05437591596292646, "240": -0.05437591596292646, "241": -0.05437591596292646, "242": -0.05437591596292646, "243": -0.05437591596292646, "244": -0.05437591596292646, "245": -0.05437591596292629, "246": -0.05437591596292629, "247": -0.05437591596292629, "248": -0.05437591596292629, "249": -0.05437591596292629, "250": -0.05437591596292629, "251": -0.05437591596292629, "252": -0.05437591596292629, "253": -0.05437591596292629, "254": -0.05437591596292629, "255": -0.05437591596292629, "256": -0.05437591596292629, "257": -0.05437591596292629, "258": -0.05437591596292629, "259": -0.05437591596292629, "260": -0.05437591596292629, "261": -0.05437591596292655, "262": -0.05437591596292655, "263": -0.05437591596292655, "264": -0.05437591596292655, "265": -0.05437591596292655, "266": -0.05437591596292655, "267": -0.05437591596292655, "268": -0.05437591596292655, "269": -0.05437591596292655, "270": -0.05437591596292655, "271": -0.05437591596292655, "272": -0.05437591596292655, "273": -0.05437591596292655,