{"name": "fiedler", "normalized": true, "process_time": 0.015387773513793945, "data": {"0": -1.308619879125672e-11, "1": -0.06696953512395896, "2": 0.07048964790414332, "3": -0.06664812381060115, "4": 0.0631280109950939, "5": -0.0833265118898844, "6": -0.08332650109289187, "7": -0.08332650689032654, "8": -0.08332651494238391, "9": 0.08770638856411868, "10": 0.087706390567882, "11": 0.08770639343343738, "12": 0.08770639319581312, "13": -0.08292659117846658, "14": -0.08292659809015229, "15": -0.08292659309931076, "16": -0.08292659484468046, "17": 0.07854671678833001, "18": 0.07854671122560086, "19": 0.07854670600516278, "20": 0.07854671221792449, "21": -0.08693621128944094, "22": -0.08693621130102677, "23": -0.08693621129066074, "24": -0.08693621130311795, "25": -0.0869361980737573, "26": -0.08693619805810181, "27": -0.08693619808204499, "28": -0.08693619807691538, "29": -0.08693620517416605, "30": -0.08693620516717504, "31": -0.08693620517744818, "32": -0.0869362051727968, "33": -0.08693621504410892, "34": -0.0869362150312469, "35": -0.08693621503158132, "36": -0.08693621503048972, "37": 0.09150582284816818, "38": 0.09150582284370774, "39": 0.09150582284583668, "40": 0.09150582285137553, "41": 0.09150582529888182, "42": 0.09150582529677889, "43": 0.09150582530180836, "44": 0.09150582530723632, "45": 0.0915058288052635, "46": 0.09150582880426934, "47": 0.09150582881915242, "48": 0.09150582881332524, "49": 0.0915058285259923, "50": 0.09150582851769917, "51": 0.0915058285177142, "52": 0.09150582851921783, "53": -0.08651896490953806, "54": -0.08651896492370689, "55": -0.0865189649147427, "56": -0.0865189649137888, "57": -0.0865189733790618, "58": -0.08651897338394256, "59": -0.0865189733836538, "60": -0.08651897337877926, "61": -0.086518967264521, "62": -0.08651896726626626, "63": -0.08651896726554399, "64": -0.08651896727691157, "65": -0.0865189694021301, "66": -0.0865189694126831, "67": -0.08651896941159945, "68": -0.08651896939466142, "69": 0.08194935617700912, "70": 0.08194935617379055, "71": 0.08194935616456557, "72": 0.08194935617000816, "73": 0.08194934936539731, "74": 0.08194934935447437, "75": 0.08194934936046908, "76": 0.08194934935543204, "77": 0.08194934296441786, "78": 0.0819493429749836, "79": 0.08194934295976374, "80": 0.08194934296084014, "81": 0.08194935057593476, "82": 0.0819493505748141, "83": 0.08194935057140462, "84": 0.08194935057477264, "85": -0.03905888299232717, "86": -0.03905888299232293, "87": -0.039058882992405015, "88": -0.03905888299243036, "89": -0.03905888299888517, "90": -0.03905888299906713, "91": -0.039058882999077615, "92": -0.039058882998949496, "93": -0.039058882994578374, "94": -0.039058882994302276, "95": -0.03905888299460633, "96": -0.039058882994237445, "97": -0.03905888300147026, "98": -0.03905888300144604, "99": -0.03905888300148659, "100": -0.039058883001147904, "101": -0.03905887696100359, "102": -0.03905887696119612, "103": -0.03905887696100666, "104": -0.039058876961544135, "105": -0.039058876953742036, "106": -0.03905887695401864, "107": -0.03905887695420036, "108": -0.039058876954081036, "109": -0.03905887696521826, "110": -0.039058876965367764, "111": -0.03905887696570319, "112": -0.03905887696523543, "113": -0.03905887696577494, "114": -0.03905887696575864, "115": -0.03905887696580584, "116": -0.03905887696559623, "117": -0.03905888020321014, "118": -0.039058880203236966, "119": -0.039058880203212215, "120": -0.03905888020347143, "121": -0.03905888020088782, "122": -0.03905888020074048, "123": -0.0390588802010681, "124": -0.03905888020098592, "125": -0.039058880202496336, "126": -0.03905888020289973, "127": -0.039058880202462544, "128": -0.03905888020233499, "129": -0.039058880201333836, "130": -0.039058880201568974, "131": -0.03905888020127272, "132": -0.03905888020137707, "133": -0.0390588847089562, "134": -0.03905888470902264, "135": -0.03905888470925094, "136": -0.03905888470883637, "137": -0.03905888470205173, "138": -0.039058884702168055, "139": -0.03905888470218719, "140": -0.0390588847023284, "141": -0.03905888470066474, "142": -0.039058884701008885, "143": -0.03905888470066181, "144": -0.039058884700656674, "145": -0.03905888470178267, "146": -0.03905888470170605, "147": -0.03905888470176691, "148": -0.039058884702117755, "149": 0.04111192758893506, "150": 0.04111192758824013, "151": 0.04111192758870207, "152": 0.041111927588742575, "153": 0.04111192758739548, "154": 0.04111192758731968, "155": 0.04111192758707333, "156": 0.04111192758735331, "157": 0.04111192758581534, "158": 0.04111192758578808, "159": 0.04111192758559792, "160": 0.04111192758538755, "161": 0.04111192758993046, "162": 0.04111192759033784, "163": 0.0411119275906462, "164": 0.041111927590316656, "165": 0.04111192870800555, "166": 0.0411119287076784, "167": 0.04111192870749166, "168": 0.04111192870793908, "169": 0.041111928705129155, "170": 0.04111192870508796, "171": 0.041111928705259294, "172": 0.04111192870498763, "173": 0.041111928707568905, "174": 0.04111192870790092, "175": 0.0411119287080443, "176": 0.04111192870788616, "177": 0.041111928710843446, "178": 0.04111192871111954, "179": 0.04111192871064387, "180": 0.04111192871074261, "181": 0.04111193030714328, "182": 0.041111930306949596, "183": 0.04111193030715663, "184": 0.041111930307008535, "185": 0.04111193030664605, "186": 0.04111193030693209, "187": 0.04111193030669417, "188": 0.04111193030713393, "189": 0.0411119303146998, "190": 0.04111193031412773, "191": 0.04111193031444734, "192": 0.041111930314296004, "193": 0.0411119303109149, "194": 0.041111930310326276, "195": 0.04111193031081125, "196": 0.041111930310524424, "197": 0.04111193017975607, "198": 0.04111193017996429, "199": 0.04111193017990288, "200": 0.04111193017985426, "201": 0.04111193017517921, "202": 0.041111930175139956, "203": 0.041111930174993705, "204": 0.04111193017521854, "205": 0.0411119301757524, "206": 0.041111930175688455, "207": 0.04111193017617124, "208": 0.04111193017619996, "209": 0.04111193017772811, "210": 0.041111930177516146, "211": 0.04111193017771977, "212": 0.041111930177425114, "213": -0.03887142161206828, "214": -0.03887142161197626, "215": -0.038871421612230485, "216": -0.03887142161199722, "217": -0.03887142161879545, "218": -0.03887142161882133, "219": -0.038871421618421484, "220": -0.038871421619126774, "221": -0.03887142161702177, "222": -0.0388714216171802, "223": -0.038871421617084, "224": -0.038871421617228, "225": -0.03887142161503842, "226": -0.0388714216148488, "227": -0.038871421615126335, "228": -0.03887142161475149, "229": -0.03887142547774654, "230": -0.038871425478040955, "231": -0.0388714254776229, "232": -0.03887142547784271, "233": -0.03887142548008011, "234": -0.038871425480117516, "235": -0.03887142547979576, "236": -0.038871425479874364, "237": -0.038871425481892256, "238": -0.03887142548154204, "239": -0.038871425481169425, "240": -0.03887142548132585, "241": -0.038871425479259675, "242": -0.03887142547964463, "243": -0.038871425479534275, "244": -0.03887142547929071, "245": -0.03887142268777391, "246": -0.03887142268742905, "247": -0.03887142268764149, "248": -0.03887142268762748, "249": -0.03887142268953169, "250": -0.03887142268932394, "251": -0.038871422689324656, "252": -0.03887142268898847, "253": -0.03887142268723071, "254": -0.03887142268727568, "255": -0.03887142268734047, "256": -0.03887142268734056, "257": -0.038871422694071296, "258": -0.03887142269398491, "259": -0.038871422694577495, "260": -0.03887142269453451, "261": -0.03887142366334668, "262": -0.03887142366375266, "263": -0.03887142366319172, "264": -0.038871423663393384, "265": -0.038871423668394536, "266": -0.03887142366804015, "267": -0.03887142366826526, "268": -0.03887142366805055, "269": -0.038871423667481655, "270": -0.03887142366765485, "271": -0.03887142366742215, "272": -0.038871423667694964, "273": -0.038871423661221496, "274": -0.03887142366081125, "275": -0.03887142366118089, "276": -0.03887142366081981, "277": 0.036818378310506515, "278": 0.03681837831013597,