{"name": "agd", "process_time": 0.20975589752197266, "data": {"0": 50.668896321070235, "1": 49.68561872909699, "2": 48.72240802675585, "3": 47.779264214046826, "4": 46.8561872909699, "5": 45.953177257525084, "6": 45.070234113712374, "7": 44.207357859531776, "8": 43.364548494983275, "9": 42.541806020066886, "10": 41.73913043478261, "11": 40.95652173913044, "12": 40.19397993311037, "13": 39.45150501672241, "14": 38.72909698996656, "15": 38.02675585284281, "16": 37.34448160535117, "17": 36.68227424749164, "18": 36.04013377926422, "19": 35.4180602006689, "20": 34.81605351170568, "21": 34.23411371237458, "22": 33.67224080267559, "23": 33.130434782608695, "24": 32.608695652173914, "25": 32.10702341137124, "26": 31.62541806020067, "27": 31.163879598662206, "28": 30.722408026755854, "29": 30.301003344481604, "30": 29.899665551839465, "31": 29.51839464882943, "32": 29.157190635451506, "33": 28.816053511705686, "34": 28.494983277591974, "35": 28.193979933110366, "36": 27.91304347826087, "37": 27.652173913043477, "38": 27.411371237458194, "39": 27.190635451505017, "40": 26.989966555183948, "41": 26.809364548494983, "42": 26.648829431438127, "43": 26.50836120401338, "44": 26.387959866220736, "45": 26.287625418060202, "46": 26.207357859531772, "47": 26.14715719063545, "48": 26.107023411371237, "49": 26.08695652173913, "50": 26.08695652173913, "51": 26.107023411371237, "52": 26.14715719063545, "53": 26.207357859531772, "54": 26.287625418060202, "55": 26.387959866220736, "56": 26.50836120401338, "57": 26.648829431438127, "58": 26.809364548494983, "59": 26.989966555183948, "60": 27.190635451505017, "61": 27.411371237458194, "62": 27.652173913043477, "63": 27.91304347826087, "64": 28.193979933110366, "65": 28.494983277591974, "66": 28.816053511705686, "67": 29.157190635451506, "68": 29.51839464882943, "69": 29.899665551839465, "70": 30.301003344481604, "71": 30.722408026755854, "72": 31.163879598662206, "73": 31.62541806020067, "74": 32.10702341137124, "75": 32.608695652173914, "76": 33.130434782608695, "77": 33.67224080267559, "78": 34.23411371237458, "79": 34.81605351170568, "80": 35.4180602006689, "81": 36.04013377926422, "82": 36.68227424749164, "83": 37.34448160535117, "84": 38.02675585284281, "85": 38.72909698996656, "86": 39.45150501672241, "87": 40.19397993311037, "88": 40.95652173913044, "89": 41.73913043478261, "90": 42.541806020066886, "91": 43.364548494983275, "92": 44.207357859531776, "93": 45.070234113712374, "94": 45.953177257525084, "95": 46.8561872909699, "96": 47.779264214046826, "97": 48.72240802675585, "98": 49.68561872909699, "99": 50.668896321070235, "100": 51.65886287625418, "101": 52.65551839464883, "102": 50.675585284280935, "103": 51.67224080267559, "104": 49.7123745819398, "105": 50.709030100334445, "106": 48.76923076923077, "107": 49.76588628762542, "108": 47.84615384615385, "109": 48.84280936454849, "110": 46.94314381270903, "111": 47.93979933110368, "112": 46.06020066889632, "113": 47.05685618729097, "114": 45.197324414715716, "115": 46.19397993311037, "116": 44.35451505016722, "117": 45.35117056856188, "118": 43.531772575250834, "119": 44.52842809364549, "120": 42.72909698996656, "121": 43.725752508361204, "122": 41.94648829431438, "123": 42.94314381270903, "124": 41.18394648829432, "125": 42.180602006688964, "126": 40.441471571906355, "127": 41.438127090301, "128": 39.719063545150505, "129": 40.71571906354515, "130": 39.01672240802676, "131": 40.013377926421406, "132": 38.33444816053512, "133": 39.331103678929765, "134": 37.67224080267559, "135": 38.668896321070235, "136": 37.03010033444816, "137": 38.02675585284281, "138": 36.408026755852845, "139": 37.40468227424749, "140": 35.80602006688963, "141": 36.802675585284284, "142": 35.22408026755853, "143": 36.220735785953174, "144": 34.66220735785953, "145": 35.65886287625418, "146": 34.12040133779264, "147": 35.11705685618729, "148": 33.59866220735786, "149": 34.59531772575251, "150": 33.096989966555185, "151": 34.09364548494983, "152": 32.61538461538461, "153": 33.61204013377927, "154": 32.15384615384615, "155": 33.1505016722408, "156": 31.712374581939798, "157": 32.709030100334445, "158": 31.29096989966555, "159": 32.2876254180602, "160": 30.889632107023413, "161": 31.88628762541806, "162": 30.50836120401338, "163": 31.505016722408026, "164": 30.14715719063545, "165": 31.1438127090301, "166": 29.806020066889634, "167": 30.80267558528428, "168": 29.48494983277592, "169": 30.48160535117057, "170": 29.183946488294314, "171": 30.180602006688964, "172": 28.903010033444815, "173": 29.899665551839465, "174": 28.642140468227424, "175": 29.638795986622075, "176": 28.401337792642142, "177": 29.39799331103679, "178": 28.180602006688964, "179": 29.17725752508361, "180": 27.97993311036789, "181": 28.976588628762542, "182": 27.79933110367893, "183": 28.795986622073578, "184": 27.638795986622075, "185": 28.63545150501672, "186": 27.498327759197323, "187": 28.494983277591974, "188": 27.377926421404684, "189": 28.37458193979933, "190": 27.277591973244146, "191": 28.274247491638796, "192": 27.19732441471572, "193": 28.193979933110366, "194": 27.137123745819398, "195": 28.13377926421405, "196": 27.096989966555185, "197": 28.093645484949832, "198": 27.076923076923077, "199": 28.073578595317727, "200": 27.076923076923077, "201": 28.073578595317727, "202": 27.096989966555185, "203": 28.093645484949832, "204": 27.137123745819398, "205": 28.13377926421405, "206": 27.19732441471572, "207": 28.193979933110366, "208": 27.277591973244146, "209": 28.274247491638796, "210": 27.377926421404684, "211": 28.37458193979933, "212": 27.498327759197323, "213": 28.494983277591974, "214": 27.638795986622075, "215": 28.63545150501672, "216": 27.79933110367893, "217": 28.795986622073578, "218": 27.97993311036789, "219": 28.976588628762542, "220": 28.180602006688964, "221": 29.17725752508361, "222": 28.401337792642142, "223": 29.39799331103679, "224": 28.642140468227424, "225": 29.638795986622075, "226": 28.903010033444815, "227": 29.899665551839465, "228": 29.183946488294314, "229": 30.180602006688964, "230": 29.48494983277592, "231": 30.48160535117057, "232": 29.806020066889634, "233": 30.80267558528428, "234": 30.14715719063545, "235": 31.1438127090301, "236": 30.50836120401338, "237": 31.505016722408026, "238": 30.889632107023413, "239": 31.88628762541806, "240": 31.29096989966555, "241": 32.2876254180602, "242": 31.712374581939798, "243": 32.709030100334445, "244": 32.15384615384615, "245": 33.1505016722408, "246": 32.61538461538461, "247": 33.61204013377927, "248": 33.096989966555185, "249": 34.09364548494983, "250": 33.59866220735786, "251": 34.59531772575251, "252": 34.12040133779264, "253": 35.11705685618729, "254": 34.66220735785953, "255": 35.65886287625418, "256": 35.22408026755853, "257": 36.220735785953174, "258": 35.80602006688963, "259": 36.802675585284284, "260": 36.408026755852845, "261": 37.40468227424749, "262": 37.03010033444816, "263": 38.02675585284281, "264": 37.67224080267559, "265": 38.668896321070235, "266": 38.33444816053512, "267": 39.331103678929765, "268": 39.01672240802676, "269": 40.013377926421406, "270": 39.719063545150505, "271": 40.71571906354515, "272": 40.441471571906355, "273": 41.438127090301, "274": 41.18394648829432, "275": 42.180602006688964, "276": 41.94648829431438, "277": 42.94314381270903, "278": 42.72909698996656, "279": 43.725752508361204, "280": 43.531772575250834, "281": 44.52842809364549, "282": 44.35451505016722, "283": 45.35117056856188, "284": 45.197324414715716, "285": 46.19397993311037, "286": 46.06020066889632, "287": 47.05685618729097, "288": 46.94314381270903, "289": 47.93979933110368, "290": 47.84615384615385, "291": 48.84280936454849, "292": 48.76923076923077, "293": 49.76588628762542, "294": 49.7123745819398, "295": 50.709030100334445, "296": 50.675585284280935, "297": 51.67224080267559, "298": 51.65886287625418, "299": 52.65551839464883}}