{"name": "eigen", "eigen": 5, "normalized": false, "process_time": 0.06961512565612793, "data": {"0": -0.08028708134445492, "1": -0.07831014694420803, "2": -0.07440495682971737, "3": -0.06866766974218529, "4": -0.06123955673067051, "5": -0.05230352259001041, "6": -0.042079602137744795, "7": -0.03081954222665527, "8": -0.01880060290174862, "9": -0.006318730337777856, "10": 0.00631873033777286, "11": 0.018800602901743436, "12": 0.030819542226649965, "13": 0.04207960213774012, "14": 0.05230352259000638, "15": 0.06123955673066757, "16": 0.06866766974218325, "17": 0.07440495682971578, "18": 0.07831014694420628, "19": 0.08028708134445271, "20": 0.08028708134445234, "21": 0.07831014694420486, "22": 0.07440495682971372, "23": 0.06866766974218047, "24": 0.06123955673066419, "25": 0.05230352259000279, "26": 0.042079602137736476, "27": 0.030819542226646846, "28": 0.01880060290174064, "29": 0.006318730337769932, "30": -0.00631873033777991, "31": -0.01880060290175045, "32": -0.030819542226655706, "33": -0.04207960213774466, "34": -0.05230352259000973, "35": -0.06123955673066987, "36": -0.06866766974218498, "37": -0.07440495682971758, "38": -0.07831014694420847, "39": -0.08028708134445578, "40": -0.08028708134445636, "41": -0.07831014694421018, "42": -0.07440495682972043, "43": -0.06866766974218874, "44": -0.06123955673067415, "45": -0.052303522590013675, "46": -0.04207960213774751, "47": -0.03081954222665731, "48": -0.01880060290175057, "49": -0.0063187303377788065, "50": 0.006318730337772745, "51": 0.01880060290174478, "52": 0.030819542226652195, "53": 0.04207960213774273, "54": 0.05230352259000923, "55": 0.06123955673067043, "56": 0.06866766974218565, "57": 0.07440495682971791, "58": 0.07831014694420818, "59": 0.08028708134445434, "60": 0.08028708134445392, "61": 0.07831014694420663, "62": 0.07440495682971596, "63": 0.06866766974218358, "64": 0.061239556730668276, "65": 0.052303522590007374, "66": 0.04207960213774123, "67": 0.030819542226650905, "68": 0.0188006029017437, "69": 0.006318730337772041, "70": -0.006318730337779188, "71": -0.01880060290175095, "72": -0.03081954222665778, "73": -0.042079602137747946, "74": -0.05230352259001411, "75": -0.06123955673067444, "76": -0.06866766974218934, "77": -0.07440495682972117, "78": -0.07831014694421105, "79": -0.08028708134445749, "80": -0.08028708134445661, "81": -0.07831014694420943, "82": -0.07440495682971848, "83": -0.06866766974218541, "84": -0.06123955673066968, "85": -0.05230352259000824, "86": -0.0420796021377414, "87": -0.030819542226650887, "88": -0.018800602901743624, "89": -0.006318730337771774, "90": 0.006318730337779471, "91": 0.01880060290175104, "92": 0.030819542226657393, "93": 0.042079602137747, "94": 0.05230352259001257, "95": 0.061239556730673016, "96": 0.0686676697421878, "97": 0.07440495682972012, "98": 0.07831014694421017, "99": 0.0802870813444568, "100": -0.08161399734418989, "101": -0.0822801519969603, "102": -0.07960438986824761, "103": -0.08025414158262596, "104": -0.07563465812192596, "105": -0.07625200785430214, "106": -0.06980255007560389, "107": -0.07037229662670055, "108": -0.06225167158503905, "109": -0.0627597859038879, "110": -0.05316795033859667, "111": -0.053601920964332805, "112": -0.04277505770050863, "113": -0.043124198836060904, "114": -0.031328901179555835, "115": -0.03158461581143364, "116": -0.01911132313690004, "117": -0.019267314722197764, "118": -0.006423160891769638, "119": -0.006475588399951736, "120": 0.006423160891764937, "121": 0.006475588399946906, "122": 0.019111323136895078, "123": 0.01926731472219316, "124": 0.03132890117955034, "125": 0.03158461581142774, "126": 0.04277505770050368, "127": 0.043124198836055734, "128": 0.05316795033859262, "129": 0.05360192096432896, "130": 0.06225167158503583, "131": 0.06275978590388498, "132": 0.06980255007560233, "133": 0.07037229662669935, "134": 0.0756346581219246, "135": 0.07625200785430095, "136": 0.07960438986824626, "137": 0.08025414158262462, "138": 0.08161399734418803, "139": 0.08228015199695814, "140": 0.08161399734418742, "141": 0.08228015199695739, "142": 0.07960438986824481, "143": 0.08025414158262326, "144": 0.07563465812192273, "145": 0.07625200785429909, "146": 0.06980255007559934, "147": 0.07037229662669617, "148": 0.06225167158503259, "149": 0.0627597859038813, "150": 0.053167950338589315, "151": 0.05360192096432545, "152": 0.042775057700499455, "153": 0.04312419883605153, "154": 0.031328901179546814, "155": 0.03158461581142433, "156": 0.019111323136892084, "157": 0.019267314722189944, "158": 0.006423160891762012, "159": 0.006475588399944119, "160": -0.006423160891771971, "161": -0.0064755883999541046, "162": -0.01911132313690187, "163": -0.019267314722200012, "164": -0.03132890117955622, "165": -0.031584615811433674, "166": -0.042775057700508004, "167": -0.043124198836059946, "168": -0.0531679503385961, "169": -0.05360192096433235, "170": -0.06225167158503775, "171": -0.06275978590388638, "172": -0.0698025500756034, "173": -0.07037229662669983, "174": -0.07563465812192617, "175": -0.0762520078543024, "176": -0.07960438986824817, "177": -0.08025414158262642, "178": -0.08161399734419077, "179": -0.08228015199696066, "180": -0.08161399734419122, "181": -0.08228015199696116, "182": -0.07960438986825001, "183": -0.08025414158262832, "184": -0.07563465812192928, "185": -0.07625200785430569, "186": -0.06980255007560794, "187": -0.07037229662670492, "188": -0.06225167158504245, "189": -0.06275978590389142, "190": -0.05316795033860032, "191": -0.05360192096433657, "192": -0.042775057700511133, "193": -0.043124198836063346, "194": -0.03132890117955796, "195": -0.03158461581143559, "196": -0.019111323136902204, "197": -0.01926731472220027, "198": -0.006423160891770968, "199": -0.00647558839995307, "200": 0.0064231608917648345, "201": 0.006475588399947014, "202": 0.01911132313689646, "203": 0.019267314722194628, "204": 0.03132890117955291, "205": 0.03158461581143061, "206": 0.04277505770050634, "207": 0.043124198836058475, "208": 0.05316795033859621, "209": 0.053601920964332556, "210": 0.062251671585038824, "211": 0.06275978590388803, "212": 0.06980255007560485, "213": 0.07037229662670186, "214": 0.07563465812192689, "215": 0.0762520078543031, "216": 0.07960438986824796, "217": 0.08025414158262624, "218": 0.08161399734418927, "219": 0.08228015199695919, "220": 0.08161399734418862, "221": 0.0822801519969586, "222": 0.07960438986824615, "223": 0.08025414158262437, "224": 0.07563465812192463, "225": 0.0762520078543007, "226": 0.06980255007560228, "227": 0.070372296626699, "228": 0.062251671585036576, "229": 0.06275978590388548, "230": 0.053167950338594276, "231": 0.05360192096433052, "232": 0.042775057700504854, "233": 0.043124198836057, "234": 0.031328901179551345, "235": 0.03158461581142905, "236": 0.019111323136895182, "237": 0.019267314722193334, "238": 0.006423160891763959, "239": 0.006475588399946068, "240": -0.00642316089177124, "241": -0.006475588399953586, "242": -0.019111323136902704, "243": -0.019267314722200887, "244": -0.03132890117955844, "245": -0.03158461581143599, "246": -0.04277505770051152, "247": -0.04312419883606351, "248": -0.0531679503386008, "249": -0.05360192096433708, "250": -0.062251671585042835, "251": -0.0627597859038919, "252": -0.06980255007560802, "253": -0.07037229662670498, "254": -0.07563465812193002, "255": -0.07625200785430629, "256": -0.07960438986825101, "257": -0.0802541415826293, "258": -0.08161399734419243, "259": -0.08228015199696243, "260": -0.08161399734419174, "261": -0.0822801519969618, "262": -0.07960438986824928, "263": -0.08025414158262768, "264": -0.07563465812192727, "265": -0.07625200785430358, "266": -0.06980255007560439, "267": -0.07037229662670114, "268": -0.06225167158503801, "269": -0.06275978590388694, "270": -0.053167950338594935, "271": -0.053601920964331265, "272": -0.042775057700505006, "273": -0.043124198836057136, "274": -0.03132890117955135, "275": -0.03158461581142902, "276": -0.01911132313689518, "277": -0.019267314722193223,