{"name":"fiedler","normalized":false,"weight":"value","num_of_nodes":38,"num_of_edges":37,"process_time":0.012156009674072266,"data":{"0":-0.20153055638890294,"1":-0.19924531447877744,"2":-0.19470074403669982,"3":-0.17412652309256513,"4":-0.14958066499164985,"5":-0.12162303492118523,"6":-0.092286269812346,"7":-0.06190303215682718,"8":-0.030107856205196615,"9":0.002028724191456448,"10":0.03414229852008698,"11":0.06507178790296497,"12":0.09526339922225695,"13":0.12437477722635513,"14":0.15207581594283603,"15":0.1763081704794267,"16":0.19449696451347417,"17":-0.20161167147634795,"18":-0.20392405433697974,"19":-0.20392405433697972,"20":-0.20161167147633033,"21":-0.20392405433695618,"22":-0.2039240543369561,"23":-0.176123664901102,"24":-0.15129627800564577,"25":-0.06261302672825746,"26":0.03493922783762842,"27":0.03533996460920105,"28":0.15382004732722881,"29":0.1783303340322036,"30":0.17833033403220366,"31":0.19903677526551034,"32":0.20131962371961784,"33":0.19903677526963487,"34":0.20131962371847045,"35":0.2014006534993834,"36":0.2037106143548829,"37":0.2037106143548829}}