{"directed": false, "multigraph": true, "graph": {}, "nodes": [{"cover": {"level": 0, "range": [0.0, 0.3333333333333333]}, "min_value": 0.0, "max_value": 0.27386724706926846, "avg_value": 0.06205363662891123, "component_count": 15, "components": ["3", "2", "18", "24", "22", "6", "21", "20", "17", "0", "19", "1", "4", "23", "5"], "x": 250.00000000000003, "y": 500.0, "id": "mapper_node_0"}, {"cover": {"level": 1, "range": [0.3333333333333333, 0.6666666666666666]}, "min_value": 0.3466609649817137, "max_value": 0.6598944174772408, "avg_value": 0.5054435531564364, "component_count": 8, "components": ["10", "27", "7", "8", "26", "25", "9", "11"], "x": 250.0, "y": 250.0, "id": "mapper_node_1"}, {"cover": {"level": 2, "range": [0.6666666666666666, 1.0]}, "min_value": 0.7339597844299085, "max_value": 1.0, "avg_value": 0.9357063693614923, "component_count": 15, "components": ["15", "14", "28", "37", "35", "16", "30", "31", "33", "13", "29", "36", "12", "34", "32"], "x": 249.99999999999994, "y": 0.0, "id": "mapper_node_2"}], "links": [{"value": 1, "source": "mapper_node_0", "target": "mapper_node_1", "key": 0}, {"value": 1, "source": "mapper_node_1", "target": "mapper_node_2", "key": 0}], "info": {"component_method": "connected_components", "link_method": "connectivity", "cover_overlap": 0.0, "cover_intervals": 3, "compute_time": 0.0007507801055908203}}