{"name":"density","eps":0.5,"weight":"value","num_of_nodes":100,"num_of_edges":100,"process_time":0.022875547409057617,"data":{"0":1.2713415374190202,"1":1.2713415221890279,"2":1.1356707610945076,"3":1.2710060443311204,"4":1.2713415069590481,"5":1.271341552649,"6":1.2720124931347845,"7":1.5430185070059201,"8":1.1360062389523897,"9":1.4066767901956356,"10":1.271676984816905,"11":1.271341537418995,"12":1.2713415221890279,"13":1.2713415221890152,"14":1.2713415221890279,"15":1.271341537418995,"16":1.2716769848169176,"17":1.1360062694123871,"18":1.1360062389524024,"19":1.406676805425628,"20":1.2716769848169303,"21":1.271341552649,"22":1.271677015276915,"23":1.4073477611414302,"24":1.1356707763245,"25":1.2713415221890279,"26":1.1356707610945076,"27":1.2710060443311204,"28":1.2713415069590228,"29":1.2713415221890025,"30":1.2713415221890152,"31":1.2713415221890152,"32":1.2713415221890279,"33":1.2713415374190329,"34":1.2716770305068947,"35":1.4076832389992997,"36":1.1356707610945076,"37":1.2710060443311457,"38":1.2713415374190329,"39":1.2720125083647642,"40":1.543353984863815,"41":1.407683254229292,"42":1.2716770305069074,"43":1.2713415374190455,"44":1.2713415374190202,"45":1.27167700004691,"46":1.1356707763244873,"47":1.2713415069590228,"48":1.1363417472702693,"49":1.1356707915545177,"50":1.2716770305068947,"51":1.4073477611414176,"52":1.271677015276915,"53":1.271341552649038,"54":1.27167703050692,"55":1.1356707610945076,"56":1.271006044331133,"57":1.2713415221890152,"58":1.27167700004691,"59":1.4070122985135278,"60":1.2720124931348098,"61":1.1356707763245126,"62":1.2713415374190202,"63":1.1356707610945076,"64":1.2710060443311204,"65":1.2713415069590228,"66":1.1356707763245253,"67":1.2713415526490126,"68":1.2713415221890025,"69":1.2713415221890279,"70":1.2713415374190076,"71":1.2716770000469226,"72":1.1356707610945203,"73":1.271006059561138,"74":1.2716770152768897,"75":1.4076832237692947,"76":1.1356707763245253,"77":1.271341552649,"78":1.2713415221890279,"79":1.2713415374190076,"80":1.2716770000469353,"81":1.1356707610945203,"82":1.2710060595611128,"83":1.2716769848169176,"84":1.4070122832835101,"85":1.27167700004691,"86":1.2713415374190076,"87":1.2713415221890279,"88":1.2713415221890152,"89":1.2713415221890152,"90":1.2713415221890279,"91":1.2713415374190076,"92":1.27167700004691,"93":1.4070122832835228,"94":1.2720124779048048,"95":1.4070123137435329,"96":1.2720125083648022,"97":1.4076832542293047,"98":1.407347791601415,"99":1.2716770152769277}}