{"name":"pagerank","alpha":0.85,"weight":"value","num_of_nodes":100,"num_of_edges":100,"process_time":0.02071857452392578,"data":{"0":0.009480015268353102,"1":0.009626246807561856,"2":0.0063687689538080095,"3":0.011454242795507929,"4":0.010687455777034113,"5":0.010160266869391426,"6":0.00969226431793747,"7":0.01822699271742509,"8":0.005963621600774303,"9":0.01575035437981854,"10":0.010277413281063762,"11":0.010147691515791337,"12":0.01007486647984284,"13":0.010023701933930713,"14":0.009985574566143008,"15":0.009937806238058029,"16":0.009872437951557664,"17":0.005489783705125423,"18":0.005647938184968037,"19":0.014636967595165685,"20":0.00974779366730958,"21":0.009645387512814458,"22":0.009420495437604086,"23":0.013483539124400847,"24":0.005975595197171209,"25":0.010530756388603239,"26":0.006419669747721919,"27":0.01157380279794924,"28":0.010867411232296354,"29":0.010463551404476717,"30":0.010226671819640492,"31":0.010066642713844085,"32":0.009932956882484661,"33":0.009773115286847555,"34":0.009535322664390833,"35":0.01369769350444202,"36":0.006278531552970261,"37":0.011242790936765047,"38":0.010368718707747651,"39":0.009623367537944913,"40":0.017492542153726778,"41":0.013063681759215793,"42":0.009239787420744886,"43":0.009502782482108152,"44":0.009589066699276925,"45":0.00953212333803773,"46":0.006315401924485396,"47":0.011332731703675197,"48":0.0053735774947113665,"49":0.005819685379615385,"50":0.0101634959648506,"51":0.014082533470708598,"52":0.009511024364823817,"53":0.009462044617513442,"54":0.009222614162060168,"55":0.006301546121532581,"56":0.01129793665245431,"57":0.010450438586204033,"58":0.009762492375814955,"59":0.01348483211850357,"60":0.008942463107641043,"61":0.005888207471936892,"62":0.010325910747259743,"63":0.006406714371094008,"64":0.011543229378846127,"65":0.010821523233553742,"66":0.005928581118553844,"67":0.010420876941722657,"68":0.010386104197041175,"69":0.010090214396387062,"70":0.009823322160417864,"71":0.009496345481245779,"72":0.006262986729198193,"73":0.01120759596053229,"74":0.010314245352057053,"75":0.01429958710178856,"76":0.0060421910502645995,"77":0.010686845545146754,"78":0.00964042364546152,"79":0.009527809336551491,"80":0.009248468572517366,"81":0.006225913403034318,"82":0.011118097667169983,"83":0.010182295249448487,"84":0.01396162099985448,"85":0.0096111117446878,"86":0.009774619846886995,"87":0.00986096845495708,"88":0.009896131543445957,"89":0.009896416994510219,"90":0.009858702344654762,"91":0.009772208150822073,"92":0.009604547529427635,"93":0.013946708259433208,"94":0.009150684569334197,"95":0.01305609045883141,"96":0.00879123034220586,"97":0.012678548639614665,"98":0.012781311838847795,"99":0.00915058221686814}}