{"leukocyte": 36727.432692307695, "blood_platelet": 53537.894230769234, "GO:0070664": 116721.98557692308, "GO:0002704": 93393.68269230769, "GO:0070489": 45547.8125, "GO:0042110": 45547.8125, "GO:0071593": 45547.8125, "GO:0045580": 45547.8125, "GO:0033006": 44226.206730769234, "GO:0043536": 44577.591346153844, "GO:0030177": 45380.269230769234, "GO:0060828": 45481.778846153844, "GO:0090090": 45481.778846153844, "GO:0090263": 45380.269230769234, "GO:0060333": 41120.716346153844, "GO:0017015": 47605.519230769234, "lymphocyte": 38803.394230769234, "GO:0032944": 150785.42788461538, "GO:0045776": 45898.644230769234, "GO:0007166": 47605.519230769234, "GO:0050854": 93393.68269230769, "GO:0002576": 60952.07692307692, "GO:0060393": 47605.519230769234, "GO:0007188": 53647.331730769234, "GO:0042102": 45547.8125, "GO:0045624": 46060.33653846154, "GO:0050864": 152861.38942307694, "GO:0007159": 43471.85096153846, "GO:0002263": 39339.8125, "GO:0070486": 39601.379807692305, "GO:0046634": 46302.168269230766, "GO:0002275": 44226.206730769234, "GO:0001776": 43471.85096153846, "GO:0007167": 47605.519230769234, "GO:2000181": 43211.45192307692, "GO:0070663": 150785.42788461538, "GO:0032945": 116721.98557692308, "GO:0010543": 60354.96153846154, "GO:0002687": 150785.42788461538, "placenta": 53854.206730769234, "GO:0002768": 100588.92307692308, "GO:0002443": 39339.8125, "GO:0007178": 47605.519230769234, "GO:0001890": 60469.25, "GO:0045648": 46027.02403846154, "GO:0002706": 45547.8125, "GO:0046635": 46302.168269230766, "GO:0045619": 45547.8125, "GO:0046006": 45547.8125, "GO:0090101": 47605.519230769234, "GO:0060334": 44067.971153846156, "GO:0048013": 49596.89903846154, "GO:0050869": 119177.11538461539, "GO:0002763": 93451.40384615384, "GO:0050880": 41908.033653846156, "GO:0045622": 46060.33653846154, "GO:0035567": 45380.269230769234, "GO:0001568": 40480.394230769234, "GO:0090100": 47602.533653846156, "GO:0070665": 150785.42788461538, "GO:0016055": 47601.53846153846, "GO:0071675": 44630.254807692305, "GO:0030193": 46781.379807692305, "GO:0071887": 42891.653846153844, "GO:0002762": 43792.30288461538, "GO:0002694": 317986.6923076923, "GO:0050853": 46302.168269230766, "GO:0042058": 98561.35576923077, "GO:0048008": 59238.355769230766, "GO:0070232": 45925.98557692308, "GO:0030099": 153340.60096153847, "GO:0030097": 43516.153846153844, "GO:0001974": 46300.70192307692, "GO:0002886": 44226.206730769234, "GO:0045620": 46060.33653846154, "GO:0046638": 46302.168269230766, "GO:0031295": 46292.216346153844, "blood": 39282.605769230766, "GO:0046637": 46302.168269230766, "GO:0051250": 95469.64423076923, "GO:0030510": 47605.519230769234, "GO:2000106": 43850.02403846154, "GO:0043537": 48608.379807692305, "GO:0003073": 45448.817307692305, "GO:0045638": 46027.02403846154, "GO:0050900": 43471.85096153846, "GO:0007169": 94483.05769230769, "GO:0002696": 150785.42788461538, "GO:0007219": 45556.418269230766, "GO:0008217": 45898.644230769234, "GO:0048514": 96100.69711538461, "GO:0071346": 43791.307692307695, "GO:0042113": 46302.168269230766, "GO:0002521": 43471.85096153846, "GO:0070527": 103489.50480769231, "GO:0001569": 103754.14903846153, "GO:0002708": 45547.8125, "GO:0002690": 150785.42788461538, "GO:0050868": 95469.64423076923, "GO:0043372": 46060.33653846154, "GO:0050870": 45547.8125, "GO:0045830": 39354.980769230766, "GO:0007173": 94483.05769230769, "GO:0002220": 100588.92307692308, "GO:0042129": 45547.8125, "GO:0030890": 152861.38942307694, "GO:0002712": 46235.49038461538, "GO:0050672": 45809.54807692308, "GO:0050856": 95469.64423076923, "GO:2000107": 100546.12980769231, "GO:0031294": 46292.216346153844, "GO:0002431": 42855.42307692308, "GO:0033209": 47568.69711538462, "GO:0001912": 43471.85096153846, "GO:0002711": 46060.33653846154, "GO:0046651": 46061.331730769234, "GO:0002685": 150785.42788461538, "GO:0002312": 43792.30288461538, "GO:0002889": 39354.980769230766, "GO:0045907": 46164.36057692308, "GO:0007596": 128631.96634615384, "GO:0030168": 46410.25, "GO:0030595": 44546.658653846156, "GO:0002286": 39339.8125, "GO:0002761": 93451.40384615384, "GO:0071674": 43072.778846153844, "GO:0045581": 46060.33653846154, "GO:0045646": 46027.02403846154, "GO:0030218": 41894.98557692308, "GO:0007187": 53647.331730769234, "GO:0001910": 43471.85096153846, "GO:0030183": 45441.32692307692, "GO:0016525": 43211.45192307692, "GO:0045639": 43516.153846153844, "GO:0002714": 46235.49038461538, "GO:0060070": 47601.53846153846, "GO:0045582": 45547.8125, "GO:0050852": 46302.168269230766, "GO:0045909": 44979.08653846154, "GO:0001525": 46873.466346153844, "GO:0043535": 44577.591346153844, "GO:0032943": 43985.370192307695, "GO:0043534": 41233.182692307695, "GO:0002429": 100588.92307692308, "GO:0070228": 45925.98557692308, "GO:0002573": 39339.8125, "GO:0030509": 47605.519230769234, "GO:0051251": 152861.38942307694, "GO:0050670": 152861.38942307694, "GO:0043300": 44226.206730769234, "GO:0050671": 152861.38942307694, "GO:0002695": 317986.6923076923, "GO:0002433": 44216.254807692305, "GO:0050871": 152861.38942307694, "GO:0019724": 37661.918269230766, "GO:0045621": 45547.8125, "GO:0050851": 39339.8125, "GO:0043114": 96006.57692307692, "GO:0007229": 47425.38942307692, "GO:0002223": 45556.418269230766, "GO:0090092": 47605.519230769234, "GO:0019229": 46079.346153846156, "GO:0030194": 46638.07211538462, "GO:0071594": 45547.8125, "GO:0019221": 47602.533653846156, "GO:0046631": 46060.33653846154, "GO:0002260": 45547.8125, "GO:0032946": 150785.42788461538, "GO:0002274": 44226.206730769234, "GO:0045191": 39354.980769230766, "GO:0002888": 44226.206730769234, "GO:0002449": 240895.10576923078, "GO:0030217": 45547.8125, "GO:0042312": 44896.879807692305, "GO:0002709": 95469.64423076923, "GO:0001570": 96100.69711538461, "GO:0002705": 150724.72115384616, "GO:0002688": 150785.42788461538, "GO:0002703": 150724.72115384616, "GO:0045637": 43516.153846153844, "GO:0051249": 152861.38942307694, "GO:0045765": 43211.45192307692, "GO:0048010": 49596.89903846154, "GO:0070661": 43985.370192307695, "GO:0030512": 47605.519230769234, "GO:0002366": 39339.8125, "GO:0060674": 46489.97596153846, "GO:0046632": 45702.067307692305, "GO:0030111": 45481.778846153844, "natural_killer_cell": 43533.192307692305, "GO:0030098": 41247.38942307692, "blood_vessel": 41585.307692307695, "GO:0070229": 45124.855769230766, "GO:0042130": 45809.54807692308, "GO:0030178": 45481.778846153844, "GO:0045766": 44198.682692307695, "GO:0045321": 43471.85096153846, "GO:0045058": 46302.168269230766, "GO:0050863": 45547.8125, "GO:0007186": 94483.05769230769, "GO:0002285": 46016.54807692308, "GO:0007179": 47605.519230769234, "GO:0030888": 152861.38942307694, "GO:0046649": 45547.8125, "GO:0030195": 46694.79807692308, "GO:0001959": 124997.64423076923, "GO:0043370": 46060.33653846154, "GO:0002292": 39339.8125, "GO:0002891": 39354.980769230766}