{"GO:0060070": -2.540134446075538e-13, "GO:0016525": 1.2904977989745238e-14, "GO:0007159": -2.5283855213250295e-14, "GO:0045909": 4.746998307531275e-14, "GO:0090263": 0.8164965764161, "GO:0090100": -2.9089589458787505e-13, "GO:0045621": -1.2305330747419737e-14, "GO:0060828": -3.980635408521144e-12, "GO:0002695": -7.628735485815276e-15, "GO:0002696": -7.45625641999739e-15, "GO:0030218": 3.283443114935582e-14, "GO:0046631": -4.679325477926571e-15, "GO:0019221": -1.96989913811903e-13, "GO:0002366": -7.22492852769293e-15, "GO:0002763": -7.435379098478464e-15, "GO:0007167": -2.5131239095695624e-13, "GO:0090090": -3.1839552244687705e-12, "GO:0002286": -4.6451023699968694e-14, "GO:0019229": 1.955070328459568e-14, "GO:0043534": 1.5459534949261285e-13, "GO:0002889": -8.147307174971173e-15, "GO:0030183": -6.813348842182931e-15, "GO:0002275": -8.445945187726747e-15, "GO:0002431": -9.365089597244268e-14, "GO:0002705": -8.382882457451159e-15, "GO:0046638": -4.463746849202411e-15, "GO:0070665": -7.927692673803923e-15, "GO:0008217": -1.1221376748423245e-14, "GO:0030217": -2.9760701743549376e-15, "GO:0043535": 2.1163454561206532e-14, "GO:0030098": 9.65703557189701e-15, "GO:0042130": 2.4166381749698292e-14, "GO:0002312": -2.813726024072817e-15, "GO:0050853": -3.47687373683514e-15, "GO:0002704": -7.983197436445266e-15, "GO:0001568": 3.87662991985227e-14, "GO:0007178": -2.517326624928984e-13, "GO:0002690": -7.688294445529209e-15, "GO:0050856": -2.929514270055833e-15, "GO:0043300": -1.001065549899316e-14, "GO:0007596": 1.28872607030317e-14, "GO:0001890": 2.722512970274038e-13, "GO:0050851": -1.3919074226542705e-13, "GO:0002429": -8.076872504148014e-15, "GO:0045582": -2.465692580666534e-15, "GO:0071675": -8.922116517817713e-15, "GO:0001974": 1.5285028017592017e-14, "GO:0045619": -3.2433636939360744e-15, "GO:0043370": -3.533658825619068e-15, "GO:0045646": 1.5607469743689206e-14, "GO:0002708": -3.231057999278364e-15, "GO:0046649": -3.5595170474328475e-15, "GO:0033006": -9.75478378628658e-15, "GO:0030193": 1.5474058666364865e-14, "GO:0071887": -1.0881053003064522e-14, "GO:0045638": 1.5617064932915703e-14, "GO:0002709": -3.247402347028583e-15, "GO:0048013": -1.96936217333743e-13, "GO:0045648": 1.5238949425261383e-14, "GO:0002576": 1.794278701311436e-14, "GO:0070229": -3.2066092402888158e-15, "GO:0002886": -9.988537774674455e-15, "GO:0002762": -9.818968554897722e-15, "GO:0030194": 1.5200026567269154e-14, "GO:0060393": -2.517257235989945e-13, "GO:0045830": -6.62837840170738e-15, "GO:0042113": -3.2246341014063873e-15, "lymphocyte": -2.9629076969683865e-15, "GO:0007179": -2.517326624928984e-13, "GO:0030890": -2.936019483090746e-15, "GO:0048010": -1.96561517062932e-13, "GO:0002888": -1.0001548200744281e-14, "GO:0070228": -3.186795445586643e-15, "GO:0046634": -2.0225791527717085e-15, "GO:0045620": -3.70347199088461e-15, "GO:0043114": 1.2692321152418806e-14, "GO:0007173": -1.4512696600021968e-13, "GO:0002687": -8.243405957841787e-15, "GO:0001910": -1.073837199716543e-14, "GO:0045581": -3.2027603225764922e-15, "GO:0030509": -2.516563346599554e-13, "GO:0050871": -3.2873009869760494e-15, "GO:0045765": 1.2763011134064861e-14, "GO:0050671": -3.0097452308197603e-15, "GO:0050863": -3.405207973233848e-15, "GO:0002714": -3.3958025193875363e-15, "blood": 1.259409243559162e-14, "GO:0090092": -2.518228681136492e-13, "GO:0001570": 1.692396223162973e-14, "GO:0030888": -3.094746681142624e-15, "GO:0030512": -2.5251328805708795e-13, "GO:0002573": -3.651115867975285e-14, "GO:0002768": -8.045647481580431e-15, "GO:0002711": -3.3247059619267993e-15, "GO:0007166": -2.515904151678683e-13, "GO:0019724": 1.231957244551829e-14, "GO:0030177": -0.4083226741582057, "GO:0043372": -3.220839393802688e-15, "GO:0045580": -3.3698087723021963e-15, "GO:0031294": -3.290797538982315e-15, "GO:0045058": -3.453644705289638e-15, "GO:2000181": 1.2928460385586149e-14, "GO:0090101": -2.513961261385589e-13, "GO:0030168": 1.543188320185518e-14, "GO:0071594": -3.3143247261252506e-15, "GO:0060333": -6.822667431016782e-14, "GO:0002220": -8.017891905964802e-15, "GO:0046635": -3.209184220448469e-15, "GO:2000107": -7.93809462606987e-15, "GO:0051251": -3.078266808120844e-15, "GO:0045907": 1.527554124858277e-14, "GO:0046637": -3.1677405924052104e-15, "GO:0001525": 1.826360243595282e-14, "GO:0002223": -1.2528172943504501e-14, "GO:0045766": 1.2818739125730616e-14, "GO:0031295": -3.213575239247035e-15, "GO:0035567": -0.40817390223908034, "GO:0050852": -3.2693303359671022e-15, "GO:0002274": -9.752181701072615e-15, "GO:0032945": -7.962380754733545e-15, "GO:0030111": -2.6108420980719416e-12, "GO:0045639": 4.467964626747589e-14, "GO:0002285": -3.249814696862363e-15, "GO:0050880": 2.261808362130635e-14, "GO:0050672": -7.748576086319403e-15, "GO:0007169": -1.4516512991669117e-13, "GO:0002694": -7.93809462606987e-15, "GO:0002260": -3.320342048182545e-15, "GO:0042102": -3.3024527123365344e-15, "GO:0046632": -3.225989354121994e-15, "GO:0060334": -9.522330840505688e-15, "GO:0030178": -2.609828152200233e-12, "GO:0003073": 1.6407665157092133e-14, "blood_platelet": 1.5200202750122183e-14, "GO:0042110": -3.2928575231100377e-15, "GO:0002891": -6.670011765130823e-15, "GO:0030099": 1.3002619814184158e-14, "GO:0045624": 2.040034807748725e-15, "GO:0001569": 1.265762668289927e-14, "GO:0071346": -1.0392294663708057e-14, "GO:0017015": -2.5213164889237305e-13, "GO:0042129": -3.3357648240861515e-15, "GO:0001776": -1.0737504635427442e-14, "GO:0010543": 1.8524136218001086e-14, "GO:0070664": -7.958911307781591e-15, "GO:0007187": -1.7322948631104396e-13, "natural_killer_cell": -1.394856452563431e-13, "GO:0002685": -8.097689185859736e-15, "GO:0050864": -2.8553548414578245e-15, "GO:0002706": -3.3227272929620133e-15, "GO:0050870": -3.33942400641829e-15, "GO:0002521": -1.070020808069394e-14, "GO:0071674": -1.1009422540286806e-14, "GO:0070489": -3.3324309024057586e-15, "GO:0050670": -2.787700625894729e-15, "placenta": 1.9693014580157708e-13, "GO:0007219": -1.5002235564942623e-12, "GO:0048514": 1.6970799765481104e-14, "GO:0007188": -1.7311846400858144e-13, "blood_vessel": 2.1028317975790856e-14, "GO:0045321": -1.0612604545157112e-14, "GO:0016055": -2.540710697385151e-13, "GO:0060674": 8.443766519317109e-14, "GO:0042312": 1.9048564808832325e-14, "GO:0048008": 1.8952938177219103e-14, "GO:0051250": -3.0977824472255833e-15, "GO:0001959": -1.4201140263736534e-13, "GO:0050854": -8.014422459012849e-15, "GO:0002761": -7.57380269611474e-15, "GO:0002433": -9.511922499649828e-15, "GO:0070661": -1.2709885227613071e-14, "GO:0045776": 3.592465951454682e-14, "GO:0002688": -8.014422459012849e-15, "GO:0032946": -7.827072323607354e-15, "GO:0051249": -3.030561912531482e-15, "GO:0043536": 1.9675233664528946e-14, "GO:0030595": -9.412175899781161e-15, "GO:0002263": -3.613575367752975e-14, "GO:0001912": -1.0845057490938004e-14, "GO:0030195": 1.5367969483787158e-14, "GO:0007229": -2.567425438915194e-13, "GO:0071593": -3.290933064253876e-15, "GO:0002712": -3.0884312034878958e-15, "GO:0050900": -1.0628217056440903e-14, "GO:0045191": -6.634449933873299e-15, "GO:0070232": -3.1843288856442387e-15, "GO:0070486": 2.501471252358556e-15, "GO:0002443": -3.758321778790652e-14, "GO:0045637": -1.1548162599794853e-14, "GO:0032943": -6.3221997081974735e-15, "GO:0033209": -2.54903737006984e-13, "leukocyte": -7.993605777301127e-15, "GO:0002292": -3.671797024415446e-14, "GO:0045622": 2.067790383364354e-15, "GO:0002449": -2.994132719535969e-15, "GO:0030097": 1.8756806004216475e-14, "GO:0032944": -7.8236028766554e-15, "GO:2000106": -1.0472959305340979e-14, "GO:0007186": -1.4572718032290766e-13, "GO:0046651": -3.2651019474944087e-15, "GO:0070527": 1.3991520615708186e-14, "GO:0050868": -3.157630407146783e-15, "GO:0002703": -7.858297346174936e-15, "GO:0070663": -8.021361352916756e-15, "GO:0043537": 2.6524138788119878e-14, "GO:0042058": -1.4397857905912304e-13, "GO:0046006": -3.2537991398462474e-15, "GO:0050869": -3.0682921481339775e-15, "GO:0030510": -2.5308921625111225e-13}