{"GO:0001910": -0.0057284119222211875, "GO:0045648": -0.00417482929157148, "GO:0002886": -0.006040280757103084, "GO:0050853": 0.0316426750545233, "GO:0007179": -0.04620763812097371, "GO:0045619": 0.0300089158637449, "GO:0042110": 0.03000891586374476, "GO:0045765": -0.023052729922057424, "blood_platelet": -0.016105578267446796, "GO:0046649": 0.03000891586374463, "GO:0045620": 0.03112826342540881, "GO:0045581": 0.031128263425408767, "GO:0001525": -0.006025540962309728, "GO:0045907": -0.0042171210884127674, "GO:0050670": 0.1234073210495632, "GO:0032946": -0.02355726452763236, "GO:0002286": -0.003565169241507485, "GO:0050863": 0.03000891586374475, "GO:0002263": -0.003565169241507485, "GO:0090100": -0.04619069673154224, "GO:0050856": 0.08698418415567412, "GO:0030217": 0.03000891586374475, "GO:0048013": -0.056384735420812904, "GO:0045580": 0.03000891586374475, "GO:0070486": -0.007002649017998927, "GO:0032944": -0.02355726452763236, "GO:2000181": -0.020067289564014105, "GO:0043536": -0.005881243746976914, "GO:0060674": -0.007930970099852323, "GO:0033006": -0.006040280757103093, "GO:2000106": -0.005886823375715023, "GO:0030509": -0.04620763812097364, "GO:0002431": -0.05913581404943879, "GO:0002292": -0.003565169241507485, "GO:0002696": -0.02355726452763236, "GO:0030183": 0.02977107247837547, "GO:0046006": 0.03000891586374475, "GO:0071593": 0.03000891586374475, "GO:0016055": -0.046185048220762144, "GO:0030194": -0.004359850326751229, "GO:0019221": -0.04619069673154224, "GO:0001776": -0.0057284119222211945, "blood": -0.06377432138302809, "GO:0043370": 0.03112826342540866, "GO:0046634": 0.03164267505452342, "GO:0002260": 0.03000891586374475, "GO:0045621": 0.03000891586374475, "GO:0043114": -0.012107369246947842, "GO:0050671": 0.12340732104956352, "GO:0007188": -0.07282104730493724, "GO:0030098": 0.019843084167347348, "GO:0008217": -0.004134904509250456, "GO:0007166": -0.04620763812097364, "GO:0042130": 0.030585662548008423, "GO:0017015": -0.04620763812097364, "GO:0045191": 0.01802295964411447, "GO:0046651": 0.03113039776415609, "GO:0002709": 0.08698418415567412, "GO:0007178": -0.04620763812097364, "GO:0045637": -0.003307643705812697, "GO:0050869": 0.10359411765546929, "GO:0042129": 0.03000891586374475, "GO:0007596": -0.015195402149957677, "GO:0060828": -0.031963350824582945, "GO:0070229": 0.029052720618173215, "GO:0060334": -0.005976211393312165, "GO:0048008": -0.004055236862292368, "GO:0001890": -0.004496851021717135, "GO:0002688": -0.02355726452763236, "GO:0001570": -0.01754402582107114, "GO:0042113": 0.03164267505452342, "GO:0060070": -0.046185048220762144, "GO:0045622": -0.022874983557738513, "GO:0002690": -0.02355726452763236, "GO:0051250": 0.08698418415567412, "GO:0001974": -0.004258691009985044, "GO:0071346": -0.0058625086245120556, "natural_killer_cell": -0.49686765543768097, "GO:0002220": -0.017627126319671303, "GO:0030168": -0.006365386794652653, "GO:0090090": -0.031963350824582945, "GO:0045646": -0.004174829291571519, "GO:0045624": -0.0228749835577385, "GO:0002285": 0.031034207202251116, "GO:0002762": -0.005862921579017162, "GO:0030510": -0.04620763812097364, "GO:0045776": -0.004134904509250456, "GO:0045321": -0.0057284119222211945, "GO:0002708": 0.03000891586374475, "GO:0051251": 0.12340732104956352, "GO:0050870": 0.03000891586374475, "GO:0002706": 0.03000891586374475, "GO:0031295": 0.03162167095326802, "GO:0071594": 0.03000891586374475, "GO:0002685": -0.02355726452763236, "GO:0090092": -0.04620763812097364, "GO:0046631": 0.03112826342540866, "GO:0035567": -0.031119667190295436, "GO:0002312": -0.005862921579017162, "GO:0019229": -0.0061011383038162914, "GO:0050854": -0.01660443982130144, "GO:0050851": -0.17292567203614764, "GO:0033209": -0.045998258241428044, "placenta": -0.006484826762706018, "GO:0002889": 0.01802295964411447, "GO:0032945": -0.019728415205656838, "GO:0030099": -0.01716838092556793, "GO:0002573": -0.003565169241507485, "GO:0031294": 0.03162167095326802, "GO:2000107": -0.017621219404822478, "GO:0007219": -0.032569766659803615, "GO:0046635": 0.03164267505452342, "GO:0045830": 0.01802295964411447, "GO:0002711": 0.03112826342540866, "GO:0070489": 0.03000891586374475, "GO:0070665": -0.02355726452763236, "GO:0002429": -0.017627126319671303, "GO:0002703": -0.02355099458201299, "GO:0046638": 0.03164267505452342, "GO:0060333": -0.03081744424685482, "GO:0030177": -0.031119667190295436, "GO:0002891": 0.01802295964411447, "GO:0002763": -0.01661289444360556, "GO:0090101": -0.04620763812097364, "GO:0043537": -0.004456253344742315, "GO:0030193": -0.004402117266785488, "GO:0045058": 0.03164267505452342, "GO:0030097": -0.003307643705812697, "GO:0007186": -0.16344211478985488, "GO:0002223": -0.023061845318059725, "GO:0071887": -0.00547647485079298, "GO:0046632": 0.0303501498780991, "GO:0090263": -0.031119667190295436, "GO:0045909": -0.003836805567736396, "GO:0002576": -0.004624798949451023, "GO:0002433": -0.00603627127723407, "GO:0001568": -0.002634154454524317, "GO:0071675": -0.0062008766904969185, "GO:0030888": 0.12340732104956352, "GO:0048514": -0.017544025821071143, "GO:0001569": -0.01290774885902686, "GO:0002768": -0.017627126319671303, "GO:0030195": -0.004376629799901687, "GO:0002274": -0.006040280757103093, "GO:0002888": -0.006040280757103093, "GO:0070527": -0.018773745228881228, "GO:0032943": -0.005942491974897578, "GO:0070661": -0.005942491974897578, "GO:0070664": -0.019728415205656838, "GO:0002714": 0.0315016801570829, "GO:0019724": -0.002132299932948324, "GO:0003073": -0.003991863511748114, "GO:0043300": -0.006040280757103093, "GO:0007169": -0.16344211478985488, "GO:0002694": -0.03699264684725486, "GO:0070663": -0.02355726452763236, "GO:0042312": -0.005569378808845562, "GO:0002704": -0.01660443982130144, "GO:0010543": -0.004434656716835192, "GO:0001912": -0.0057284119222211945, "GO:0042102": 0.03000891586374475, "GO:0002695": -0.03699264684725486, "GO:0048010": -0.0563847354208129, "GO:0002761": -0.01661289444360556, "GO:0046637": 0.03164267505452342, "lymphocyte": 0.48372458195977225, "blood_vessel": -0.021871153849187315, "GO:0007159": -0.0057284119222211945, "GO:0030595": -0.006167993021695884, "GO:0030890": 0.12340732104956352, "GO:0050900": -0.0057284119222211945, "GO:0043372": 0.03112826342540866, "GO:0071674": -0.005556350726030738, "GO:0045766": -0.02311308122534133, "GO:0050880": -0.003801118194915601, "GO:0002449": 0.16426775009072161, "GO:0030512": -0.04620763812097364, "GO:0070232": 0.030838771684920847, "GO:0030178": -0.031963350824582945, "GO:0050672": 0.03058566254800843, "GO:0050871": 0.12340732104956352, "GO:0016525": -0.020067289564014112, "GO:0045638": -0.004174829291571519, "GO:0002687": -0.02355726452763236, "leukocyte": -0.11952450677444158, "GO:0045582": 0.030008915863744757, "GO:0007229": -0.04517413712418667, "GO:0002443": -0.003565169241507485, "GO:0007173": -0.16344211478985488, "GO:0045639": -0.003307643705812697, "GO:0002366": -0.003565169241507485, "GO:0043535": -0.005881243746976915, "GO:0007187": -0.07282104730493724, "GO:0002712": 0.0315016801570829, "GO:0050852": 0.03164267505452342, "GO:0002521": -0.005728411922221196, "GO:0043534": -0.002245163714894956, "GO:0050864": 0.1234073210495635, "GO:0042058": -0.16985759158791242, "GO:0050868": 0.08698418415567412, "GO:0002275": -0.006040280757103093, "GO:0001959": -0.20666956367936334, "GO:0060393": -0.04620763812097365, "GO:0007167": -0.04620763812097366, "GO:0002705": -0.023550994582012992, "GO:0030111": -0.03196335082458294, "GO:0070228": 0.030838771684920847, "GO:0051249": 0.12340732104956352, "GO:0030218": -0.002598272118162199}