{"name": "eigen", "eigen": 1, "normalized": false, "process_time": 0.004370212554931641, "data": {"0": -0.1942812154479917, "1": -0.17877812294626277, "2": -0.1490090409564081, "3": -0.006290840474373227, "4": 0.13747487377937123, "5": 0.2583490802712115, "6": 0.35860775952360485, "7": 0.43025055198059947, "8": -0.19953834980807877, "9": -0.21684170574300293, "10": -0.21684170574300365, "11": -0.1995383498080783, "12": -0.21684170574300282, "13": -0.21684170574300266, "14": -0.00683636293640856, "15": 0.14939627473012246, "16": 0.4675605650646938}}