{"name": "eigen", "eigen": 2, "normalized": true, "process_time": 0.005579948425292969, "data": {"0": 5.51323899524689e-16, "1": 6.358490199834438e-16, "2": 3.6578261235676586e-16, "3": 2.6818771984715993e-14, "4": 3.189237401441301e-14, "5": 9.904868725475995e-15, "6": -1.0398776954771612e-14, "7": -2.690907022498951e-14, "8": -0.5000000000000131, "9": -0.3535533905932835, "10": -0.35355339059328283, "11": 0.4999999999999865, "12": 0.35355339059326457, "13": 0.3535533905932643, "14": 1.8991274519913718e-14, "15": 2.2657795389013087e-14, "16": -2.353672812205332e-14}}