{"name": "fiedler", "normalized": false, "process_time": 0.011886119842529297, "data": {"0": -0.19428121790429587, "1": -0.17877812457800343, "2": -0.14900904132721682, "3": -0.006290842789453782, "4": 0.1374748710392165, "5": 0.25834907907583593, "6": 0.35860776021365676, "7": 0.4302505543512912, "8": -0.1995383701171482, "9": -0.21684173344167473, "10": -0.21684173344173044, "11": -0.19953832650930786, "12": -0.21684167380698138, "13": -0.2168416738071595, "14": -0.00683636624931144, "15": 0.14939627087733923, "16": 0.4675605684149437}}