{"name": "fiedler", "normalized": false, "process_time": 0.013450860977172852, "data": {"0": -0.19428121178910862, "1": -0.17877812042492977, "2": -0.14900904029806022, "3": -0.006290832706477625, "4": 0.13747488311814518, "5": 0.2583490844418261, "6": 0.35860775729373284, "7": 0.4302505440115086, "8": -0.19953833119397765, "9": -0.2168416805146135, "10": -0.21684168051464978, "11": -0.19953837646353723, "12": -0.21684174242149357, "13": -0.2168417424214924, "14": -0.006836351856303237, "15": 0.1493962880193406, "16": 0.4675605537200904}}