{"name": "eigen", "eigen": 2, "normalized": true, "process_time": 0.13297486305236816, "data": {"0": 0.05673036405648258, "1": 0.08020786427505948, "2": 0.1133420290546489, "3": 0.09772016133732983, "4": 0.097180994365819, "5": 0.07882469401471967, "6": 0.0782602010428294, "7": 0.09510727643586263, "8": 0.07696807509549844, "9": 0.07624111809930588, "10": 0.092436731659611, "11": 0.07458892719294245, "12": 0.07366455763099482, "13": 0.07270165025284574, "14": 0.08781507538546353, "15": 0.09987846741783665, "16": 0.10979099499780678, "17": 0.06796026601130628, "18": 0.09397032815459182, "19": 0.0647251063283174, "20": 0.06296929527056477, "21": 0.06118054165256975, "22": 0.05935978126571374, "23": 0.05750796664580789, "24": 0.055626066574770316, "25": 0.053715065573806384, "26": 0.06341234562124333, "27": 0.04967403890487527, "28": 0.05823187557884946, "29": 0.045368464688445534, "30": 0.04316706742850214, "31": 0.04094308719834858, "32": 0.03869768747936704, "33": 0.036432042958604784, "34": 0.04829162981145796, "35": 0.03180903737257413, "36": 0.029454094845410075, "37": 0.027083743327409107, "38": 0.02469922287449591, "39": 0.022301780955112628, "40": 0.019892671797601957, "41": 0.017473155734054675, "42": 0.015044498540962906, "43": 0.012607970777025822, "44": 0.012449344376805584, "45": 0.0077110872286687525, "46": 0.005253293262363401, "47": 0.005224758743983895, "48": 0.0003190533416224349, "49": -0.0026390940292254743, "50": -0.004626421106484217, "51": -0.011219145500395364, "52": -0.015076286207831887, "53": -0.011909584929765939, "54": -0.017486734232844938, "55": -0.020368967739415225, "56": -0.032852022221890945, "57": -0.021084029362714328, "58": -0.023189904684168323, "59": -0.039976957845273296, "60": -0.027271464741368347, "61": -0.029245014197729277, "62": -0.031203264044370384, "63": -0.033145189817490504, "64": -0.03506977559327348, "65": -0.04528618414709997, "66": -0.03872705630160264, "67": -0.04955052949726304, "68": -0.042125094938969695, "69": -0.05360746771419428, "70": -0.05556634798735438, "71": -0.046921678484994164, "72": -0.04844907661834857, "73": -0.07064156335768504, "74": -0.06288895218948544, "75": -0.08327142867449581, "76": -0.08504831519127898, "77": -0.05471595904989353, "78": -0.0556140158622505, "79": -0.05648297804904466, "80": -0.07020530440578561, "81": -0.058101823314980004, "82": -0.05885085949076257, "83": -0.05956910767732292, "84": -0.06025619212114497, "85": -0.07460135754996003, "86": -0.0969422360533463, "87": -0.06113101562254736, "88": -0.06091839690625951, "89": -0.07431005833964137, "90": -0.07389394507008161, "91": -0.05993126635269638, "92": -0.059497025997362646, "93": -0.07229872235588138, "94": -0.08273789134332533, "95": -0.08155851263987565, "96": -0.06949950868110363, "97": -0.05573254556281794, "98": -0.05468982327665543, "99": -0.05361848985882621, "100": -0.0742732316782906, "101": -0.0626050994773452, "102": -0.04963433279496417, "103": -0.04812584958013777, "104": -0.0736687195141511, "105": -0.04488778369062696, "106": -0.052859860074356474, "107": -0.04134160962837656, "108": -0.0395016962607882, "109": -0.037641117472010766, "110": -0.056542863201736265, "111": -0.03369327379868681, "112": -0.031608074239431176, "113": -0.029506338829086202, "114": -0.027389167096320527, "115": -0.02525766664535678, "116": -0.023112952576526125, "117": -0.020956146902900374, "118": -0.018788377963307817, "119": -0.016610779832039277, "120": -0.014424491725554558, "121": -0.014979434932355443, "122": -0.010011206451881999, "123": -0.009536498117594827, "124": -0.005549603814571119, "125": -0.004053643712533667, "126": -0.0018352121152372183, "127": 0.001196214233486828, "128": 0.004227038977963456, "129": 0.0057029000962278, "130": 0.009738502300369739, "131": 0.012461781831345685, "132": 0.012371899008254375, "133": 0.014562323365908444, "134": 0.016745129403988063, "135": 0.018919175181502833, "136": 0.0258216921330659, "137": 0.023214367664804395, "138": 0.031026789236557765, "139": 0.02742565892186819, "140": 0.029503702705924742, "141": 0.03156631154665568, "142": 0.03361240638456523, "143": 0.035640916799503965, "144": 0.0376507815706617, "145": 0.04855004926867752, "146": 0.041589637636274567, "147": 0.04351656830733137, "148": 0.04542073316583065, "149": 0.057931823779270954, "150": 0.04910726936747257, "151": 0.05088771208904845, "152": 0.05264153276389688, "153": 0.05436781387590166, "154": 0.06866612013566709, "155": 0.05767545966003285, "156": 0.05925509392815785, "157": 0.060803728730701626, "158": 0.07632677876530979, "159": 0.06367414104516637, "160": 0.07960157875876385, "161": 0.09368695936561569, "162": 0.06736027321634533, "163": 0.08381985184347679, "164": 0.0979565671530597, "165": 0.08566831328842595, "166": 0.11138617155310421, "167": 0.07065061490730568, "168": 0.08673333117888692, "169": 0.09828563593396832, "170": 0.05676008546146534, "171": 0.056760085461465305, "172": 0.09828563593396868, "173": 0.05676008546146558, "174": 0.056760085461465506, "175": 0.05643352312988453, "176": 0.056122153486801524, "177": 0.054924578624424104, "178": 0.07553355390185273, "179": 0.05342426269620164, "180": 0.0507133228199551, "181": 0.04995230005059001, "182": 0.04995230005059004, "183": 0.06949245966740854, "184": 0.04915144632941404, "185": 0.06949245966740847, "186": 0.049151446329413886, "187": 0.08515512353756444, "188": 0.0491771970903362, "189": 0.04917719709033623, "190": 0.08148727827295699, "191": 0.04705901157217546, "192": 0.04705901157217551, "193": 0.06649924471417558, "194": 0.04703436996126781, "195": 0.0820581889966781, "196": 0.03670713946197136, "197": 0.03670713946197118, "198": 0.03670713946197119, "199": 0.03670713946197126, "200": 0.03362898558907929, "201": 0.02415213253305469, "202": 0.02415213253305466, "203": 0.007189512933928985, "204": 0.001975289874439179, "205": 0.002794944486864852, "206": 0.0019768412946858938, "207": 0.0019752898744391546, "208": 0.002794944486864713, "209": 0.001976841294685861, "210": 0.002794944486864839, "211": 0.0019768412946859215, "212": -0.0015240803115963014, "213": -0.007101183628079797, "214": -0.005022608893703755, "215": -0.007101183628079641, "216": -0.005022608893703626, "217": -0.00870169471632138, "218": -0.005025240271017965, "219": -0.005025240271017941, "220": -0.01511186651049061, "221": -0.006760000413288711, "222": -0.006760000413288721, "223": -0.006760000413288706, "224": -0.0067600004132887005, "225": -0.015111866510490783, "226": -0.006760000413288815, "227": -0.006760000413288796, "228": -0.006760000413288799, "229": -0.006760000413288825, "230": -0.009542569600111609, "231": -0.0067493811528527015, "232": -0.010098612274992454, "233": -0.011763105958105416, "234": -0.04472757218033542, "235": -0.013489398935893935, "236": -0.01348939893589392, "237": -0.01348939893589388, "238": -0.013489398935893892, "239": -0.013489398935893899, "240": -0.013489398935893905, "241": -0.013489398935893892, "242": -0.013489398935893895, "243": -0.013489398935893902, "244": -0.013489398935893862, "245": -0.023260312614178085, "246": -0.013432861468466747, "247": -0.013432861468466726, "248": -0.02687277431889171, "249": -0.013439902720507175, "250": -0.013439902720507133, "251": -0.013439902720507147, "252": -0.023260312614178276, "253": -0.013432861468466855, "254": -0.013432861468466856, "255": -0.025303506273386643, "256": -0.017896962296265407, "257": -0.035822076928976244, "258": -0.017915724794871864, "259": -0.017915724794871867, "260": -0.01791572479487188, "261": -0.01788291680372325, "262": -0.06941185194306512, "263": -0.026242078348035228, "264": -0.026242078348035214, "265": -0.026242078348035235, "266": -0.02624207834803525, "267": -0.02624207834803522, "268": -0.026242078348035224, "269": -0.040489614068453625, "270": -0.028637971692310728, "271": -0.030958383897262784, "272": -0.032089639860118514, "273": -0.04999036079757589, "274": -0.03535777187179428, "275": -0.03533002317830617,