{"name": "eigen", "eigen": 5, "normalized": true, "process_time": 0.11631512641906738, "data": {"0": -0.03649700849489952, "1": -0.05152094173534628, "2": -0.07246488754852254, "3": -0.060807939164119265, "4": -0.05841805099885139, "5": -0.04540057122776253, "6": -0.04293830110717412, "7": -0.04938203296103749, "8": -0.037409543555702, "9": -0.03436311313847851, "10": -0.038202268413353585, "11": -0.027680425668410467, "12": -0.024068411811731603, "13": -0.020369083497873097, "14": -0.020325695655363962, "15": -0.01796358414663016, "16": -0.013708723844427992, "17": -0.004385166216539001, "18": -0.00011916992697501988, "19": 0.004218479018364963, "20": 0.008505920264533676, "21": 0.012762504060841857, "22": 0.016972788536569892, "23": 0.02112149978389024, "24": 0.02519358726796117, "25": 0.02917427842667755, "26": 0.04047675524183, "27": 0.0361952156848459, "28": 0.048022235995195214, "29": 0.04194014907727849, "30": 0.04451815779881984, "31": 0.046934665262478165, "32": 0.04918090495556825, "33": 0.05124872805626373, "34": 0.07513806175981505, "35": 0.05443395189179018, "36": 0.0555397973942955, "37": 0.056444157759381657, "38": 0.05714375218335485, "39": 0.057636042704514445, "40": 0.05791924341027217, "41": 0.05799232691601744, "42": 0.05785502809222369, "43": 0.057507845026274776, "44": 0.06975171549501419, "45": 0.05598282486948278, "46": 0.054810520188015896, "47": 0.09997591800159987, "48": 0.05031778430226525, "49": 0.057579728770860795, "50": 0.04336825544951908, "51": 0.06255859508924276, "52": 0.054720621312305276, "53": 0.027998186929409044, "54": 0.026070462445023285, "55": 0.01766104826935677, "56": 0.012902486557900703, "57": -0.00013033857813182087, "58": -0.007709458406410352, "59": -0.02412914329234164, "60": -0.022365664828612675, "61": -0.02938958220148092, "62": -0.03630688118021791, "63": -0.04309246745406473, "64": -0.049721724534538984, "65": -0.06879465801848395, "66": -0.06095614073711037, "67": -0.08024595032896087, "68": -0.06936969958891198, "69": -0.08936620199216773, "70": -0.09312352708929654, "71": -0.07855095995658731, "72": -0.08078191429433343, "73": -0.11698347875630516, "74": -0.10221028201077852, "75": -0.1316738585651409, "76": -0.12802733599115743, "77": -0.0765989017121081, "78": -0.07194832398027394, "79": -0.06703673489038005, "80": -0.07578960397581214, "81": -0.05627798024324139, "82": -0.05046984488164433, "83": -0.044478616961042605, "84": -0.03832603122728617, "85": -0.03923397665362449, "86": -0.039203027811638216, "87": -0.015870274374945592, "88": -0.006888803367945978, "89": 0.0025935914785187586, "90": 0.013595896895256143, "91": 0.020003767909759065, "92": 0.028833963591280362, "93": 0.046000874232423675, "94": 0.06507151772219592, "95": 0.07462460165147941, "96": 0.07219623625177823, "97": 0.06448489908570924, "98": 0.06978788228324943, "99": 0.0748376916898911, "100": 0.1125940380150301, "101": 0.09941217571170527, "102": 0.08183731520291368, "103": 0.08220804257517128, "104": 0.13009695482133277, "105": 0.08025319837801782, "106": 0.09545014680713924, "107": 0.0744783320393001, "108": 0.07075175593768884, "109": 0.06676850934146702, "110": 0.09888923307869692, "111": 0.05603013416025826, "112": 0.049313961839077526, "113": 0.04241889022686604, "114": 0.035369932998798814, "115": 0.028192662090359817, "116": 0.020913114928459223, "117": 0.013557699973860249, "118": 0.006153100917581436, "119": -0.0012738201211695277, "120": -0.008696120044356215, "121": -0.01970231461345441, "122": -0.023242744324946746, "123": -0.03712727977957117, "124": -0.03705492697754706, "125": -0.053473745682684475, "126": -0.08539799810053982, "127": -0.05314735390510572, "128": -0.06956225662449365, "129": -0.06003505383565691, "130": -0.07722625127050385, "131": -0.07922195284553674, "132": -0.06512941969739935, "133": -0.0653381117622123, "134": -0.06530977274220412, "135": -0.06504450544457963, "136": -0.07904904160466461, "137": -0.06333745940052438, "138": -0.07581400198839411, "139": -0.060016952918641606, "140": -0.057914305237555204, "141": -0.05560155827096919, "142": -0.053087102113234814, "143": -0.0503800586115362, "144": -0.04749024827400518, "145": -0.05441315454472455, "146": -0.041043565075196076, "147": -0.03751007924288001, "148": -0.03384051579009285, "149": -0.03680136294462373, "150": -0.025927840510001705, "151": -0.02171343398125774, "152": -0.01742025629318636, "153": -0.013063882070417629, "154": -0.010606431676291765, "155": -0.004161811131627939, "156": 0.00035159099437706565, "157": 0.004863717632117112, "158": 0.011461407286928224, "159": 0.013681312460624456, "160": 0.02199004005644871, "161": 0.03125120926233031, "162": 0.02591962279994641, "163": 0.03631034604877953, "164": 0.04611679641440117, "165": 0.04298528783577777, "166": 0.0584111747262985, "167": 0.037708702096668795, "168": 0.04695443474452179, "169": -0.06333122746505779, "170": -0.03663074502790081, "171": -0.036630745027900875, "172": -0.06333122746505822, "173": -0.03663074502790104, "174": -0.03663074502790111, "175": -0.035171276546343826, "176": -0.033788966625453436, "177": -0.028562539062632283, "178": -0.0313627900014612, "179": -0.022217140730597017, "180": -0.01175637051211656, "181": -0.008998113578216758, "182": -0.008998113578216747, "183": -0.008717625164172448, "184": -0.006175493478098971, "185": -0.008717625164172457, "186": -0.006175493478098981, "187": -0.010715990112590371, "188": -0.006198122431029483, "189": -0.006198122431029508, "190": -0.00010414944406283988, "191": -6.0239977700826675e-05, "192": -6.023997770083708e-05, "193": -8.472719784689484e-05, "194": -6.002004535262187e-05, "195": 0.05312319905425365, "196": 0.02380058828216096, "197": 0.023800588282160938, "198": 0.023800588282160966, "199": 0.023800588282160924, "200": 0.027776033290689596, "201": 0.03763730045424796, "202": 0.03763730045424796, "203": 0.0403443515596831, "204": 0.03785601145109323, "205": 0.05373194313105786, "206": 0.03806326357494117, "207": 0.03785601145109324, "208": 0.05373194313105783, "209": 0.03806326357494117, "210": 0.053731943131057856, "211": 0.038063263574941185, "212": 0.0333040815377344, "213": 0.03978214084507404, "214": 0.02818133914993744, "215": 0.03978214084507408, "216": 0.028181339149937472, "217": 0.04890150929011181, "218": 0.02828460445163388, "219": 0.028284604451633874, "220": 0.05562950230781266, "221": 0.024923477959555556, "222": 0.024923477959555584, "223": 0.024923477959555577, "224": 0.024923477959555563, "225": 0.05562950230781251, "226": 0.024923477959555494, "227": 0.024923477959555507, "228": 0.0249234779595555, "229": 0.024923477959555494, "230": 0.034797831713941824, "231": 0.024650495835104605, "232": 0.015079140272624837, "233": 0.010215140018203405, "234": 0.01816248423313961, "235": 0.005486146257030169, "236": 0.005486146257030165, "237": 0.005486146257030162, "238": 0.005486146257030157, "239": 0.00548614625703015, "240": 0.00548614625703016, "241": 0.005486146257030174, "242": 0.005486146257030174, "243": 0.005486146257030183, "244": 0.005486146257030169, "245": 0.009206998419873463, "246": 0.005325322516080208, "247": 0.005325322516080224, "248": 0.010670425832936595, "249": 0.005344907942032977, "250": 0.005344907942032981, "251": 0.005344907942032984, "252": 0.009206998419873404, "253": 0.0053253225160801825, "254": 0.005325322516080194, "255": -0.015344158153768593, "256": -0.010869674575474102, "257": -0.021859532102197283, "258": -0.010949627369276753, "259": -0.010949627369276746, "260": -0.010949627369276743, "261": -0.010810489867445426, "262": -0.10762556359910708, "263": -0.04075255971115924, "264": -0.040752559711159236, "265": -0.040752559711159236, "266": -0.04075255971115923, "267": -0.040752559711159236, "268": -0.04075255971115922, "269": -0.06587925254603899, "270": -0.0466683169760632, "271": -0.051689359109503036, "272": -0.053862593754225384, "273": -0.08317268123773669, "274": -0.058918838659245194, "275": -0.058598029214654845,