{"name": "eigen", "eigen": 3, "normalized": true, "process_time": 0.13297486305236816, "data": {"0": -0.05451930774139061, "1": -0.07706024100157113, "2": -0.10880276912863501, "3": -0.09335777819079324, "4": -0.09228758305856152, "5": -0.07431563464965878, "6": -0.07319838059080722, "7": -0.08818400976865168, "8": -0.07064970369345724, "9": -0.06922103794591235, "10": -0.08293664946113041, "11": -0.06599398006614814, "12": -0.06419907887940497, "13": -0.06233472883480154, "14": -0.07397819923269194, "15": -0.0825058730928591, "16": -0.0886838797114931, "17": -0.05335058380667969, "18": -0.07149534608997131, "19": -0.04743042226652365, "20": -0.04425469151889519, "21": -0.04103108722176092, "22": -0.03776309658460333, "23": -0.034454254832868, "24": -0.031108141383651304, "25": -0.027728375973581555, "26": -0.0297840986859403, "27": -0.020750402268550027, "28": -0.021016306694941596, "29": -0.013531951921615215, "30": -0.009889522777016359, "31": -0.006236395409426949, "32": -0.0025765216749748625, "33": 0.0010861392721707996, "34": 0.00671415603558791, "35": 0.008393700909211403, "36": 0.012030696473078228, "37": 0.015654677549137654, "38": 0.019261723810945392, "39": 0.02284793325168902, "40": 0.026409426405275608, "41": 0.02994235054303487, "42": 0.03344288384149913, "43": 0.03690723951675004, "44": 0.04939600589023221, "45": 0.04366882906127537, "46": 0.04695874842262578, "47": 0.09391161377975521, "48": 0.05294779442934773, "49": 0.06814534632912814, "50": 0.05821269314713698, "51": 0.09600986629103847, "52": 0.0991451722289325, "53": 0.06380271315603744, "54": 0.07940203926860248, "55": 0.08049021954319158, "56": 0.1151229687803943, "57": 0.06561979167911595, "58": 0.06470232059574108, "59": 0.10074203328747992, "60": 0.06217481299525758, "61": 0.06056751066871929, "62": 0.05889468801832534, "63": 0.05715815465917509, "64": 0.055359789126918926, "65": 0.06552573286322903, "66": 0.051177512960078705, "67": 0.059765255287768076, "68": 0.046260231664730145, "69": 0.053487417656485375, "70": 0.050202115640858275, "71": 0.03821872244072477, "72": 0.03540624510682687, "73": 0.046040381882681225, "74": 0.03620800448720199, "75": 0.04186211644737685, "76": 0.036662238886313606, "77": 0.019722702674286857, "78": 0.016236834052433514, "79": 0.012733400854890109, "80": 0.01128748511370059, "81": 0.005679042787133631, "82": 0.0021357491340544474, "83": -0.0014098549156944598, "84": -0.004953933821853336, "85": -0.01040133405625819, "86": -0.018906370401457248, "87": -0.015186715673089265, "88": -0.01839956420957189, "89": -0.026445314151599737, "90": -0.03026995537643097, "91": -0.027784641576064893, "92": -0.030823911395377532, "93": -0.04143291903053446, "94": -0.051990110540051364, "95": -0.055572358258944285, "96": -0.0510731755824899, "97": -0.04397109954494459, "98": -0.04619355908242193, "99": -0.04836604765497611, "100": -0.07139829013868522, "101": -0.063690380180003, "102": -0.053350821449563775, "103": -0.05464095174297385, "104": -0.08834134587590245, "105": -0.056679285604493854, "106": -0.0703313222597201, "107": -0.05792234317655109, "108": -0.05835674334397416, "109": -0.058728014736897066, "110": -0.093343725738251, "111": -0.058703321099934355, "112": -0.058307382782969125, "113": -0.05784836908844732, "114": -0.057326776565188295, "115": -0.05674316945812576, "116": -0.056098179097922425, "117": -0.055392503218013533, "118": -0.05462690519981747, "119": -0.05380221324692958, "120": -0.05291931948919367, "121": -0.06366123292097481, "122": -0.05081370796636349, "123": -0.06073910063349258, "124": -0.04821173662967232, "125": -0.057291178163353176, "126": -0.07801083534740963, "127": -0.04281291114310651, "128": -0.049651073349032945, "129": -0.03817923020602579, "130": -0.04381797590095257, "131": -0.04059063342794107, "132": -0.030327231792790732, "133": -0.02747954298037189, "134": -0.02460212752844615, "135": -0.02169809814860106, "136": -0.02298919160363963, "137": -0.015782122923334987, "138": -0.015648046937584217, "139": -0.0097433842595092, "140": -0.006699651562059025, "141": -0.0036486713595485637, "142": -0.0005937441213011985, "143": 0.0024618254135618245, "144": 0.005514731811099523, "145": 0.010485864507299977, "146": 0.011590087139599553, "147": 0.014605963912580597, "148": 0.01760604034185925, "149": 0.025213909654183412, "150": 0.02350122972748086, "151": 0.026389965424572642, "152": 0.029250153158209266, "153": 0.03207869885329105, "154": 0.0427099677804067, "155": 0.03755311169421271, "156": 0.04019305676568796, "157": 0.042789522056221954, "158": 0.055529563549588164, "159": 0.04764394654378458, "160": 0.061110671518897444, "161": 0.07359764492719434, "162": 0.05396077750734926, "163": 0.06836744840797884, "164": 0.08097507122673038, "165": 0.07158181923415186, "166": 0.09378932631216294, "167": 0.05967454320146037, "168": 0.07344421911426924, "169": -0.0944815364198239, "170": -0.05457846125009202, "171": -0.054578461250091984, "172": -0.09448153641982387, "173": -0.05457846125009196, "174": -0.054578461250091984, "175": -0.05392930801569601, "176": -0.05331109618545009, "177": -0.05094061488003326, "178": -0.06782757167031932, "179": -0.04798729156803393, "180": -0.04273444773624467, "181": -0.041275261787220005, "182": -0.04127526178722006, "183": -0.05617978747272418, "184": -0.03974660709935908, "185": -0.05617978747272406, "186": -0.03974660709935904, "187": -0.06888056106720367, "188": -0.0397897322116596, "189": -0.039789732211659615, "190": -0.06208472633137907, "191": -0.03586403183838111, "192": -0.035864031838381064, "193": -0.05063702554914032, "194": -0.03582516149885841, "195": -0.03863924640134048, "196": -0.01728934788914966, "197": -0.017289347889149854, "198": -0.017289347889149848, "199": -0.017289347889149785, "200": -0.012140336874636722, "201": 0.0033588947993707756, "202": 0.0033588947993707617, "203": 0.02853423108415588, "204": 0.035514462912918425, "205": 0.050279470267829404, "206": 0.03557219490852623, "207": 0.03551446291291845, "208": 0.0502794702678293, "209": 0.03557219490852617, "210": 0.05027947026782932, "211": 0.03557219490852617, "212": 0.03936502606680768, "213": 0.06082068016264483, "214": 0.04302998972920809, "215": 0.06082068016264489, "216": 0.04302998972920815, "217": 0.07457063763592722, "218": 0.043076677315263684, "219": 0.0430766773152637, "220": 0.09963028717212813, "221": 0.04458013174799021, "222": 0.0445801317479902, "223": 0.04458013174799022, "224": 0.044580131747990234, "225": 0.09963028717212799, "226": 0.04458013174799015, "227": 0.04458013174799016, "228": 0.04458013174799013, "229": 0.04458013174799013, "230": 0.0628068451999198, "231": 0.04443518054466623, "232": 0.045867597920331994, "233": 0.046496199096818805, "234": 0.15766859595699695, "235": 0.04756459742356946, "236": 0.047564597423569464, "237": 0.04756459742356946, "238": 0.04756459742356947, "239": 0.04756459742356947, "240": 0.04756459742356947, "241": 0.047564597423569485, "242": 0.047564597423569464, "243": 0.047564597423569464, "244": 0.0475645974235695, "245": 0.08162502915068083, "246": 0.047151736300546886, "247": 0.0471517363005469, "248": 0.09435484021063902, "249": 0.04720295155476045, "250": 0.047202951554760425, "251": 0.04720295155476045, "252": 0.08162502915068073, "253": 0.04715173630054682, "254": 0.04715173630054684, "255": 0.06381843056565381, "256": 0.045150866521563485, "257": 0.09044895173184084, "258": 0.04524895042210608, "259": 0.045248950422106075, "260": 0.045248950422106075, "261": 0.04507758879342735, "262": 0.10080117351214994, "263": 0.038119880962450566, "264": 0.03811988096245057, "265": 0.03811988096245057, "266": 0.03811988096245056, "267": 0.03811988096245055, "268": 0.03811988096245056, "269": 0.04887745240209947, "270": 0.03458028205583867, "271": 0.030897687130746698, "272": 0.028999890634741336, "273": 0.03260838811454493, "274": 0.023070090664929727, "275": 0.02303264899521091, "276": 0.029611770373554062, "277": 0.020950015219006045,