{"name": "eigen", "eigen": 1, "normalized": true, "process_time": 0.010339021682739258, "data": {"0": 0.18896308891219687, "1": 0.33380833314182634, "2": 0.12737700325506776, "3": 0.03445395015721714, "4": -0.005517198552134579, "5": -0.03841392808216751, "6": -0.06435498796629857, "7": -0.13232809026450032, "8": -0.14195274267724467, "9": -0.11128977976475107, "10": -0.1492120625253872, "11": -0.12627255821223715, "12": -0.06214234047472744, "13": -0.04323797851620996, "14": -0.01890375652771397, "15": 0.006475469450443562, "16": 0.18359044049271916, "17": 0.1569484404351084, "18": 0.11658876135167973, "19": 0.1627482520739296, "20": 0.11610807255090091, "21": 0.03073471816689969, "22": -0.008280155136277261, "23": -0.03778617618491349, "24": -0.056453921979195194, "25": -0.12675537878375556, "26": -0.13449493519447048, "27": -0.11346386299151337, "28": -0.1331823888709219, "29": -0.08813315202879832, "30": 0.022166174313634834, "31": -0.060686165693333946, "32": -0.017933500425171632, "33": 0.0011908493381046741, "34": 0.05549600780572093, "35": 0.04540520327897259, "36": -0.005844086122348136, "37": 0.1050285028152268, "38": 0.08036284245865818, "39": 0.013684450541095725, "40": -0.01991222296558347, "41": -0.042102815116164434, "42": -0.06059599976184753, "43": -0.12311951737630004, "44": -0.12378170008584845, "45": -0.0905009584737565, "46": -0.2594441834216944, "47": -0.13152857482643032, "48": -0.06364421516180888, "49": -0.0421468560559465, "50": -0.014688697769041591, "51": 0.022077968883166477, "52": 0.09956442610130012, "53": 0.1464041316631077, "54": 0.08530959807638741, "55": 0.08807884961511198, "56": 0.07045638026637532, "57": 0.012211255721174612, "58": -0.0030341657320804697, "59": -0.007461177285497722, "60": 0.01372739786922068, "61": -0.23957287006470412, "62": -0.15638363226708388, "63": -0.12341644436911038, "64": -0.13706443033340457, "65": -0.10725530813505228, "66": -0.05476920741261817, "67": -0.036658517345050705, "68": -0.006992373281061545, "69": 0.03316006893548225, "70": 0.13819264057729747, "71": 0.16481294065083668, "72": 0.11686246316512272, "73": 0.1556283952076571, "74": 0.09737801543569131, "75": 0.007253201986509151, "76": -0.02294994085400295, "77": -0.03834080458959385, "78": -0.05531293548700538, "79": -0.11223090245296326, "80": -0.10058944024785596, "81": -0.06823359007181569, "82": -0.10649016570898302, "83": -0.11643972463187356, "84": -0.058589748890429956, "85": -0.044218551327790956, "86": -0.008425234824708944, "87": 0.027389159441663473, "88": 0.11197273736612873, "89": 0.16732093962347933}}