{"name": "fiedler", "normalized": false, "process_time": 0.009506702423095703, "data": {"0": -0.2804791950321317, "1": -0.28047919503072677, "2": -0.2804791950292234, "3": -0.2804791950243473, "4": -0.2278604030701134, "5": 0.025362108174079162, "6": 0.2738266297159704, "7": 0.4709204193596692, "8": 0.5796680259368234}}