{"name": "fiedler", "normalized": true, "process_time": 0.014426231384277344, "data": {"0": -0.22418855646847113, "1": -0.22418855649257194, "2": -0.2241885563415756, "3": -0.2241885566112327, "4": -0.1587975871066227, "5": 0.17794424971000514, "6": 0.4237163676612313, "7": 0.5918513720408761, "8": 0.46070980897955166}}