{"directed": false, "multigraph": true, "graph": {}, "nodes": [{"cover": {"level": 0, "range": [0.0, 0.3333333333333333]}, "min_value": 0.023395630591848095, "max_value": 0.15151520422233755, "avg_value": 0.07650357006158884, "component_count": 67, "components": ["237", "172", "214", "240", "182", "225", "209", "216", "257", "269", "284", "319", "298", "229", "191", "239", "220", "270", "294", "312", "204", "311", "174", "197", "208", "256", "231", "223", "290", "299", "263", "244", "264", "305", "300", "222", "251", "280", "321", "281", "224", "276", "252", "210", "215", "245", "268", "258", "173", "310", "203", "320", "235", "181", "293", "230", "202", "285", "198", "246", "221", "192", "190", "275", "183", "282", "236"], "x": 275.0, "y": 293.30127018922195, "id": "mapper_node_0"}, {"cover": {"level": 0, "range": [0.0, 0.3333333333333333]}, "min_value": 0.00020930023568017228, "max_value": 0.09064710105645406, "avg_value": 0.03100362430019995, "component_count": 61, "components": ["144", "93", "110", "94", "124", "111", "105", "184", "126", "167", "138", "130", "119", "205", "136", "195", "219", "118", "148", "150", "217", "96", "125", "108", "196", "168", "157", "142", "143", "109", "194", "112", "149", "91", "102", "99", "131", "234", "177", "137", "176", "206", "207", "114", "218", "120", "233", "232", "100", "132", "186", "113", "166", "106", "103", "158", "175", "159", "185", "193", "97"], "x": 224.11809548974796, "y": 346.5925826289068, "id": "mapper_node_1"}, {"cover": {"level": 0, "range": [0.0, 0.3333333333333333]}, "min_value": 0.04363958228852316, "max_value": 0.13707870597182084, "avg_value": 0.10411489481358653, "component_count": 60, "components": ["60", "73", "40", "28", "67", "10", "37", "4", "7", "57", "22", "25", "54", "55", "87", "27", "82", "34", "45", "61", "52", "51", "72", "70", "81", "33", "78", "46", "58", "15", "85", "13", "49", "75", "84", "90", "30", "66", "43", "48", "1", "79", "64", "18", "88", "21", "3", "9", "19", "63", "69", "6", "31", "12", "36", "42", "24", "16", "76", "39"], "x": 211.17714323462195, "y": 394.8888739433603, "id": "mapper_node_2"}, {"cover": {"level": 0, "range": [0.0, 0.3333333333333333]}, "min_value": 0.0, "max_value": 0.32596260231892293, "avg_value": 0.09678835805031427, "component_count": 57, "components": ["345", "243", "213", "201", "123", "343", "336", "160", "147", "279", "352", "327", "255", "334", "162", "128", "180", "187", "117", "178", "265", "135", "116", "316", "297", "129", "151", "163", "141", "156", "171", "189", "211", "325", "309", "318", "228", "295", "241", "134", "267", "145", "164", "354", "154", "199", "165", "307", "140", "169", "277", "226", "153", "122", "146", "253", "155"], "x": 250.0, "y": 250.0, "id": "mapper_node_3"}, {"cover": {"level": 0, "range": [0.0, 0.3333333333333333]}, "min_value": 0.10600815362598645, "max_value": 0.31320958915890484, "avg_value": 0.20305168165058762, "component_count": 33, "components": ["273", "313", "340", "301", "272", "302", "303", "271", "315", "261", "342", "349", "359", "360", "260", "248", "333", "350", "287", "249", "286", "341", "331", "332", "314", "351", "288", "324", "323", "358", "259", "247", "322"], "x": 242.14960656355845, "y": 399.79443021318605, "id": "mapper_node_4"}, {"cover": {"level": 0, "range": [0.0, 0.3333333333333333]}, "min_value": 0.17345926134216919, "max_value": 0.3195628079472247, "avg_value": 0.24490652834427024, "component_count": 21, "components": ["382", "346", "373", "337", "355", "365", "328", "383", "364", "347", "374", "366", "329", "384", "339", "330", "348", "338", "357", "375", "356"], "x": 320.71067811865476, "y": 320.71067811865476, "id": "mapper_node_5"}, {"cover": {"level": 0, "range": [0.0, 0.3333333333333333]}, "min_value": 0.009061173453463559, "max_value": 0.12573687501026692, "avg_value": 0.07340814415626204, "component_count": 20, "components": ["80", "95", "59", "77", "86", "89", "83", "98", "92", "74", "56", "53", "65", "50", "104", "101", "107", "71", "68", "62"], "x": 196.24480756820498, "y": 390.0370639745803, "id": "mapper_node_6"}, {"cover": {"level": 0, "range": [0.0, 0.3333333333333333]}, "min_value": 0.015376899863462025, "max_value": 0.31763929433159693, "avg_value": 0.14520683304847426, "component_count": 17, "components": ["326", "152", "317", "212", "296", "227", "242", "308", "170", "179", "254", "335", "161", "266", "278", "188", "200"], "x": 274.99999999999994, "y": 206.69872981077805, "id": "mapper_node_7"}, {"cover": {"level": 0, "range": [0.0, 0.3333333333333333]}, "min_value": 0.12968806921015735, "max_value": 0.15943363317573006, "avg_value": 0.14898118327105542, "component_count": 16, "components": ["38", "2", "44", "5", "11", "20", "17", "26", "14", "47", "8", "32", "41", "35", "23", "29"], "x": 173.46331352698206, "y": 434.7759065022574, "id": "mapper_node_8"}, {"cover": {"level": 0, "range": [0.0, 0.3333333333333333]}, "min_value": 0.07869766165447681, "max_value": 0.12068390736290398, "avg_value": 0.10191427580282487, "component_count": 10, "components": ["289", "262", "274", "283", "292", "238", "304", "250", "291", "306"], "x": 275.88190451025207, "y": 346.5925826289068, "id": "mapper_node_9"}, {"cover": {"level": 0, "range": [0.0, 0.3333333333333333]}, "min_value": 0.00177315758297844, "max_value": 0.0037523299870419464, "avg_value": 0.0029036107672699204, "component_count": 5, "components": ["115", "121", "127", "133", "139"], "x": 181.90142503906804, "y": 383.6509786282552, "id": "mapper_node_10"}, {"cover": {"level": 1, "range": [0.3333333333333333, 0.6666666666666666]}, "min_value": 0.34603822483251634, "max_value": 0.45711654621756975, "avg_value": 0.4011079319893411, "component_count": 15, "components": ["393", "401", "408", "420", "419", "428", "402", "429", "392", "409", "421", "430", "407", "400", "391"], "x": 341.3142143513081, "y": 369.00300104368523, "id": "mapper_node_11"}, {"cover": {"level": 1, "range": [0.3333333333333333, 0.6666666666666666]}, "min_value": 0.3380940923414087, "max_value": 0.4797060906755103, "avg_value": 0.3890606875434058, "component_count": 14, "components": ["394", "378", "410", "396", "386", "368", "387", "367", "376", "385", "395", "369", "403", "377"], "x": 234.30818085443107, "y": 449.3834667466256, "id": "mapper_node_12"}, {"cover": {"level": 1, "range": [0.3333333333333333, 0.6666666666666666]}, "min_value": 0.4404237411789034, "max_value": 0.6429496452235386, "avg_value": 0.538980988630947, "component_count": 14, "components": ["399", "406", "397", "390", "418", "434", "445", "436", "416", "404", "388", "427", "425", "443"], "x": 163.3974596215561, "y": 200.00000000000006, "id": "mapper_node_13"}, {"cover": {"level": 1, "range": [0.3333333333333333, 0.6666666666666666]}, "min_value": 0.485932724372075, "max_value": 0.6134765774096824, "avg_value": 0.5291502450840228, "component_count": 11, "components": ["471", "457", "437", "439", "456", "448", "464", "455", "438", "447", "446"], "x": 361.11404660392043, "y": 416.29392246050907, "id": "mapper_node_14"}, {"cover": {"level": 1, "range": [0.3333333333333333, 0.6666666666666666]}, "min_value": 0.345413609540071, "max_value": 0.6356929374215485, "avg_value": 0.4851076408114201, "component_count": 10, "components": ["389", "380", "417", "362", "405", "426", "344", "398", "353", "371"], "x": 336.60254037844385, "y": 199.99999999999994, "id": "mapper_node_15"}, {"cover": {"level": 1, "range": [0.3333333333333333, 0.6666666666666666]}, "min_value": 0.47109675835872283, "max_value": 0.5899978451545449, "avg_value": 0.5434825311883166, "component_count": 7, "components": ["458", "413", "422", "431", "440", "465", "449"], "x": 227.12459533414952, "y": 498.9512318936654, "id": "mapper_node_16"}, {"cover": {"level": 1, "range": [0.3333333333333333, 0.6666666666666666]}, "min_value": 0.35309452234420124, "max_value": 0.41032857044846877, "avg_value": 0.38154743671631186, "component_count": 6, "components": ["372", "381", "370", "361", "363", "379"], "x": 200.0, "y": 250.0,