{"directed": false, "multigraph": true, "graph": {}, "nodes": [{"cover": {"level": 0, "range": [0.0, 0.5]}, "min_value": 0.0, "max_value": 0.4783459543623535, "avg_value": 0.040897120399250614, "component_count": 452, "components": ["93", "213", "346", "274", "294", "353", "174", "136", "292", "484", "85", "333", "163", "224", "141", "347", "408", "249", "420", "392", "137", "139", "173", "320", "181", "198", "65", "357", "24", "169", "183", "277", "193", "404", "247", "403", "279", "34", "447", "270", "449", "119", "256", "178", "402", "157", "109", "448", "475", "462", "176", "114", "218", "19", "378", "471", "50", "376", "307", "140", "453", "440", "273", "399", "362", "22", "257", "319", "105", "342", "147", "255", "443", "312", "406", "98", "263", "308", "150", "283", "189", "252", "427", "53", "9", "132", "429", "175", "259", "155", "302", "57", "396", "315", "216", "365", "180", "197", "205", "311", "367", "219", "260", "350", "211", "1", "127", "99", "332", "310", "88", "318", "232", "31", "285", "304", "431", "358", "282", "340", "73", "237", "476", "201", "209", "355", "191", "220", "439", "366", "102", "131", "482", "288", "164", "324", "354", "199", "381", "253", "55", "336", "438", "369", "204", "383", "70", "195", "118", "84", "280", "321", "326", "469", "341", "215", "421", "64", "258", "455", "235", "3", "458", "12", "387", "71", "97", "243", "172", "481", "337", "242", "405", "179", "261", "184", "138", "477", "422", "217", "297", "281", "48", "286", "413", "210", "309", "206", "56", "384", "474", "146", "28", "10", "54", "436", "385", "361", "349", "465", "359", "148", "244", "407", "377", "171", "276", "245", "134", "372", "202", "348", "6", "418", "275", "470", "110", "67", "214", "240", "229", "51", "33", "223", "125", "344", "152", "264", "300", "234", "207", "293", "389", "230", "233", "397", "192", "107", "153", "401", "182", "160", "167", "61", "121", "77", "250", "129", "464", "410", "317", "43", "91", "149", "329", "331", "395", "21", "267", "69", "480", "166", "165", "104", "101", "463", "170", "356", "278", "391", "345", "301", "437", "7", "111", "284", "388", "239", "45", "417", "78", "409", "13", "398", "335", "393", "112", "390", "379", "330", "100", "113", "158", "159", "236", "122", "266", "68", "39", "334", "271", "426", "27", "80", "394", "52", "72", "89", "46", "15", "49", "108", "305", "222", "196", "66", "194", "314", "18", "363", "145", "246", "42", "323", "62", "60", "382", "124", "419", "296", "269", "370", "126", "425", "130", "265", "360", "83", "316", "251", "371", "142", "287", "364", "445", "479", "254", "188", "203", "63", "106", "461", "133", "306", "322", "416", "272", "4", "25", "298", "87", "352", "82", "456", "95", "135", "116", "231", "290", "58", "248", "90", "151", "380", "289", "325", "79", "454", "47", "452", "120", "115", "339", "221", "386", "103", "190", "40", "37", "94", "303", "225", "343", "327", "162", "128", "187", "117", "59", "81", "368", "161", "30", "156", "74", "262", "478", "435", "177", "228", "241", "295", "444", "338", "186", "36", "375", "16", "76", "446", "144", "313", "123", "373", "434", "430", "328", "208", "86", "483", "299", "96", "75", "92", "168", "143", "374", "212", "227", "238", "468", "268", "351", "400", "485", "457", "154", "428", "291", "226", "185", "200"], "x": 250.0, "y": 250.0, "id": "mapper_node_0"}, {"cover": {"level": 1, "range": [0.5, 1.0]}, "min_value": 0.5056240309260092, "max_value": 1.0, "avg_value": 0.7289933879056748, "component_count": 15, "components": ["38", "2", "44", "11", "20", "5", "26", "17", "14", "8", "32", "41", "35", "23", "29"], "x": 0.0, "y": 250.00000000000003, "id": "mapper_node_1"}], "links": [{"value": 1, "source": "mapper_node_0", "target": "mapper_node_1", "key": 0}], "info": {"component_method": "connected_components", "link_method": "connectivity", "cover_overlap": 0.0, "cover_intervals": 2, "compute_time": 0.012490034103393555}}