{"directed": false, "multigraph": true, "graph": {}, "nodes": [{"cover": {"level": 0, "range": [0.0, 0.5]}, "min_value": 0.0, "max_value": 0.33905579399141633, "avg_value": 0.10540920526861033, "component_count": 58, "components": ["60", "73", "40", "28", "67", "10", "37", "4", "7", "57", "22", "25", "54", "55", "87", "27", "82", "34", "45", "61", "52", "51", "72", "70", "81", "33", "78", "46", "58", "15", "85", "13", "49", "75", "84", "30", "66", "43", "48", "1", "79", "64", "18", "21", "3", "9", "19", "63", "69", "6", "31", "12", "36", "42", "24", "16", "76", "39"], "x": 73.22330470336314, "y": 426.7766952966369, "id": "mapper_node_0"}, {"cover": {"level": 0, "range": [0.0, 0.5]}, "min_value": 0.06866952789699571, "max_value": 0.44420600858369097, "avg_value": 0.14008106819265617, "component_count": 36, "components": ["481", "362", "296", "242", "405", "426", "179", "353", "417", "484", "308", "344", "161", "152", "398", "335", "371", "380", "326", "317", "469", "462", "212", "475", "478", "227", "435", "254", "188", "389", "444", "170", "453", "266", "278", "200"], "x": 426.77669529663683, "y": 73.22330470336308, "id": "mapper_node_1"}, {"cover": {"level": 0, "range": [0.0, 0.5]}, "min_value": 0.16952789699570817, "max_value": 0.4721030042918455, "avg_value": 0.2552728387492336, "component_count": 70, "components": ["243", "345", "213", "399", "476", "201", "434", "343", "436", "370", "336", "160", "279", "361", "352", "255", "327", "388", "425", "162", "443", "180", "187", "406", "178", "265", "477", "483", "485", "316", "297", "171", "189", "211", "325", "445", "309", "454", "468", "479", "390", "427", "416", "228", "318", "241", "295", "267", "363", "379", "372", "397", "452", "418", "474", "354", "482", "480", "199", "381", "307", "463", "461", "169", "226", "277", "404", "470", "253", "334"], "x": 73.22330470336308, "y": 73.22330470336314, "id": "mapper_node_2"}, {"cover": {"level": 0, "range": [0.0, 0.5]}, "min_value": 0.34549356223175964, "max_value": 0.5, "avg_value": 0.42106069895769466, "component_count": 70, "components": ["401", "382", "346", "437", "373", "419", "337", "257", "269", "319", "430", "355", "298", "365", "438", "447", "456", "270", "312", "328", "465", "449", "311", "383", "402", "422", "299", "409", "407", "300", "464", "280", "393", "321", "281", "364", "347", "374", "408", "420", "439", "366", "448", "329", "392", "421", "268", "258", "400", "310", "455", "320", "384", "339", "330", "348", "457", "338", "471", "458", "428", "357", "431", "429", "375", "356", "282", "440", "391", "446"], "x": 426.7766952966369, "y": 426.77669529663683, "id": "mapper_node_3"}, {"cover": {"level": 1, "range": [0.5, 1.0]}, "min_value": 0.5, "max_value": 1.0, "avg_value": 0.75, "component_count": 234, "components": ["110", "93", "237", "340", "214", "240", "124", "274", "209", "17", "126", "229", "191", "220", "130", "294", "174", "360", "136", "223", "292", "83", "125", "333", "251", "264", "163", "224", "141", "142", "287", "249", "102", "131", "234", "137", "207", "139", "41", "35", "173", "203", "181", "293", "230", "164", "233", "288", "65", "198", "324", "106", "192", "107", "133", "183", "153", "193", "306", "247", "322", "403", "272", "182", "44", "14", "167", "369", "121", "119", "95", "204", "77", "135", "256", "116", "195", "231", "290", "250", "118", "248", "32", "129", "90", "151", "157", "289", "109", "410", "149", "91", "341", "215", "331", "176", "47", "395", "114", "29", "218", "120", "115", "235", "378", "50", "166", "165", "103", "104", "101", "221", "376", "386", "140", "190", "387", "71", "97", "273", "172", "301", "94", "303", "225", "20", "111", "257", "284", "105", "261", "184", "147", "342", "138", "239", "128", "59", "117", "368", "98", "263", "217", "150", "156", "74", "112", "262", "283", "252", "286", "413", "26", "210", "177", "206", "56", "38", "53", "113", "100", "132", "186", "11", "158", "175", "159", "236", "122", "259", "146", "23", "68", "155", "144", "313", "302", "123", "396", "271", "315", "216", "385", "8", "349", "80", "394", "359", "197", "205", "208", "86", "89", "367", "219", "260", "96", "148", "244", "108", "305", "222", "196", "92", "168", "377", "350", "143", "194", "276", "2", "238", "5", "127", "99", "332", "245", "314", "351", "88", "134", "145", "202", "232", "285", "246", "154", "304", "323", "291", "275", "358", "185", "62"], "x": 250.0, "y": 250.0, "id": "mapper_node_4"}], "links": [{"value": 4, "source": "mapper_node_0", "target": "mapper_node_4", "key": 0}, {"value": 1, "source": "mapper_node_1", "target": "mapper_node_4", "key": 0}, {"value": 4, "source": "mapper_node_2", "target": "mapper_node_4", "key": 0}, {"value": 23, "source": "mapper_node_3", "target": "mapper_node_4", "key": 0}], "info": {"component_method": "connected_components", "link_method": "connectivity", "cover_overlap": 0.0, "cover_intervals": 2, "compute_time": 0.011990070343017578}}