{"directed": false, "multigraph": true, "graph": {}, "nodes": [{"cover": {"level": 0, "range": [0.0, 0.125]}, "min_value": 0.0, "max_value": 0.1242424596932924, "avg_value": 0.060482801017975096, "component_count": 135, "components": ["340", "382", "346", "419", "269", "355", "360", "333", "300", "287", "364", "420", "439", "249", "408", "347", "366", "392", "234", "207", "320", "288", "233", "324", "357", "193", "247", "322", "403", "401", "272", "298", "167", "456", "369", "447", "449", "438", "270", "383", "195", "402", "248", "464", "280", "321", "448", "341", "329", "331", "421", "176", "395", "455", "218", "339", "378", "458", "386", "166", "387", "376", "356", "440", "391", "273", "301", "437", "303", "337", "319", "342", "261", "184", "312", "368", "422", "217", "409", "393", "281", "286", "413", "177", "206", "384", "330", "338", "186", "429", "175", "375", "259", "446", "313", "302", "396", "373", "271", "315", "385", "430", "365", "349", "465", "328", "394", "359", "311", "205", "367", "260", "219", "299", "407", "168", "377", "350", "194", "374", "332", "314", "268", "351", "400", "310", "232", "348", "457", "428", "431", "323", "358", "185", "282"], "x": 308.92556509887896, "y": 308.92556509887896, "id": "mapper_node_0"}, {"cover": {"level": 0, "range": [0.0, 0.125]}, "min_value": 0.10841533539499348, "max_value": 0.10895366426824311, "avg_value": 0.10868449983161829, "component_count": 2, "components": ["276", "294"], "x": 388.57826871709085, "y": 342.59503883660034, "id": "mapper_node_1"}, {"cover": {"level": 0, "range": [0.0, 0.125]}, "min_value": 0.1079588777301805, "max_value": 0.10892150898386312, "avg_value": 0.1084401933570218, "component_count": 2, "components": ["210", "225"], "x": 375.30663457982956, "y": 359.8909691833448, "id": "mapper_node_2"}, {"cover": {"level": 1, "range": [0.125, 0.25]}, "min_value": 0.13084411289290757, "max_value": 0.24877876201966015, "avg_value": 0.20367526948715442, "component_count": 219, "components": ["60", "73", "93", "67", "110", "214", "124", "296", "17", "126", "229", "191", "130", "353", "174", "51", "136", "33", "83", "484", "85", "125", "344", "152", "163", "371", "141", "142", "102", "131", "137", "254", "139", "173", "188", "203", "41", "35", "181", "63", "389", "230", "164", "65", "106", "192", "107", "133", "24", "183", "4", "182", "25", "44", "55", "14", "87", "82", "34", "61", "121", "119", "95", "135", "204", "77", "116", "70", "231", "256", "58", "118", "84", "90", "129", "32", "157", "380", "326", "109", "317", "469", "43", "91", "149", "462", "475", "215", "79", "64", "47", "114", "258", "29", "21", "115", "3", "19", "120", "69", "12", "50", "165", "103", "104", "101", "170", "140", "190", "71", "453", "278", "97", "172", "40", "481", "37", "94", "7", "362", "22", "242", "20", "111", "179", "257", "105", "405", "147", "138", "45", "128", "117", "59", "417", "81", "78", "98", "308", "150", "13", "161", "398", "30", "335", "156", "74", "112", "48", "478", "26", "435", "56", "53", "9", "38", "444", "100", "113", "132", "36", "158", "11", "159", "122", "146", "16", "266", "23", "76", "39", "155", "144", "68", "28", "10", "57", "123", "54", "216", "426", "8", "27", "80", "52", "86", "72", "89", "46", "15", "96", "148", "49", "244", "75", "108", "92", "143", "66", "212", "2", "1", "227", "5", "127", "99", "245", "18", "88", "134", "145", "202", "6", "31", "42", "246", "154", "200", "62"], "x": 250.0, "y": 291.6666666666667, "id": "mapper_node_3"}, {"cover": {"level": 1, "range": [0.125, 0.25]}, "min_value": 0.13477862958339756, "max_value": 0.17549498927562082, "avg_value": 0.1563439836066213, "component_count": 17, "components": ["237", "220", "289", "208", "262", "274", "283", "223", "238", "292", "304", "250", "291", "306", "222", "196", "235"], "x": 419.34305928991984, "y": 371.3495201807921, "id": "mapper_node_4"}, {"cover": {"level": 1, "range": [0.125, 0.25]}, "min_value": 0.12548906643479985, "max_value": 0.19046484972552294, "avg_value": 0.14709289284636998, "component_count": 18, "components": ["224", "293", "197", "285", "198", "240", "221", "252", "305", "209", "251", "263", "290", "284", "236", "275", "239", "264"], "x": 353.93370153781814, "y": 319.4462791274503, "id": "mapper_node_5"}, {"cover": {"level": 1, "range": [0.125, 0.25]}, "min_value": 0.15050169071643554, "max_value": 0.15050169071643554, "avg_value": 0.15050169071643554, "component_count": 1, "components": ["410"], "x": 319.4462791274503, "y": 353.93370153781814, "id": "mapper_node_6"}, {"cover": {"level": 1, "range": [0.125, 0.25]}, "min_value": 0.15761859685794055, "max_value": 0.15761859685794055, "avg_value": 0.15761859685794055, "component_count": 1, "components": ["471"], "x": 274.386290252016, "y": 372.5981600504038, "id": "mapper_node_7"}, {"cover": {"level": 2, "range": [0.25, 0.375]}, "min_value": 0.27496915024557084, "max_value": 0.3661079900708014, "avg_value": 0.32053926012639766, "component_count": 8, "components": ["180", "171", "178", "153", "169", "160", "151", "162"], "x": 250.0, "y": 250.0, "id": "mapper_node_8"}, {"cover": {"level": 3, "range": [0.375, 0.5]}, "min_value": 0.3956160459596646, "max_value": 0.4885713975686343, "avg_value": 0.441889204845385, "component_count": 8, "components": ["213", "187", "201", "189", "211", "199", "226", "228"], "x": 250.0, "y": 208.33333333333334, "id": "mapper_node_9"}, {"cover": {"level": 4, "range": [0.5, 0.625]}, "min_value": 0.5193782593076341, "max_value": 0.605724348937945, "avg_value": 0.5629891569814327, "component_count": 8, "components": ["243", "267", "265", "255", "277", "279", "253", "241"], "x": 308.92556509887896, "y": 191.07443490112104, "id": "mapper_node_10"}, {"cover": {"level": 5, "range": [0.625, 0.75]}, "min_value": 0.6348644510337657, "max_value": 0.7332791276894227, "avg_value": 0.6858899215917048, "component_count": 10, "components": ["325", "307", "316", "309", "336", "297", "327", "318", "334", "295"], "x": 365.4849415639108, "y": 202.1645709543637, "id": "mapper_node_11"}, {"cover": {"level": 6, "range": [0.75, 0.875]}, "min_value": 0.7544056359920002, "max_value": 0.8712696504480364, "avg_value": 0.8146078569929809, "component_count": 14, "components": ["345", "388", "399", "372", "397", "354", "381", "343", "370", "390", "361", "352", "363", "379"], "x": 413.46421340053837, "y": 217.48494633064522, "id": "mapper_node_12"}, {"cover": {"level": 6, "range": [0.75, 0.875]}, "min_value": 0.8290823721856133, "max_value": 0.8290823721863407, "avg_value": 0.829082372185977, "component_count": 2, "components": ["483", "485"], "x": 499.69886405129307, "y": 237.73308141814547, "id": "mapper_node_13"}, {"cover": {"level": 7, "range": [0.875, 1.0]}, "min_value": 0.8864320746824706, "max_value": 1.0, "avg_value": 0.9539573476623519, "component_count": 22, "components": ["476", "434", "436", "425", "443", "406", "477", "445", "479", "468", "454", "427", "452", "482", "474", "418", "480", "461", "463", "404", "470", "416"], "x": 457.330151390041, "y": 229.57976243134155, "id": "mapper_node_14"}], "links": [{"value": 18, "source": "mapper_node_0", "target": "mapper_node_3", "key": 0}, {"value": 2, "source": "mapper_node_0", "target": "mapper_node_4", "key": 0}, {"value": 8, "source": "mapper_node_0", "target": "mapper_node_5", "key": 0}, {"value": 1, "source": "mapper_node_0", "target": "mapper_node_6", "key": 0}, {"value": 1, "source": "mapper_node_0", "target": "mapper_node_7", "key": 0}, {"value": 8, "source": "mapper_node_1", "target": "mapper_node_5", "key": 0}, {"value": 6, "source": "mapper_node_1", "target": "mapper_node_4", "key": 0}, {"value": 8, "source": "mapper_node_2", "target": "mapper_node_5", "key": 0}, {"value": 6, "source": "mapper_node_2", "target": "mapper_node_4", "key": 0}, {"value": 4, "source": "mapper_node_3", "target": "mapper_node_8", "key": 0}, {"value": 4, "source": "mapper_node_8", "target": "mapper_node_9", "key": 0}, {"value": 4, "source": "mapper_node_9", "target": "mapper_node_10",