{"directed": false, "multigraph": true, "graph": {}, "nodes": [{"cover": {"level": 0, "range": [0.0, 0.25]}, "min_value": 0.09444230760829572, "max_value": 0.19046484972552294, "avg_value": 0.1408987425062873, "component_count": 71, "components": ["110", "144", "237", "240", "124", "225", "209", "111", "284", "126", "184", "167", "138", "239", "220", "130", "294", "119", "197", "205", "208", "136", "195", "223", "290", "118", "148", "125", "150", "263", "305", "222", "251", "264", "196", "168", "157", "224", "142", "109", "143", "112", "194", "276", "149", "252", "131", "210", "177", "137", "176", "206", "207", "114", "235", "120", "293", "285", "113", "132", "186", "198", "166", "221", "158", "175", "159", "236", "275", "185", "193"], "x": 417.47955647415915, "y": 334.3021243102387, "id": "mapper_node_0"}, {"cover": {"level": 0, "range": [0.0, 0.25]}, "min_value": 0.07847084885602429, "max_value": 0.24877876201966015, "avg_value": 0.16326329084036595, "component_count": 65, "components": ["172", "214", "123", "182", "337", "216", "257", "319", "269", "298", "147", "191", "229", "270", "328", "312", "128", "117", "311", "135", "174", "204", "116", "256", "231", "299", "244", "129", "300", "280", "163", "321", "281", "141", "156", "283", "329", "215", "245", "268", "258", "173", "310", "203", "320", "134", "339", "145", "181", "330", "164", "202", "338", "230", "246", "154", "165", "192", "140", "190", "122", "282", "183", "146", "155"], "x": 387.8001975544305, "y": 323.6557401290621, "id": "mapper_node_1"}, {"cover": {"level": 0, "range": [0.0, 0.25]}, "min_value": 0.19231848537829813, "max_value": 0.23092532708630967, "avg_value": 0.2017997178448342, "component_count": 64, "components": ["60", "73", "93", "40", "28", "67", "10", "37", "4", "7", "57", "94", "22", "25", "54", "55", "87", "27", "82", "34", "45", "61", "52", "51", "72", "70", "81", "33", "78", "46", "58", "15", "85", "13", "96", "49", "75", "84", "90", "30", "66", "43", "48", "91", "1", "79", "64", "18", "88", "21", "3", "9", "19", "63", "69", "6", "31", "12", "36", "42", "24", "16", "76", "39"], "x": 472.61218081118943, "y": 363.770896781586, "id": "mapper_node_2"}, {"cover": {"level": 0, "range": [0.0, 0.25]}, "min_value": 0.0, "max_value": 0.15050169071643554, "avg_value": 0.03708363568594879, "component_count": 53, "components": ["313", "340", "273", "301", "302", "272", "396", "303", "271", "315", "385", "342", "261", "349", "369", "394", "359", "360", "368", "367", "219", "248", "217", "260", "333", "377", "350", "287", "410", "249", "286", "341", "331", "332", "234", "395", "314", "351", "218", "378", "288", "232", "324", "233", "386", "387", "376", "323", "358", "259", "247", "322", "403"], "x": 447.36341871314534, "y": 344.335801548827, "id": "mapper_node_3"}, {"cover": {"level": 0, "range": [0.0, 0.25]}, "min_value": 0.02288586060358316, "max_value": 0.15761859685794055, "avg_value": 0.04907596151394352, "component_count": 41, "components": ["401", "382", "346", "437", "373", "419", "430", "355", "365", "438", "447", "456", "383", "402", "409", "407", "464", "393", "364", "347", "374", "408", "420", "439", "366", "448", "392", "421", "400", "455", "384", "348", "471", "457", "428", "357", "429", "375", "356", "391", "446"], "x": 421.414329194412, "y": 325.9827463759356, "id": "mapper_node_4"}, {"cover": {"level": 0, "range": [0.0, 0.25]}, "min_value": 0.20950015579706163, "max_value": 0.21345720817865374, "avg_value": 0.21063889645936842, "component_count": 20, "components": ["80", "95", "59", "77", "86", "89", "83", "98", "92", "74", "56", "53", "65", "50", "104", "101", "107", "71", "68", "62"], "x": 444.1711669631243, "y": 350.742843022115, "id": "mapper_node_5"}, {"cover": {"level": 0, "range": [0.0, 0.25]}, "min_value": 0.24020073800256367, "max_value": 0.24235264792332584, "avg_value": 0.24141040510228237, "component_count": 20, "components": ["481", "362", "405", "426", "353", "417", "484", "344", "398", "335", "371", "380", "475", "469", "462", "478", "435", "389", "444", "453"], "x": 433.3616543401208, "y": 369.28984121732265, "id": "mapper_node_6"}, {"cover": {"level": 0, "range": [0.0, 0.25]}, "min_value": 0.21400123223543713, "max_value": 0.23212670399268528, "avg_value": 0.22074735913420077, "component_count": 16, "components": ["38", "2", "44", "5", "11", "20", "17", "26", "14", "47", "8", "32", "41", "35", "23", "29"], "x": 471.6739552641236, "y": 365.58831064411015, "id": "mapper_node_7"}, {"cover": {"level": 0, "range": [0.0, 0.25]}, "min_value": 0.2364801550181438, "max_value": 0.2400231829001889, "avg_value": 0.23830747515724968, "component_count": 16, "components": ["326", "317", "212", "296", "227", "242", "308", "170", "179", "161", "254", "152", "266", "278", "188", "200"], "x": 408.4100434843201, "y": 350.31205372883073, "id": "mapper_node_8"}, {"cover": {"level": 0, "range": [0.0, 0.25]}, "min_value": 0.13515413865740739, "max_value": 0.1721514641982946, "avg_value": 0.15701212053494612, "component_count": 9, "components": ["289", "262", "274", "292", "304", "238", "250", "291", "306"], "x": 445.7935021656289, "y": 347.552380851099, "id": "mapper_node_9"}, {"cover": {"level": 0, "range": [0.0, 0.25]}, "min_value": 0.19267742973858085, "max_value": 0.19369039691056975, "avg_value": 0.19316115071116122, "component_count": 8, "components": ["100", "106", "103", "102", "99", "105", "108", "97"], "x": 444.98886007767385, "y": 349.1509301298245, "id": "mapper_node_10"}, {"cover": {"level": 0, "range": [0.0, 0.25]}, "min_value": 0.1166388380313988, "max_value": 0.1232323402426236, "avg_value": 0.11956456369608735, "component_count": 7, "components": ["458", "413", "431", "422", "440", "465", "449"], "x": 475.3372117615055, "y": 358.273454713288, "id": "mapper_node_11"}, {"cover": {"level": 0, "range": [0.0, 0.25]}, "min_value": 0.21468036684392056, "max_value": 0.23658259025297262, "avg_value": 0.22561686545462992, "component_count": 5, "components": ["115", "121", "127", "133", "139"], "x": 443.3404775519509, "y": 352.3280129777939, "id": "mapper_node_12"}, {"cover": {"level": 1, "range": [0.25, 0.5]}, "min_value": 0.3956160459596646, "max_value": 0.4266096540449862, "avg_value": 0.41110415627153896, "component_count": 4, "components": ["189", "187", "199", "201"], "x": 294.19417382415924, "y": 294.19417382415924, "id": "mapper_node_13"}, {"cover": {"level": 1, "range": [0.25, 0.5]}, "min_value": 0.3355783275134087, "max_value": 0.3661079900708014, "avg_value": 0.3508311692945867, "component_count": 4, "components": ["180", "171", "169", "178"], "x": 336.6137061729331, "y": 285.87657178422717, "id": "mapper_node_14"}, {"cover": {"level": 1, "range": [0.25, 0.5]}, "min_value": 0.4567880710700862, "max_value": 0.4885713975686343, "avg_value": 0.47267425341923114, "component_count": 4, "components": ["211", "213", "226", "228"], "x": 250.0, "y": 281.25, "id": "mapper_node_15"}, {"cover": {"level": 1, "range": [0.25, 0.5]}, "min_value": 0.27496915024557084, "max_value": 0.3055562336500762, "avg_value": 0.29024735095820864, "component_count": 4, "components": ["160", "162", "151", "153"], "x": 353.93370153781814, "y": 319.4462791274503, "id": "mapper_node_16"}, {"cover": {"level": 2, "range": [0.5, 0.75]}, "min_value": 0.6872770735747905, "max_value": 0.7332791276894227, "avg_value": 0.7103740769547704, "component_count": 6, "components": ["325", "316", "336", "327", "318", "334"], "x": 285.87657178422717, "y": 163.38629382706688, "id": "mapper_node_17"}, {"cover": {"level": 2, "range": [0.5, 0.75]}, "min_value": 0.5773324468571276, "max_value": 0.605724348937945, "avg_value": 0.5915250100116739, "component_count": 4, "components": ["267", "277", "265", "279"], "x": 250.0, "y": 218.75, "id": "mapper_node_18"}, {"cover": {"level": 2, "range": [0.5, 0.75]}, "min_value": 0.6348644510337657, "max_value": 0.6634665180176518, "avg_value": 0.6491636885471064, "component_count": 4, "components": ["297", "309", "295", "307"], "x": 294.19417382415924,