{"0": 0.09243314087550901, "1": 0.09243314087550902, "2": 0.09243314087550898, "3": 0.09243314087550898, "4": 0.09243314087550898, "5": 0.09243314087550902, "6": 0.09243314087550898, "7": 0.09243314087550897, "8": 0.09243314087550902, "9": 0.09243314087550895, "10": 0.09243314087550898, "11": 0.09243314087550908, "12": 0.09243314087550897, "13": 0.09243314087550894, "14": 0.09243314087550894, "15": 0.09243314087550897, "16": 0.09243314087550897, "17": 0.09243314087550898, "18": 0.092433140875509, "19": 0.09243314087550897, "20": 0.09243314087550898, "21": 0.09243314087550897, "22": 0.09243314087550898, "23": 0.09243314087550895, "24": 0.09243314087550895, "25": 0.09243314087550897, "26": 0.09243314087550897, "27": 0.092433140875509, "28": 0.09243314087550897, "29": 0.09243314087550898, "30": 0.09243314087550895, "31": 0.09243314087550897, "32": 0.09243314087550895, "33": 0.09243314087550893, "34": 0.09243314087550895, "35": 0.092433140875509, "36": 0.092433140875509, "37": 0.092433140875509, "38": 0.09243314087550894, "39": 0.092433140875509, "40": 0.092433140875509, "41": 0.092433140875509, "42": 0.09243314087550902, "43": 0.09243314087550904, "44": 0.092433140875509, "45": 0.092433140875509, "46": 0.092433140875509, "47": 0.09243314087550901, "48": 0.092433140875509, "49": 0.09237096297506783, "50": 0.08926210977882063, "51": 0.08609321177048278, "52": 0.08286640060351555, "53": 0.07958384688839071, "54": 0.07624775873246023, "55": 0.07286038025461311, "56": 0.06942399007569613, "57": 0.06594089978573443, "58": 0.06241345238897031, "59": 0.05884402072777269, "60": 0.05523500588647607, "61": 0.0515888355762176, "62": 0.04790796250186396, "63": 0.044194862712129475, "64": 0.040452033933984874, "65": 0.03668199389249055, "66": 0.03288727861717163, "67": 0.029070440736083152, "68": 0.025234047758709015, "69": 0.021380680348848616, "70": 0.01751293058865877, "71": 0.01363340023501219, "72": 0.009744698969347631, "73": 0.005849442642190905, "74": 0.0019502515135246183, "75": -0.0019502515098073407, "76": -0.005849442638476137, "77": -0.009744698965637896, "78": -0.013633400231309982, "79": -0.017512930584966672, "80": -0.021380680345169052, "81": -0.025234047755044852, "82": -0.029070440732437218, "83": -0.03288727861354611, "84": -0.03668199388888792, "85": -0.04045203393040745, "86": -0.04419486270857984, "87": -0.04790796249834539, "88": -0.051588835572731806, "89": -0.05523500588302573, "90": -0.05884402072435894, "91": -0.062413452385595154, "92": -0.06594089978240024, "93": -0.06942399007240437, "94": -0.07286038025136364, "95": -0.07624775872925352, "96": -0.0795838468852266, "97": -0.08286640060039793, "98": -0.08609321176741663, "99": -0.08926210977581159, "100": -0.09237096297211955, "101": -0.09243314087256198, "102": -0.09243314087256198, "103": -0.09243314087256199, "104": -0.09243314087256199, "105": -0.09243314087256198, "106": -0.09243314087256198, "107": -0.09243314087256199, "108": -0.09243314087256199, "109": -0.09243314087256198, "110": -0.09243314087256196, "111": -0.09243314087256196, "112": -0.09243314087256196, "113": -0.09243314087256198, "114": -0.09243314087256198, "115": -0.09243314087256198, "116": -0.09243314087256198, "117": -0.09243314087256198, "118": -0.09243314087256198, "119": -0.09243314087256198, "120": -0.09243314087256199, "121": -0.09243314087256196, "122": -0.09243314087256198, "123": -0.09243314087256198, "124": -0.09243314087256198, "125": -0.092433140872562, "126": -0.09243314087256198, "127": -0.09243314087256198, "128": -0.09243314087256198, "129": -0.09243314087256199, "130": -0.09243314087256199, "131": -0.09243314087256199, "132": -0.09243314087256199, "133": -0.09243314087256199, "134": -0.09243314087256199, "135": -0.09243314087256199, "136": -0.09243314087256199, "137": -0.092433140872562, "138": -0.092433140872562, "139": -0.092433140872562, "140": -0.092433140872562, "141": -0.092433140872562, "142": -0.092433140872562, "143": -0.092433140872562, "144": -0.092433140872562, "145": -0.09243314087256199, "146": -0.09243314087256199, "147": -0.09243314087256198, "148": -0.09243314087256199, "149": -0.09243314087256199}