{"name": "fiedler", "normalized": false, "process_time": 0.05753493309020996, "data": {"0": -0.09243328511714899, "1": -0.09243328511714889, "2": -0.09243328511714885, "3": -0.09243328511714884, "4": -0.09243328511714885, "5": -0.09243328511714884, "6": -0.09243328511714889, "7": -0.09243328511714885, "8": -0.09243328511714888, "9": -0.09243328511714884, "10": -0.09243328511714884, "11": -0.09243328511714888, "12": -0.09243328511714888, "13": -0.09243328511714889, "14": -0.09243328511714888, "15": -0.09243328511714888, "16": -0.09243328511714893, "17": -0.09243328511714888, "18": -0.0924332851171489, "19": -0.09243328511714889, "20": -0.09243328511714888, "21": -0.09243328511714889, "22": -0.09243328511714885, "23": -0.09243328511714885, "24": -0.09243328511714888, "25": -0.09243328511714893, "26": -0.09243328511714893, "27": -0.09243328511714895, "28": -0.09243328511714884, "29": -0.09243328511714888, "30": -0.09243328511714888, "31": -0.09243328511714889, "32": -0.09243328511714884, "33": -0.09243328511714885, "34": -0.0924332851171488, "35": -0.09243328511714884, "36": -0.09243328511714888, "37": -0.09243328511714885, "38": -0.09243328511714885, "39": -0.09243328511714889, "40": -0.09243328511714888, "41": -0.09243328511714888, "42": -0.0924332851171489, "43": -0.0924332851171489, "44": -0.09243328511714888, "45": -0.09243328511714888, "46": -0.09243328511714889, "47": -0.09243328511714889, "48": -0.0924332851171488, "49": -0.09237110646221121, "50": -0.08926221554511042, "51": -0.08609327926392396, "52": -0.08286642947353179, "53": -0.07958383698762629, "54": -0.07624771011749656, "55": -0.07286029318558727, "56": -0.06942386501483626, "57": -0.06594073739481289, "58": -0.06241325352569468, "59": -0.05884378644113292, "60": -0.0552347374110745, "61": -0.051588534325619044, "62": -0.047907630061002335, "63": -0.04419450082881067, "64": -0.04045164450954066, "65": -0.036681578971628555, "66": -0.032886840377084746, "67": -0.029069981474875453, "68": -0.02523356988320335, "69": -0.021380186361844324, "70": -0.017512423075705646, "71": -0.01363288185077489, "72": -0.009744172423634666, "73": -0.005848910685721432, "74": -0.00194971692351033, "75": 0.0019507859441896902, "76": 0.00584997413064488, "77": 0.009745224746123249, "78": 0.013633917562152131, "79": 0.017513436773921028, "80": 0.021381172759645486, "81": 0.02523452383571047, "82": 0.029070898006413794, "83": 0.03288771470713587, "84": 0.03668240653976463, "85": 0.04045242099921175, "86": 0.04419522218986098, "87": 0.0479082925307981, "88": 0.05158913444867736, "89": 0.05523527205709069, "90": 0.058844252821312365, "91": 0.06241364920730378, "92": 0.06594106031387299, "93": 0.06942411348689372, "94": 0.07286046591450474, "95": 0.07624780620221748, "96": 0.07958385592687903, "97": 0.08286637116844749, "98": 0.08609314401855496, "99": 0.08926200406484644, "100": 0.09237081985010115, "101": 0.09243299700224523, "102": 0.09243299700224518, "103": 0.09243299700224517, "104": 0.09243299700224515, "105": 0.0924329970022453, "106": 0.09243299700224517, "107": 0.09243299700224522, "108": 0.0924329970022452, "109": 0.09243299700224511, "110": 0.09243299700224517, "111": 0.09243299700224523, "112": 0.09243299700224515, "113": 0.0924329970022452, "114": 0.09243299700224515, "115": 0.09243299700224515, "116": 0.09243299700224515, "117": 0.09243299700224518, "118": 0.09243299700224517, "119": 0.09243299700224515, "120": 0.09243299700224518, "121": 0.09243299700224517, "122": 0.09243299700224512, "123": 0.09243299700224511, "124": 0.0924329970022452, "125": 0.0924329970022452, "126": 0.0924329970022452, "127": 0.09243299700224511, "128": 0.0924329970022452, "129": 0.09243299700224518, "130": 0.09243299700224517, "131": 0.0924329970022452, "132": 0.09243299700224522, "133": 0.09243299700224522, "134": 0.09243299700224526, "135": 0.0924329970022452, "136": 0.09243299700224518, "137": 0.09243299700224512, "138": 0.0924329970022452, "139": 0.09243299700224515, "140": 0.09243299700224523, "141": 0.09243299700224515, "142": 0.0924329970022452, "143": 0.09243299700224518, "144": 0.09243299700224518, "145": 0.09243299700224518, "146": 0.0924329970022452, "147": 0.0924329970022452, "148": 0.09243299700224522, "149": 0.0924329970022452}}