{"0": 0.0, "1": -0.13340027575619323, "2": -0.14053550049444538, "3": -0.1242905124902387, "4": -0.032146437017032244, "5": -0.02552636440708388, "6": -0.03744817433406605, "7": -0.07597423819722679, "8": -0.028199741123266196, "9": -0.14050767224646116, "10": -0.001979637990614621, "11": 0.48614972212655816, "12": 0.7379466294525452, "13": -0.2319204751709244, "14": -0.016976077189568922, "15": -0.017052002601227835, "16": -0.04547685522692477, "17": -0.029365075569785307, "18": -0.04145502354240642, "19": -0.018777411607508843, "20": -0.011910576323501215, "21": -0.0170956270501797, "22": -0.07349652884218645, "23": -0.04269548215189569, "24": -0.043554083217650565, "25": -0.031103496522085182, "26": -0.030957158248871304, "27": -0.0048174638946494154, "28": -0.03138122470293016, "29": -0.030435789489853583, "30": -0.038907362924591266, "31": -0.0251199224322395, "32": -0.03183001747561651, "33": 0.03309211159615147, "34": 0.02721940164845146, "35": -0.00856549706291102, "36": -0.007855010465240408, "37": -0.001575322707732576, "38": -0.0001989765242663357, "39": 0.017111248164648037, "40": -0.016222568151370825, "41": 0.02167417908194007, "42": 0.05061350011961217, "43": 0.010402592782356123, "44": -0.015444673852199275, "45": 0.014756408546646364, "46": 0.012938445578134077, "47": -0.012780109203293265, "48": -0.021832182205575677, "49": -0.0007737396228848438, "50": 0.004501281623465862, "51": 0.017030156736067364, "52": -0.009082887622083202, "53": 0.0243624505476329, "54": -0.030298033421653266, "55": 0.018048632539688827, "56": -0.0018627401070684827, "57": -0.0010795313965413311, "58": 0.005526042201348142, "59": 0.010624686752244289, "60": -0.13255446961654233, "61": -0.026413346157905224, "62": 0.009267841254510098, "63": 0.03630837356753182, "64": -0.020938604831858203, "65": 0.014938474978358977, "66": -0.02100283578909633, "67": 0.06690030644083099, "68": -0.022188482779602916, "69": 0.037517405786972706, "70": -0.010978445421234703, "71": -0.0066380479875581344, "72": -0.0045323706361312995, "73": 0.020496856771457954, "74": 0.004327858309021542, "75": 0.0912205956256887, "76": 0.00314180147311151, "77": 0.0215919419543637, "78": -0.008337294721653711, "79": -0.0037152432125006998, "80": -0.013398513737227735, "81": 0.036020443982896055, "82": -0.026210189295602076, "83": 0.0014520572972551475, "84": 0.0013407455194810855, "85": 0.07485786191342168, "86": -0.008106306506020249, "87": -0.015692552956841365, "88": -0.0006362439291248187, "89": -0.009858380871762319, "90": -0.04766744077789518, "91": 0.012758408454873919, "92": -0.005365424687860154, "93": 0.00598519134867242, "94": 0.017096625913127737, "95": 0.018527127024566697, "96": 0.005220285871086646, "97": 0.015133716385644255, "98": 0.03736355553213851, "99": 0.04267670959796064}