{"0": 0.0, "1": -0.026439758186522406, "2": 0.05155315180800561, "3": -0.05743097801373839, "4": -0.005383211580612564, "5": -0.05654006310566906, "6": -0.011063927922615433, "7": 0.04034698542192981, "8": 0.015586695915662389, "9": 0.0424112165628385, "10": -0.06378756220404595, "11": 0.018599587471857765, "12": 0.04991404856885005, "13": 0.010009809666570673, "14": 0.11125328702881415, "15": -0.010884359908608747, "16": -0.0049664973355550215, "17": 0.03516163302092132, "18": 0.03141525077914809, "19": 0.02232298687430341, "20": 0.027249499116660206, "21": 0.03201630202617736, "22": -0.003070937272260055, "23": 0.12040238732845904, "24": -0.07567718387335369, "25": -0.06421579126892775, "26": -0.12511803953982564, "27": -0.16731764144071565, "28": 0.06504979129827833, "29": 0.06018428839301934, "30": 0.08551594564239448, "31": -0.01970876507471213, "32": -0.2915043242526766, "33": -0.5105135672156058, "34": -0.593944918608699, "35": 0.1472941105605019, "36": 0.059764854802686035, "37": 0.02880086893300129, "38": 0.01890238973286238, "39": 0.0017873695764201152, "40": -0.018606605375803394, "41": -0.014188853318280343, "42": -0.029214538833383617, "43": -0.005357952665819073, "44": 0.028459806215588534, "45": 0.16208289061634995, "46": -0.004805539858057956, "47": -0.008461144976933711, "48": -0.019544515596463814, "49": 0.02756196637531798, "50": 0.013129684525109188, "51": -0.003030467331761124, "52": 0.005000496351652026, "53": 0.007809256849486058, "54": 0.053971713024511585, "55": 0.03294845491927212, "56": 0.0015845907697631242, "57": -0.011996574213170502, "58": 0.044446686168283844, "59": -0.0304822405353532, "60": 0.11593305275312646, "61": -0.026652065788061056, "62": 0.19305282565488294, "63": 0.02085027814714551, "64": 0.008573323650652519, "65": 0.04416689003668128, "66": 0.010549587148468414, "67": 0.025570593072821703, "68": 0.009901085458331248, "69": -0.09510058837981239, "70": 0.04501892850175673, "71": 0.049154041950880585, "72": 0.009209541831711895, "73": 0.06693681513657643, "74": 0.00749130533297656, "75": 0.012222910435356685, "76": 0.011694529438323345, "77": 0.09168288279003341, "78": -0.00605632018533506, "79": 0.010712310687228145, "80": 0.003226251308296773, "81": 0.059555609360637224, "82": 0.03327516874171507, "83": 0.015880148842547, "84": -0.06825877548292866, "85": -0.03857153868185481, "86": -0.012922482644085508, "87": -0.03448122355578401, "88": 0.03536106823319636, "89": 0.02111442547525178, "90": 0.022963798422570472, "91": 0.010974840478626943, "92": 0.00700113017612369, "93": 0.0351130151499691, "94": 0.023316941261821027, "95": 0.007058664686617231, "96": -0.08708919340551763, "97": 0.038458752209379395, "98": 0.00679499189176206, "99": 0.09703443302238488}