{"3": -0.6779192194392384, "4": -0.39545287800622275, "1": 0.35779069914848727, "0": 0.35779069914848705, "2": 0.35779069914848705}