{"3": 0.0, "4": -4.163336342344337e-17, "1": -0.2830723957668181, "0": -0.521715273329528, "2": 0.8047876690963461}