{"3": -0.5834599659915785, "4": 0.8022574532384199, "1": -0.07293249574894733, "0": -0.07293249574894722, "2": -0.07293249574894722}