{"Meyer, R.": 1.136006254182648, "Briskin, M.": 1.409360765359034, "Landers, H.": 1.2730190485487496, "Solomon, J.": 1.272012523595111, "Levine, J.E.": 1.5450315264535037, "Turman-Foster": 1.6860697809741636, "Brunner, R.": 1.2716770152769024, "Frontiere, D.": 1.2720128434246218, "Seltzer, W.": 1.2770447676133174, "Anderson, B.": 1.543018507006186, "Myrow, F.": 1.2720127215847208, "Preminger, O.": 1.2770447523833124, "Jacobs, A.": 1.4133864082736147, "David, S.": 1.2777156624091122, "Jarre, M.": 1.8183862051590973, "Walsh, B.": 1.2720124931350123, "Baker, B.": 1.5433542590036904, "Miller, R.": 1.2716770305071226, "Bruns, G.": 1.4073480657412778, "Towers, I.": 1.1360062694126403, "Sherman, R/R": 1.4083544993148862, "Hibler, W.": 1.685398825258412, "Lewis, E.": 1.2797285143263872, "Mancini, H.": 2.226740278034197, "Edwards, B.": 1.279393112618429, "Devol, F.": 1.4073482028111965, "Small, M.": 1.816708831099717, "Chartoff-Winkler": 1.6867407214599228, "Arthur, R.": 1.4140573792193587, "Phillips, S.": 1.4070125878834463, "Karlin, F.": 1.8163733227819008, "Wise, R.": 1.4130509608757174, "Hamlisch, M.": 1.5450316939829896, "Jones, Q.": 1.6810380243153082, "Mandel, J.": 1.5467092508022025, "Grusin, D.": 1.9530504869900194, "Fielding, J.": 1.8177152799033178, "Rosenberg, A.": 1.4157347075887998, "Shire, D.": 1.4090256225604907, "Conrad, W.": 1.1370126877563955, "Goldsmith, J.": 3.5800929885604855, "Bernstein, E.": 2.6320751263383566, "Dorfman, R.": 1.1413740065188098, "Rosenman, L.": 1.8140249473168297, "Dehaven, C.": 1.413721916591469, "Schwartz, M.": 1.4167411107024488, "Previn, A.": 1.2730192313082784, "Schifrin, L.": 2.9024102149537128, "North, A.": 1.8167088615596891, "Mizzy, V.": 1.6810380547752424, "Fryer-Cresson": 1.2803994548121465, "Montagne, E.": 1.5500636181717231, "Hefti, N.": 1.682379966206733, "Radnitz, R.": 1.2740254364324315, "Lyles, A.C.": 1.135670791554619, "Haskell, J.": 1.2716771523469477, "Aldrich, R.": 1.2720125388252173, "Fried, J.": 1.4086900533226923, "Arkoff, S.": 1.2716771066571224, "Baxter, L.": 1.2713415526491265, "Bernstein, C.": 1.409360948118525, "Katzman, S.": 1.1356708372447353, "Karger, F.": 1.2726837534503836, "Pressman, E": 1.2736900499544404, "Corman, R.": 1.2716770761971756, "Wallis, H.": 1.9597595415583817, "Barry, J.": 1.5450318919728019, "Rosenthal, L.": 1.2733549223859273, "Jewison, N.": 1.546708900512884, "Williams, J.": 2.0890567107124176, "Legrand, M.": 2.0883857702266586, "Allen, I.": 1.2760383797295975, "Mirisch, W.": 2.092746540709801, "Weintraub-Heller": 1.139696647689384, "Frankovich, M.": 1.4120445577620178, "Kastner, E.": 1.8240888109238589, "Delaurentis, D.": 1.4113736629662483, "Lang, J.": 1.4133864235035818, "Relyea, R.": 1.5500635877117257, "Levy-Gardner": 1.5460379447971198, "Daley, R.": 1.412715498247815, "Ransohoff, M.": 1.9567402865274324, "Howard, S.": 1.4123799899299607, "Wolper, D.": 1.9587531079847227, "Scharf, W.": 1.5453672632207753, "Lawrence, D.": 1.139696647689384, "Beckerman, S.": 1.2763737966675355, "Castle, W.": 1.4093607805890012, "Fox, C.": 1.4090254702606555, "Hunter, R.": 1.1390257376635715, "Ruddy, A.": 1.1360063455626148, "Zanuck-Brown": 1.5463734531149866, "Williams, P.": 1.4080189300771384, "Pakula, A.": 1.6837214511989937, "Foreman, J.": 1.9577467201010914, "Koch, H.": 2.0927465407098396, "Riddle, N.": 1.1376839785316504, "Stark, R.": 1.410031721074735, "Brooks, R.": 1.547379856228661, "Kramer, S.": 1.2740255735022996, "Joffe, C.": 1.2736900347244606}