{"name": "eigen", "eigen": 4, "normalized": false, "process_time": 0.10421514511108398, "data": {"0": -7.515314917007704e-20, "1": -0.0016766703339658913, "2": -0.0016207427894969358, "3": -0.001620742789496925, "4": -0.0016207427894968358, "5": -0.0016207427894969382, "6": -0.0016207427894968961, "7": -0.0016207427894969898, "8": -0.0016207427894969811, "9": -0.0016207427894969787, "10": -0.001620742789496878, "11": -0.0016207427894968946, "12": -0.001620742789496899, "13": -0.0016207427894969191, "14": -0.0016207427894969467, "15": -0.001620742789496921, "16": -0.0016207427894968404, "17": -0.0016207427894969655, "18": -0.001620742789496967, "19": -0.0016207427894969313, "20": -0.001620742789496942, "21": -0.0016207427894969334, "22": -0.0016207427894969345, "23": -0.0016207427894969339, "24": -0.0016207427894968816, "25": -0.001620742789497004, "26": -0.0016207427894969137, "27": -0.0016207427894969206, "28": -0.0016207427894969206, "29": -0.0031520579255990278, "30": -0.04905986033376902, "31": -0.05070063592616797, "32": -0.05064590569801952, "33": -0.05064590569801964, "34": -0.050645905698019605, "35": -0.05064590569801965, "36": -0.05064590569801957, "37": -0.05064590569801965, "38": -0.05064590569801965, "39": -0.05064590569801963, "40": -0.050645905698019626, "41": -0.05064590569801963, "42": -0.05064590569801963, "43": -0.05064590569801962, "44": -0.05064590569801963, "45": -0.05064590569801963, "46": -0.05064590569801963, "47": -0.05064590569801962, "48": -0.05064590569801963, "49": -0.05064590569801963, "50": -0.05064590569801963, "51": -0.05064590569801963, "52": -0.05064590569801963, "53": -0.050645905698019626, "54": -0.05064590569801964, "55": -0.05064590569801963, "56": -0.05064590569801963, "57": -0.05064590569801963, "58": -0.05064590569801963, "59": -0.0511303901040851, "60": -0.0656549081860384, "61": -0.06617402418615403, "62": -0.06615670838912892, "63": -0.06615670838912893, "64": -0.06615670838912893, "65": -0.06615670838912893, "66": -0.06615670838912893, "67": -0.06615670838912893, "68": -0.06615670838912893, "69": -0.06615670838912893, "70": -0.06615670838912895, "71": -0.06615670838912893, "72": -0.06615670838912893, "73": -0.06615670838912892, "74": -0.06615670838912892, "75": -0.06615670838912893, "76": -0.06615670838912892, "77": -0.06615670838912893, "78": -0.06615670838912895, "79": -0.06615670838912893, "80": -0.06615670838912892, "81": -0.06615670838912893, "82": -0.06615670838912893, "83": -0.06615670838912893, "84": -0.06615670838912892, "85": -0.06615670838912893, "86": -0.06615670838912893, "87": -0.06615670838912893, "88": -0.06615670838912893, "89": -0.06527375994183063, "90": -0.038803556716153445, "91": -0.03785749393161045, "92": -0.03788905110023283, "93": -0.03788905110023283, "94": -0.03788905110023282, "95": -0.037889051100232815, "96": -0.03788905110023282, "97": -0.03788905110023282, "98": -0.03788905110023283, "99": -0.03788905110023283, "100": -0.03788905110023283, "101": -0.03788905110023283, "102": -0.037889051100232836, "103": -0.03788905110023282, "104": -0.03788905110023282, "105": -0.03788905110023282, "106": -0.037889051100232815, "107": -0.037889051100232836, "108": -0.037889051100232815, "109": -0.03788905110023282, "110": -0.03788905110023282, "111": -0.03788905110023282, "112": -0.03788905110023283, "113": -0.037889051100232836, "114": -0.03788905110023283, "115": -0.03788905110023283, "116": -0.03788905110023283, "117": -0.03788905110023283, "118": -0.037889051100232836, "119": -0.03622295103431845, "120": 0.013725613317325486, "121": 0.015510808446791102, "122": 0.015451260915015499, "123": 0.015451260915015499, "124": 0.01545126091501549, "125": 0.015451260915015495, "126": 0.015451260915015506, "127": 0.015451260915015504, "128": 0.01545126091501549, "129": 0.015451260915015492, "130": 0.015451260915015495, "131": 0.015451260915015506, "132": 0.015451260915015499, "133": 0.015451260915015513, "134": 0.015451260915015495, "135": 0.015451260915015492, "136": 0.015451260915015502, "137": 0.015451260915015506, "138": 0.015451260915015502, "139": 0.015451260915015495, "140": 0.015451260915015495, "141": 0.015451260915015506, "142": 0.015451260915015499, "143": 0.0154512609150155, "144": 0.015451260915015502, "145": 0.015451260915015492, "146": 0.01545126091501551, "147": 0.0154512609150155, "148": 0.015451260915015506, "149": 0.016797989562436527, "150": 0.05717201263948779, "151": 0.05861500725384072, "152": 0.05856687427037477, "153": 0.05856687427037478, "154": 0.05856687427037477, "155": 0.05856687427037478, "156": 0.05856687427037478, "157": 0.058566874270374776, "158": 0.05856687427037478, "159": 0.05856687427037478, "160": 0.05856687427037477, "161": 0.058566874270374776, "162": 0.058566874270374776, "163": 0.05856687427037477, "164": 0.05856687427037477, "165": 0.05856687427037477, "166": 0.05856687427037477, "167": 0.05856687427037477, "168": 0.05856687427037477, "169": 0.05856687427037477, "170": 0.05856687427037477, "171": 0.05856687427037477, "172": 0.05856687427037477, "173": 0.05856687427037476, "174": 0.05856687427037477, "175": 0.05856687427037477, "176": 0.05856687427037476, "177": 0.05856687427037476, "178": 0.05856687427037477, "179": 0.058703048917359266, "180": 0.06278547365109217, "181": 0.06293138224417548, "182": 0.06292651527112608, "183": 0.06292651527112608, "184": 0.06292651527112607, "185": 0.06292651527112607, "186": 0.06292651527112607, "187": 0.06292651527112605, "188": 0.06292651527112605, "189": 0.06292651527112607, "190": 0.06292651527112607, "191": 0.06292651527112605, "192": 0.06292651527112608, "193": 0.06292651527112607, "194": 0.06292651527112607, "195": 0.06292651527112607, "196": 0.06292651527112607, "197": 0.06292651527112607, "198": 0.06292651527112607, "199": 0.06292651527112607, "200": 0.06292651527112607, "201": 0.06292651527112607, "202": 0.06292651527112607, "203": 0.06292651527112605, "204": 0.06292651527112605, "205": 0.06292651527112607, "206": 0.06292651527112607, "207": 0.06292651527112607, "208": 0.06292651527112607, "209": 0.061762023871920514, "210": 0.026851351469879846, "211": 0.02560362066625279, "212": 0.025645240368463527, "213": 0.025645240368463534, "214": 0.025645240368463527, "215": 0.02564524036846352, "216": 0.025645240368463516, "217": 0.025645240368463516, "218": 0.025645240368463527, "219": 0.025645240368463513, "220": 0.025645240368463516, "221": 0.025645240368463516, "222": 0.025645240368463516, "223": 0.025645240368463516, "224": 0.025645240368463516, "225": 0.02564524036846353, "226": 0.02564524036846353, "227": 0.025645240368463527, "228": 0.025645240368463534, "229": 0.025645240368463537, "230": 0.025645240368463523, "231": 0.025645240368463523, "232": 0.025645240368463523, "233": 0.025645240368463523, "234": 0.02564524036846353, "235": 0.02564524036846351, "236": 0.025645240368463516, "237": 0.025645240368463527, "238": 0.025645240368463523, "239": 0.023950672049378882, "240": -0.02685135146989499, "241": -0.028667049801385118, "242": -0.02860648479518238, "243": -0.02860648479518239, "244": -0.028606484795182376, "245": -0.028606484795182383, "246": -0.028606484795182383, "247": -0.02860648479518238, "248": -0.028606484795182383, "249": -0.028606484795182376, "250": -0.028606484795182376, "251": -0.028606484795182387, "252": -0.028606484795182373, "253": -0.02860648479518238, "254": -0.02860648479518238, "255": -0.028606484795182394, "256": -0.028606484795182376, "257": -0.02860648479518239, "258": -0.02860648479518238, "259": -0.02860648479518238, "260": -0.02860648479518238, "261": -0.02860648479518238, "262": -0.02860648479518238, "263": -0.028606484795182376, "264": -0.028606484795182376, "265": -0.028606484795182376, "266": -0.02860648479518238, "267": -0.028606484795182383, "268": -0.02860648479518237, "269": -0.029709768449708674, "270": -0.06278547365110734, "271": -0.06396762149851067, "272": -0.06392818940207216, "273": -0.06392818940207218, "274": -0.06392818940207218, "275": -0.06392818940207218,