{"name": "eigen", "eigen": 1, "normalized": false, "process_time": 0.00890207290649414, "data": {"Myriel": -0.10052893667664362, "Napoleon": -0.22558342921162408, "Mlle.Baptistine": -0.0782107412659118, "Mme.Magloire": -0.0800366861513448, "CountessdeLo": -0.22558342921162863, "Geborand": -0.22558342921163851, "Champtercier": -0.22558342921164715, "Cravatte": -0.2255834292116572, "Count": -0.13907882461768445, "OldMan": -0.22558342921164598, "Labarre": -0.0013269784531337522, "Valjean": -0.0005913543089282741, "Marguerite": 0.002827228783919347, "Mme.deR": -0.0013269784531423912, "Isabeau": -0.0013269784531423356, "Gervais": -0.0013269784531462214, "Tholomyes": 0.005052035130331867, "Listolier": 0.004807585692748556, "Fameuil": 0.0048075856927485006, "Blacheville": 0.004805783765780627, "Favourite": 0.0047563287274173666, "Dahlia": 0.004754649190520641, "Zephine": 0.004754587995484935, "Fantine": 0.0037528686630003416, "Mme.Thenardier": 0.005965883529073623, "Thenardier": 0.007401249482666822, "Cosette": 0.0050805612526327315, "Javert": 0.005947110380354989, "Fauchelevent": 8.695053692996113e-05, "Bamatabois": 0.0007353768191686039, "Perpetue": 0.0036103037359130966, "Simplice": 0.002538316780975401, "Scaufflaire": -0.0013269784531416001, "Woman1": 0.001948120861663953, "Judge": -0.00010706527631202875, "Champmathieu": -0.00010706527631202528, "Brevet": -0.00013584266910689896, "Chenildieu": -0.00013584266910693713, "Cochepaille": -0.00013584266910693713, "Pontmercy": 0.014972891884579127, "Boulatruelle": 0.01660814581299301, "Eponine": 0.011478709814801988, "Anzelma": 0.009835660300551607, "Woman2": 0.0020815021650213428, "MotherInnocent": -9.591911076206605e-05, "Gribier": 0.00012029350827579, "Jondrette": 0.7291843309636146, "Mme.Burgon": 0.32495350252109334, "Gavroche": 0.03276743129886913, "Gillenormand": 0.009995068767414992, "Magnon": 0.01104075382949097, "Mlle.Gillenormand": 0.01030335168588359, "Mme.Pontmercy": 0.017484469460955752, "Mlle.Vaubois": 0.023120361982451973, "Lt.Gillenormand": 0.010665487209769278, "Marius": 0.01173258020218047, "BaronessT": 0.015029781375868287, "Mabeuf": 0.024081599825977813, "Enjolras": 0.02062204257809267, "Combeferre": 0.022646019236312293, "Prouvaire": 0.02370054873767567, "Feuilly": 0.023135137269702274, "Courfeyrac": 0.02221761105293623, "Bahorel": 0.02408765934228535, "Bossuet": 0.022413674724811435, "Joly": 0.023282821120999275, "Grantaire": 0.024132725070070846, "MotherPlutarch": 0.02954024618945615, "Gueulemer": 0.010196107990491483, "Babet": 0.009979010834192035, "Claquesous": 0.00967198272329503, "Montparnasse": 0.01123393003967101, "Toussaint": 0.004503337501514784, "Child1": 0.045332776625759436, "Child2": 0.04533277662575946, "Brujon": 0.011882166132251733, "Mme.Hucheloup": 0.026300564800425398}}