{"name": "eigen", "eigen": 4, "normalized": false, "process_time": 0.007531881332397461, "data": {"Myriel": 0.00023374799439296245, "Napoleon": 0.009180995036965034, "Mlle.Baptistine": -0.0013213456240241338, "Mme.Magloire": -0.0011918918179867604, "CountessdeLo": 0.009180995037086718, "Geborand": 0.009180995037110198, "Champtercier": 0.00918099503708201, "Cravatte": 0.009180995037098754, "Count": 0.00045588906022619617, "OldMan": 0.009180995037038127, "Labarre": -0.2080886873472251, "Valjean": -0.005297934823718348, "Marguerite": -0.0038178969240618447, "Mme.deR": -0.2080886873472726, "Isabeau": -0.20808868734710875, "Gervais": -0.20808868734702277, "Tholomyes": -0.0014532690583872712, "Listolier": -0.0015562757991591035, "Fameuil": -0.0015562757991590323, "Blacheville": -0.001555938318522268, "Favourite": -0.0015468177490744516, "Dahlia": -0.0015465035225486078, "Zephine": -0.001546491895493187, "Fantine": -0.001217531311092505, "Mme.Thenardier": 0.010503734892883771, "Thenardier": 0.02244867903913362, "Cosette": -0.0012626819114147673, "Javert": 0.0020033557813972647, "Fauchelevent": -0.007420056370238293, "Bamatabois": -0.0062998582807653886, "Perpetue": -0.0040279172775513575, "Simplice": -0.0034704269784018166, "Scaufflaire": -0.20808868734708064, "Woman1": -0.004242253083439041, "Judge": -0.007500024132534536, "Champmathieu": -0.007500024132534781, "Brevet": -0.007782945132219986, "Chenildieu": -0.0077829451322201215, "Cochepaille": -0.007782945132220094, "Pontmercy": 0.021694032430185937, "Boulatruelle": 0.881723975353192, "Eponine": 0.011913174236090694, "Anzelma": 0.01968158713335829, "Woman2": -0.0037643227502612425, "MotherInnocent": -0.009108731919307313, "Gribier": -0.014471664384735766, "Jondrette": -0.009656264833830641, "Mme.Burgon": -0.0002458483562094542, "Gavroche": 0.004579154412995723, "Gillenormand": 0.00010814919275379045, "Magnon": 0.010348413631535328, "Mlle.Gillenormand": -0.0008241095333068583, "Mme.Pontmercy": 0.020351767212333977, "Mlle.Vaubois": -0.032368814778289824, "Lt.Gillenormand": -0.0004130716603819515, "Marius": 0.0011399483455387148, "BaronessT": 0.0012171099377381936, "Mabeuf": 0.004907223209920861, "Enjolras": 0.00305161482466694, "Combeferre": 0.003387093231558662, "Prouvaire": 0.0036313914951453703, "Feuilly": 0.0035146565876199784, "Courfeyrac": 0.003402862305507244, "Bahorel": 0.0036769778729917922, "Bossuet": 0.003276576226827782, "Joly": 0.0035193666453356975, "Grantaire": 0.0037139603281512515, "MotherPlutarch": 0.007268309292705388, "Gueulemer": 0.014822266438713164, "Babet": 0.014660129874262455, "Claquesous": 0.014287081589908938, "Montparnasse": 0.012675593599997509, "Toussaint": -0.0019236555414145866, "Child1": 0.008930927546123978, "Child2": 0.00893092754612419, "Brujon": 0.016568865569102725, "Mme.Hucheloup": 0.004185657639410478}}