{"name": "eigen", "eigen": 5, "normalized": false, "process_time": 0.007531881332397461, "data": {"Myriel": 0.0, "Napoleon": -0.33138208941885505, "Mlle.Baptistine": 9.992007221626409e-16, "Mme.Magloire": 6.938893903907228e-16, "CountessdeLo": -0.03425761695385163, "Geborand": -0.1958424122118106, "Champtercier": 0.6355257672208433, "Cravatte": -0.18679058641862942, "Count": 2.8943861196673026e-15, "OldMan": 0.11274693778226538, "Labarre": -0.09976607887868469, "Valjean": 2.7755575615628914e-15, "Marguerite": 8.921682836948719e-15, "Mme.deR": -0.3063644325951104, "Isabeau": -0.2110318559213784, "Gervais": 0.13484157108091024, "Tholomyes": 6.218116299638865e-15, "Listolier": 6.2536781308963896e-15, "Fameuil": 6.01428629121159e-15, "Blacheville": 6.194697532713178e-15, "Favourite": 6.099287741534454e-15, "Dahlia": 6.293576770843856e-15, "Zephine": 6.203371150093062e-15, "Fantine": 5.218048215738236e-15, "Mme.Thenardier": 1.7763568394002505e-15, "Thenardier": -5.551115123125783e-17, "Cosette": 2.831068712794149e-15, "Javert": 3.164135620181696e-15, "Fauchelevent": 4.3576253716537394e-15, "Bamatabois": 4.690692279041286e-15, "Perpetue": 9.325873406851315e-15, "Simplice": 6.4254157550180935e-15, "Scaufflaire": 0.4823207963142578, "Woman1": 4.7878367936959876e-15, "Judge": 4.543240783583258e-15, "Champmathieu": 4.106090467637102e-15, "Brevet": 4.6629367034256575e-15, "Chenildieu": 4.246603069191224e-15, "Cochepaille": 4.288236432614667e-15, "Pontmercy": 4.3298697960381105e-15, "Boulatruelle": -1.3022222189462695e-13, "Eponine": 2.213507155346406e-15, "Anzelma": 1.6861512186494565e-15, "Woman2": 3.83026943495679e-15, "MotherInnocent": 5.35682609381638e-15, "Gribier": 5.55805401702969e-15, "Jondrette": 6.106226635438361e-16, "Mme.Burgon": 2.942091015256665e-15, "Gavroche": 3.718379770756286e-15, "Gillenormand": 2.4424906541753444e-15, "Magnon": 1.817990202823694e-15, "Mlle.Gillenormand": 6.245004513516506e-16, "Mme.Pontmercy": 5.509481759702339e-15, "Mlle.Vaubois": -4.535499580071711e-14, "Lt.Gillenormand": 2.373101715136272e-15, "Marius": 3.0531133177191805e-15, "BaronessT": 4.513750484491652e-15, "Mabeuf": 4.1772141301521515e-15, "Enjolras": 3.747002708109903e-15, "Combeferre": 3.982925100842749e-15, "Prouvaire": 4.260480856999038e-15, "Feuilly": 4.107825191113079e-15, "Courfeyrac": 3.774758283725532e-15, "Bahorel": 3.913536161803677e-15, "Bossuet": 3.899658373995862e-15, "Joly": 3.885780586188048e-15, "Grantaire": 4.232725281383409e-15, "MotherPlutarch": 5.006411951669065e-15, "Gueulemer": 1.54303653188137e-15, "Babet": 1.5265566588595902e-15, "Claquesous": 1.8318679906315083e-15, "Montparnasse": 1.9532986339498848e-15, "Toussaint": 3.89532156530592e-15, "Child1": 7.002428151214879e-15, "Child2": 6.8833827526759706e-15, "Brujon": 1.4432899320127035e-15, "Mme.Hucheloup": 4.354155924701786e-15}}