{"name": "pagerank", "alpha": 0.85, "process_time": 0.04335737228393555, "data": {"Myriel": 0.039250993615993414, "Napoleon": 0.00302445011662527, "Mlle.Baptistine": 0.0174136025196972, "Mme.Magloire": 0.019544335740158427, "CountessdeLo": 0.00302445011662527, "Geborand": 0.00302445011662527, "Champtercier": 0.00302445011662527, "Cravatte": 0.00302445011662527, "Count": 0.004100848285198591, "OldMan": 0.00302445011662527, "Labarre": 0.0024837793209218223, "Valjean": 0.09957628217876387, "Marguerite": 0.0034663800480973523, "Mme.deR": 0.0024837793209218223, "Isabeau": 0.0024837793209218223, "Gervais": 0.0024837793209218223, "Tholomyes": 0.014068374678514477, "Listolier": 0.013160045637317569, "Fameuil": 0.013160045637317569, "Blacheville": 0.013632414514777655, "Favourite": 0.014133175047594922, "Dahlia": 0.013658044855063708, "Zephine": 0.01318554867424222, "Fantine": 0.027165616008694403, "Mme.Thenardier": 0.02004191888203335, "Thenardier": 0.035686585550664805, "Cosette": 0.03691400220269323, "Javert": 0.026825583087312484, "Fauchelevent": 0.012756526634894348, "Bamatabois": 0.008917199529451567, "Perpetue": 0.003986877004269693, "Simplice": 0.007282262834973908, "Scaufflaire": 0.0024837793209218223, "Woman1": 0.003504665775316982, "Judge": 0.011334725694476959, "Champmathieu": 0.011334725694476959, "Brevet": 0.009352607660054543, "Chenildieu": 0.009352607660054543, "Cochepaille": 0.009352607660054543, "Pontmercy": 0.004499336734137634, "Boulatruelle": 0.0024453424774359828, "Eponine": 0.011543996758157692, "Anzelma": 0.004476593271729266, "Woman2": 0.004501835654266801, "MotherInnocent": 0.0048074003643200965, "Gribier": 0.003497132643650798, "Jondrette": 0.00361351467270704, "Mme.Burgon": 0.005878297241780654, "Gavroche": 0.02829329731121652, "Gillenormand": 0.018305855510579578, "Magnon": 0.002985677191113585, "Mlle.Gillenormand": 0.016681006873251105, "Mme.Pontmercy": 0.003839351125267179, "Mlle.Vaubois": 0.0025645309601903497, "Lt.Gillenormand": 0.004601270417474179, "Marius": 0.0516656523530784, "BaronessT": 0.0029068698871174306, "Mabeuf": 0.009711150527834698, "Enjolras": 0.036601919123326616, "Combeferre": 0.026618034516791126, "Prouvaire": 0.008604804220444622, "Feuilly": 0.01548641910585215, "Courfeyrac": 0.03298332686163007, "Bahorel": 0.01644404723948482, "Bossuet": 0.02618229202167395, "Joly": 0.01766189004324437, "Grantaire": 0.0077497657743753195, "MotherPlutarch": 0.0034956166136624733, "Gueulemer": 0.014688366488562582, "Babet": 0.015701417545769175, "Claquesous": 0.011973275704870692, "Montparnasse": 0.007969192215333992, "Toussaint": 0.003891823414606999, "Child1": 0.005727952534929545, "Child2": 0.005727952534929545, "Brujon": 0.008440360489125396, "Mme.Hucheloup": 0.004509230959557661}}