{"0": 0.12331710241350466, "1": 0.05800660477632441, "2": 0.013684459446461631, "3": 0.07445082574625393, "4": 0.2673383687592757, "5": 0.29881441367154027, "6": 0.29744558348718647, "7": 0.0640614418756886, "8": -0.05300519516657059, "9": -0.12925542831268244, "10": 0.2855017154004757, "11": 0.2040668527419599, "12": 0.12324308705351028, "13": 0.03493188595102549, "14": -0.17156601932289778, "15": -0.15520216022971614, "16": 0.3716642160374977, "17": 0.16804128007067354, "18": -0.2114823061126, "19": 0.06258819549227321, "20": -0.18847412198558047, "21": 0.1289233018511579, "22": -0.16858174806431306, "23": -0.14801794417071662, "24": -0.15762211971784415, "25": -0.1463203447928901, "26": -0.19249255308952026, "27": -0.1298234580956098, "28": -0.09449019459476068, "29": -0.16960883039319566, "30": -0.08368282058377177, "31": -0.11706470243956404, "32": -0.13538404689665928, "33": -0.12400534080593878}