{"0": 0.029411764705882377, "1": 0.029411764705882377, "2": 0.029411764705882377, "3": 0.029411764705882377, "4": 0.029411764705882377, "5": 0.029411764705882377, "6": 0.029411764705882377, "7": 0.029411764705882377, "8": 0.029411764705882377, "9": 0.029411764705882377, "10": 0.029411764705882377, "11": 0.029411764705882377, "12": 0.029411764705882377, "13": 0.029411764705882377, "14": 0.029411764705882377, "15": 0.029411764705882377, "16": 0.029411764705882373, "17": 0.029411764705882373, "18": 0.02941176470588237, "19": 0.02941176470588237, "20": 0.029411764705882366, "21": 0.029411764705882366, "22": 0.029411764705882366, "23": 0.029411764705882366, "24": 0.029411764705882366, "25": 0.029411764705882366, "26": 0.029411764705882366, "27": 0.029411764705882366, "28": 0.029411764705882366, "29": 0.029411764705882366, "30": 0.029411764705882366, "31": 0.029411764705882366, "32": 0.029411764705882366, "33": 0.029411764705882366}