{"name": "eigen", "eigen": 1, "normalized": false, "process_time": 0.016261816024780273, "data": {"0": 0.11873652979326599, "1": 0.11820622362747765, "2": 0.1171479797719702, "3": 0.11556652460069583, "4": 0.11346892127635357, "5": 0.11086453820459116, "6": 0.10776500719243023, "7": 0.10418417149779416, "8": 0.10013802400215645, "9": 0.09564463578244942, "10": 0.09072407540124947, "11": 0.08539831927570357, "12": 0.07969115352551545, "13": 0.07362806773836053, "14": 0.06723614112720055, "15": 0.06054392158794525, "16": 0.05358129819761784, "17": 0.0463793677224818, "18": 0.038970295732334057, "19": 0.031387172941262365, "20": 0.023663867416482742, "21": 0.015834873315329845, "22": 0.007935156825976744, "23": -4.994615832032423e-14, "24": -0.007935156826076262, "25": -0.015834873315428946, "26": -0.023663867416580775, "27": -0.031387172941358954, "28": -0.03897029573242872, "29": -0.04637936772257414, "30": -0.053581298197707634, "31": -0.0605439215880326, "32": -0.0672361411272849, "33": -0.07362806773844155, "34": -0.07969115352559311, "35": -0.08539831927577754, "36": -0.0907240754013187, "37": -0.09564463578251359, "38": -0.1001380240022152, "39": -0.1041841714978483, "40": -0.10776500719247939, "41": -0.11086453820463525, "42": -0.11346892127639337, "43": -0.11556652460073175, "44": -0.11714797977200285, "45": -0.11820622362750798, "46": -0.11873652979329608, "47": 0.11909050536401022, "48": 0.1192676246655714, "49": 0.11855861825739442, "50": 0.11873494650115907, "51": 0.11749721958109655, "52": 0.11767196924232287, "53": 0.11591104979926567, "54": 0.11608344040354546, "55": 0.11380719313119439, "56": 0.1139764547402405, "57": 0.11119504591148302, "58": 0.11136042256186122, "59": 0.10808627462372218, "60": 0.10824702770316538, "61": 0.10449476379514885, "62": 0.10465017534138124, "63": 0.10043655398497699, "64": 0.10058592989230576, "65": 0.09592977014336276, "66": 0.09607244326272513, "67": 0.09099454066098227, "68": 0.091129873779592, "69": 0.0856529074707503, "70": 0.08578029615804733, "71": 0.07992872760319436, "72": 0.08004760291037759, "73": 0.07384756663516873, "74": 0.07395739763625853, "75": 0.06743658450778048, "76": 0.06753688067086386, "77": 0.06072441422350089, "78": 0.060814727601566546, "79": 0.0537410339642242, "80": 0.0538209611958018, "81": 0.04651763320142837, "82": 0.04658681731209905, "83": 0.03908647339642747, "84": 0.039144605393158206, "85": 0.03148074391285207, "86": 0.03152756416403359, "87": 0.02373441378489463, "88": 0.023769713179919282, "89": 0.015882080003357595, "90": 0.01590570088655832, "91": 0.00795881299709186, "92": 0.007970649871870423, "93": -5.015844510569689e-14, "94": -5.0288820416938274e-14, "95": -0.007958812997192052, "96": -0.007970649871970794, "97": -0.01588208000345701, "98": -0.015905700886658262, "99": -0.02373441378499325, "100": -0.023769713180018477, "101": -0.031480743912948736, "102": -0.03152756416413054, "103": -0.039086473396522194, "104": -0.03914460539325283, "105": -0.046517633201520525, "106": -0.04658681731219094, "107": -0.053741033964314, "108": -0.053820961195891366, "109": -0.06072441422358844, "110": -0.06081472760165406, "111": -0.06743658450786492, "112": -0.06753688067094843, "113": -0.07384756663524973, "114": -0.0739573976363395, "115": -0.07992872760327227, "116": -0.08004760291045547, "117": -0.08565290747082446, "118": -0.0857802961581219, "119": -0.09099454066105209, "120": -0.0911298737796622, "121": -0.09592977014342721, "122": -0.09607244326278969, "123": -0.10043655398503565, "124": -0.10058592989236484, "125": -0.1044947637952029, "126": -0.10465017534143506, "127": -0.1080862746237707, "128": -0.10824702770321373, "129": -0.11119504591152662, "130": -0.11136042256190438, "131": -0.11380719313123373, "132": -0.11397645474027986, "133": -0.11591104979930057, "134": -0.11608344040358015, "135": -0.11749721958112866, "136": -0.11767196924235451, "137": -0.11855861825742375, "138": -0.11873494650118761, "139": -0.11909050536403974, "140": -0.11926762466560076}}