{"0": -0.11493068743493108, "1": -0.1275214599219762, "2": -0.0999784083110778, "3": -0.06122104569651948, "4": -0.015596681916331151, "5": 0.03177712001345021, "6": 0.0755865672725444, "7": 0.11091767118318409, "8": 0.13380743619413157, "9": 0.1416883785059384, "10": 0.13367651387061014, "11": 0.11067051174345832, "12": 0.0752508939307708, "13": 0.03139058435174387, "14": -0.01599072322528866, "15": -0.061578394091644145, "16": -0.1002589809774169, "17": -0.127693785772997, "18": -0.14080551970674304, "19": -0.1381234746066184, "20": -0.1199484883073787, "21": -0.08831920047422809, "22": -0.04678338383706991, "23": -1.3530843112619095e-15, "24": 0.04678338383706775, "25": 0.0883192004742262, "26": 0.11994848830737694, "27": 0.13812347460661625, "28": 0.1408055197067408, "29": 0.12769378577299412, "30": 0.10025898097741312, "31": 0.06157839409163984, "32": 0.01599072322528483, "33": -0.031390584351747436, "34": -0.07525089393077444, "35": -0.11067051174346187, "36": -0.13367651387061388, "37": -0.14168837850594218, "38": -0.13380743619413493, "39": -0.11091767118318657, "40": -0.07558656727254622, "41": -0.031777120013450934, "42": 0.015596681916331179, "43": 0.06122104569652079, "44": 0.0999784083110802, "45": 0.12752145992197966, "46": 0.11493068743493431, "47": -0.12157730524948593, "48": -0.08755390740055741, "49": -0.11014230355968771, "50": -0.07931898989667546, "51": -0.08635293388540849, "52": -0.062187073168423534, "53": -0.05287758627821004, "54": -0.03807979855341434, "55": -0.01347110106176267, "56": -0.009701214651244308, "57": 0.0274464015775504, "58": 0.019765528585027586, "59": 0.06528531466516421, "60": 0.047015225276464456, "61": 0.09580134839317755, "62": 0.06899134973301509, "63": 0.11557160077099898, "64": 0.0832288987757524, "65": 0.1223784953985737, "66": 0.08813088455907826, "67": 0.11545852108771341, "68": 0.08314746443157991, "69": 0.09558787287262911, "70": 0.06883761531753313, "71": 0.0649953882862695, "72": 0.046806434768411384, "73": 0.027112544607795164, "74": 0.019525101457982988, "75": -0.01381144077786044, "76": -0.009946310328655741, "77": -0.05318623374379296, "78": -0.03830207105374318, "79": -0.086595268938703, "80": -0.06236159077902927, "81": -0.11029114412507837, "82": -0.07942617744333873, "83": -0.1216159562783283, "84": -0.08758174194248335, "85": -0.11929943146941008, "86": -0.08591349639126841, "87": -0.10360140809837262, "88": -0.07460856343705345, "89": -0.07628269151508443, "90": -0.05493498721222265, "91": -0.04040754918650347, "92": -0.029099500210986465, "93": -8.94249951866044e-16, "94": -7.369322166383974e-16, "95": 0.040407549186501225, "96": 0.02909950021098506, "97": 0.07628269151508314, "98": 0.05493498721222171, "99": 0.1036014080983715, "100": 0.07460856343705269, "101": 0.11929943146940863, "102": 0.0859134963912676, "103": 0.1216159562783263, "104": 0.08758174194248179, "105": 0.11029114412507628, "106": 0.07942617744333728, "107": 0.08659526893869962, "108": 0.06236159077902677, "109": 0.053186233743788974, "110": 0.0383020710537404, "111": 0.013811440777857422, "112": 0.009946310328653452, "113": -0.027112544607798064, "114": -0.019525101457984986, "115": -0.06499538828627245, "116": -0.04680643476841363, "117": -0.09558787287263217, "118": -0.06883761531753532, "119": -0.1154585210877167, "120": -0.0831474644315823, "121": -0.12237849539857698, "122": -0.08813088455908055, "123": -0.11557160077100169, "124": -0.08322889877575454, "125": -0.09580134839317964, "126": -0.06899134973301652, "127": -0.06528531466516557, "128": -0.04701522527646523, "129": -0.027446401577550943, "130": -0.01976552858502809, "131": 0.013471101061762553, "132": 0.009701214651244251, "133": 0.05287758627821084, "134": 0.03807979855341491, "135": 0.08635293388541018, "136": 0.06218707316842452, "137": 0.11014230355969044, "138": 0.07931898989667724, "139": 0.12157730524948883, "140": 0.0875539074005595}