{"name": "eigen", "eigen": 5, "normalized": false, "process_time": 0.0022079944610595703, "data": {"0": -0.3426038132949899, "1": -0.14364335917978205, "2": 0.15087940803407876, "3": 0.1487988069889941, "4": 0.06030621325297947, "5": -0.06320803263391273, "6": -0.06246598918008021, "7": -0.02544804600844927, "8": 0.14872519912050625, "9": 0.35472451105775804, "10": -0.34260381329499057, "11": -0.34260381329498996, "12": -0.34260381329498996, "13": 0.14872519912050625, "14": 0.3547245110577582, "15": 0.3598625152971341, "16": -0.15075749505515998, "17": 0.026348351440998535, "18": 0.06284345986662988}}