{"name": "eigen", "eigen": 3, "normalized": true, "process_time": 0.003468036651611328, "data": {"0": 1.936863726574726e-16, "1": 3.6235402348516576e-16, "2": -0.4999729267044895, "3": -0.2886595038203621, "4": 2.861582546552275e-16, "5": 0.3535342468824305, "6": 0.2041130926053228, "7": 7.266482129342147e-17, "8": 0.20931622267739758, "9": 0.20931622267739736, "10": 3.3306690738754696e-16, "11": 1.6653345369377348e-16, "12": -5.551115123125783e-17, "13": 0.19890996253324666, "14": 0.19890996253324666, "15": -0.40822618521064435, "16": 0.288659503820363, "17": -0.20411309260532237, "18": -0.2041130926053224}}