{"0": 2.1258101191893694e-15, "1": 0.177238511779476, "2": -0.3010733451709795, "3": 0.03448180380459566, "4": 0.051094371834111446, "5": 0.038258657752806596, "6": 0.20751446406067944, "7": 0.20751446406067933, "8": 0.20751446406067955, "9": 0.20751446406067955, "10": 0.20751446406067944, "11": -0.35250281239016074, "12": -0.35250281239016124, "13": -0.35250281239016124, "14": -0.35250281239016124, "15": -0.35250281239016085, "16": 0.04037199909046332, "17": 0.04037199909046336, "18": 0.04037199909046339, "19": 0.04037199909046339, "20": 0.04037199909046342, "21": 0.05982233252367269, "22": 0.05982233252367269, "23": 0.05982233252367269, "24": 0.05982233252367269, "25": 0.05982233252367269, "26": 0.044794016715355406, "27": 0.044794016715355406, "28": 0.044794016715355406, "29": 0.044794016715355364, "30": 0.044794016715355364}