{"name": "fiedler", "normalized": true, "process_time": 0.009123086929321289, "data": {"0": -1.1436318558821768e-10, "1": -0.3938998035321605, "2": -0.2878988651427139, "3": -0.010757772346915204, "4": 0.24133955599732515, "5": 0.4512168850406998, "6": -0.17615734971444363, "7": -0.1761573458289811, "8": -0.17615734814667547, "9": -0.17615734797286958, "10": -0.1761573453626422, "11": -0.128752286693855, "12": -0.1287522857877637, "13": -0.128752286322468, "14": -0.12875228631703262, "15": -0.12875228758437904, "16": -0.00481102266198284, "17": -0.004811019778833291, "18": -0.004811024097720891, "19": -0.00481102125778248, "20": -0.004811022635127142, "21": 0.1079303311572429, "22": 0.10793033029651593, "23": 0.10793033105717352, "24": 0.10793032980527753, "25": 0.10793033072814037, "26": 0.20179032509859646, "27": 0.20179032534516705, "28": 0.20179032635742647, "29": 0.20179032593567206, "30": 0.20179032459730017}}