{"0": -7.064007156998287e-10, "1": 0.38070907626668904, "2": -0.46570090879185366, "3": -0.26307721998146577, "4": 0.23883269810720717, "5": 0.10923635483143933, "6": 0.17025827596989784, "7": 0.17025827444676106, "8": 0.1702582736851873, "9": 0.17025827372886948, "10": 0.17025827678484765, "11": -0.20826777859756293, "12": -0.20826777812649705, "13": -0.20826777829598003, "14": -0.2082677762875256, "15": -0.20826777854524203, "16": -0.11765170859514791, "17": -0.11765170811246481, "18": -0.11765171065896199, "19": -0.11765171035767136, "20": -0.11765170974083677, "21": 0.10680922893101409, "22": 0.10680922880232391, "23": 0.10680923092352532, "24": 0.10680923005663576, "25": 0.1068092293862829, "26": 0.04885198202165098, "27": 0.04885198387679667, "28": 0.04885198188965308, "29": 0.04885198491494884, "30": 0.048851982420836874}