{"name": "pagerank", "alpha": 0.85, "process_time": 0.017976045608520508, "data": {"0": 0.07178259808523328, "1": 0.09450604358804258, "2": 0.09450604358804258, "3": 0.09450604358804258, "4": 0.09450604358804258, "5": 0.09450604358804258, "6": 0.01822748735898214, "7": 0.01822748735898214, "8": 0.01822748735898214, "9": 0.01822748735898214, "10": 0.01822748735898214, "11": 0.01822748735898214, "12": 0.01822748735898214, "13": 0.01822748735898214, "14": 0.01822748735898214, "15": 0.01822748735898214, "16": 0.01822748735898214, "17": 0.01822748735898214, "18": 0.01822748735898214, "19": 0.01822748735898214, "20": 0.01822748735898214, "21": 0.01822748735898214, "22": 0.01822748735898214, "23": 0.01822748735898214, "24": 0.01822748735898214, "25": 0.01822748735898214, "26": 0.01822748735898214, "27": 0.01822748735898214, "28": 0.01822748735898214, "29": 0.01822748735898214, "30": 0.01822748735898214}}