{"name":"fiedler","normalized":false,"weight":"value","num_of_nodes":31,"num_of_edges":30,"process_time":0.007546424865722656,"data":{"0":-1.8479884289490656e-11,"1":0.06591358995067498,"2":-0.026102570357510072,"3":0.16064493510928177,"4":-0.29567358123367765,"5":0.09521762659701628,"6":0.07717297524534449,"7":0.07717297363562746,"8":0.07717297670840635,"9":0.07717297501120765,"10":0.07717297584574292,"11":-0.030561422350837926,"12":-0.030561421405833147,"13":-0.03056142116719466,"14":-0.03056142286406093,"15":-0.03056142075262286,"16":0.1880863653519833,"17":0.18808636689485272,"18":0.18808636556446487,"19":0.18808636596972098,"20":0.18808636662379283,"21":-0.34618065617451554,"22":-0.3461806605038253,"23":-0.34618065622052807,"24":-0.34618065959318695,"25":-0.34618066086257165,"26":0.11148274109843227,"27":0.11148273806446031,"28":0.11148273720429575,"29":0.11148273876312849,"30":0.11148273986641108}}