{"name": "fiedler", "normalized": false, "process_time": 0.007530927658081055, "data": {"0": -1.624833600999409e-11, "1": -0.03800259294477382, "2": 0.10017117011631481, "3": 0.21113487345456985, "4": -0.006424576654624303, "5": -0.266878873991869, "6": -0.04449421444397185, "7": -0.044494205590478106, "8": -0.04449421218150975, "9": -0.044494212695400256, "10": -0.044494209138038025, "11": 0.11728245727247139, "12": 0.1172824531635377, "13": 0.11728244640260929, "14": 0.11728243910412947, "15": 0.11728244802789177, "16": 0.2472010153560036, "17": 0.2472010312770738, "18": 0.2472009978395603, "19": 0.2472010177956829, "20": 0.24720101559715374, "21": -0.007522023343845191, "22": -0.00752203284115746, "23": -0.007522025026878464, "24": -0.007522023746950276, "25": -0.007522021836138529, "26": -0.312467227878734, "27": -0.31246723772935847, "28": -0.31246723139794036, "29": -0.31246722187610526, "30": -0.3124672220729771}}