{"name": "agd", "process_time": 0.0009329319000244141, "data": {"0": 1.4285714285714286, "1": 1.4285714285714286, "2": 1.4285714285714286, "3": 1.8571428571428572, "4": 1.8571428571428572, "5": 1.8571428571428572, "6": 2.0, "7": 2.0, "8": 2.2142857142857144, "9": 2.2142857142857144, "10": 2.0, "11": 2.2142857142857144, "12": 2.2142857142857144, "13": 2.2142857142857144, "14": 2.2142857142857144}}