{"0": -0.04892834394423395, "1": -0.07859459953794518, "2": -0.3645901990912536, "3": 0.09017233809311745, "4": 0.29240176592677486, "5": 0.31337897642950163, "6": -0.1275229434821804, "7": -0.4135185430354873, "8": 0.07859459953794537, "9": 0.36459019909125434, "10": -0.4431847986291992, "11": 0.048928343944233565, "12": 0.3645901990912549, "13": 0.04892834394423411, "14": 0.07859459953794487}