{"0": -0.1087101541800098, "1": 0.07740204431323, "2": 0.15220718527126875, "3": -0.03991172745255432, "4": -0.1620378861411802, "5": 2.581268532253489e-15, "6": 0.16203788614118075, "7": 0.039911727452551074, "8": -0.1522071852712696, "9": -0.0774020443132275, "10": 0.10871015418000979, "11": -0.24314854554278229, "12": -0.20773268553653726, "13": 0.14135408577920663, "14": 0.12076512234497433, "15": 0.2779656236982493, "16": 0.237478473781436, "17": -0.07288807157462131, "18": -0.06227154194147266, "19": -0.29591876364907194, "20": -0.25281664480554095, "21": 4.3599891661380764e-15, "22": 3.737429508128039e-15, "23": 0.29591876364907055, "24": 0.2528166448055399, "25": 0.07288807157461515, "26": 0.06227154194146732, "27": -0.27796562369824984, "28": -0.23747847378143616, "29": -0.14135408577920114, "30": -0.12076512234496953, "31": 0.24314854554278093, "32": 0.2077326855365359}