{"name": "fiedler", "normalized": false, "process_time": 0.022713184356689453, "data": {"0": -0.23280727704762927, "1": -0.21394661305005233, "2": -0.17775326484259715, "3": -0.12715940384436486, "4": -0.06626384544822907, "5": 1.3057727690390033e-08, "6": 0.06626386738063074, "7": 0.12715941465599975, "8": 0.17775326116666276, "9": 0.21394659602822166, "10": 0.23280725204142003, "11": -0.24565822283094677, "12": -0.25216771417047346, "13": -0.22575645092293967, "14": -0.23173858169776143, "15": -0.18756523156578536, "16": -0.19253536479681888, "17": -0.13417859213473696, "18": -0.13773407708588686, "19": -0.06992160266234304, "20": -0.07177439533502439, "21": 1.6058002653784043e-08, "22": 1.7560062488337364e-08, "23": 0.06992162959044061, "24": 0.0717744249084055, "25": 0.13417860537977286, "26": 0.13773409169830392, "27": 0.18756522703969752, "28": 0.192535359761351, "29": 0.22575642999681733, "30": 0.23173855863248527, "31": 0.24565819205219086, "32": 0.252167680427397}}