{"0": -0.0519509026840661, "1": -0.10270238451216342, "2": -0.1054348239561883, "3": -0.062240275171646944, "4": -0.045958816287233785, "5": -0.0005260274288778856, "6": 0.048265837354430616, "7": 0.12653571114572734, "8": 0.17982315680786282, "9": 0.1419833117143284, "10": 0.14637616375545412, "11": 0.11043003148216449, "12": 0.03613515121634115, "13": -0.00494720854821178, "14": -0.03403529928402847, "15": -0.040894120241396284, "16": -0.11291951040719767, "17": -0.12049776871152165, "18": -0.10927333909859788, "19": -0.12729469943501703, "20": -0.13414248235713183, "21": -0.07579333758009445, "22": -0.04135938254361023, "23": 0.007616643231865801, "24": 0.07901384501577935, "25": 0.23639186420189293, "26": 0.24542187231814175, "27": 0.1728167916568517, "28": 0.1576634734540816, "29": 0.07668232414328387, "30": -0.010483313932293726, "31": -0.012075018656163377, "32": -0.04258892595164047, "33": -0.06230391533811466, "34": -0.12044927119686985, "35": -0.1122110741493018, "36": -0.015268538114646988, "37": -0.0877437588828823, "38": -0.10465205256043712, "39": -0.0662450272992282, "40": -0.05319894354178439, "41": -0.013326746437842856, "42": 0.031585422441069884, "43": 0.10745080422072055, "44": 0.14249493704490054, "45": 0.06801245682881515, "46": 0.17111403445844509, "47": 0.11932904618620103, "48": 0.0365807189797905, "49": -0.012733832972553077, "50": -0.056516346395777774, "51": -0.0789975719530569, "52": -0.12873485720978392, "53": -0.12929353338232982, "54": -0.12092219568676738, "55": -0.15453938672872808, "56": -0.1416413652257695, "57": -0.07551424699859646, "58": -0.05333176287021492, "59": -0.024968240152543817, "60": -0.008369947868533793, "61": 0.09749705436796603, "62": 0.1700832317430053, "63": 0.18021065459244676, "64": 0.24927445250544472, "65": 0.23770880245081166, "66": 0.07958392861748691, "67": 0.00787233513443757, "68": -0.04120588080024008, "69": -0.07571066667296461, "70": -0.13409195696045265, "71": -0.12721157168080321, "72": -0.10906430340406284, "73": -0.12008497254184285, "74": -0.11183961633059192, "75": -0.04346358341456857, "76": -0.04211901915227189, "77": -0.011352626772143413, "78": 0.026092095854332396, "79": 0.09176216072337445, "80": 0.10359076979330897, "81": 0.01040401860265172, "82": 0.11681242964734793, "83": 0.09969213397304025, "84": 0.0353115748218552, "85": -0.0041596763553909425, "86": -0.04404136694766033, "87": -0.055313270979907105, "88": -0.0921707965248436, "89": -0.07970968019506924}