{"0": -0.05195090058914542, "1": -0.10270237228291088, "2": -0.10543481690051752, "3": -0.062240278048735484, "4": -0.04595882714414227, "5": -0.0005260549865550322, "6": 0.048265811028253336, "7": 0.126535672846929, "8": 0.1798231142931455, "9": 0.1419832544757107, "10": 0.14637609029281948, "11": 0.11042998072823422, "12": 0.03613512388271338, "13": -0.004947224031479288, "14": -0.03403530654987838, "15": -0.04089412091755747, "16": -0.11291950530427618, "17": -0.12049775399694748, "18": -0.10927331899627092, "19": -0.12729467197710287, "20": -0.13414243947551122, "21": -0.07579330479284468, "22": -0.04135935124629943, "23": 0.007616674480394654, "24": 0.07901390260038077, "25": 0.23639197357290512, "26": 0.2454219334305285, "27": 0.1728168183115937, "28": 0.15766348113816034, "29": 0.07668231746773368, "30": -0.01048331576784898, "31": -0.012075023005854012, "32": -0.04258892765775696, "33": -0.06230391683674562, "34": -0.12044926516347265, "35": -0.11221106476765874, "36": -0.01526853480660818, "37": -0.0877437542322729, "38": -0.10465206040206235, "39": -0.06624505849482093, "40": -0.05319899868703498, "41": -0.013326780093549505, "42": 0.03158539683579933, "43": 0.10745077651322753, "44": 0.14249492328048238, "45": 0.06801245608396186, "46": 0.17111403683099596, "47": 0.11932902647061304, "48": 0.0365806977444767, "49": -0.012733864403118373, "50": -0.05651640025399291, "51": -0.07899760147969576, "52": -0.12873486301225093, "53": -0.12929352591544208, "54": -0.1209221860416706, "55": -0.15453937449975735, "56": -0.14164135772741998, "57": -0.07551424792097357, "58": -0.05333176510972064, "59": -0.024968245895747983, "60": -0.008369955428422714, "61": 0.09749702932214818, "62": 0.17008322699612674, "63": 0.1802106725699443, "64": 0.24927450833078424, "65": 0.23770890983194937, "66": 0.07958398524741188, "67": 0.007872365905116042, "68": -0.041205849626943826, "69": -0.0757106337534687, "70": -0.13409191372655577, "71": -0.12721154335039764, "72": -0.10906428105673463, "73": -0.12008495368226507, "74": -0.11183960130947641, "75": -0.04346357442218659, "76": -0.04211901591779398, "77": -0.011352635599217285, "78": 0.02609207548035605, "79": 0.09176211960365095, "80": 0.10359071455075745, "81": 0.010404011487229642, "82": 0.1168124148620101, "83": 0.09969210882339104, "84": 0.03531155562839974, "85": -0.0041597014392083225, "86": -0.04404137782087908, "87": -0.05531327593243293, "88": -0.09217079350362015, "89": -0.07970967496308154}