{"0": -0.16146416755009962, "1": -0.3241628462351107, "2": -0.13305767987670383, "3": -0.038129042353006966, "4": 0.0031900649731784795, "5": 0.037506463203515396, "6": 0.06583094681153646, "7": 0.13734242519093856, "8": 0.14626901720306876, "9": 0.11201168783992202, "10": 0.12673243572187726, "11": 0.12775843045530616, "12": 0.06274086578949889, "13": 0.043608751574571225, "14": 0.017468593560880118, "15": -0.00966474076251804, "16": -0.18365338409359377, "17": -0.1637101736593846, "18": -0.12278391151424542, "19": -0.1691494897028737, "20": -0.12004045958267588, "21": -0.03337422735401789, "22": 0.006581838912485165, "23": 0.0371819708357382, "24": 0.054817154877504264, "25": 0.10725250368317038, "26": 0.13691681481023238, "27": 0.11738985121515517, "28": 0.13950925684855073, "29": 0.09496729024167605, "30": -0.016304689003409305, "31": 0.05942006074469695, "32": 0.01700719399418913, "33": -0.0032540761961872386, "34": -0.059488630958713935, "35": -0.04801460340678117, "36": 0.002737209293945541, "37": -0.10986867655068436, "38": -0.08581023531858294, "39": -0.016946859332057078, "40": 0.015274518571015683, "41": 0.04260488122304183, "42": 0.062333862248281566, "43": 0.12764175405354858, "44": 0.1268122876148336, "45": 0.08014441706918178, "46": 0.2523009275678521, "47": 0.1361662066353752, "48": 0.0655509189231667, "49": 0.04293750745152947, "50": 0.013132140688533113, "51": -0.02551838114494034, "52": -0.1058389012105295, "53": -0.15283681876689825, "54": -0.08926062829493268, "55": -0.0778813003060313, "56": -0.07381224841238304, "57": -0.013916565422498483, "58": 0.0026532938031967605, "59": 0.009813955662464862, "60": -0.008118594125670078, "61": 0.235582871806312, "62": 0.1622824322307897, "63": 0.1279618964264054, "64": 0.14137343204366445, "65": 0.10855911878833278, "66": 0.05541221839909454, "67": 0.037458110209722534, "68": 0.006716181575101221, "69": -0.03329894980848469, "70": -0.11996920947709282, "71": -0.16897840613571008, "72": -0.12239653448008157, "73": -0.16283493374316074, "74": -0.10414763350302923, "75": -0.011233179024630356, "76": 0.018965943844414683, "77": 0.0388080847332342, "78": 0.05652595083079046, "79": 0.11544842759144736, "80": 0.10096699795006678, "81": 0.06421167114176585, "82": 0.10963539775027423, "83": 0.12051556948719067, "84": 0.0590912541219759, "85": 0.036373197970991034, "86": 0.005679133956255325, "87": -0.030649994149614283, "88": -0.11629753901874212, "89": -0.16816416511004773}