{"name":"density","eps":0.5,"weight":"value","num_of_nodes":6,"num_of_edges":9,"process_time":0.00038123130798339844,"data":{"0":1.5416765955743537,"1":1.5416765955743537,"2":1.5416765955743537,"3":1.2716769543569328,"4":1.2716769543569328,"5":1.2716769543569328}}