{"A": -0.2664524829045657, "B": -0.1611812024145285, "C": -0.07924420582192326, "D": -0.3663519271930649, "E": 0.8732298183340851}