{"A": -0.467707173346742, "B": 0.601337794302955, "C": -0.4677071733467434, "D": 0.40089186286863565, "E": 0.20044593143431863}