{"0": 1.27167700004691, "1": 1.407347761141405, "2": 1.4076832389992997, "3": 1.407683254229292, "4": 1.4076832542293047, "5": 1.4076832542293047, "6": 1.4076832542293047, "7": 1.4076832542293047, "8": 1.4076832542293047, "9": 1.4076832542293047, "10": 1.4076832542293047, "11": 1.4076832542293047, "12": 1.4076832542293047, "13": 1.4076832542293047, "14": 1.4076832542293047, "15": 1.4076832542293047, "16": 1.4076832542293047, "17": 1.4076832542293047, "18": 1.4076832542293047, "19": 1.4076832542293047, "20": 1.4076832542293047, "21": 1.4076832542293047, "22": 1.4076832542293047, "23": 1.4076832542293047, "24": 1.4076832542293047, "25": 1.4076832542293047, "26": 1.4076832542293047, "27": 1.4076832542293047, "28": 1.4076832542293047, "29": 1.4076832542293047, "30": 1.4076832542293047, "31": 1.4076832542293047, "32": 1.4076832542293047, "33": 1.4076832542293047, "34": 1.4076832542293047, "35": 1.4076832542293047, "36": 1.4076832542293047, "37": 1.4076832542293047, "38": 1.4076832542293047, "39": 1.4076832542293047, "40": 1.4076832542293047, "41": 1.4076832542293047, "42": 1.4076832542293047, "43": 1.4076832542293047, "44": 1.4076832542293047, "45": 1.4076832542293047, "46": 1.4076832542293047, "47": 1.4076832542293047, "48": 1.4076832542293047, "49": 1.4076832542293047, "50": 1.4076832542293047, "51": 1.4076832542293047, "52": 1.4076832542293047, "53": 1.407683254229292, "54": 1.4076832389992997, "55": 1.407347761141405, "56": 1.27167700004691, "57": 1.2710060595611254, "58": 1.1356707610945203, "59": 1.2713415374190202, "60": 1.1356707763245126, "61": 1.2713415526490126, "62": 1.1356707763245253, "63": 1.2713415526490253, "64": 1.1356707763245253, "65": 1.2713415526490253, "66": 1.1356707763245253, "67": 1.2713415526490253, "68": 1.1356707763245253, "69": 1.2713415526490253, "70": 1.1356707763245253, "71": 1.2713415526490253, "72": 1.1356707763245253, "73": 1.2713415526490253, "74": 1.1356707763245253, "75": 1.2713415526490253, "76": 1.1356707763245253, "77": 1.2713415526490253, "78": 1.1356707763245253, "79": 1.2713415526490253, "80": 1.1356707763245253, "81": 1.2713415526490253, "82": 1.1356707763245253, "83": 1.2713415526490253, "84": 1.1356707763245253, "85": 1.2713415526490253, "86": 1.1356707763245253, "87": 1.2713415526490253, "88": 1.1356707763245253, "89": 1.2713415526490253, "90": 1.1356707763245253, "91": 1.2713415526490253, "92": 1.1356707763245253, "93": 1.2713415526490253, "94": 1.1356707763245253, "95": 1.2713415526490253, "96": 1.1356707763245253, "97": 1.2713415526490253, "98": 1.1356707763245253, "99": 1.2713415526490253, "100": 1.1356707763245253, "101": 1.2713415526490253, "102": 1.1356707763245253, "103": 1.2713415526490253, "104": 1.1356707763245253, "105": 1.2713415526490253, "106": 1.1356707763245253, "107": 1.2713415526490253, "108": 1.1356707763245253, "109": 1.2713415526490253, "110": 1.1356707763245253, "111": 1.2713415526490253, "112": 1.1356707763245253, "113": 1.2713415526490253, "114": 1.1356707763245253, "115": 1.2713415526490253, "116": 1.1356707763245253, "117": 1.2713415526490253, "118": 1.1356707763245253, "119": 1.2713415526490253, "120": 1.1356707763245253, "121": 1.2713415526490253, "122": 1.1356707763245253, "123": 1.2713415526490253, "124": 1.1356707763245253, "125": 1.2713415526490253, "126": 1.1356707763245253, "127": 1.2713415526490253, "128": 1.1356707763245253, "129": 1.2713415526490253, "130": 1.1356707763245253, "131": 1.2713415526490253, "132": 1.1356707763245253, "133": 1.2713415526490253, "134": 1.1356707763245253, "135": 1.2713415526490253, "136": 1.1356707763245253, "137": 1.2713415526490253, "138": 1.1356707763245253, "139": 1.2713415526490253, "140": 1.1356707763245253, "141": 1.2713415526490253, "142": 1.1356707763245253, "143": 1.2713415526490253, "144": 1.1356707763245253, "145": 1.2713415526490253, "146": 1.1356707763245253, "147": 1.2713415526490253, "148": 1.1356707763245253, "149": 1.2713415526490253, "150": 1.1356707763245253, "151": 1.2713415526490253, "152": 1.1356707763245253, "153": 1.2713415526490253, "154": 1.1356707763245253, "155": 1.2713415526490253, "156": 1.1356707763245253, "157": 1.2713415526490253, "158": 1.1356707763245253, "159": 1.2713415526490253, "160": 1.1356707763245253, "161": 1.2713415526490253, "162": 1.1356707763245253, "163": 1.2713415526490253, "164": 1.1356707763245253, "165": 1.2713415526490126, "166": 1.1356707763245253, "167": 1.2713415374190202, "168": 1.1356707763245126, "169": 1.2710060595611254, "170": 1.1356707610945203}