{"name": "fiedler", "normalized": true, "process_time": 0.02892899513244629, "data": {"0": -0.1083530915509281, "1": -0.13236502665743397, "2": -0.1316184342629716, "3": -0.1304674101125297, "4": -0.12891549105370428, "5": -0.12696744579880753, "6": -0.12462926026783165, "7": -0.12190811920084497, "8": -0.11881238407559633, "9": -0.11535156740758215, "10": -0.11153630352934411, "11": -0.10737831590681993, "12": -0.10289038111922423, "13": -0.0980862895940727, "14": -0.09298080323166823, "15": -0.08758961004602789, "16": -0.08192927595157531, "17": -0.07601719386656211, "18": -0.06987153026666425, "19": -0.06351116935989073, "20": -0.05695565506295491, "21": -0.05022513093657162, "22": -0.04334027829521797, "23": -0.03632225265924429, "24": -0.029192618746845634, "25": -0.021973284205847706, "26": -0.014686432297360736, "27": -0.007354453736761995, "28": 1.2210981163456845e-07, "29": 0.007354696456792864, "30": 0.014686670532992692, "31": 0.021973515033140337, "32": 0.02919283932890022, "33": 0.036322460288886846, "34": 0.043340470424580044, "35": 0.05022530520808915, "36": 0.056955809339009004, "37": 0.06351130174803708, "38": 0.06987163913971639, "39": 0.07601727789032103, "40": 0.08192933408993153, "41": 0.08758964158776593, "42": 0.09298080779084411, "43": 0.09808626711159929, "44": 0.1028903318675695, "45": 0.10737824048816014, "46": 0.11153620286504809, "47": 0.11535144273385164, "48": 0.1188122369218397, "49": 0.12190795137296581, "50": 0.12462907382422758, "51": 0.12696724303118093, "52": 0.128915274456899, "53": 0.13046718234864355, "54": 0.13161819813400868, "55": 0.13236478506476498, "56": 0.10835289225480647, "57": -0.10851970513926014, "58": -0.07677430399676546, "59": -0.10824177857590289, "60": -0.07657767962801579, "61": -0.1076312510689278, "62": -0.07614575047137914, "63": -0.1066899986404955, "64": -0.07547984375690903, "65": -0.10542091355511529, "66": -0.07458200566922547, "67": -0.10382789543715676, "68": -0.07345499507135073, "69": -0.10191583928379913, "70": -0.07210227502115943, "71": -0.09969062043397874, "72": -0.0705280021379244, "73": -0.09715907650550999, "74": -0.06873701382311423, "75": -0.09432898637536966, "76": -0.0667348133883221, "77": -0.09120904629256169, "78": -0.06452755315960963, "79": -0.08780884314661475, "80": -0.06212201556180847, "81": -0.08413882501226248, "82": -0.05952559228046249, "83": -0.08021026904339411, "84": -0.056746261553752404, "85": -0.07603524681309567, "86": -0.05379256363842986, "87": -0.07162658722974567, "88": -0.05067357459012418, "89": -0.06699783710533991, "90": -0.04739887835437835, "91": -0.0621632195328779, "92": -0.043978537325370555, "93": -0.05713759018922762, "94": -0.040423061430561034, "95": -0.05193639167525171, "96": -0.03674337582999591, "97": -0.046575606071972336, "98": -0.03295078734590097, "99": -0.04107170581587268, "100": -0.02905694971228628, "101": -0.03544160309821571, "102": -0.025073827778914416, "103": -0.029702597886956936, "104": -0.021013660730800354, "105": -0.023872324779678496, "106": -0.016888924496236416, "107": -0.017968698801013296, "108": -0.012712293396574353, "109": -0.01200986035859627, "110": -0.008496601203489386, "111": -0.006014119507932501, "112": -0.004254801710349405, "113": 1.0031610179834531e-07, "114": 7.107887202769531e-08, "115": 0.006014318910487032, "116": 0.00425494299795179, "117": 0.012010056076364514, "118": 0.008496739880425328, "119": 0.017968888433387953, "120": 0.012712427761103443, "121": 0.02387250599316266, "122": 0.01688905289568308, "123": 0.029702768459723642, "124": 0.021013781590397854, "125": 0.03544176093577746, "126": 0.02507393961423138, "127": 0.041071848984890004, "128": 0.029057051155640164, "129": 0.04657573281366766, "130": 0.032950877149158474, "131": 0.05193650043638006, "132": 0.03674345289277477, "133": 0.057137679631221676, "134": 0.04042312480553822, "135": 0.062163288562936084, "136": 0.04397858623678757, "137": 0.06699788486653563, "138": 0.047398912195948315, "139": 0.07162661314244964, "140": 0.05067359295061302, "141": 0.07603525055898354, "142": 0.05379256629292408, "143": 0.08021025057421538, "144": 0.05674624846697949, "145": 0.08413878455225564, "146": 0.05952556361344391, "147": 0.08780878119057735, "148": 0.0621219716631922, "149": 0.09120896359488823, "150": 0.06452749456439394, "151": 0.09432888395284182, "152": 0.06673474081683901, "153": 0.0971589556150459, "154": 0.06873692816585783, "155": 0.09969048255991682, "156": 0.07052790444706951, "157": 0.10191568611342365, "158": 0.0721021664915457, "159": 0.10382772885711677, "160": 0.07345487704052064, "161": 0.1054207356138705, "162": 0.0745818795884688, "163": 0.10668981152594928, "164": 0.07547971117657774, "165": 0.10763105708187799, "166": 0.0761456130215903, "167": 0.10824158010032073, "168": 0.07657753899736586, "169": 0.10851950461727619, "170": 0.07677416191727639}}