{"0": 2.2183530269874105, "1": 2.2183530269874105, "2": 2.2183530269874105, "3": 2.2183530269874105, "4": 2.2183530269874105, "5": 2.2183530269874105, "6": 2.2183530269874105, "7": 2.2183530269874105, "8": 2.2183530269874105, "9": 2.3536883102240234, "10": 1.274025207982242, "11": 1.2713416440288277, "12": 1.271341506959124, "13": 1.2710060443311204, "14": 1.1356707610945076}