{"0": -0.09331591706145392, "1": -0.09331591709397469, "2": -0.09331591716383034, "3": -0.09331591701941916, "4": -0.09331591718695167, "5": -0.09331591723607978, "6": -0.0933159169475223, "7": -0.09331591721880476, "8": -0.09331591704334888, "9": -0.05289980752056907, "10": 0.17148025694361324, "11": 0.34900503760054824, "12": 0.4906830043340018, "13": 0.5819622160368685, "14": 0.43378686064038907}