{"name": "fiedler", "normalized": true, "process_time": 0.011855840682983398, "data": {"0": -0.09331591529816241, "1": -0.09331591517885762, "2": -0.09331591524199398, "3": -0.09331591521551824, "4": -0.09331591519255863, "5": -0.09331591527093155, "6": -0.09331591518965301, "7": -0.09331591518792978, "8": -0.09331591513366892, "9": -0.0528998126182663, "10": 0.17148023487919964, "11": 0.34900501343163515, "12": 0.4906829971453421, "13": 0.58196223168306, "14": 0.43378687899743046}}