{"0": -0.09331591640966552, "1": -0.0933159163769028, "2": -0.09331591648417542, "3": -0.0933159164329984, "4": -0.09331591644693585, "5": -0.0933159164384612, "6": -0.09331591643871374, "7": -0.09331591647844778, "8": -0.09331591648248876, "9": -0.05289980931678346, "10": 0.17148024921549257, "11": 0.34900502913972764, "12": 0.4906830018797988, "13": 0.5819622214275029, "14": 0.433786867114609}