{"name": "eigen", "eigen": 4, "normalized": true, "process_time": 0.08990597724914551, "data": {"0": 0.06808812579828458, "1": 0.06806755553556687, "2": 0.06902816945441896, "3": 0.06902816945441898, "4": 0.06902816945441906, "5": 0.06902816945441888, "6": 0.06902816945441825, "7": 0.06902816945441906, "8": 0.06902816945441825, "9": 0.06902816945441899, "10": 0.06902816945441895, "11": 0.06902816945441895, "12": 0.06902816945441896, "13": 0.06902816945441895, "14": 0.06902816945441896, "15": 0.06902816945441896, "16": 0.06902816945441896, "17": 0.06902816945441895, "18": 0.06902816945441893, "19": 0.06902816945441898, "20": 0.06902816945441898, "21": 0.06902816945441896, "22": 0.06902816945441898, "23": 0.06902816945441896, "24": 0.06902816945441895, "25": 0.06902816945441898, "26": 0.06902816945441895, "27": 0.06902816945441896, "28": 0.06902816945441896, "29": 0.06902816945441896, "30": 0.06902816945441893, "31": 0.06902816945441895, "32": 0.06902816945441895, "33": 0.06902816945441895, "34": 0.06902816945441895, "35": 0.06902816945441895, "36": 0.06902816945441895, "37": 0.06902816945441896, "38": 0.06902816945441896, "39": 0.06902816945441893, "40": 0.06902816945441896, "41": 0.06902816945441899, "42": 0.06902816945441899, "43": 0.06902816945441896, "44": 0.06902816945441898, "45": 0.06902816945441898, "46": 0.06902816945441898, "47": 0.069028169454419, "48": 0.06902816945441898, "49": 0.06902816945441899, "50": 0.069028169454419, "51": 0.06902816945441902, "52": 0.06902816945441902, "53": 0.06902816945441902, "54": 0.069028169454419, "55": 0.069028169454419, "56": 0.06902816945441902, "57": 0.06902816945441902, "58": 0.06902816945441906, "59": 0.06902816945441903, "60": 0.06902816945441906, "61": 0.06902816945441903, "62": 0.06902816945441903, "63": 0.06902816945441903, "64": 0.06902816945441903, "65": 0.06902816945441902, "66": 0.06902816945441904, "67": 0.06902816945441903, "68": 0.06902816945441906, "69": 0.06902816945441903, "70": -0.034044062899121465, "71": -0.035483111615264365, "72": -0.03524886759809966, "73": -0.03524886759809966, "74": -0.035248867598099656, "75": -0.035248867598099656, "76": -0.03524886759809966, "77": -0.03524886759809966, "78": -0.03524886759809966, "79": -0.03524886759809967, "80": -0.03524886759809967, "81": -0.03524886759809968, "82": -0.03524886759809968, "83": -0.03524886759809967, "84": -0.03524886759809968, "85": -0.03524886759809968, "86": -0.03524886759809967, "87": -0.03524886759809966, "88": -0.035248867598099656, "89": -0.03524886759809968, "90": -0.03524886759809968, "91": -0.035248867598099656, "92": -0.03524886759809966, "93": -0.03524886759809966, "94": -0.03524886759809967, "95": -0.03524886759809966, "96": -0.03524886759809966, "97": -0.03524886759809967, "98": -0.03524886759809967, "99": -0.03524886759809967, "100": -0.035248867598099656, "101": -0.03524886759809966, "102": -0.03524886759809966, "103": -0.03524886759809967, "104": -0.03524886759809967, "105": -0.03524886759809966, "106": -0.03524886759809967, "107": -0.03524886759809966, "108": -0.03524886759809968, "109": -0.03524886759809968, "110": -0.03524886759809968, "111": -0.03524886759809968, "112": -0.03524886759809968, "113": -0.03524886759809968, "114": -0.03524886759809968, "115": -0.03524886759809967, "116": -0.03524886759809968, "117": -0.03524886759809968, "118": -0.03524886759809968, "119": -0.035248867598099684, "120": -0.03524886759809968, "121": -0.035248867598099684, "122": -0.03524886759809968, "123": -0.03524886759809968, "124": -0.035248867598099684, "125": -0.035248867598099684, "126": -0.03524886759809968, "127": -0.035248867598099684, "128": -0.03524886759809969, "129": -0.03524886759809969, "130": -0.03524886759809969, "131": -0.03524886759809969, "132": -0.03524886759809969, "133": -0.03524886759809969, "134": -0.03524886759809969, "135": -0.03524886759809969, "136": -0.03524886759809969, "137": -0.035248867598099684, "138": -0.03524886759809969, "139": -0.03524886759809969, "140": -0.034044062899256045, "141": -0.03258444392040402, "142": -0.03377930185641537, "143": -0.03377930185641535, "144": -0.03377930185641535, "145": -0.03377930185641536, "146": -0.03377930185641536, "147": -0.03377930185641535, "148": -0.03377930185641535, "149": -0.03377930185641535, "150": -0.03377930185641536, "151": -0.03377930185641536, "152": -0.033779301856415346, "153": -0.03377930185641536, "154": -0.03377930185641536, "155": -0.033779301856415346, "156": -0.033779301856415346, "157": -0.03377930185641536, "158": -0.03377930185641536, "159": -0.03377930185641535, "160": -0.03377930185641536, "161": -0.03377930185641536, "162": -0.03377930185641536, "163": -0.03377930185641535, "164": -0.03377930185641535, "165": -0.03377930185641535, "166": -0.03377930185641536, "167": -0.03377930185641535, "168": -0.03377930185641535, "169": -0.03377930185641535, "170": -0.033779301856415346, "171": -0.033779301856415346, "172": -0.033779301856415346, "173": -0.033779301856415346, "174": -0.033779301856415346, "175": -0.03377930185641534, "176": -0.033779301856415346, "177": -0.033779301856415346, "178": -0.03377930185641533, "179": -0.03377930185641533, "180": -0.03377930185641534, "181": -0.03377930185641534, "182": -0.03377930185641533, "183": -0.03377930185641533, "184": -0.03377930185641533, "185": -0.03377930185641533, "186": -0.033779301856415325, "187": -0.03377930185641533, "188": -0.033779301856415325, "189": -0.033779301856415325, "190": -0.033779301856415325, "191": -0.03377930185641533, "192": -0.03377930185641533, "193": -0.03377930185641533, "194": -0.03377930185641532, "195": -0.03377930185641532, "196": -0.03377930185641532, "197": -0.033779301856415325, "198": -0.033779301856415325, "199": -0.033779301856415325, "200": -0.033779301856415325, "201": -0.03377930185641532, "202": -0.03377930185641532, "203": -0.03377930185641532, "204": -0.03377930185641532, "205": -0.033779301856415304, "206": -0.03377930185641531, "207": -0.03377930185641531, "208": -0.03377930185641531, "209": -0.033779301856415304, "210": 0.06808812579793844, "211": 0.06806755553522166, "212": 0.06902816945407435, "213": 0.06902816945407435, "214": 0.06902816945407433, "215": 0.06902816945407433, "216": 0.06902816945407433, "217": 0.06902816945407433, "218": 0.06902816945407433, "219": 0.06902816945407433, "220": 0.06902816945407433, "221": 0.06902816945407433, "222": 0.06902816945407432, "223": 0.06902816945407432, "224": 0.06902816945407432, "225": 0.06902816945407432, "226": 0.06902816945407432, "227": 0.0690281694540743, "228": 0.06902816945407433, "229": 0.06902816945407433, "230": 0.06902816945407432, "231": 0.06902816945407433, "232": 0.06902816945407433, "233": 0.06902816945407433, "234": 0.06902816945407432, "235": 0.06902816945407432, "236": 0.06902816945407432, "237": 0.06902816945407432, "238": 0.06902816945407432, "239": 0.06902816945407432, "240": 0.06902816945407433, "241": 0.06902816945407433, "242": 0.06902816945407432, "243": 0.06902816945407432, "244": 0.06902816945407433, "245": 0.06902816945407433, "246": 0.06902816945407433, "247": 0.06902816945407432, "248": 0.06902816945407433, "249": 0.06902816945407433, "250": 0.06902816945407433, "251": 0.06902816945407433, "252": 0.06902816945407435, "253": 0.06902816945407436, "254": 0.06902816945407436, "255": 0.06902816945407436, "256": 0.06902816945407435, "257": 0.06902816945407435, "258": 0.06902816945407435, "259": 0.06902816945407435, "260": 0.06902816945407435, "261": 0.06902816945407435, "262": 0.06902816945407435, "263": 0.06902816945407435, "264": 0.06902816945407433, "265": 0.06902816945407433, "266": 0.06902816945407433, "267": 0.06902816945407433, "268": 0.06902816945407432, "269": 0.06902816945407432, "270": 0.0690281694540743, "271": 0.0690281694540743, "272": 0.06902816945407429, "273": 0.06902816945407429, "274": 0.0690281694540743, "275": 0.06902816945407429, "276": 0.06902816945407429, "277": 0.06902816945407429, "278": 0.06902816945407429, "279": 0.06902816945407429,