{"name": "eigen", "eigen": 5, "normalized": false, "process_time": 0.013351917266845703, "data": {"0": 0.576131136134155, "1": -0.7453043011891047, "2": 0.16917316505495078, "3": 0.05122151293665217, "4": -0.2256599850969303, "5": 0.17443847216027727}}