{"name":"fiedler","normalized":true,"weight":"value","num_of_nodes":6,"num_of_edges":9,"process_time":0.013678550720214844,"data":{"0":-0.21651311142294216,"1":-0.25438406935894087,"2":0.4708971747312329,"3":-0.6659491738016851,"4":0.35975340593365646,"5":0.30619577642494}}