{"name": "eigen", "eigen": 5, "normalized": false, "process_time": 0.009962081909179688, "data": {"0": -0.22420832531063462, "1": -0.33082985612992105, "2": -0.2735576912309329, "3": -0.28476784443586256, "4": -0.26995747972966677, "5": -0.19449321855247237, "6": -0.15568710619110654, "7": -0.10333480935762254, "8": -0.07604058114673518, "9": -0.03252868839251698, "10": -0.034051740984016914, "11": -0.010723557999012784, "12": 0.004696238949074422, "13": 0.02579548750909788, "14": 0.034784376738779765, "15": 0.03962286194667061, "16": 0.046947588014752184, "17": 0.02581800021688382, "18": 0.07088266713924658, "19": 0.09699460865014256, "20": 0.071905475071144, "21": 0.09354534779380705, "22": 0.1654369827195085, "23": 0.16675211240530552, "24": 0.13102163763077831, "25": 0.09797124118984371, "26": 0.088841543452643, "27": -0.051959011125512836, "28": 0.1310801847465965, "29": 0.11859511355743337, "30": 0.10261602163059189, "31": 0.057199878412255406, "32": 0.03846534549020199, "33": -0.008559052553909131, "34": -0.021806862122528296, "35": -0.0687800336983008, "36": -0.08441607723721845, "37": -0.040298261969939235, "38": -0.020909635902587514, "39": -0.005630489525355464, "40": 0.059976240406785654, "41": 0.10557554772300447, "42": 0.15739585770115136, "43": 0.1435588036098651, "44": 0.12316453870553978, "45": 0.09699204522503557, "46": 0.016547106788827166, "47": 0.04314333127471327, "48": 0.022139694785309708, "49": 0.024999228990771977, "50": -0.01577406776036367, "51": 0.03462260962948561, "52": 0.025337125057644645, "53": 0.03155880713025228, "54": -0.1285974814557, "55": -0.03362919662299964, "56": -0.13692218267332879, "57": -0.17004854532731237, "58": -0.12019340291618785, "59": -0.14511154797463047, "60": -0.12556156814273545, "61": -0.0725500268465397, "62": 0.019754547099588883, "63": 0.035531249511032544, "64": 0.08742297088752671, "65": 0.07365473235854411, "66": 0.09760138534998818, "67": 0.06941548879049653, "68": 0.05295558874812719, "69": 0.0534752182709416, "70": 0.03863914993024617, "71": 0.031277513916165095, "72": 0.033835522230110146, "73": -0.002995318624406166, "74": -0.019522686154294887, "75": -0.08400313864833701, "76": -0.07224788461795134, "77": -0.06261484014237068, "78": -0.020650349262329747, "79": -0.03382051328453889, "80": -0.019434346158382895, "81": -0.011118887070952904, "82": 0.0010621530414867408, "83": -0.03047877010987238, "84": -0.009015563774982117, "85": 0.03779070207189635, "86": 0.020944875857495233, "87": 0.07745954884833153, "88": 0.09008891723974345, "89": 0.11185527611900738, "90": 0.08293240452977717, "91": 0.10418677030796916, "92": 0.06776314905474176, "93": 0.06682147171344761, "94": 0.046824703043723555, "95": 0.00704579774171034, "96": -0.01873964522894904, "97": -0.018739645228949026, "98": -0.09819662995014264, "99": -0.05981622538313691}}