{"name": "eigen", "eigen": 5, "normalized": true, "process_time": 0.011789083480834961, "data": {"0": 0.22690656955221683, "1": 0.2655061074648216, "2": 0.30242159165176263, "3": 0.2719082693773277, "4": 0.26995743165455954, "5": 0.20081827007444147, "6": 0.15999389704718264, "7": 0.10303194247446223, "8": 0.08054133170959574, "9": 0.008622188172416091, "10": -0.0024404130866590296, "11": -0.03416108916652075, "12": -0.05466450843746279, "13": -0.08060327001682266, "14": -0.08048088442780477, "15": -0.07735943698332748, "16": -0.0798656479982252, "17": -0.04595055597117592, "18": -0.0689280462192326, "19": -0.07606464595447346, "20": -0.062350644706705094, "21": -0.09301948726767292, "22": -0.1526320579337027, "23": -0.16325048374889087, "24": -0.17970087199823612, "25": -0.15210592756826752, "26": -0.0756974750742957, "27": 0.08057589266166598, "28": -0.12053463023859648, "29": -0.10362345078274043, "30": -0.1421893856100921, "31": -0.11759614250385673, "32": -0.09930088366850413, "33": -0.04715780245181939, "34": -0.026217032107991332, "35": 0.030702170316106274, "36": 0.06250959876407891, "37": -0.01085574753952823, "38": -0.02958315856789884, "39": -0.03989452610007987, "40": -0.09507204716195393, "41": -0.12829374141416766, "42": -0.12949605215275387, "43": -0.13735825282513137, "44": -0.10956524932827685, "45": -0.07218048890024979, "46": -0.009200084926923598, "47": 0.012936278334596683, "48": 0.03834644843152909, "49": 0.03401022093975373, "50": 0.06416305535602634, "51": -0.0065711760012395004, "52": -0.013399425432023004, "53": -0.03433868789911832, "54": 0.05784573722750788, "55": 0.010073805217776037, "56": 0.09521028552198954, "57": 0.12988755807186628, "58": 0.12774670799108534, "59": 0.15215214218281795, "60": 0.16746487862783085, "61": 0.0950390367924973, "62": -0.03741827437578847, "63": -0.051815803239065705, "64": -0.09831673852479059, "65": -0.11576289505715111, "66": -0.13498765226954568, "67": -0.11015051461519705, "68": -0.08399824371763796, "69": -0.06591414422432994, "70": -0.023127416509437823, "71": -0.026653561267059304, "72": -0.038161018411362595, "73": -0.0032255819948172025, "74": 0.00343812579693116, "75": 0.07680375959447108, "76": 0.04997354168432626, "77": 0.039739740834636356, "78": -0.0008486310678231948, "79": 0.026311230675477762, "80": 0.02473600299885479, "81": 0.026925978352793076, "82": 0.03717336999642072, "83": 0.05863239872912269, "84": 0.07640767531907651, "85": 0.034203193766244235, "86": 0.027980572087706275, "87": 0.008737218668414206, "88": -0.03245282415416631, "89": -0.0006660006407320004, "90": -0.005235498211796969, "91": -0.004002367087953394, "92": -0.007702231434994596, "93": -0.003411115836253524, "94": -0.023123314301447543, "95": 0.013617870288126202, "96": 0.04103738783023951, "97": 0.0410373878302395, "98": 0.101526366392614, "99": 0.016681197217556423}}