{"name": "eigen", "eigen": 4, "normalized": true, "process_time": 0.011789083480834961, "data": {"0": -0.020927987911534857, "1": -0.07863689013502426, "2": -0.09650706045134672, "3": -0.12510014162437705, "4": -0.0852333301289546, "5": -0.03980777294184575, "6": -0.039569892386868345, "7": -0.07262898195423623, "8": 0.010561279635475849, "9": 0.04281946348691661, "10": 0.07219143008729052, "11": 0.08938279643275454, "12": 0.10465185348098058, "13": 0.10445924345627448, "14": 0.11018300034627337, "15": 0.10203048914691752, "16": 0.09385434030926723, "17": 0.07679201433650902, "18": 0.0579462712191007, "19": -0.016709873285005606, "20": -0.058906036995248615, "21": -0.10843920471052403, "22": -0.11435938149903876, "23": -0.11289744777594485, "24": -0.11078953211674067, "25": -0.11452197234235942, "26": -0.026037986540035765, "27": 0.0031148899181441606, "28": 0.016492952351327993, "29": 0.06762907920404729, "30": 0.0007061020259928052, "31": -0.05214985864030172, "32": -0.04257684020847491, "33": -0.06275902949491904, "34": -0.03263630653663768, "35": -0.006845493212107187, "36": -0.05149666166601961, "37": -0.02058205254592033, "38": -0.046174925543136736, "39": -0.009544331047805513, "40": -0.0692119681183821, "41": -0.10617427709550388, "42": -0.12073667138805058, "43": -0.13511528815338317, "44": -0.11544838964598177, "45": -0.09994464655434729, "46": -0.023770441408706027, "47": -0.0710157822245839, "48": -0.04226915298355152, "49": -0.03867032808428793, "50": -0.01520561494025444, "51": 0.0026807158353493316, "52": -0.01834916230889745, "53": 0.05623981251464485, "54": -0.11444231330257955, "55": 0.08621774659287595, "56": 0.10489355883672381, "57": 0.1061275479343609, "58": 0.09819183574196784, "59": 0.10462660639755483, "60": 0.06031756925992314, "61": 0.09264104620444133, "62": 0.018836139923292278, "63": 0.11356460843717416, "64": 0.06089776343717509, "65": 0.07101686994545049, "66": 0.014838572592670511, "67": 0.021487755772999988, "68": -0.02769240344869979, "69": 0.04299645378692071, "70": 0.0428484981903948, "71": 0.022530816575090457, "72": 0.025277729538485214, "73": -0.07794052675124764, "74": -0.16230265595523904, "75": -0.2014199837767598, "76": -0.23604933571097947, "77": -0.2172652812487704, "78": -0.21749246651175153, "79": -0.1711398799063239, "80": -0.14272080981663715, "81": -0.04443973096753247, "82": -0.05486618300759187, "83": 0.00493906967023915, "84": 0.06848552896341403, "85": 0.08275509747661929, "86": 0.0716562869231848, "87": 0.11694015690755383, "88": 0.05066795126820319, "89": 0.15004126452296349, "90": 0.10081095241635316, "91": 0.1818453866462137, "92": 0.16101884349436218, "93": 0.1905447752342325, "94": 0.22054178286297327, "95": 0.17294982761501435, "96": 0.18891772093394224, "97": 0.1889177209339423, "98": 0.10260426955785577, "99": 0.0006853441620098683}}