{"name": "eigen", "eigen": 1, "normalized": true, "process_time": 0.011865854263305664, "data": {"0": 0.06538018144926414, "1": 0.09918452611878836, "2": 0.10915398258904102, "3": 0.13827806486487867, "4": 0.17499723800587705, "5": 0.18898192346922527, "6": 0.19663629918471318, "7": 0.1919637066621071, "8": 0.1743606479968457, "9": 0.15297072475312506, "10": 0.1298247151775599, "11": 0.08296922033688076, "12": 0.07441991794282121, "13": 0.08041905178828929, "14": 0.04566723633206721, "15": 0.0377639836119755, "16": -0.03921005996891577, "17": 0.052714648599355415, "18": 0.04767889548492924, "19": -0.007256649039398377, "20": 0.06917363964739984, "21": -0.030823049089153162, "22": 0.061433954597693984, "23": 0.025165770717300258, "24": 0.04158105109758095, "25": 0.034023354153985774, "26": -0.07755288450891633, "27": -0.06557929128905586, "28": -0.0806345555177042, "29": -0.09862294974856672, "30": -0.11781454503607491, "31": -0.18831010224074765, "32": -0.20774778284294726, "33": -0.2546872285436847, "34": -0.25209111170429255, "35": -0.2639052665407233, "36": -0.2325319412917231, "37": -0.2079281411205367, "38": -0.18733325449528343, "39": -0.15217477946005298, "40": -0.1329206476002977, "41": -0.11242685505705893, "42": -0.1412206108788816, "43": -0.11520299023820689, "44": -0.07724603219188174, "45": -0.15196888879021886, "46": -0.10368406494890718, "47": -0.0694432492404554, "48": -0.07782492493264696, "49": -0.02580843924542064, "50": 0.020196364632512127, "51": 0.04691567983058641, "52": 0.0642475834325866, "53": 0.07336378065555055, "54": 0.08940940487546598, "55": 0.08181049307836999, "56": 0.06538576367165883, "57": 0.06365825592281511, "58": 0.06483815585950842, "59": 0.015960985619865864, "60": 0.08737251918416936, "61": 0.06577479107791444, "62": 0.06447857156522861, "63": 0.0743652107754327, "64": 0.0547002655726828, "65": 0.058773738479666826, "66": 0.05437565128397085, "67": 0.04194591089707945, "68": 0.00464479647934914, "69": 0.023820994031236453, "70": 0.009131198564234107, "71": 0.02333350833215287, "72": -0.016799176979276673, "73": -0.052759720962233976, "74": -0.051948381299227644, "75": -0.08241740411774805, "76": -0.03547154218255593, "77": -0.0378260298571444, "78": -0.0283097303579975, "79": -0.019656983711934205, "80": -0.010693183799983257, "81": -0.00017012393756652298, "82": 0.008422554529961275, "83": -0.006750217957297208, "84": -0.02534287109397092, "85": 0.007615575034725243, "86": 0.007244618088674222, "87": 0.02076218417692117, "88": 0.030074213553998315, "89": 0.03600241973741065, "90": 0.05971490673453251, "91": 0.03144608981306669, "92": 0.043355617352319506, "93": 0.05152920098370839, "94": 0.04986762664709883, "95": 0.06169534019287701, "96": -0.005962532126000675, "97": -0.03200350646912323, "98": 0.02129577587813263, "99": 0.04651626277568431}}