{"name": "eigen", "eigen": 5, "normalized": true, "process_time": 0.011865854263305664, "data": {"0": 0.14447864985040612, "1": 0.08629804006990632, "2": 0.004719539489414004, "3": 0.02125521066149494, "4": -0.009574000177269462, "5": -0.021571311203158167, "6": -0.03802219377876931, "7": -0.04776086183162509, "8": -0.05170780236950784, "9": -0.05276697543432596, "10": -0.04785910542263625, "11": -0.03699646835771929, "12": -0.01688072248264627, "13": -0.015128637122711841, "14": -0.001954258688714683, "15": 0.008773307059038365, "16": 0.01641306103382853, "17": 0.023360146058834824, "18": 0.09521433603277743, "19": 0.044125781741228644, "20": 0.024624019410957376, "21": -0.0007529638241509928, "22": 0.0023885573970915674, "23": 0.0003197023210544381, "24": -0.0011803202990907508, "25": 0.0007097765639711151, "26": -0.0641037885435029, "27": -0.02635774494673395, "28": -0.05664228881297288, "29": -0.027993543133273076, "30": -0.04202704879822777, "31": -0.004581781376927767, "32": 0.02384502279343506, "33": 0.034746255553439576, "34": 0.04444209782072197, "35": 0.0333703197091583, "36": 0.06420847509738539, "37": 0.07892220684925275, "38": 0.07530803757295693, "39": 0.12264888012219032, "40": 0.0898614439679491, "41": 0.1033014655086024, "42": 0.03620755379379599, "43": -0.07125479478024506, "44": -0.07946783644318559, "45": -0.0783633866892467, "46": -0.1564893826520255, "47": -0.17415959357980182, "48": -0.1739633535441791, "49": -0.1634584570681074, "50": -0.1426824691762892, "51": -0.04893084148461877, "52": 0.1388225708083429, "53": 0.20905774245454184, "54": 0.2407792007072303, "55": 0.24628329359292503, "56": 0.18114243573347902, "57": 0.18010942794549648, "58": 0.11250123420917271, "59": 0.056754483137397074, "60": -0.05357280822492559, "61": -0.12462662897245864, "62": -0.17673652676071389, "63": -0.17789056892480054, "64": -0.18910001685455186, "65": -0.18972646563659903, "66": -0.14215370426512555, "67": -0.15276057121812694, "68": -0.10489370019145482, "69": -0.11915301916467669, "70": -0.12233671204515231, "71": -0.06827665452455318, "72": -0.13309802125952833, "73": -0.0738524744906296, "74": -0.097336293331794, "75": -0.04397204646235491, "76": -0.0722676025324498, "77": -0.0527954873069392, "78": -0.07043619357722006, "79": -0.055677346857395685, "80": -0.055616157395676234, "81": -0.01798894997866872, "82": -0.046950331690717356, "83": 0.12088486051377645, "84": 0.15151255171982236, "85": 0.1421235119726622, "86": 0.09959317851252994, "87": 0.07688788276808983, "88": 0.07600390747091701, "89": 0.055993379950300695, "90": 0.02611719940975516, "91": 0.022732763168488768, "92": 0.06241778820547754, "93": 0.07533720456115012, "94": 0.10843031371194477, "95": -0.002408870669178571, "96": 0.10228362094730632, "97": 0.1316397456583401, "98": 0.09644813086367611, "99": 0.1534763098018781}}