{"name": "fiedler", "normalized": false, "process_time": 0.07033395767211914, "data": {"0": -0.08137653587904348, "1": -0.08987355540308124, "2": -0.13189424050566925, "3": -0.14118951937720106, "4": -0.17800804709100065, "5": -0.19068470112219923, "6": -0.19736848040873847, "7": -0.19165305970686544, "8": -0.17269742015432768, "9": -0.15106507012362994, "10": -0.10132621311940657, "11": -0.09539175291995693, "12": -0.085973126596506, "13": -0.07038901921536554, "14": -0.05369516587634319, "15": -0.039036697462736095, "16": 0.044922101796814745, "17": -0.06582351217530513, "18": -0.06260742997162996, "19": 0.0015756379663066226, "20": -0.08310601267957213, "21": 0.03731222715373914, "22": -0.06162310359817482, "23": -0.0234867743583618, "24": -0.03630750437404631, "25": -0.02661348585019665, "26": 0.06758031494787493, "27": 0.06853513232172172, "28": 0.08423939466374591, "29": 0.12028326179444367, "30": 0.12317967539072999, "31": 0.19034349561984618, "32": 0.24229317916054283, "33": 0.22119572142180008, "34": 0.24606495951520424, "35": 0.22825422216007102, "36": 0.22216294400814454, "37": 0.19627043831012247, "38": 0.15454234032775255, "39": 0.12400549829782734, "40": 0.10803406548064097, "41": 0.09337876566515223, "42": 0.13577947855046793, "43": 0.14560461239204056, "44": 0.08168791340818035, "45": 0.19031564112050595, "46": 0.14267390799846635, "47": 0.1021201795059418, "48": 0.09479322892802845, "49": 0.0396956641252394, "50": -0.01203316128180469, "51": -0.03744719560788713, "52": -0.08218651165306531, "53": -0.09722246451930958, "54": -0.08839148523879495, "55": -0.09329199605521635, "56": -0.08790120098888439, "57": -0.07297921465334949, "58": -0.07230008484608416, "59": -0.01755769513969818, "60": -0.09009052095224618, "61": -0.0759701794688072, "62": -0.05443930927037499, "63": -0.06165966155257564, "64": -0.04893176042094148, "65": -0.0536045635836863, "66": -0.04391390812001242, "67": -0.04458655176926297, "68": 0.0019911130266382997, "69": -0.023493199419429355, "70": -0.004382070236401371, "71": -0.014793906879326867, "72": 0.020020614478887127, "73": 0.05357711200577613, "74": 0.0514917219520638, "75": 0.07805271513783846, "76": 0.039594168442522476, "77": 0.030283210586595107, "78": 0.0256869889075653, "79": 0.016981438118267408, "80": 0.008544832816976293, "81": -0.0014445341788261944, "82": -0.009487660223062772, "83": 0.014339002712932442, "84": 0.02745425461948189, "85": -0.002875986885590092, "86": -0.002874354383328908, "87": -0.011972497626656255, "88": -0.02328299398085922, "89": -0.029397140726871777, "90": -0.04223101265926153, "91": -0.031696959073164235, "92": -0.04589783529413705, "93": -0.04183717674310111, "94": -0.04050241449710871, "95": -0.05772304593294432, "96": 0.006384202433641645, "97": 0.032346796049827056, "98": -0.021403731730509492, "99": -0.042597759758426945}}