{"name": "eigen", "eigen": 1, "normalized": false, "process_time": 0.006329059600830078, "data": {"0": 0.0, "1": -3.58402377013152e-05, "2": -0.0015304730807152197, "3": -0.0004192348999328497, "4": 0.019162864132380664, "5": -0.03616396266924875, "6": 0.012922201105445476, "7": -0.0032266736678143596, "8": 0.006684666173266412, "9": -0.003794764420713647, "10": -0.010412592906392222, "11": 0.039320833809619885, "12": -0.05990721691456051, "13": -0.0381177687630864, "14": 0.01778261338395359, "15": 0.015188780695878229, "16": -0.018805965336294618, "17": 0.018117910756810584, "18": 0.14645301266693855, "19": -0.5274114907803402, "20": 0.694453792744911, "21": -0.40440651156638596, "22": -0.019776294706956844, "23": 0.007908732274850753, "24": 0.007908732274850753, "25": 0.007908732274850753, "26": 0.007908732274850753, "27": 0.007908732274850753, "28": 0.007908732274850753, "29": 0.007908732274850753, "30": 0.007908732274850753, "31": 0.007908732274850753, "32": 0.007908732274850753, "33": 0.007908732274850753, "34": 0.007908732274850753, "35": 0.007908732274850753, "36": 0.03706947460029038, "37": 0.04293983415830028, "38": 0.022391355525202213, "39": 0.038665460212337154, "40": -0.03145685312596687, "41": -0.047417438160036005, "42": 0.013754708597257715, "43": -0.013701918118072422, "44": -0.011078913271128149, "45": -0.006517219346148893, "46": 0.1282432177348224, "47": 0.008040624034305499, "48": -0.13345298947851167, "49": -0.00849816839855603, "50": 0.012127419943782804}}