{"0": 0.0, "1": -9.581783261007687e-05, "2": -0.023326785164529035, "3": 0.03352941811272001, "4": 0.05578447085211364, "5": -0.34356042313089274, "6": -0.6607589301173749, "7": 0.5936112821542069, "8": 0.29313851205693786, "9": 0.0044304471544416735, "10": 0.004430447154441687, "11": 0.004430447154441687, "12": 0.004430447154441687, "13": 0.004430447154441687, "14": 0.004430447154441687, "15": 0.004430447154441687, "16": 0.004430447154441687, "17": 0.004430447154441687, "18": 0.004430447154441687, "19": 0.004430447154441687, "20": 0.004430447154441687, "21": 0.004430447154441687, "22": 0.004430447154441687, "23": 0.004430447154441687, "24": 0.004430447154441687, "25": 0.004430447154441687, "26": 0.004430447154441687, "27": 0.004430447154441687, "28": 0.004430447154441687, "29": 0.004430447154441687, "30": 0.004430447154441687, "31": 0.004430447154441687, "32": 0.004430447154441687, "33": 0.004430447154441687, "34": 0.004430447154441687, "35": 0.004430447154441687, "36": -0.006490311860322238, "37": -0.025209724663988325, "38": -0.01769919861613406, "39": -0.006119247393469997, "40": -0.005117358093508706, "41": -0.005117358093508706, "42": -0.005117358093508706, "43": -0.005117358093508706, "44": -0.005117358093508706, "45": -0.005117358093508706, "46": -0.005117358093508706, "47": -0.005117358093508706, "48": 0.01881084877981182, "49": 0.012277476107254248, "50": -0.0025747777055794376}