{"name": "fiedler", "normalized": false, "process_time": 0.0064890384674072266, "data": {"0": -3.4124125747325706e-10, "1": -0.06633505788458147, "2": 0.06251774639955997, "3": 0.13878238942847784, "4": -0.07417527126771048, "5": -0.005946639142830204, "6": 0.10300687525236228, "7": -0.014313091532880602, "8": 0.15766850615250347, "9": 0.14427528994640465, "10": 0.1282789454622309, "11": 0.22669322544075365, "12": -0.2487056503980603, "13": -0.1484377451808713, "14": -0.15640821745138792, "15": 0.06093706651590012, "16": -0.009929267456015533, "17": 0.154850567642008, "18": 0.011201894845601069, "19": -0.11238604521647533, "20": 0.00040722025417029795, "21": -0.17088288542162886, "22": 0.1449459029944134, "23": 0.026030680645308377, "24": 0.08354311291801586, "25": 0.057947819858101234, "26": 0.1518850929247552, "27": 0.0623646970537758, "28": -0.1225407567479426, "29": -0.2817365333912644, "30": 0.11985483018600421, "31": -0.1853172335387352, "32": -0.1216900878812554, "33": -0.08172402254341407, "34": 0.15218240523520257, "35": -0.10843853619060605, "36": -0.4197567896591777, "37": -0.12993734663136705, "38": 0.04864078081047929, "39": 0.13170329488949722, "40": 0.22669836156286105, "41": -0.1212896647899305, "42": 0.16681570301487736, "43": 0.050445907881127856, "44": 0.11364317664551389, "45": 0.04740216091272393, "46": 0.06897263967359236, "47": -0.15169510040245424, "48": 0.12393100623469255, "49": -0.1912903847443165, "50": -0.04269097296676746}}