{"name": "fiedler", "normalized": true, "process_time": 0.018136978149414062, "data": {"0": -5.2204240930109336e-09, "1": 0.16662205032798505, "2": -0.014639690130867373, "3": 0.09404138824311661, "4": 0.18244265078680116, "5": -0.10387395146869877, "6": 0.05560166686722825, "7": 0.09433786580065531, "8": 0.24412659532121042, "9": 0.036570254747929326, "10": -0.15548602492072838, "11": -0.10728419003946951, "12": 0.15851882576056725, "13": 0.19893116971934155, "14": -0.20946523705187908, "15": -0.2720923969222961, "16": 0.22760050719007158, "17": 0.12137850187490164, "18": -0.20203800074016318, "19": -0.09420931185077668, "20": 0.003797641902223826, "21": 0.004021832523663745, "22": -0.18127373729286125, "23": -0.04673117058865797, "24": -0.025537818188547536, "25": -0.12109317577799296, "26": -0.013069181831810446, "27": -0.09440594924217463, "28": -0.07687604281897165, "29": 0.08790776834913629, "30": 0.04711846494589203, "31": -0.2115567975199663, "32": -0.13208099854497748, "33": 0.06569088328443594, "34": -0.2347886670263688, "35": 0.23075225104011626, "36": 0.18745456990420103, "37": 0.014480194681195217, "38": 0.1425587564710575, "39": 0.100760965451675, "40": 0.029629183186725368, "41": -0.05186594329379666, "42": 0.09467577450665544, "43": 0.08635414783993853, "44": 0.07721352772611292, "45": -0.28055256826420816, "46": 0.15362176728067628, "47": -0.21831488673665528, "48": 0.005741815429384086, "49": -0.12605085836107022, "50": 0.06133561436401257}}