{"name": "agd", "process_time": 0.00040602684020996094, "data": {"0": 2.5454545454545454, "1": 3.4545454545454546, "2": 2.5454545454545454, "3": 2.5454545454545454, "4": 3.4545454545454546, "5": 2.5454545454545454, "6": 2.5454545454545454, "7": 3.4545454545454546, "8": 2.5454545454545454, "9": 2.5454545454545454, "10": 3.4545454545454546, "11": 2.5454545454545454}}