{"name": "eigen", "eigen": 3, "normalized": false, "process_time": 0.0038738250732421875, "data": {"0": -2.1144228906397093e-16, "1": 0.4619397662556436, "2": 0.19134171618254464, "3": -3.0531133177191805e-16, "4": -0.46193976625564287, "5": -0.1913417161825452, "6": 1.6653345369377348e-16, "7": 0.4619397662556438, "8": 0.19134171618254536, "9": 1.942890293094024e-16, "10": -0.4619397662556434, "11": -0.1913417161825448}}