{"name": "eigen", "eigen": 4, "normalized": true, "process_time": 0.015418767929077148, "data": {"0": 0.7616504444686241, "1": -0.3463680780532893, "2": -1.1102230246251565e-16, "3": -0.27181201091256035, "4": 0.10286593684583331, "5": 1.5265566588595902e-16, "6": 0.12633760791896853, "7": 0.0700102647113649, "8": 6.938893903907228e-18, "9": -0.22534707377911162, "10": -0.37922375018775734, "11": 8.326672684688674e-17}}