{"name": "fiedler", "normalized": true, "process_time": 0.014332294464111328, "data": {"0": -0.35324921454137104, "1": -0.2394168652644419, "2": -0.33858658244190865, "3": 0.014662621100424145, "4": 0.2601529428570723, "5": 0.36791182486762086, "6": 0.35324921444601354, "7": 0.23941688709151218, "8": 0.3385866042555608, "9": -0.014662621206721377, "10": -0.2601529648570576, "11": -0.36791184641679014}}