{"0": 0.009597505655029004, "1": 0.009657194405089616, "2": 0.009850517208809834, "3": 0.009253728083425942, "4": 0.008793671382161018, "5": 0.00954801302605321, "6": 0.08527595570813074, "7": 0.010347179369551178, "8": 0.009063454339458949, "9": 0.009595923495581664, "10": 0.009134427158203303, "11": 0.00948812785184616, "12": 0.009925451454927806, "13": 0.009201938115894094, "14": 0.00918014239138188, "15": 0.008916338093175762, "16": 0.009780849474163592, "17": 0.009605643455433632, "18": 0.009603424986033254, "19": 0.008833051734093544, "20": 0.009768055855372479, "21": 0.009257623664617826, "22": 0.009760485851619538, "23": 0.009088663798298813, "24": 0.009531146345450603, "25": 0.009582547601239388, "26": 0.009066635623601216, "27": 0.00923054854924188, "28": 0.009362767707163249, "29": 0.009425395571417581, "30": 0.009439836031556395, "31": 0.009215190243735896, "32": 0.009497155654932215, "33": 0.009456687808968387, "34": 0.008963477815881157, "35": 0.00965794146307493, "36": -0.005886193028949082, "37": -0.005595521361945293, "38": 0.009295859563983816, "39": 0.00952094575559079, "40": 0.00937383719481324, "41": 0.009275671548708795, "42": 0.009575807856271427, "43": 0.008984113831332963, "44": 0.00910528653353121, "45": 0.009501805558642783, "46": 0.008746450943716086, "47": 0.00968798390565137, "48": 0.009447928025606137, "49": 0.008829858377442098, "50": 0.05220791718227542, "51": 0.054404560691276305, "52": 0.053115080103079956, "53": 0.05422279935919419, "54": 0.05371819218495818, "55": 0.05348462015690238, "56": 0.05304110492658723, "57": 0.05069942144287826, "58": 0.05206796777159373, "59": 0.05437316327736908, "60": 0.05201075361389204, "61": 0.054160771526463855, "62": 0.05423356444150303, "63": 0.05421359316463499, "64": 0.05257983579000897, "65": 0.05426449797683795, "66": 0.09561893351566915, "67": 0.0534200202294404, "68": 0.051356917174562394, "69": 0.052351509761874526, "70": 0.05365021327725356, "71": 0.05284146708069399, "72": 0.051790498243517114, "73": 0.05167970562732521, "74": 0.05073315366183929, "75": 0.04917116465929897, "76": 0.05299869924127603, "77": 0.052020192696180044, "78": 0.052899283918030615, "79": 0.054446970093502065, "80": 0.05259309215779235, "81": 0.05437102924714542, "82": 0.05315994567634986, "83": 0.05258216599906249, "84": 0.053257008741923385, "85": 0.05169166637819084, "86": 0.05063178566631436, "87": 0.05371142289575999, "88": 0.05381322579027523, "89": 0.051770519393382175, "90": 0.053916329611055996, "91": 0.05352296026169283, "92": 0.05091243571786068, "93": 0.05371849316984694, "94": 0.05367867689891173, "95": 0.12521180481951424, "96": 0.05392125311859039, "97": 0.05274058499238383, "98": 0.05336988520659716, "99": 0.05463109246062959, "100": 0.052488848037083785, "101": 0.053567370754715134, "102": 0.05242090991567612, "103": 0.05289940890738709, "104": 0.05256310345980641, "105": 0.05257143179452842, "106": 0.052559970916405095, "107": 0.05141779270180493, "108": 0.05239712834618419, "109": 0.12791477323517905, "110": 0.05235360200360787, "111": 0.05207049753793225, "112": 0.05278888424170548, "113": 0.0527172377707405, "114": 0.052758929990562815, "115": 0.05609502567953322, "116": 0.05134804137996833, "117": 0.053885902945187934, "118": 0.05305203597885121, "119": 0.05325799858034927, "120": 0.04878945389086205, "121": 0.04704687132669101, "122": 0.04819942274520033, "123": -0.0071297157308150665, "124": 0.04700753253286803, "125": 0.04900716487634288, "126": 0.04855485197022767, "127": 0.048453254993749875, "128": 0.04830124076509885, "129": 0.047257444917601435, "130": 0.046798822673763736, "131": 0.04885535576498652, "132": 0.04731258466287906, "133": 0.046475057069593186, "134": 0.04859559645940979, "135": 0.048201744934964354, "136": 0.047736758873347065, "137": 0.04896201327143919, "138": 0.04813539080358322, "139": 0.04754090019673228, "140": 0.04890884139222798, "141": 0.046531399320186635, "142": 0.04798342220070489, "143": 0.04587177960317353, "144": 0.04664638369172065, "145": 0.048373900651026834, "146": 0.04712223492409018, "147": 0.04696965257640237, "148": 0.045497742567349904, "149": 0.0475711264531935, "150": 0.04782002900760495, "151": 0.0483643773595105, "152": 0.04752554193414097, "153": 0.048224474462181026, "154": 0.04661511968330456, "155": 0.04859183230323889, "156": 0.0476129110811288, "157": 0.04673814288472771, "158": 0.04771152041919763, "159": 0.0473862310590448, "160": 0.04655243234437068, "161": 0.04797270036711907, "162": 0.04628508760133414, "163": 0.049040515929493295, "164": 0.04831450684843562, "165": 0.046928144357944665, "166": 0.0462385532719099, "167": 0.046740874544047926, "168": 0.048130347607369936, "169": 0.04721652792029065, "170": 0.0470456455115412, "171": 0.047056978472597565, "172": 0.04696056366721527, "173": 0.04841018455673659, "174": 0.04701404320178032, "175": 0.04902529032503872, "176": 0.04720687877583341, "177": 0.046145876863676674, "178": 0.047057971317300426, "179": 0.0486270653625016, "180": 0.04845180121477993, "181": 0.04634728513386311, "182": 0.0473140573600161, "183": 0.048638369325350816, "184": 0.047562059513335815, "185": 0.04671358569303864, "186": 0.04724265973714674, "187": 0.12499916768430247, "188": 0.04846776952459838, "189": 0.04735940186779568, "190": 0.047089724286099255, "191": 0.04822711606149672, "192": 0.045071959256241724, "193": 0.04638198092157131, "194": 0.048953217357966476, "195": 0.04607739903311278, "196": 0.04610004191137622, "197": 0.04826039450145767, "198": 0.049240769846947925, "199": 0.04517084845188928, "200": 0.04716471809688418, "201": 0.04557562247451204, "202": 0.04777889334875877, "203": 0.0492338238243656, "204": 0.04940907536757287, "205": 0.04525233672109555, "206": 0.04879900574065855, "207": 0.046835515766616785, "208": 0.12780815708424004, "209": 0.047423320685289524, "210": 0.047344676644598425, "211": 0.04699555877670924, "212": 0.04674005708881825, "213": 0.046306400261296454, "214": 0.04684131431276587, "215": 0.04651344662505897, "216": 0.04746892793075546, "217": 0.04724793776851519, "218": 0.04732149281427633, "219": 0.047131640547155476, "220": -0.06196687750742789, "221": -0.06297280608540083, "222": -0.06343764241927795, "223": -0.06374399851746446, "224": -0.06425216111378626, "225": -0.06129611088512037, "226": -0.06446879857664316, "227": -0.06116372694625215, "228": -0.06295467458395786, "229": -0.06284466041961753, "230": -0.036061211514479524, "231": -0.06383025863724169, "232": -0.06301003168662678, "233": -0.06114167482441952, "234": -0.0607759543055743, "235": -0.06298046915209696, "236": -0.06401169692530492, "237": -0.06375298292528774, "238": -0.06160080512902749, "239": -0.06308144088419813, "240": -0.0622064839065106, "241": -0.06357790495145618, "242": -0.06345980264796215, "243": -0.0625194195262239, "244": -0.06263569274708666, "245": -0.06559424232881415, "246": -0.06294738437067303, "247": -0.06282254238117684, "248": -0.06422136508163497, "249": -0.06425198253276275, "250": -0.06222286157110214, "251": -0.0642874667339797, "252": -0.06347368557543145, "253": -0.0631910602977156, "254": -0.0637773248454268, "255": -0.06297552687560092, "256": -0.06347455813303415, "257": -0.06488725212249137, "258": -0.06345299935427416, "259": -0.062801384060512, "260": -0.06440158495055416, "261": -0.06277324275611935, "262": -0.06288163524853786, "263": -0.06316997951363713, "264": -0.06422248549037064, "265": -0.06098896548623317, "266": -0.06219178052813469, "267": -0.06261198262899724, "268": -0.06246996461703971, "269": -0.06326182889538325, "270": -0.06259046878250084, "271": -0.06349492778243354, "272": -0.06365561593813207, "273": -0.06299135950016294, "274": -0.06229858430764557, "275": -0.06296440117805174, "276": -0.06316150675749513, "277": -0.06417508383376373, "278": -0.06445160419883039, "279": -0.06290374060252812, "280": -0.06380903044186023, "281": -0.061446641046290586, "282": -0.06396819604547044, "283": -0.12023622565885829,