{"name": "eigen", "eigen": 4, "normalized": true, "process_time": 0.09382104873657227, "data": {"0": -0.09793032351515749, "1": -0.098440382294952, "2": -0.09702579697341315, "3": -0.09346083123455887, "4": -0.08865422017487516, "5": -0.09205640239618729, "6": -0.10960390099265405, "7": -0.10078069389649064, "8": -0.08910573539537923, "9": -0.09257028065610656, "10": -0.0914082988779559, "11": -0.09539521875101657, "12": -0.09608443278553841, "13": -0.09329849536277507, "14": -0.09371147737890705, "15": -0.09067463930083366, "16": -0.093782622042806, "17": -0.09526707808753096, "18": -0.09844532983781826, "19": -0.09124663185764723, "20": -0.09639670954104612, "21": -0.09189873432479262, "22": -0.09813685542896677, "23": -0.08856583787911734, "24": -0.09621753287512214, "25": -0.09680990903517549, "26": -0.09176322947565238, "27": -0.09277566182789058, "28": -0.0900562349351676, "29": -0.09436163983691132, "30": -0.09127160731872787, "31": -0.09375271528325435, "32": -0.09318376744516228, "33": -0.09579376682668451, "34": -0.09213757225250958, "35": -0.09501003466990902, "36": -0.012420970040755094, "37": -0.025427821988914925, "38": -0.0951100191989322, "39": -0.0952574922857293, "40": -0.09169359216843977, "41": -0.09423830608253331, "42": -0.09482395629519975, "43": -0.0891588190272152, "44": -0.09054052816101332, "45": -0.09823801726537336, "46": -0.09011987038225205, "47": -0.09629920494050957, "48": -0.0951879926737261, "49": -0.09001291920462776, "50": 0.028161571831338158, "51": 0.029260972333906527, "52": 0.028137658826064418, "53": 0.029368967784627848, "54": 0.028359459268375624, "55": 0.02900397980457872, "56": 0.028188109518566696, "57": 0.027232906259242597, "58": 0.027829945532460505, "59": 0.028889484013120175, "60": 0.027259142387934813, "61": 0.028623842473502206, "62": 0.029262285459331076, "63": 0.02910918571224741, "64": 0.02742236279571158, "65": 0.028528016456873823, "66": -0.08632993416491372, "67": 0.02807788954567046, "68": 0.02714132068181268, "69": 0.028252423562978874, "70": 0.028291924329619276, "71": 0.02855098098577736, "72": 0.027490064911891637, "73": 0.02687755176990152, "74": 0.027036025404559516, "75": 0.025885096931273832, "76": 0.02848315058621352, "77": 0.027335260190179067, "78": 0.027927101252036735, "79": 0.029171589836240037, "80": 0.028141899720322022, "81": 0.02943266959092495, "82": 0.028555941550448435, "83": 0.027512380803368472, "84": 0.027834751242064516, "85": 0.027209136157483004, "86": 0.026325706700303486, "87": 0.028571617514428146, "88": 0.02881091145979345, "89": 0.02706998683092144, "90": 0.028413646304380313, "91": 0.02818796835205051, "92": 0.026526004404213457, "93": 0.028066753732758742, "94": 0.028506270635709707, "95": 0.035048178727952364, "96": 0.0288077236198238, "97": 0.027840582243197926, "98": 0.028043384100329468, "99": 0.0284469939790683, "100": 0.027964044605225485, "101": 0.02811282519813249, "102": 0.02779270997086351, "103": 0.028004571527830913, "104": 0.028511922306661115, "105": 0.027927336720941283, "106": 0.028114698337803924, "107": 0.027011702035628384, "108": 0.027537229046096335, "109": 0.03536239367814257, "110": 0.02792146573832269, "111": 0.028077569521290483, "112": 0.02840419216569026, "113": 0.028639555232879765, "114": 0.028493715294582198, "115": 0.029512704412352722, "116": 0.027191737456524066, "117": 0.028808109723240636, "118": 0.027882252367975584, "119": 0.02798906116373003, "120": -0.007367264316968321, "121": -0.007006063632577463, "122": -0.00722256339083133, "123": -0.022138907076471113, "124": -0.00726590877892801, "125": -0.0074148779411322635, "126": -0.0071658037140767995, "127": -0.0071473384522075705, "128": -0.007100980386958588, "129": -0.007114832999149351, "130": -0.007174903064317969, "131": -0.007101970963972638, "132": -0.007287638619504183, "133": -0.007156054982290957, "134": -0.00746893523663774, "135": -0.007294237576273719, "136": -0.007103462178052268, "137": -0.007350109606954877, "138": -0.007272856614780216, "139": -0.006951053999408462, "140": -0.0074765841427063395, "141": -0.006952955221290755, "142": -0.0074005583455396115, "143": -0.006862693010578975, "144": -0.007108504479513701, "145": -0.007019746011016922, "146": -0.007063814987895171, "147": -0.0072361914364685535, "148": -0.006933708998988589, "149": -0.007252247230695009, "150": -0.007198276375598519, "151": -0.007174505802118852, "152": -0.0070971862305479715, "153": -0.007259407105654418, "154": -0.007185459802227801, "155": -0.007516379392437665, "156": -0.007171268799582491, "157": -0.007271728491427026, "158": -0.0071230422593994034, "159": -0.007327393909120945, "160": -0.0070985158743807, "161": -0.00714554467400857, "162": -0.006782871663695572, "163": -0.0075062831743402956, "164": -0.007268011759907184, "165": -0.007219255814440174, "166": -0.006994468557430785, "167": -0.007023862838522107, "168": -0.00726112571546344, "169": -0.00706249676841105, "170": -0.007213267008751084, "171": -0.007223381188360283, "172": -0.007220300598112383, "173": -0.007334545090559341, "174": -0.007360949691924848, "175": -0.007507086040222776, "176": -0.00728599319301567, "177": -0.007139083716503278, "178": -0.007380522721540715, "179": -0.007380800985057093, "180": -0.007100934796148443, "181": -0.007010886003400658, "182": -0.006840718002429641, "183": -0.0072529023170447935, "184": -0.006995563959391719, "185": -0.0070767358827781126, "186": -0.006922735683636208, "187": 0.027324378331400227, "188": -0.007302536898068879, "189": -0.007056347122371853, "190": -0.007031125719377901, "191": -0.007140999394213864, "192": -0.00698239156623584, "193": -0.006886045898117064, "194": -0.007604636139436205, "195": -0.006854304889994374, "196": -0.006850450197902233, "197": -0.0073022529476906885, "198": -0.0075004644179692236, "199": -0.006847778023291639, "200": -0.0071766804283577915, "201": -0.0068764339483932705, "202": -0.00742801914146611, "203": -0.007532253047654932, "204": -0.007665683419225519, "205": -0.006891921819579577, "206": -0.007227833662948532, "207": -0.006953653494888643, "208": 0.027874416046919023, "209": -0.007183858901817733, "210": -0.007027449177976046, "211": -0.006868082557367156, "212": -0.0070439383695832265, "213": -0.007090083451140338, "214": -0.007120573321820047, "215": -0.0070188925235679656, "216": -0.007072367061625204, "217": -0.0069598096718097415, "218": -0.007199466482753277, "219": -0.007397921797932765, "220": -0.010016921714994602, "221": -0.010370562717014498, "222": -0.010260412448054158, "223": -0.010645400912359495, "224": -0.010402074003235354, "225": -0.01020425063060197, "226": -0.010742067875100625, "227": -0.010299954826395412, "228": -0.010276971430405912, "229": -0.010462876141249427, "230": -0.02316633035013628, "231": -0.010569189996745195, "232": -0.010751232087160193, "233": -0.010317269310247446, "234": -0.010177412917008357, "235": -0.010481493381155683, "236": -0.010906586437280062, "237": -0.010517492177418698, "238": -0.010108606637175265, "239": -0.010302956648255155, "240": -0.01062349904399024, "241": -0.010591347502762617, "242": -0.010485954385207275, "243": -0.010353678895516904, "244": -0.010245611485873775, "245": -0.01080580680814449, "246": -0.010147055381542952, "247": -0.010630661796830027, "248": -0.010574597109217022, "249": -0.010756282161072028, "250": -0.010098597238515252, "251": -0.010430551326992357, "252": -0.010505419117332777, "253": -0.010216596393475776, "254": -0.010849869458225405, "255": -0.010346996231709319, "256": -0.010850669270085248, "257": -0.011024522301543452, "258": -0.01081749546751547, "259": -0.01056946713568711, "260": -0.010648995474837974, "261": -0.010455033874229707, "262": -0.010761646511762054, "263": -0.010767045680518061, "264": -0.010367112165512784, "265": -0.01010416523415632, "266": -0.010638683291754896, "267": -0.010668532912781555, "268": -0.009954146168466646, "269": -0.01083385939272021, "270": -0.010115540417208845, "271": -0.010680363086952801,