{"name":"density","eps":0.5,"weight":"value","num_of_nodes":50,"num_of_edges":400,"process_time":0.03383994102478027,"data":{"0":2.366435874854322,"1":2.366435874854322,"2":2.2314360542456115,"3":2.366435874854322,"4":2.2314360542456115,"5":2.2314360542456115,"6":2.2314360542456115,"7":2.366435874854322,"8":2.096436233636901,"9":2.2314360542456115,"10":2.366435874854322,"11":2.096436233636901,"12":2.366435874854322,"13":2.2314360542456115,"14":2.096436233636901,"15":2.096436233636901,"16":1.9614364130281907,"17":2.2314360542456115,"18":2.366435874854322,"19":2.2314360542456115,"20":2.366435874854322,"21":2.2314360542456115,"22":2.2314360542456115,"23":2.2314360542456115,"24":2.2314360542456115,"25":2.2314360542456115,"26":2.096436233636901,"27":2.366435874854322,"28":2.2314360542456115,"29":2.2314360542456115,"30":2.2314360542456115,"31":2.096436233636901,"32":2.366435874854322,"33":2.2314360542456115,"34":1.69143677181077,"35":2.2314360542456115,"36":1.8264365924194803,"37":2.2314360542456115,"38":2.366435874854322,"39":2.096436233636901,"40":7.631428878594016,"41":7.496429057985306,"42":7.361429237376597,"43":7.226429416767887,"44":7.091429596159178,"45":6.956429775550468,"46":6.821429954941759,"47":6.686430134333049,"48":6.55143031372434,"49":6.41643049311563}}