{"name": "eigen", "eigen": 2, "normalized": false, "process_time": 0.001956939697265625, "data": {"0": -0.2925193874930759, "1": -0.29251938749307577, "2": -0.22659221610116403, "3": -0.04366917665760777, "4": 0.14909589520206612, "5": 0.30825816650531596, "6": 0.39794610603753533, "7": 0.3979461060375356, "8": 0.3082581665053169, "9": 0.14909589520206695, "10": -0.04366917665760679, "11": -0.2265922161011632, "12": -0.2925193874930752, "13": -0.29251938749307516}}