{"name": "eigen", "eigen": 3, "normalized": false, "process_time": 0.001956939697265625, "data": {"0": 0.23360451176319974, "1": 0.2336045117631997, "2": 0.10682943610807315, "3": -0.20469609308582404, "4": -0.4051348864483101, "5": -0.38571060656639145, "6": -0.1569646361085364, "7": 0.15696463610853603, "8": 0.38571060656639217, "9": 0.4051348864483109, "10": 0.20469609308582476, "11": -0.106829436108073, "12": -0.23360451176319996, "13": -0.23360451176319996}}