{"name": "eigen", "eigen": 5, "normalized": false, "process_time": 0.001956939697265625, "data": {"0": 0.1576835252023912, "1": 0.15768352520239132, "2": -0.08902322078358924, "3": -0.44315374651972333, "4": -0.10393968451246266, "5": 0.397895179585353, "6": 0.27719560406422733, "7": -0.2771956040642266, "8": -0.39789517958535336, "9": 0.1039396845124629, "10": 0.443153746519724, "11": 0.08902322078358943, "12": -0.15768352520239137, "13": -0.1576835252023912}}