{"name":"fiedler","normalized":false,"weight":"value","num_of_nodes":14,"num_of_edges":15,"process_time":0.009145259857177734,"data":{"0":-0.3517253868098582,"1":-0.35172538680985815,"2":-0.3333703165592664,"3":-0.2792629805370745,"4":-0.21058208414711005,"5":-0.1309117957358297,"6":-0.044409773584099296,"7":0.044409805062313984,"8":0.13091182007976818,"9":0.21058209588478807,"10":0.27926297709650383,"11":0.3333702988026167,"12":0.3517253636285529,"13":0.3517253636285529}}