{"name":"density","eps":0.5,"weight":"value","num_of_nodes":100,"num_of_edges":200,"process_time":0.026921987533569336,"data":{"0":1.5433540610137642,"1":1.407347791601415,"2":1.5426830748380151,"3":1.5423475817501406,"4":1.542683044378043,"5":1.5426830443780304,"6":1.54268305960801,"7":1.5430185526958846,"8":1.54301855269591,"9":1.679024791648287,"10":1.5430185679259403,"11":1.543018567925953,"12":1.543018567925953,"13":1.543018567925953,"14":1.6790247916483376,"15":1.543018552695948,"16":1.5430185526959352,"17":1.542683059608048,"18":1.542683059608048,"19":1.542683044378043,"20":1.542683044378043,"21":1.5426830443780304,"22":1.5426830443780304,"23":1.5426830443780304,"24":1.5426830443780304,"25":1.5426830443780304,"26":1.5426830443780304,"27":1.5426830443780304,"28":1.5426830443780304,"29":1.5426830443780304,"30":1.5426830443780304,"31":1.542683044378043,"32":1.5426830443780557,"33":1.5426830596080607,"34":1.5426830748380784,"35":1.5430185679259656,"36":1.5433540762438072,"37":1.6793603151962349,"38":1.5446959267554168,"39":1.4080187473172678,"40":1.5430185831559327,"41":1.5426830900680961,"42":1.542683074838091,"43":1.5430185526959732,"44":1.5430185526959606,"45":1.6790248068783427,"46":1.5430185526960112,"47":1.5430185831559706,"48":1.5430186136159174,"49":1.543689569331707,"50":1.544360479357532,"51":1.4083543013250612,"52":1.5450314198432913,"53":1.4073478068314833,"54":1.543018598385925,"55":1.5426830596081114,"56":1.5426830596080987,"57":1.5426830443780557,"58":1.5426830596080607,"59":1.542683059608048,"60":1.543018552695948,"61":1.5430185526959606,"62":1.67902480687833,"63":1.5430185679259782,"64":1.543018567925991,"65":1.5430185831559453,"66":1.5430185983859503,"67":1.5443604488975726,"68":1.4080187625472855,"69":1.5436895997916917,"70":1.6793603151963234,"71":1.6796957930541676,"72":1.5436895693316817,"73":1.6793602847361742,"74":1.54301858315592,"75":1.5430185679259023,"76":1.542683059608048,"77":1.5426830596080228,"78":1.5426830443780304,"79":1.5426830443780177,"80":1.5426830443780304,"81":1.542683044378043,"82":1.542683059608048,"83":1.5426831052979746,"84":1.5430185831559073,"85":1.5440249710396146,"86":1.5433540914738249,"87":1.408018823467217,"88":1.5443605098175295,"89":1.5440250319596347,"90":1.5446959876754116,"91":1.5433540914738249,"92":1.4076833456093223,"93":1.5433540914738375,"94":1.544360540277451,"95":1.4076832694594237,"96":1.40734783729143,"97":1.542683166217982,"98":1.679024837338302,"99":1.5443604488974967}}