{"name": "eigen", "eigen": 2, "normalized": true, "process_time": 0.03549075126647949, "data": {"0": -0.10071396993538138, "1": -0.13823448624977813, "2": -0.17803824939772506, "3": -0.0668593070307659, "4": 0.02840658319446568, "5": 0.09822387600420167, "6": 0.16746575513103207, "7": 0.2778201988680281, "8": 0.2592755435999949, "9": 0.27643330231059227, "10": 0.3396235278768511, "11": 0.22647186080481596, "12": 0.16229677938908937, "13": 0.08855790267276842, "14": 0.011758165420389877, "15": -0.09969775644380229, "16": -0.1951694040265584, "17": -0.1812048271442867, "18": -0.10779470930998361, "19": -0.10779470930998347, "20": -0.18120482714428593, "21": -0.10779470930998303, "22": -0.107794709309983, "23": -0.039773110240102175, "24": 0.01689844264192322, "25": 0.16526903863093423, "26": 0.3044880302513682, "27": 0.22184188010080583, "28": 0.006994670304783776, "29": -0.05136220973069497, "30": -0.05136220973069497, "31": -0.15153565252721124, "32": -0.1104048459021087, "33": -0.15153565252721132, "34": -0.11040484590210878, "35": -0.19864067547351394, "36": -0.11816690651820397, "37": -0.11816690651820397}}