{"name": "eigen", "eigen": 5, "normalized": true, "process_time": 0.009526968002319336, "data": {"0": -0.4856698790383746, "1": 0.2523402326467882, "2": -0.09039545511618341, "3": 0.17357961672427294, "4": 0.32531225633448124, "5": -0.2345402419159481, "6": -0.013666188589692803, "7": -0.04853824170809965, "8": -0.040696408667740366, "9": 0.12715385050284256, "10": 0.11250781275097103, "11": -0.09504309188640722, "12": -0.2594640838900179, "13": 0.028800990001920435, "14": -0.1683752764412902, "15": 0.20232119477618954, "16": 0.46051811526165, "17": -0.1737548312356005, "18": 0.1599291073961957, "19": -0.2323194779059548}}