{"name": "eigen", "eigen": 1, "normalized": false, "process_time": 0.03903388977050781, "data": {"0": -0.05483219956403627, "1": -0.045045597164068266, "2": -0.035143321640982064, "3": -0.025150801165515976, "4": -0.015093695649493047, "5": -0.004997830853427032, "6": 0.0051108679317525135, "7": 0.015206442458564458, "8": 0.02526296818146575, "9": 0.03525462082879952, "10": 0.04515574271724977, "11": 0.0549409086385091, "12": 0.12559052414050265, "13": 0.12526801874428095, "14": 0.12462383611726831, "15": 0.12365963046367213, "16": 0.12237787777862424, "17": 0.12078186949004363, "18": 0.1188757040065403, "19": 0.11666427619306338, "20": 0.11415326480131788, "21": 0.11134911788723308, "22": 0.10825903625292199, "23": 0.10741584541272348, "24": 0.10629682014932679, "25": 0.10490483402097638, "26": 0.10324346152535789, "27": 0.1013169689206034, "28": 0.09913030326991817, "29": 0.09668907973795561, "30": 0.09399956717157328, "31": 0.09106867200198206, "32": 0.08790392050964398, "33": 0.084513439497444, "34": 0.08090593542177862, "35": 0.08515762212445672, "36": 0.08919063155946205, "37": 0.09299460731404308, "38": 0.09655978111375134, "39": 0.0998769979065091, "40": 0.1029377393719782, "41": 0.10573414579585456, "57": 0.06952653506876685, "58": 0.06934799705490195, "59": 0.06899137949705539, "60": 0.06845759815768221, "61": 0.0677480237402144, "62": 0.06686447836921247, "63": 0.06580923091131247, "64": 0.06458499114897392, "65": 0.07283898533246441, "66": -0.19941864836822207, "67": -0.19890655885632474, "68": -0.19788369483326052, "69": -0.19635268292368355, "70": -0.19431745463123104, "71": -0.19178323624276988, "72": -0.18875653540775128, "73": -0.18524512442714042, "74": -0.18125802029483365, "75": -0.17680546154281207, "76": -0.1718988819494951, "77": -0.16655088117880323, "78": -0.1607751924253337, "79": -0.15458664714872583, "89": -0.14800113698778, "90": -0.14103557295213173, "91": -0.1337078419962673, "92": -0.12603676108740236, "93": -0.11804202888516768, "94": -0.109744175157189, "95": -0.1011645080604526, "96": -0.09232505942383523, "97": -0.08324852817231146, "98": -0.07395822203811375, "99": -0.06447799770853063}}