{"name": "eigen", "eigen": 4, "normalized": false, "process_time": 0.005350828170776367, "data": {"0": -0.22374538176829523, "1": -0.2082694941163546, "2": -0.18429446175097142, "3": -0.1527986673702328, "4": -0.11506740393287238, "5": -0.0726404239097731, "6": -0.027249104450048953, "8": -0.011139933575127069, "9": -0.010685330715717214, "24": -0.01078951487308764, "25": -0.01034921204005234, "26": -0.009486574427880215, "27": -0.008236804896847721, "28": -0.006650904541222996, "29": -0.004793591416239057, "30": -0.002740659497842385, "31": -0.0005758856518450761, "32": -0.009794676611984935, "33": -0.008504317432385345, "34": -0.006866910669780473, "35": -0.004949276273434533, "36": -0.0028296698338315784, "37": -0.0005945890972794301, "38": 0.0016647558686754965, "39": 0.006096806332641175, "40": 0.010280055888289515, "41": 0.014043792816668413, "42": 0.01723442503770238, "43": 0.01972174795715205, "44": 0.021404257907707613, "45": 0.022213294351193288, "46": 0.022115841805237197, "47": 0.021115877152264106, "69": -0.0006549810843755957, "70": -0.0006282523546385174, "71": 0.12762459795083064, "72": 0.12241644237537691, "73": 0.11221266771769753, "74": 0.09742967369013111, "75": 0.07867073061832634, "76": 0.05670136094480381, "77": 0.03241809948331848, "78": 0.006811907268039791, "79": -0.019072267980189912, "80": -0.044178134497873535, "81": -0.06748116205510124, "82": 0.3607375108208661, "83": 0.3460163903752534, "84": 0.3171748948478278, "85": 0.27538999950940235, "86": 0.22236687906078517, "87": 0.16026932218242182, "88": 0.09163143078155415, "89": 0.019254207349288885, "90": -0.009267107471613486, "91": -0.03741024646887694, "92": -0.06402673318394449, "93": -0.08803039139444323, "94": -0.12899089956670476, "95": -0.16468749558137524, "96": -0.1936634584885459, "97": -0.21473632561885525, "98": -0.22704614699245884, "99": -0.2300905785013303}}