{"name": "eigen", "eigen": 1, "normalized": true, "process_time": 0.03845977783203125, "data": {"0": -0.05783589201470577, "1": -0.0479082872840306, "2": -0.03785529290154971, "3": -0.02770322042079021, "4": -0.01747864071091927, "5": -0.007208314413202799, "6": 0.0030808780992254703, "7": 0.013362007074967056, "8": 0.023608163867198814, "9": 0.03379253136127561, "10": 0.043888454162769555, "11": 0.05386950836223836, "12": 0.08762563632127043, "13": 0.12375919452135507, "14": 0.12327311263601876, "15": 0.1224643898560345, "16": 0.12133514283957426, "17": 0.11988832714815403, "18": 0.11812772951108567, "19": 0.11605795791452872, "20": 0.11368442954107345, "21": 0.1110133565914297, "22": 0.13233580219350732, "23": 0.1072100097389738, "24": 0.10608769027963208, "25": 0.104687709077425, "26": 0.10301373028244852, "27": 0.10107013517464665, "28": 0.0988620106967523, "29": 0.09639513614030563, "30": 0.09367596801960178, "31": 0.09071162317314978, "32": 0.08750986013687746, "33": 0.08407905883782908, "34": 0.09850402382594596, "35": 0.08472646117048938, "36": 0.08880297036564666, "37": 0.09264705685974951, "38": 0.09624865958206703, "39": 0.09959835211105697, "40": 0.10268736734600106, "41": 0.1055076204530071, "57": 0.048101756847556826, "58": 0.06793713498056103, "59": 0.06767030219465409, "60": 0.06722635692757166, "61": 0.06660646111069578, "62": 0.0658122371881805, "63": 0.06484576387055219, "64": 0.07802796996619943, "65": 0.07216332067381824, "66": -0.14222097344285178, "67": -0.20086762112399975, "68": -0.20007868489702593, "69": -0.1987660856869826, "70": -0.1969332589403705, "71": -0.19458500168752915, "72": -0.19172745998743787, "73": -0.1883681128417294, "74": -0.18451575262000733, "75": -0.18018046204770838, "76": -0.17537358781673368, "77": -0.1701077108879207, "78": -0.16439661356307914, "79": -0.15825524341277775, "89": -0.15169967415428767, "90": -0.14474706358208078, "91": -0.1374156086609871, "92": -0.1297244978995486, "93": -0.12169386112821906, "94": -0.11334471681385785, "95": -0.10469891704840532, "96": -0.09577909035572682, "97": -0.08660858246631219, "98": -0.07721139521484004, "99": -0.06761212372053058}}