{"name": "fiedler", "normalized": true, "process_time": 0.016955852508544922, "data": {"0": -0.09565276983748183, "1": -0.09202653973382348, "2": -0.08785250755837595, "3": -0.0831555198287626, "4": -0.07796353604612967, "5": -0.07230746222404959, "6": -0.06622096698975782, "8": 0.13113445512782404, "9": 0.18490015926806266, "24": 0.13280993548577527, "25": 0.1872625939473182, "26": 0.18558886749789952, "27": 0.18281039574376795, "28": 0.17894371795099367, "29": 0.1740118511074357, "30": 0.16804415290650068, "31": 0.19727718492076468, "32": 0.18324754792260775, "33": 0.18050412833119067, "34": 0.17668623111992407, "35": 0.1718165828982932, "36": 0.16592417098040355, "37": 0.15904407087423758, "38": 0.18520253596766306, "39": 0.13218127989576853, "40": 0.11235849385010825, "41": 0.09186687741601753, "42": 0.07082841002979269, "43": 0.049368326330547024, "44": 0.027614370710944372, "45": 0.005696036862832264, "46": -0.01625620304874522, "47": -0.0381116750251065, "69": 0.11526829682881627, "70": 0.16252880622874386, "71": -0.11163246611755195, "72": -0.15740226986224967, "73": -0.15599543368342647, "74": -0.15366001339564325, "75": -0.15040991085386746, "76": -0.1462644726578417, "77": -0.14124837498457313, "78": -0.13539147672414267, "79": -0.12872864171743578, "80": -0.12129953125921578, "81": -0.11314836799372278, "82": -0.04925686254118164, "83": -0.06945239265580729, "84": -0.06883163564279665, "85": -0.0678011471933366, "86": -0.06636706147316754, "87": -0.06453791517052078, "88": -0.062324596650846574, "89": -0.08448551577754307, "90": -0.0715926590573696, "91": -0.08301887072588215, "92": -0.09395090005845987, "93": -0.12776988308907444, "94": -0.10494024701956475, "95": -0.104932149028204, "96": -0.10429942682998894, "97": -0.10304584672238523, "98": -0.10117887074257717, "99": -0.09870961226655078}}