{"name": "fiedler", "normalized": true, "process_time": 0.018135786056518555, "data": {"0": -0.057835923996916394, "1": -0.04790832038202586, "2": -0.03785532670417419, "3": -0.027703254509753198, "4": -0.01747867466633348, "5": -0.00720834781573537, "6": 0.0030808456631886963, "7": 0.013361976007321702, "8": 0.02360813455604455, "9": 0.03379250416644934, "10": 0.04388842942573632, "11": 0.05386948639300429, "12": 0.0876256657573261, "13": 0.12375923589166382, "14": 0.12327315323109694, "15": 0.12246442916414325, "16": 0.12133518036786325, "17": 0.11988836242945436, "18": 0.11812776210581574, "19": 0.1160579874185439, "20": 0.1136844555826495, "21": 0.11101337884790077, "22": 0.13233582447136144, "23": 0.10721002641422464, "24": 0.10608770523468487, "25": 0.104687722127684, "26": 0.10301374127108671, "27": 0.1010701439607545, "28": 0.09886201716771925, "29": 0.0963951402154698, "30": 0.09367596965452231, "31": 0.09071162234953759, "32": 0.08750985686792316, "33": 0.08407905316172726, "34": 0.09850401401706428, "35": 0.08472645652747318, "36": 0.08880296914671537, "37": 0.09264705907999354, "38": 0.09624866521688377, "39": 0.09959836109079861, "40": 0.10268737955809959, "41": 0.10550763574855626, "57": 0.04810173797866481, "58": 0.06793710846319956, "59": 0.06767027617269335, "60": 0.06722633172575346, "61": 0.06660643704089915, "62": 0.06581221455533674, "63": 0.06484574295878269, "64": 0.07802794678321133, "65": 0.07216330711988796, "66": -0.14222094934139393, "67": -0.20086758725019901, "68": -0.2000786516556087, "69": -0.19876605349488746, "70": -0.19693322819753323, "71": -0.19458497277299094, "72": -0.19172743325668123, "73": -0.1883680886261988, "74": -0.18451573122273904, "75": -0.18018044373310055, "76": -0.17537357281389898, "77": -0.17010769938604156, "78": -0.16439660570333273, "79": -0.1582552392891892, "89": -0.15169967381946386, "90": -0.1447470670414487, "91": -0.13741561587255222, "92": -0.1297245087750495, "93": -0.12169387553494425, "94": -0.11334473457143275, "95": -0.10469893793321143, "96": -0.09577911410635423, "97": -0.086608608792515, "98": -0.07721142378702539, "99": -0.06761215418793803}}