{"name": "pagerank", "alpha": 0.85, "process_time": 0.04274606704711914, "data": {"0": 0.0131565501331435, "1": 0.01315569783644666, "2": 0.013153639316169908, "3": 0.013150642072482198, "4": 0.01314435238094297, "5": 0.013134211363490446, "6": 0.013114559092677681, "7": 0.013081024590093828, "8": 0.013018677054873607, "9": 0.012909187056711352, "10": 0.01270962880435076, "11": 0.01235447815898549, "12": 0.008449021757836113, "13": 0.01523473246494004, "14": 0.014307020253846586, "15": 0.013782399257964472, "16": 0.0134803551463724, "17": 0.013290276803163878, "18": 0.013148305566650361, "19": 0.013002027631019812, "20": 0.012801137433311065, "21": 0.012474460436899345, "22": 0.01785888770194729, "23": 0.012459710763359584, "24": 0.01276575464602745, "25": 0.01293488226133042, "26": 0.013023692641824822, "27": 0.01306688028897339, "28": 0.013076089033807414, "29": 0.013058415633870023, "30": 0.013003520294560202, "31": 0.012896401264664572, "32": 0.012694599916266694, "33": 0.012331836358757205, "34": 0.017512271121744215, "35": 0.01231904786721392, "36": 0.012664486377713892, "37": 0.012838380088749868, "38": 0.012897092109133567, "39": 0.012866013623798927, "40": 0.012729912361313333, "41": 0.012444539465302874, "57": 0.008427942440978518, "58": 0.015183940425299029, "59": 0.014232066765665139, "60": 0.013654389984373062, "61": 0.013256612075364115, "62": 0.012889257238306789, "63": 0.012431135752164374, "64": 0.01756928303414844, "65": 0.011914740533951133, "66": 0.008452711223436991, "67": 0.015243021561127137, "68": 0.014319964102728655, "69": 0.013803711909592934, "70": 0.013518514431634206, "71": 0.013357692871250425, "72": 0.013269987669966656, "73": 0.013219547556769125, "74": 0.013192842794977244, "75": 0.01317681867906909, "76": 0.013168841335171239, "77": 0.013163645905562842, "78": 0.013161341718484165, "79": 0.013159612565110782, "89": 0.01315898291170314, "90": 0.013158391541759582, "91": 0.013158233880597453, "92": 0.01315802257964918, "93": 0.013157986685291357, "94": 0.01315789056845458, "95": 0.013157873497996075, "96": 0.01315776973175084, "97": 0.01315771409146279, "98": 0.013157470607172804, "99": 0.013157242896297838}}