{"name":"fiedler","normalized":false,"weight":"value","num_of_nodes":16,"num_of_edges":24,"process_time":0.013677835464477539,"data":{"0":-0.27365624384673404,"1":-0.2869374296735608,"2":-0.2833297160046153,"3":-0.1991069724187661,"4":0.11094479318733598,"5":0.29535335667782975,"6":0.24526044669516955,"7":0.2513261976948201,"8":0.273656233971343,"9":0.28693740102066384,"10":0.28332969302617084,"11":0.1991069569902659,"12":-0.11094478331193243,"13":-0.2953533280249288,"14":-0.24526042371672094,"15":-0.2513261822663409}}