{"name":"agd","num_of_nodes":10,"num_of_edges":15,"weight":"value","process_time":0.0007824897766113281,"data":{"0":1.8888888888888888,"1":1.8888888888888888,"2":1.8888888888888888,"3":1.8888888888888888,"4":1.8888888888888888,"5":1.8888888888888888,"6":1.8888888888888888,"7":1.8888888888888888,"8":1.8888888888888888,"9":1.8888888888888888}}