{"name":"fiedler","normalized":true,"weight":"value","num_of_nodes":10,"num_of_edges":15,"process_time":0.01815319061279297,"data":{"0":-0.20162583933925604,"1":0.3173397291476331,"2":0.39775258753662923,"3":-0.0715151002047237,"4":-0.44195133981680784,"5":-0.20162585360967106,"6":0.3173397135809599,"7":0.39775257297941047,"8":-0.07151511509901583,"9":-0.44195135517515816}}