{"YUG": -0.12004454511577256, "ROM": 0.05293879253932619, "NOR": 0.306779579520704, "CHE": 0.01762906248679298, "BGR": 0.013682472322279834, "PRT": -0.09170335461990237, "NLD": 0.07110007372913514, "AUT": 0.0312366766057277, "BEL": -0.0069169435634317405, "GBR": 0.4545296081754801, "DEU": 0.07578575133998322, "ESP": -0.13111902554473573, "FRA": -0.09461702186939905, "ITA": -0.13317952199455177, "TUR": 0.04068150756874337, "SCO": 0.2838897723001326, "GRE": 0.0788005058734542, "DNK": 0.2142640870967593, "HRV": 0.007402111448900706, "PRY": -0.3386552087135128, "ARG": -0.12374005869977428, "COL": -0.11457159543221465, "BRA": -0.36396931170525343, "CHL": -0.030300286135462054, "KOR": -0.21410461658007138, "IRN": 0.0269986835997654, "JPN": -0.25173661132043473, "MEX": -0.1266819426883164, "JAM": 0.22937962195349895, "USA": 0.031578103654949306, "ZAF": 0.08996201351588692, "NGA": -0.012461923578151348, "TUN": -0.030128600372705684, "MAR": -0.07171817127407062, "CMR": -0.11235825810910072}