{"name": "fiedler", "normalized": true, "process_time": 0.03053116798400879, "data": {"YUG": -0.1200445419285745, "ROM": 0.05293879679237746, "NOR": 0.3067795707001209, "CHE": 0.017629065746521653, "BGR": 0.013682485484784278, "PRT": -0.09170334431574666, "NLD": 0.07110007091681847, "AUT": 0.031236687043031282, "BEL": -0.006916935940263319, "GBR": 0.4545295918182967, "DEU": 0.0757857680609448, "ESP": -0.13111903509342399, "FRA": -0.09461699178391693, "ITA": -0.13317953760280712, "TUR": 0.04068152246937854, "SCO": 0.2838897642934178, "GRE": 0.07880050931550021, "DNK": 0.21426408200234834, "HRV": 0.007402108401963953, "PRY": -0.3386552565609874, "ARG": -0.12374007815766014, "COL": -0.11457161683405755, "BRA": -0.3639693551303375, "CHL": -0.030300295085447366, "KOR": -0.21410457022846374, "IRN": 0.026998690429026733, "JPN": -0.2517365656250379, "MEX": -0.12668196313825802, "JAM": 0.22937961257216108, "USA": 0.031578094610549785, "ZAF": 0.08996201845349423, "NGA": -0.012461915105741907, "TUN": -0.03012858364295895, "MAR": -0.07171816056653732, "CMR": -0.11235822761409545}}