{"name": "pagerank", "alpha": 0.85, "process_time": 0.020816802978515625, "data": {"YUG": 0.0326261194620482, "ROM": 0.02950269731982845, "NOR": 0.03396112932987609, "CHE": 0.007127054730499551, "BGR": 0.018592959168355513, "PRT": 0.014881266556416991, "NLD": 0.03413583658783053, "AUT": 0.023424618207985002, "BEL": 0.019356830943742468, "GBR": 0.07403598025856349, "DEU": 0.06952719718355832, "ESP": 0.08052353514958621, "FRA": 0.04078554974200283, "ITA": 0.07094447884575018, "TUR": 0.030360355599005094, "SCO": 0.02251963949049543, "GRE": 0.011164406727446681, "DNK": 0.025365841269057478, "HRV": 0.02261022905180295, "PRY": 0.02672870780166836, "ARG": 0.028308750726365437, "COL": 0.01744710491932455, "BRA": 0.041732229268489636, "CHL": 0.008688520458591552, "KOR": 0.013477056441325352, "IRN": 0.00840895423357662, "JPN": 0.020505164753542367, "MEX": 0.0060334170616761764, "JAM": 0.01309624804412218, "USA": 0.018046191640247112, "ZAF": 0.03014011916734581, "NGA": 0.03503601484763108, "TUN": 0.012901740250733762, "MAR": 0.023455695426016814, "CMR": 0.03454835933549145}}