{"name": "agd", "process_time": 0.02832198143005371, "data": {"0": 13.969696969696969, "1": 9.0, "2": 9.94949494949495, "3": 9.262626262626263, "4": 12.93939393939394, "5": 14.8989898989899, "6": 13.909090909090908, "7": 11.222222222222221, "8": 10.232323232323232, "9": 7.787878787878788, "10": 8.131313131313131, "11": 8.474747474747474, "12": 8.636363636363637, "13": 12.070707070707071, "14": 11.16161616161616, "15": 13.707070707070708, "16": 12.717171717171718, "17": 14.494949494949495, "18": 13.505050505050505, "19": 12.535353535353535, "20": 11.606060606060606, "21": 11.444444444444445, "22": 11.121212121212121, "23": 14.95959595959596, "24": 12.93939393939394, "25": 11.98989898989899, "26": 10.555555555555555, "27": 9.565656565656566, "28": 8.8989898989899, "29": 8.252525252525253, "30": 13.606060606060606, "31": 12.616161616161616, "32": 11.646464646464647, "33": 10.696969696969697, "34": 9.868686868686869, "35": 10.05050505050505, "36": 9.06060606060606, "37": 8.090909090909092, "38": 8.01010101010101, "39": 10.05050505050505, "40": 15.929292929292929, "41": 14.93939393939394, "42": 13.969696969696969, "43": 8.777777777777779, "44": 9.06060606060606, "45": 9.262626262626263, "46": 8.272727272727273, "47": 7.94949494949495, "48": 7.606060606060606, "49": 7.262626262626263, "50": 10.93939393939394, "51": 11.808080808080808, "52": 10.818181818181818, "53": 13.686868686868687, "54": 15.94949494949495, "55": 14.95959595959596, "56": 13.98989898989899, "57": 13.04040404040404, "58": 12.232323232323232, "59": 13.222222222222221, "60": 13.0, "61": 9.585858585858587, "62": 8.595959595959595, "63": 7.626262626262626, "64": 12.696969696969697, "65": 11.727272727272727, "66": 10.272727272727273, "67": 15.0, "68": 14.01010101010101, "69": 11.808080808080808, "70": 11.666666666666666, "71": 10.676767676767676, "72": 14.8989898989899, "73": 13.909090909090908, "74": 13.98989898989899, "75": 9.262626262626263, "76": 10.01010101010101, "77": 9.0, "78": 11.747474747474747, "79": 10.797979797979798, "80": 9.94949494949495, "81": 9.121212121212121, "82": 8.575757575757576, "83": 8.05050505050505, "84": 7.545454545454546, "85": 7.0606060606060606, "86": 7.101010101010101, "87": 7.4646464646464645, "88": 10.97979797979798, "89": 9.98989898989899, "90": 9.02020202020202, "91": 13.525252525252526, "92": 12.717171717171718, "93": 14.191919191919192, "94": 13.202020202020202, "95": 12.232323232323232, "96": 11.303030303030303, "97": 10.393939393939394, "98": 9.505050505050505, "99": 14.95959595959596}}