{"name": "eigen", "eigen": 4, "normalized": false, "process_time": 0.12349796295166016, "data": {"0": 0.027009412604561394, "1": -0.06843441133858334, "2": 0.034521753562854626, "3": 0.050012761585592196, "4": 0.03534560978259696, "5": 0.03981508283987997, "6": 0.03830619758086032, "7": 0.05633690457823045, "8": 0.054201886419439946, "9": -0.01906964406708266, "10": 0.007720658678635452, "11": 0.034218369089007654, "12": 0.05941929473784244, "13": 0.02090828446603113, "14": 0.01610227646152176, "15": -0.006606137046073105, "16": -0.006355782102747443, "17": 0.05509086074193657, "18": 0.05300306431527807, "19": 0.048906593368216754, "20": 0.04103025721070341, "21": -0.0030610852186945814, "22": 0.021268791696256534, "23": -0.05058346441512201, "24": 0.035345609782597376, "25": 0.0310455178123466, "26": -0.005943164800060883, "27": -0.005717934733485235, "28": -0.02167998015382214, "29": -0.0368204122523557, "30": 0.04052488898801118, "31": 0.038989103972484514, "32": 0.035975736090106306, "33": 0.03159898393230064, "34": 0.016593441433344243, "35": -0.18494275473836264, "36": -0.1779339184762485, "37": -0.16418186211967567, "38": -0.06584092999650651, "39": -0.18494275473836333, "40": -0.05482039195612197, "41": -0.052742845573788985, "42": -0.04866648626608583, "43": -0.019820799406028634, "44": -0.17793391847624931, "45": 0.021488545642885493, "46": 0.020674187177559117, "47": -0.02048313376872475, "48": -0.06086419867338598, "49": -0.0989386730693784, "50": 0.03588156916335995, "51": 0.01952521275535845, "52": 0.01878525936070468, "53": -0.006916305713055715, "54": -0.052361916492209254, "55": -0.050377539761238724, "56": -0.046483988875410616, "57": -0.040828819010247056, "58": -0.022368811203531715, "59": 0.31638851671785045, "60": 0.024921924353436084, "61": -0.056959479759023574, "62": -0.05480086766431892, "63": -0.0505654491057747, "64": -0.006654196205980587, "65": -0.006139910441827159, "66": 0.010686035202264174, "67": -0.04599164708562671, "68": -0.04424868654465178, "69": 0.019525212755358373, "70": 0.01700717417753701, "71": 0.0163626477171184, "72": 0.03981508283988119, "73": 0.03830619758086132, "74": 0.025903601644791396, "75": 0.021488545642885673, "76": -0.20340748474881926, "77": -0.06843441133858337, "78": -0.005864559999533098, "79": -0.005151086741661825, "80": -0.003253577359136166, "81": -0.0012327660878255313, "82": -0.01699144379674295, "83": -0.032106191184644195, "84": -0.04600419971012514, "85": -0.05815877198370263, "86": -0.06802044705673384, "87": -0.04438610291526774, "88": -0.22044512311824785, "89": -0.21209084195214806, "90": -0.19569888455461415, "91": 0.05083302936193299, "92": -0.006381762177118923, "93": 0.34288957265851716, "94": 0.32989497401014317, "95": 0.30439823728232684, "96": 0.25537534123763606, "97": 0.19667440208902212, "98": 0.13052002858910802, "99": 0.028073316283535904}}