{"name": "eigen", "eigen": 4, "normalized": false, "process_time": 0.008800029754638672, "data": {"0": -0.015340548142365507, "1": -0.10149195907497073, "2": -0.09775881641284859, "3": -0.09042984594844983, "4": -0.07977462659777305, "5": -0.06313871002103301, "6": -0.04418038471202313, "7": -0.023596988013115827, "8": -0.002145631690094338, "9": 0.019384646640862563, "10": 0.04020190640340563, "11": 0.05800523253362214, "12": 0.07367497280963697, "13": 0.0838213064047964, "14": 0.09088447067514871, "15": 0.07247305827570444, "16": 0.06838277669395124, "17": 0.09220265864285808, "18": -0.12335399129203725, "19": -0.1188167052682727, "20": -0.10654824081858047, "21": -0.09036065029230857, "22": -0.06739872921011558, "23": -0.07880909842402506, "24": -0.07591029136411998, "25": -0.0702193030342074, "26": -0.06194546303554503, "27": -0.0513931050844203, "28": -0.03895037281321898, "29": -0.02507494282113559, "30": -0.018872833067963415, "31": -0.011976530603139348, "32": -0.0024257617686998523, "33": -0.01647929987164677, "34": 0.11828374294595896, "35": 0.04755541642205888, "36": 0.045806202440199895, "37": -0.06289762644220208, "38": -0.060584085401535454, "39": 0.09435510081625959, "40": 0.05054018347657427, "41": 0.033584185985167214, "42": 0.008445380418372173, "43": 0.13936739535172807, "44": 0.13424109397732947, "45": 0.12417705015018625, "46": -0.015545156672695189, "47": 0.06413629841062923, "48": 0.12020012333388687, "49": 0.11577884491439588, "50": 0.10267763596877767, "51": 0.06471724926963068, "52": 0.06718862456946385, "53": 0.11393295406522747, "54": 0.10104062094423592, "55": 0.08443174657118706, "56": 0.11828374294595904, "57": 0.002274168313503974, "58": 0.1402902592299948, "59": -0.04195770462376007, "60": 0.0524701752871448, "61": -0.019049617429577552, "62": -0.018348922121578397, "63": -0.01697330493207926, "64": -0.0938112771611803, "65": 0.08881120101726935, "66": 0.08215303254666703, "67": 0.07648841914847959, "68": 0.05247017528714479, "69": -0.23536755556961933, "70": -0.18041011091650994, "71": -0.01554515667269521, "72": -0.014732363806082116, "73": -0.01419046850383672, "74": 0.10954544601780067, "75": 0.1202001233338871, "76": -0.3297356334722159, "77": -0.31760708484869654, "78": -0.2816675590718755, "79": 0.007489724887621993, "80": -0.01497336469929017, "81": 0.015705259357231178, "82": 0.06177719573915109, "83": 0.002274168313504146, "84": 0.002190518388629735, "85": 0.15745170301964698, "86": 0.1516602129831581, "87": 0.04173710759957582, "88": -0.0828210020842492, "89": 0.1237600587283687, "90": 0.00844538041837203, "91": 0.008134736991789127, "92": 0.007214232998802698, "93": 0.015392873315921509, "94": 0.004814010374983219, "95": -0.0059419245987599595, "96": -0.32973563347221585, "97": -0.01849518165839624, "98": -0.01781487996433155, "99": -0.01592636185034607}}