{"name": "eigen", "eigen": 5, "normalized": false, "process_time": 0.008800029754638672, "data": {"0": 0.14724614858376153, "1": 0.022253648425755085, "2": 0.021040055145836387, "3": 0.018679051380877873, "4": 0.015299393469983172, "5": 0.010202918500680488, "6": 0.00455003169763768, "7": -0.0013509891545290115, "8": -0.007178334386060428, "9": -0.0126142121959237, "10": -0.017362179292920492, "11": -0.020161854410912186, "12": -0.02186201134852926, "13": -0.021108928941207306, "14": -0.019204680045621314, "15": -0.007844909761608426, "16": 0.028587926511994155, "17": -0.011410770244526108, "18": 0.007914311777317135, "19": 0.00748270814071883, "20": -0.01152545388030174, "21": -0.02990508016149468, "22": -0.044928916433428084, "23": -0.42148004037058384, "24": -0.39849480510365165, "25": -0.35377782462784874, "26": -0.2897677205105448, "27": -0.20995525663537007, "28": -0.11869297187413397, "29": -0.020957816225205206, "30": 0.04038772550957906, "31": 0.09953073976069515, "32": 0.12205366291384637, "33": 0.01657472330931703, "34": -0.003773200744841351, "35": -0.03253128496174993, "36": -0.03075720513172077, "37": 0.005337248872406018, "38": 0.005046184268486529, "39": -0.020312408636863302, "40": 0.09121419803412752, "41": 0.1034698411007653, "42": 0.17573160658526588, "43": -0.03855292527869362, "44": -0.036450457847543034, "45": -0.032360180155018015, "46": -0.070801480428019, "47": 0.06712221380193474, "48": -0.004615808109499428, "49": -0.004364086971647708, "50": -0.0036226510635992137, "51": -0.0013065395877409763, "52": -0.0013819009711900226, "53": -0.0035674308423016277, "54": -0.0029613427090572613, "55": -0.0021937590069743204, "56": -0.0037732007448413856, "57": 0.0021612681131960975, "58": -0.006104222552960031, "59": -0.05750257330041811, "60": 0.09647544554513002, "61": -0.0973677195462029, "62": -0.09205781225093361, "63": -0.0817275712030001, "64": -0.031630009305827364, "65": -0.010788488728142642, "66": -0.009577861553983547, "67": -0.023123015175476956, "68": 0.09647544554513006, "69": 0.04716098790160787, "70": 0.028087724082069263, "71": -0.07080148042801895, "72": 0.138263082759069, "73": 0.13072296417325313, "74": -0.02650515376053919, "75": -0.004615808109499438, "76": 0.08111550726950852, "77": 0.0766919074787642, "78": 0.06366234724522793, "79": 0.14587571137790217, "80": -0.06694035171726367, "81": -0.050218089532980764, "82": 0.06346173233638656, "83": 0.0021612681131961582, "84": 0.002043404273159785, "85": -0.007272383368740358, "86": -0.006875787025684839, "87": -0.018363632186868577, "88": 0.016181864593433543, "89": -0.004999766891892842, "90": 0.17573160658526582, "91": 0.16614815794165527, "92": 0.13792044131860362, "93": 0.11008280026084805, "94": 0.08285479953314578, "95": 0.05110834744867281, "96": 0.08111550726950852, "97": 0.019746616557696918, "98": 0.018669743197559922, "99": 0.1557393267231028}}