{"name": "eigen", "eigen": 4, "normalized": true, "process_time": 0.12543106079101562, "data": {"0": -0.029696756291732497, "1": 0.05127771659209323, "2": -0.0508711288918165, "3": -0.07358766093626373, "4": -0.038997977774548595, "5": -0.030038587989384014, "6": -0.041601116531361226, "7": -0.046280367167093224, "8": -0.06409472203929355, "9": 0.020296669709097756, "10": -0.013550743217666384, "11": -0.04311232444069271, "12": -0.10025081190138167, "13": -0.023661730384018587, "14": -0.018504783485973245, "15": 0.0023144759905008375, "16": 0.0032053698870232877, "17": -0.03865015534932023, "18": -0.05352746997330685, "19": -0.06145531466314714, "20": -0.042649525429807864, "21": 0.004105030322301412, "22": -0.02418118446495943, "23": 0.04238305865787204, "24": -0.03899797777454851, "25": -0.04259588465782671, "26": 0.004132954758409038, "27": 0.007010221710236922, "28": 0.02355222967059692, "29": 0.040405014189457786, "30": -0.028807741471957193, "31": -0.03989648948891175, "32": -0.037400015675016246, "33": -0.04085049648224545, "34": -0.02197294969654967, "35": 0.13085560517030465, "36": 0.18122487253380637, "37": 0.24025359861275386, "38": 0.08697606993492421, "39": 0.13085560517030442, "40": 0.045212153624344005, "41": 0.06261532906356544, "42": 0.07188915807634652, "43": 0.011966129050037931, "44": 0.18122487253380598, "45": -0.021047258987564918, "46": -0.04122266031170328, "47": 0.016238287155937045, "48": 0.06095274523024601, "49": 0.1263230131745147, "50": -0.029991644046300718, "51": -0.014465067218657056, "52": -0.024535310494252525, "53": 0.0024284670735873065, "54": 0.043089916754682336, "55": 0.05967619546137526, "56": 0.055942030847127, "57": 0.07055587004286565, "58": 0.027568784286162735, "59": -0.23220009541832046, "60": -0.034095082455668266, "61": 0.04281419306130596, "62": 0.05929433951319745, "63": 0.06807630351937446, "64": 0.003363238703383436, "65": 0.0038613611460952832, "66": -0.01540888013646207, "67": 0.03842869004288211, "68": 0.05322075768629649, "69": -0.014465067218657071, "70": -0.01410098367622582, "71": -0.02391776045978913, "72": -0.03003858798938378, "73": -0.04160111653136099, "74": -0.020101137895215414, "75": -0.021047258987564876, "76": 0.14432083902562537, "77": 0.05127771659209314, "78": 0.0030047978043833586, "79": 0.003282016863426357, "80": 0.0017151721365701866, "81": 0.0008322628364633572, "82": 0.01822206175559693, "83": 0.03500975652153076, "84": 0.05034721377501625, "85": 0.08994270637559314, "86": 0.08840258685677269, "87": 0.04531484238484644, "88": 0.15395434288716436, "89": 0.21321483423993043, "90": 0.24479364960832228, "91": -0.03623166936299324, "92": 0.0022765087300144274, "93": -0.24769959314134124, "94": -0.3430447410738973, "95": -0.393852399837828, "96": -0.2733305985746979, "97": -0.21375966442980449, "98": -0.145333990497905, "99": -0.02144290108646539}}