{"name": "eigen", "eigen": 5, "normalized": true, "process_time": 0.12543106079101562, "data": {"0": -0.0012172039709515596, "1": 0.0026216191214893355, "2": 0.0025276550065880905, "3": 0.003412154093971243, "4": -0.0018599353493434362, "5": -0.001450381941755518, "6": -0.0020027757734319075, "7": 0.0021725388009979285, "8": 0.0029999739738986444, "9": -0.0027327334339373476, "10": -0.00044789090018915254, "11": 0.0013566117016068804, "12": 0.004379997608206958, "13": -0.0009362991042671973, "14": -0.0006980436150171563, "15": 0.20284601356709867, "16": 0.28010213724643973, "17": -0.1929815371961595, "18": -0.2664806671187904, "19": -0.303093662539963, "20": -0.2049825796516279, "21": 0.00011896750634069913, "22": -0.0010529470569613673, "23": -0.0016636008147450096, "24": -0.0018599353493451156, "25": -0.00199555765064461, "26": 0.0003625295732549161, "27": 0.000613110868423306, "28": 0.0013805590830283407, "29": 0.0021953974016043656, "30": -0.13603436694651783, "31": -0.18784454399978603, "32": -0.1744472407750809, "33": -0.18716754111117045, "34": -0.08355549493617886, "35": -0.020904707620753787, "36": -0.02886649424415818, "37": -0.03791181359029455, "38": 0.004433688434907705, "39": -0.02090470762075366, "40": -0.0017913630221668836, "41": -0.0024736232291157623, "42": -0.002813485617409732, "43": -0.0016158524284067277, "44": -0.028866494244157943, "45": -0.0013032691557021206, "46": -0.002545066065093332, "47": -0.006439688824473502, "48": -0.010775998678627087, "49": -0.017886209800330774, "50": 0.0014945905187265136, "51": -0.05608315212903407, "52": -0.09484795901488295, "53": 0.21453667714192687, "54": -0.0016937469748236345, "55": -0.002338829042089121, "56": -0.0021720208867903115, "57": -0.0026909138614013353, "58": -0.0009134404214369042, "59": 0.01870440979065366, "60": -0.001384441181428879, "61": 0.0022666388435055584, "62": 0.0031299130471780998, "63": 0.0035599460897400986, "64": 0.2962453179555613, "65": 0.3369478146399296, "66": -0.0005227982623512567, "67": -0.001483779386371127, "68": -0.0020488930002428504, "69": -0.056083152129033975, "70": 0.0008297461190333189, "71": 0.0014032685914263654, "72": -0.001450381941758283, "73": -0.002002775773435009, "74": -0.0008186135600407735, "75": -0.0013032691557023773, "76": -0.023438180196676508, "77": 0.0026216191214896156, "78": 0.26012490933939514, "79": 0.2790926325145717, "80": 0.13227014832330614, "81": 0.03726069972618135, "82": 0.0250698371194506, "83": 0.01853395302692533, "84": 0.011123864461282232, "85": 0.004510052168186195, "86": -0.006362708768240355, "87": -0.0038028854655229177, "88": -0.025238199536248854, "89": -0.03485044396998718, "90": -0.039638705569955704, "91": -0.17921785731738882, "92": 0.1992356582499733, "93": 0.020140882207707912, "94": 0.027811757565260675, "95": 0.031632941906328316, "96": 0.02139339364469342, "97": 0.015949520585001695, "98": 0.009753344861153979, "99": -0.0008814819323864215}}