{"name": "eigen", "eigen": 5, "normalized": true, "process_time": 0.010489940643310547, "data": {"0": 0.13018250711887064, "1": 0.011525831891944838, "2": 0.015804564973991214, "3": 0.01434841237915653, "4": 0.014721490639305293, "5": 0.008218876895675381, "6": 0.003918096944541441, "7": -0.0006208567531887713, "8": -0.005122069736204805, "9": -0.009311921730284736, "10": -0.01584295612801756, "11": -0.01497451655707549, "12": -0.019722116752250024, "13": -0.015258475791655762, "14": -0.01907261673953084, "15": -0.007138978390262951, "16": 0.03533883699666529, "17": -0.0048404662108855745, "18": 0.009405677907269122, "19": 0.018239602338766175, "20": -0.011864038774180602, "21": -0.043973523314332005, "22": -0.055545114645280357, "23": -0.30480300887370904, "24": -0.4179549904227946, "25": -0.3794467338001183, "26": -0.31787262365157704, "27": -0.23697563436371474, "28": -0.14167334181578622, "29": -0.04624513325579233, "30": 0.027822294668078035, "31": 0.11232419055256532, "32": 0.12076397887840648, "33": 0.004919818382662575, "34": -0.00459723514140641, "35": -0.02581986126150234, "36": -0.043362049326445745, "37": 0.0063326115542597025, "38": 0.01063503059911719, "39": -0.00983524128262063, "40": 0.1453822987911795, "41": 0.11308101397340939, "42": 0.12279852429609804, "43": -0.017346459213500115, "44": -0.02378598302306076, "45": -0.0215944629807997, "46": -0.06104647462429531, "47": 0.05365804387871607, "48": -0.005587786889646453, "49": -0.009384167028650525, "50": -0.007940170691624076, "51": -0.003535249114007457, "52": -0.0018230339604301156, "53": -0.007720627734904105, "54": -0.005333853615431737, "55": -0.0040396061499324305, "56": -0.0045972351414063336, "57": 0.0024836166609786096, "58": -0.010380812181191476, "59": -0.07180951476766545, "60": 0.07496978554964966, "61": -0.08026699004098413, "62": -0.1100644943690376, "63": -0.09992370913778476, "64": -0.026183962446235727, "65": -0.006637391856098282, "66": -0.006025856177001825, "67": -0.011743502123080486, "68": 0.07496978554964961, "69": 0.06447780964876265, "70": 0.039900310502497496, "71": -0.06104647462429534, "72": 0.08619134733485115, "73": 0.1447503306386549, "74": -0.01809025613505355, "75": -0.005587786889646541, "76": 0.0733783545614092, "77": 0.1232321040674769, "78": 0.08513582397529437, "79": 0.1039028014541665, "80": -0.13235515425373018, "81": -0.061423775161675895, "82": 0.09011368116445506, "83": 0.0024836166609785923, "84": 0.004816258934741545, "85": -0.008338727166503305, "86": -0.01143431177366842, "87": -0.00943366228191608, "88": 0.008765887493180392, "89": -0.008696282533842848, "90": 0.12279852429609808, "91": 0.20622867078226778, "92": 0.20148954696217408, "93": 0.14266714533705233, "94": 0.08328451004008253, "95": 0.045019074924890504, "96": 0.0733783545614092, "97": 0.0032267986928248907, "98": 0.00442468275408224, "99": 0.09493850003421497}}