{"name": "fiedler", "normalized": false, "process_time": 0.13195419311523438, "data": {"0": -0.07355292054531404, "1": -0.022237491509999294, "2": 0.11700113305757355, "3": 0.09887341804815312, "4": -0.07428973643251656, "5": -0.07586926577914374, "6": -0.07534153239087549, "7": 0.10097563078409337, "8": 0.1002732646975071, "9": 0.03811585872895504, "10": 0.052023212919807944, "11": 0.0655687042025826, "12": 0.07865811286414347, "13": -0.07048677676779638, "14": -0.06795716553537451, "15": -0.11992177733668374, "16": -0.11908762720529308, "17": -0.13071769551502635, "18": -0.1298084513421724, "19": -0.12799628749902153, "20": -0.12439725813145232, "21": 0.14812617757939928, "22": -0.06907827328294523, "23": 0.18049745459937253, "24": -0.07428973642194144, "25": -0.07272119401984448, "26": -0.05777921716380354, "27": -0.05737731517922283, "28": -0.04899876576770781, "29": -0.04027938974517313, "30": -0.1251247666944194, "31": -0.1242544257070519, "32": -0.12251979763372961, "33": -0.11993294816760257, "34": -0.11204756090384967, "35": 0.02738916510948226, "36": 0.027198651693912262, "37": 0.026818950039478526, "38": -0.022082811905989177, "39": 0.027389165109305183, "40": 0.18305293196267589, "41": 0.18177965263627707, "42": 0.1792419506571509, "43": 0.03838284196174043, "44": 0.027198651694536637, "45": 0.06703362869466684, "46": 0.06656735635368256, "47": 0.053081026117306106, "48": 0.03922547504049919, "49": 0.025097079547900983, "50": 0.11782066985271793, "51": -0.1152485619240401, "52": -0.1144469176532563, "53": -0.12078607277900388, "54": 0.18174307797044847, "55": 0.18047890972443678, "56": 0.17795936653149774, "57": 0.1742019738319782, "58": 0.16172654433444902, "59": 0.09340898238912436, "60": -0.07252609432107336, "61": -0.03194490024169887, "62": -0.031722697510118636, "63": -0.03127983764952879, "64": -0.1199459107860583, "65": -0.11827143078564711, "66": -0.06495485618333198, "67": 0.17790579685532115, "68": 0.17666831996703003, "69": -0.1152485619240401, "70": 0.1344305467660231, "71": 0.13349547500146572, "72": -0.07586926578367162, "73": -0.07534153238445361, "74": -0.07303410680900288, "75": 0.06703362869466684, "76": 0.027788158833988205, "77": -0.022237491509999294, "78": -0.11742512910468075, "79": -0.11494584700629287, "80": -0.10834144247505118, "81": -0.10098343808419842, "82": -0.08185889168477598, "83": -0.06216495226117759, "84": -0.042038606551503294, "85": -0.02161984901981214, "86": 0.00907224342892977, "87": 0.023676395153515342, "88": 0.028181582485565182, "89": 0.027985557189307533, "90": 0.02759487010710598, "91": -0.12889283836728577, "92": -0.1190998638766101, "93": 0.09473146369883874, "94": 0.09407253079863531, "95": 0.09275924840353572, "96": 0.09015101744706326, "97": 0.08691571425839109, "98": 0.08307584293474153, "99": -0.07406812549871596}}