{"name":"fiedler","normalized":false,"weight":"value","num_of_nodes":66,"num_of_edges":65,"process_time":0.022316694259643555,"data":{"0":-0.18018699698273655,"1":-0.17931672218552802,"2":-0.17758037586978548,"3":-0.16974742759649883,"4":-0.1602707933246474,"5":-0.14924223615037144,"6":-0.13749286195325008,"7":-0.12507941815827217,"8":-0.11145481279652263,"9":-0.09729189713334653,"10":-0.08265907563351266,"11":-0.06681879495352536,"12":-0.050655788423078066,"13":-0.03424812070331014,"14":-0.01767503815659196,"15":-0.0009308022336954432,"16":0.01582696992124073,"17":0.03196534854796317,"18":0.047949341077458095,"19":0.06252562132838546,"20":0.07679991339021006,"21":0.09070327419460096,"22":0.1041685522178244,"23":0.11713071178147683,"24":0.1295271472159962,"25":0.14129798519633377,"26":0.1523863739640625,"27":0.1589526584391283,"28":0.16475122367198114,"29":0.16895447568110078,"30":0.17234170080139857,"31":0.17489653910964417,"32":0.17660665102566284,"33":0.17746377689409862,"34":-0.1801998342101418,"35":-0.18107439498089842,"36":-0.18107439498089842,"37":-0.18019983421010316,"38":-0.18107439498090294,"39":-0.18107439498090294,"40":-0.1705712600758846,"41":-0.16104863319131887,"42":-0.12568646491270383,"43":-0.08346730302902983,"44":-0.08387239499942593,"45":-0.01776082202168185,"46":-0.0009353215961213409,"47":-0.0009353215961213409,"48":0.015981719143582554,"49":0.016059281045034932,"50":0.015981719144912313,"51":0.01605928104467249,"52":0.016060425043724385,"53":0.016138368904255095,"54":0.016138368904255095,"55":0.04865662994137613,"56":0.048892773067340675,"57":0.048892773067340675,"58":0.04841817790343932,"59":0.04865316377719009,"60":0.15617247342262397,"61":0.15693042547777483,"62":0.15693042547777483,"63":0.15693042547777483,"64":0.15693042547777483,"65":0.16555081124139473}}