{"0": 1.5469613259668509, "1": 1.5469613259668509, "2": 1.5469613259668509, "3": 1.5469613259668509, "4": 1.5469613259668509, "5": 1.5469613259668509, "6": 1.5469613259668509, "7": 1.5469613259668509, "8": 1.5469613259668509, "9": 1.5469613259668509, "10": 1.5469613259668509, "11": 1.5469613259668509, "12": 1.5469613259668509, "13": 1.5469613259668509, "14": 1.5469613259668509, "15": 1.5469613259668509, "16": 1.5469613259668509, "17": 1.5469613259668509, "18": 1.5469613259668509, "19": 1.5469613259668509, "20": 1.5469613259668509, "21": 1.5469613259668509, "22": 1.5469613259668509, "23": 1.5469613259668509, "24": 1.5469613259668509, "25": 1.5469613259668509, "26": 1.5469613259668509, "27": 1.5469613259668509, "28": 1.5469613259668509, "29": 1.5469613259668509, "30": 1.5469613259668509, "31": 1.5469613259668509, "32": 1.5469613259668509, "33": 1.5469613259668509, "34": 1.5469613259668509, "35": 1.5469613259668509, "36": 1.5469613259668509, "37": 1.5469613259668509, "38": 1.5469613259668509, "39": 1.5469613259668509, "40": 1.5469613259668509, "41": 1.5469613259668509, "42": 1.5469613259668509, "43": 1.5469613259668509, "44": 1.5469613259668509, "45": 1.5469613259668509, "46": 1.5469613259668509, "47": 1.5469613259668509, "48": 1.5469613259668509, "49": 1.5469613259668509, "50": 1.5469613259668509, "51": 1.5469613259668509, "52": 1.5469613259668509, "53": 1.5469613259668509, "54": 1.5469613259668509, "55": 1.5469613259668509, "56": 1.5469613259668509, "57": 1.5469613259668509, "58": 1.5469613259668509, "59": 1.5469613259668509, "60": 1.5469613259668509, "61": 1.5469613259668509, "62": 1.5469613259668509, "63": 1.5469613259668509, "64": 1.5469613259668509, "65": 1.5469613259668509, "66": 1.5469613259668509, "67": 1.5469613259668509, "68": 1.5469613259668509, "69": 1.5469613259668509, "70": 1.5469613259668509, "71": 1.5469613259668509, "72": 1.5469613259668509, "73": 1.5469613259668509, "74": 1.5469613259668509, "75": 1.5469613259668509, "76": 1.5469613259668509, "77": 1.5469613259668509, "78": 1.5469613259668509, "79": 1.5469613259668509, "80": 1.5469613259668509, "81": 1.5469613259668509, "82": 1.5469613259668509, "83": 1.5469613259668509, "84": 1.5469613259668509, "85": 1.5469613259668509, "86": 1.5469613259668509, "87": 1.5469613259668509, "88": 1.5469613259668509, "89": 1.5469613259668509, "90": 1.5469613259668509, "91": 1.5469613259668509, "92": 1.5469613259668509, "93": 1.5469613259668509, "94": 1.5469613259668509, "95": 1.5469613259668509, "96": 1.5469613259668509, "97": 1.5469613259668509, "98": 1.5469613259668509, "99": 1.5469613259668509, "100": 1.270718232044199, "101": 1.270718232044199, "102": 1.270718232044199, "103": 1.270718232044199, "104": 1.270718232044199, "105": 1.270718232044199, "106": 1.270718232044199, "107": 1.270718232044199, "108": 1.270718232044199, "109": 1.270718232044199, "110": 1.270718232044199, "111": 1.270718232044199, "112": 1.270718232044199, "113": 1.270718232044199, "114": 1.270718232044199, "115": 1.270718232044199, "116": 1.270718232044199, "117": 1.270718232044199, "118": 1.270718232044199, "119": 1.270718232044199, "120": 1.270718232044199, "121": 1.270718232044199, "122": 1.270718232044199, "123": 1.270718232044199, "124": 1.270718232044199, "125": 1.270718232044199, "126": 1.270718232044199, "127": 1.270718232044199, "128": 1.270718232044199, "129": 1.270718232044199, "130": 1.270718232044199, "131": 1.270718232044199, "132": 1.270718232044199, "133": 1.270718232044199, "134": 1.270718232044199, "135": 1.270718232044199, "136": 1.270718232044199, "137": 1.270718232044199, "138": 1.270718232044199, "139": 1.270718232044199, "140": 1.270718232044199, "141": 1.270718232044199, "142": 1.270718232044199, "143": 1.270718232044199, "144": 1.270718232044199, "145": 1.270718232044199, "146": 1.270718232044199, "147": 1.270718232044199, "148": 1.270718232044199, "149": 1.270718232044199, "150": 1.0607734806629834, "151": 1.0607734806629834, "152": 1.0607734806629834, "153": 1.0607734806629834, "154": 1.0607734806629834, "155": 1.0607734806629834, "156": 1.0607734806629834, "157": 1.0607734806629834, "158": 1.0607734806629834, "159": 1.0607734806629834, "160": 1.0607734806629834, "161": 1.0607734806629834, "162": 1.0386740331491713, "163": 1.0386740331491713, "164": 1.0386740331491713, "165": 1.0386740331491713, "166": 1.0386740331491713, "167": 1.0386740331491713, "168": 1.0386740331491713, "169": 1.0386740331491713, "170": 1.0276243093922652, "171": 1.0276243093922652, "172": 1.0276243093922652, "173": 1.0276243093922652, "174": 1.0276243093922652, "175": 1.0276243093922652, "176": 1.0165745856353592, "177": 1.0165745856353592, "178": 1.0165745856353592, "179": 1.0165745856353592, "180": 1.0055248618784531, "181": 1.0055248618784531}