{"0": 0.0, "1": -0.0005727083745609562, "2": -0.000915047522402496, "3": -0.04051978574740344, "4": 0.008221668664198399, "5": -0.010067547102911235, "6": -0.0685043271808078, "7": 0.003566216580594958, "8": -0.00016012922872420056, "9": -0.013160479001276855, "10": 0.11153566744940178, "11": -0.060192332880972116, "12": 0.024063329430937197, "13": 0.026623912193768955, "14": -0.020459733585363904, "15": -0.033127895928000986, "16": -0.008057799108096167, "17": 0.05200942779001928, "18": -0.02146248280262527, "19": -0.053964750372734155, "20": 0.032793901227761754, "21": 0.018613591456988984, "22": 0.03193119851098064, "23": -0.004197005172738172, "24": -0.035759984393859065, "25": -0.04649210562794999, "26": 0.0075640030674241215, "27": 0.006592085422467637, "28": 0.06818072561140659, "29": 0.006826794067402487, "30": 0.014902198150506281, "31": -0.026485219386173917, "32": 0.009122257061942207, "33": 0.036133891385096636, "34": 0.002473706356328172, "35": 0.08702006096814965, "36": -0.017440862948213447, "37": 0.013988025219890284, "38": -0.024753154084151872, "39": -0.1664593203990708, "40": -0.09469340087111178, "41": 0.03903031377549114, "42": -0.01189934539943463, "43": 0.02487252695551025, "44": -0.00031447117379440354, "45": -0.019267945798628224, "46": -0.00815872113031146, "47": -0.04117081485598831, "48": -0.03705071718336276, "49": -0.0065481874230873096, "50": 0.05208045310962281, "51": 0.010679395795343313, "52": 0.005481674233597847, "53": -0.018470615610452278, "54": 0.059021233166901436, "55": -0.040619450510505875, "56": 0.03879752745306477, "57": -0.01821313968286647, "58": -0.05543106313512269, "59": 0.04223303920686827, "60": 0.00222984442366127, "61": 0.026374850828235537, "62": -0.02775345340415666, "63": 0.04086367699862578, "64": 0.017030755198786607, "65": 0.03397722067220824, "66": 0.010865757201771825, "67": 0.012442924366817008, "68": 0.032984677163084015, "69": -0.0604389901692331, "70": -0.16159695603119958, "71": 0.2737818576028525, "72": 0.13203351677319153, "73": -0.08195981973577819, "74": 0.12826001928301825, "75": -0.716810903375229, "76": 0.40715953808078525, "77": -0.021215531584318704, "78": 0.23021642320549923, "79": -0.002208542051307905, "80": 0.05136833378480055, "81": -0.013102369166886646, "82": 0.01126529517314722, "83": -0.009779778168723914, "84": -0.02122502985661578, "85": -0.015313136588210808, "86": -0.002264058898143583, "87": -0.008102549909898624, "88": -0.008935524596455068, "89": -0.009858590042900397, "90": -0.0029049339222995893, "91": -0.007518676153075078, "92": -0.014553275838890847, "93": -0.012676832325725914, "94": -0.0042091848079942335, "95": -0.005819511927069627, "96": -0.00435256216941702, "97": -0.0072157781356641144, "98": -0.008852919618984339, "99": -0.011954062967269193, "100": -2.42861286636753e-17, "101": 7.632783294297951e-17, "102": 1.3877787807814457e-17, "103": -3.8055496254241206e-17, "104": -4.5428071027142636e-17, "105": 8.673617379884035e-18, "106": -6.938893903907228e-18, "107": -4.336808689942018e-17, "108": 1.3530843112619095e-16, "109": -2.949029909160572e-17, "110": -8.326672684688674e-17, "111": 1.0408340855860843e-16, "112": -5.724587470723463e-17, "113": 5.724587470723463e-17, "114": 1.0408340855860843e-16, "115": 1.0755285551056204e-16, "116": -2.237793284010081e-16, "117": 3.8163916471489756e-17, "118": -1.5612511283791264e-16, "119": 5.724587470723463e-17, "120": -1.9081958235744878e-17, "121": -4.163336342344337e-17, "122": 9.194034422677078e-17, "123": 1.6479873021779667e-16, "124": -9.540979117872439e-17, "125": -5.551115123125783e-17, "126": -5.204170427930421e-17, "127": 1.491862189340054e-16, "128": -1.0408340855860843e-17, "129": -1.231653667943533e-16, "130": 8.673617379884035e-17, "131": 8.673617379884035e-18, "132": -6.071532165918825e-17, "133": 3.469446951953614e-17, "134": -8.847089727481716e-17, "135": 3.122502256758253e-17, "136": 2.949029909160572e-17, "137": -5.724587470723463e-17, "138": -1.0581813203458523e-16, "139": 3.209238430557093e-16, "140": 1.6479873021779667e-16, "141": 2.0990154059319366e-16, "142": -8.847089727481716e-17, "143": -2.2551405187698492e-17, "144": -1.6306400674181987e-16, "145": -1.9081958235744878e-17, "146": 1.0408340855860843e-17, "147": -4.163336342344337e-17, "148": -2.7755575615628914e-17, "149": 8.326672684688674e-17, "150": 1.3877787807814457e-17, "151": -3.2959746043559335e-17, "152": -2.6020852139652106e-17, "153": -2.0816681711721685e-17, "154": 6.938893903907228e-18, "155": -1.3183898417423734e-16, "156": -1.3877787807814457e-17, "157": 2.0816681711721685e-17, "158": 4.85722573273506e-17, "159": 1.3877787807814457e-17, "160": 6.938893903907228e-18, "161": -2.7755575615628914e-17, "162": -9.540979117872439e-18, "163": 1.3877787807814457e-17, "164": 8.673617379884035e-18, "165": -7.112366251504909e-17, "166": 3.2959746043559335e-17, "167": -6.245004513516506e-17, "168": 3.469446951953614e-17, "169": 3.469446951953614e-17, "170": 6.938893903907228e-18, "171": 1.3877787807814457e-17, "172": -6.938893903907228e-18, "173": 2.688821387764051e-17, "174": -1.3010426069826053e-17, "175": -6.938893903907228e-18, "176": -3.2959746043559335e-17, "177": 6.938893903907228e-18, "178": 6.938893903907228e-18, "179": -6.938893903907228e-18, "180": 5.551115123125783e-17, "181": 1.734723475976807e-17}