{"0": 0.0, "1": 0.0020510685722096773, "2": 0.003277104541586231, "3": 0.026143618952400673, "4": 0.02181326566324214, "5": -0.13676428790456227, "6": -0.02309849288500104, "7": 0.04428403018303406, "8": 0.02590520776894246, "9": -0.013000895638210986, "10": -0.02248133672033014, "11": -0.0685391894267404, "12": 0.10532099874100646, "13": 0.010094436044040294, "14": -0.004053304184690862, "15": -0.015431685375517227, "16": 0.023897933000450785, "17": 0.10613856404332106, "18": -0.014486347753034425, "19": 0.08992264775086418, "20": 0.0025087230295817143, "21": 0.05640605262799718, "22": -0.07503873692378824, "23": -0.05338378345795143, "24": -0.00569361112977215, "25": 0.15472849738644331, "26": 0.08094954031486716, "27": -0.015315883946784226, "28": 0.04582531624057733, "29": -0.00864288228873225, "30": -0.2524241072271038, "31": -0.003935376271604454, "32": 0.07534558383874786, "33": -0.07676164897403978, "34": 0.08374213556539868, "35": 0.027436132085900965, "36": 0.2218568392700851, "37": -0.0583704087629921, "38": -0.04307667313486788, "39": -0.0523663710094905, "40": -0.1886636307198381, "41": -0.08271203857803484, "42": 0.01466482590860442, "43": -0.06237225890355244, "44": 0.27335298282388143, "45": 0.004366096217419401, "46": 0.09322949926563731, "47": 0.1119453819109093, "48": -0.009582019757850372, "49": 0.07444637886123671, "50": 0.07316889701337548, "51": -0.020454943348330337, "52": 0.003466415361534792, "53": 0.18293249523999183, "54": 0.05603980980231889, "55": -0.01183066793924514, "56": -0.20503521973013322, "57": 0.05496643031423252, "58": -0.1794447381910796, "59": -0.11403362555503332, "60": -0.03336409207731066, "61": 0.17205831511241987, "62": -0.0170150612389766, "63": -0.010183727696442137, "64": 0.10204286316423047, "65": 0.02555346952909982, "66": -0.00919093459748721, "67": -0.010569180319507678, "68": 0.05935219332970884, "69": -0.017451897547495425, "70": 0.08050151684284237, "71": -0.1359460524080271, "72": 0.13305161994597614, "73": -0.08294964919819099, "74": 0.006784956041612972, "75": 0.01740532122571674, "76": -0.008264560992730298, "77": -0.14593140781928982, "78": 0.019031995822811867, "79": -0.05404988390772649, "80": 0.046955249808622, "81": 0.1450597902324252, "82": -0.016868543209430747, "83": -0.062084081334474364, "84": 0.010622802253526747, "85": -0.23504270385188603, "86": 0.16268798297693332, "87": -0.21932777577224755, "88": -0.128735473972664, "89": 0.09985033514914417, "90": 0.0063925122909312395, "91": 0.03161876529247028, "92": -0.10558322091402762, "93": -0.08810971550646772, "94": -0.027708329265740107, "95": 0.2270507282694471, "96": 0.14251012922392792, "97": -0.2306462969157132, "98": -0.03180683955094678, "99": -0.15093386101659206, "100": 2.0816681711721685e-17, "101": -1.249000902703301e-16, "102": 1.249000902703301e-16, "103": 1.942890293094024e-16, "104": 5.551115123125783e-17, "105": -4.85722573273506e-17, "106": -1.9081958235744878e-17, "107": 2.393918396847994e-16, "108": 2.740863092043355e-16, "109": -3.5041414214731503e-16, "110": -1.491862189340054e-16, "111": -6.418476861114186e-17, "112": -8.847089727481716e-17, "113": 4.5102810375396984e-17, "114": 1.682681771697503e-16, "115": 5.551115123125783e-17, "116": 1.474514954580286e-16, "117": 2.0990154059319366e-16, "118": 2.0643209364124004e-16, "119": -4.683753385137379e-17, "120": 8.673617379884035e-18, "121": 1.474514954580286e-16, "122": -5.898059818321144e-17, "123": -1.43982048506075e-16, "124": -1.734723475976807e-18, "125": -1.5265566588595902e-16, "126": 3.5561831257524545e-16, "127": -1.9081958235744878e-17, "128": -8.847089727481716e-17, "129": 3.5908775952719907e-16, "130": -1.2663481374630692e-16, "131": -1.717376241217039e-16, "132": -3.642919299551295e-17, "133": -5.204170427930421e-18, "134": -1.43982048506075e-16, "135": 8.153200337090993e-17, "136": 2.237793284010081e-16, "137": -2.2551405187698492e-17, "138": 1.1622647289044608e-16, "139": -6.071532165918825e-17, "140": -2.949029909160572e-17, "141": 4.5102810375396984e-17, "142": 3.625572064791527e-16, "143": -1.0234868508263162e-16, "144": -2.498001805406602e-16, "145": -3.5908775952719907e-16, "146": -3.677613769070831e-16, "147": -1.4051260155412137e-16, "148": -8.326672684688674e-17, "149": 1.3877787807814457e-16, "150": -5.551115123125783e-17, "151": -1.3877787807814457e-17, "152": 0.0, "153": 9.367506770274758e-17, "154": -7.28583859910259e-17, "155": -4.5102810375396984e-17, "156": -7.28583859910259e-17, "157": 2.42861286636753e-17, "158": 5.551115123125783e-17, "159": -6.938893903907228e-18, "160": -2.0816681711721685e-17, "161": 1.9081958235744878e-17, "162": -2.7755575615628914e-17, "163": 2.7755575615628914e-17, "164": 1.3877787807814457e-17, "165": -1.3877787807814457e-16, "166": 6.938893903907228e-17, "167": -4.5102810375396984e-17, "168": 2.6454533008646308e-17, "169": 4.85722573273506e-17, "170": -1.3877787807814457e-17, "171": -3.469446951953614e-17, "172": 2.0816681711721685e-17, "173": -2.0816681711721685e-17, "174": 2.42861286636753e-17, "175": -6.938893903907228e-18, "176": 1.3877787807814457e-17, "177": 5.551115123125783e-17, "178": 3.469446951953614e-17, "179": 2.0816681711721685e-17, "180": -1.3877787807814457e-17, "181": -1.3877787807814457e-17}