{"0": 0.0, "1": 0.0020777501583717052, "2": -0.00530938663624508, "3": 0.014289402414999723, "4": 0.006819025162649396, "5": 0.002609827102644573, "6": 0.005249244736653533, "7": 0.004437097909615899, "8": 0.0011006173175250949, "9": 0.017309631600773083, "10": 0.001333254807192756, "11": 0.007948262320885961, "12": 0.004471377053753756, "13": -0.03323497436134793, "14": -0.010486782838089391, "15": 0.012145754035391138, "16": 0.0011258535065175395, "17": -0.006273511448192271, "18": -0.005482376185738183, "19": -0.028859375974159093, "20": -0.008394619260106258, "21": 0.004077086140827876, "22": 0.001842586006974282, "23": 0.025446201079300436, "24": -0.01765016808253654, "25": 0.013033801657400345, "26": 0.01718499300876836, "27": 0.0053710821940770054, "28": 0.008641704801215561, "29": 0.0065566027596741135, "30": 0.012282689034899156, "31": -0.013838903229542334, "32": 0.0028444845822645872, "33": 0.006748301773794775, "34": 0.018131468974160993, "35": 0.01576440240702365, "36": 0.00015051020245740302, "37": -0.0011972156957084585, "38": -0.0007430919175820871, "39": 0.0019986604212566712, "40": -0.0457062642125817, "41": 0.006366730183688012, "42": 0.018239122162504107, "43": 0.0013232242859797236, "44": 0.00850514777261446, "45": 0.008350876296691071, "46": 0.00700658666787872, "47": -0.007742536502666797, "48": 0.0016576758893577922, "49": 0.008806476043044143, "50": -0.00038338896085529347, "51": 0.008057346235661443, "52": 0.006660309517457859, "53": -0.004533755612763011, "54": 0.01778641054013828, "55": -0.0014650064479914174, "56": 0.015430588053576489, "57": 0.008604465997756987, "58": -0.016228524771886785, "59": 0.00036985155761511384, "60": -0.00779943641550093, "61": 0.00929576705565077, "62": 0.001856891635081901, "63": -0.007984778505628207, "64": -0.029234544690097057, "65": 0.006588082150584576, "66": 0.022975926494643677, "67": -0.01829860736958549, "68": 0.021360543997346583, "69": 0.014750667766358127, "70": -0.005063934649372255, "71": -0.005522036252689542, "72": 0.005291878020516729, "73": -0.009491287272346216, "74": -0.011866392029011947, "75": 0.005446737292919994, "76": 0.016241053380540563, "77": 0.013911407047489093, "78": 0.011829636562561339, "79": 0.010179727113864298, "80": 0.002059347612298505, "81": 0.030862294557679873, "82": -0.035784362051715, "83": -0.03789726559045013, "84": -0.0017499446457549255, "85": 0.11079112855930315, "86": -0.00993552237713669, "87": -0.013230645795470002, "88": 0.011937745904010748, "89": -0.548826103163176, "90": 0.6483300604823236, "91": -0.4663495507620742, "92": 0.03555002639636937, "93": 0.0242619110038221, "94": 0.031296704276296466, "95": 0.030182033719814184, "96": 0.009909661329649763, "97": 0.0304619647114713, "98": -0.03268656299362085, "99": 0.005723175255991871, "100": 0.011124991550634702, "101": 0.000548283234854253, "102": 0.013708030258803454, "103": 0.0011621719754507252, "104": 0.05166667131974858, "105": 0.04334834373459179, "106": 8.710639052577946e-05, "107": 0.0034744213594959912, "108": 0.007347875482748455, "109": 0.01619850950174942, "110": 0.0001446114131075699, "111": -0.03950910407213003, "112": -0.003154611315810551, "113": -0.020210693529116638, "114": 0.0023898580537860667, "115": 0.00890841503216578, "116": -0.008731114156239674, "117": 0.02946220204845734, "118": 0.008260396874586727, "119": 0.011523238901525347, "120": -0.0020197159644710343, "121": -0.0015987046664933395, "122": 0.006097428529060121, "123": -0.01476827236992703, "124": -0.006408704524588316, "125": -0.01281618768716696, "126": 0.016541886803639185, "127": -0.019307309019422778, "128": -0.002336696206746498, "129": 0.005738796183553336, "130": 0.013530779034738523, "131": -0.0061456252608876214, "132": 0.003368625159111062, "133": -0.01985953915006658, "134": -0.018769769773637247, "135": 0.007931229472223057, "136": -0.016679994967307044, "137": 0.009426443535100078, "138": -0.0009916644105823459, "139": -0.007470535259946843, "140": -0.015902411685909026, "141": 0.006209378502269104, "142": -0.01876923666982412, "143": -0.00592366768187616, "144": 0.03219345640902845, "145": -0.00235822521687413, "146": -0.00546632192644726, "147": -0.008402030537349602, "148": 0.002666673046835482, "149": -0.05545968775496984, "150": 0.03284989199841932, "151": -0.005589813491927239, "152": -0.009627611797391182, "153": 0.004661149501601959, "154": 0.009827599516453902, "155": -0.029783095049038137, "156": -0.010727537721590307, "157": -0.005926485785840248, "158": 0.002394284074382864, "159": 0.0019076394053189898, "160": 0.015490168903439901, "161": -0.0054761895538300446, "162": -0.008490821224917448, "163": -0.008241158067329776, "164": 0.03572752915436486, "165": -0.0127366022827462, "166": -0.03238455321421298, "167": -0.007298401192905568, "168": 0.03752436266023072, "169": -0.004100355832483912, "170": -0.007625567462891706, "171": 0.02420336484965, "172": 0.015100653169776927, "173": -0.03056102430581873, "174": 0.0186987336898961, "175": -0.01981615994061246, "176": 0.004624825869379212, "177": -0.003513387502377306, "178": -0.013536266515382114, "179": 0.012424828148380553, "180": -0.002240988857107074, "181": 0.002240988857107275}