{"0": 4.1109928028376973e-16, "1": 0.012533323356431028, "2": 0.02486898871648585, "3": 0.03681245526846846, "4": 0.048175367410172074, "5": 0.05877852522924767, "6": 0.06845471059286881, "7": 0.07705132427757881, "8": 0.0844327925502011, "9": 0.09048270524660104, "10": 0.09510565162951388, "11": 0.09822872507286694, "12": 0.09980267284282467, "13": 0.09980267284282442, "14": 0.09822872507286587, "15": 0.09510565162951215, "16": 0.09048270524659852, "17": 0.08443279255019853, "18": 0.07705132427757617, "19": 0.06845471059286705, "20": 0.058778525229246176, "21": 0.048175367410171414, "22": 0.03681245526846857, "23": 0.024868988716487257, "24": 0.01253332335643282, "25": 3.0045042810084303e-15, "26": -0.012533323356427182, "27": -0.024868988716482406, "28": -0.036812455268465244, "29": -0.04817536741016967, "30": -0.05877852522924611, "31": -0.06845471059286859, "32": -0.07705132427757948, "33": -0.08443279255020271, "34": -0.09048270524660418, "35": -0.09510565162951826, "36": -0.09822872507287261, "37": -0.0998026728428314, "38": -0.09980267284283163, "39": -0.09822872507287399, "40": -0.0951056516295211, "41": -0.09048270524660836, "42": -0.08443279255020898, "43": -0.07705132427758679, "44": -0.06845471059287668, "45": -0.05877852522925476, "46": -0.04817536741017863, "47": -0.03681245526847477, "48": -0.02486898871649186, "49": -0.01253332335643622, "50": -5.094155356507267e-15, "51": 0.01253332335642618, "52": 0.0248689887164818, "53": 0.0368124552684647, "54": 0.048175367410169465, "55": 0.05877852522924608, "56": 0.06845471059286867, "57": 0.07705132427757949, "58": 0.08443279255020267, "59": 0.0904827052466033, "60": 0.09510565162951697, "61": 0.09822872507287102, "62": 0.09980267284282979, "63": 0.09980267284283073, "64": 0.0982287250728734, "65": 0.09510565162952025, "66": 0.0904827052466074, "67": 0.08443279255020694, "68": 0.0770513242775846, "69": 0.06845471059287435, "70": 0.05877852522925284, "71": 0.048175367410176834, "72": 0.03681245526847296, "73": 0.024868988716490455, "74": 0.012533323356435588, "75": 5.422745585903499e-15, "76": -0.012533323356424528, "77": -0.02486898871647898, "78": -0.03681245526846048, "79": -0.04817536741016384, "80": -0.05877852522923907, "81": -0.06845471059286039, "82": -0.07705132427757005, "83": -0.08443279255019287, "84": -0.09048270524659348, "85": -0.09510565162950758, "86": -0.09822872507286183, "87": -0.09980267284282096, "88": -0.0998026728428218, "89": -0.09822872507286443, "90": -0.0951056516295119, "91": -0.0904827052465992, "92": -0.08443279255019953, "93": -0.07705132427757758, "94": -0.0684547105928679, "95": -0.05877852522924673, "96": -0.04817536741017115, "97": -0.036812455268467534, "98": -0.024868988716485158, "99": -0.012533323356430178, "100": 3.877106968808164e-16, "101": 0.012533323356431023, "102": 0.02486898871648592, "103": 0.03681245526846835, "104": 0.04817536741017203, "105": 0.05877852522924758, "106": 0.068454710592869, "107": 0.07705132427757877, "108": 0.08443279255020111, "109": 0.09048270524660113, "110": 0.09510565162951398, "111": 0.09822872507286715, "112": 0.09980267284282482, "113": 0.0998026728428244, "114": 0.09822872507286583, "115": 0.09510565162951215, "116": 0.09048270524659864, "117": 0.08443279255019838, "118": 0.0770513242775763, "119": 0.0684547105928669, "120": 0.05877852522924639, "121": 0.04817536741017141, "122": 0.03681245526846864, "123": 0.024868988716487198, "124": 0.012533323356432896, "125": 3.094746681142624e-15, "126": -0.01253332335642708, "127": -0.02486898871648228, "128": -0.036812455268465265, "129": -0.04817536741016962, "130": -0.05877852522924631, "131": -0.0684547105928687, "132": -0.07705132427757945, "133": -0.08443279255020288, "134": -0.09048270524660404, "135": -0.09510565162951834, "136": -0.09822872507287243, "137": -0.09980267284283117, "138": -0.09980267284283174, "139": -0.09822872507287395, "140": -0.09510565162952109, "141": -0.09048270524660851, "142": -0.08443279255020883, "143": -0.07705132427758657, "144": -0.06845471059287647, "145": -0.05877852522925477, "146": -0.04817536741017865, "147": -0.0368124552684746, "148": -0.02486898871649177, "149": -0.012533323356436102, "150": -5.0992196576338245e-15, "151": 0.012533323356426186, "152": 0.024868988716481973, "153": 0.03681245526846487, "154": 0.048175367410169465, "155": 0.058778525229246044, "156": 0.06845471059286856, "157": 0.07705132427757949, "158": 0.08443279255020265, "159": 0.0904827052466034, "160": 0.0951056516295171, "161": 0.09822872507287111, "162": 0.09980267284283002, "163": 0.09980267284283084, "164": 0.09822872507287325, "165": 0.09510565162952016, "166": 0.09048270524660725, "167": 0.08443279255020697, "168": 0.07705132427758454, "169": 0.06845471059287443, "170": 0.05877852522925277, "171": 0.04817536741017695, "172": 0.03681245526847301, "173": 0.02486898871649052, "174": 0.012533323356435594, "175": 5.488665077990618e-15, "176": -0.012533323356424514, "177": -0.024868988716478857, "178": -0.036812455268460526, "179": -0.04817536741016383, "180": -0.0587785252292393, "181": -0.06845471059286029, "182": -0.07705132427757014, "183": -0.08443279255019279, "184": -0.09048270524659352, "185": -0.09510565162950746, "186": -0.09822872507286168, "187": -0.09980267284282088, "188": -0.09980267284282165, "189": -0.09822872507286429, "190": -0.09510565162951173, "191": -0.09048270524659927, "192": -0.08443279255019956, "193": -0.0770513242775775, "194": -0.06845471059286792, "195": -0.058778525229246634, "196": -0.04817536741017122, "197": -0.03681245526846747, "198": -0.024868988716485095, "199": -0.012533323356430152}