{"name": "fiedler", "normalized": false, "process_time": 0.021816730499267578, "data": {"0": -0.01960386774259848, "1": -0.013407968554309042, "2": -0.007159154510185214, "3": -0.0008820868391566787, "4": 0.005398461732576567, "5": 0.01165770474627814, "6": 0.01787093982944213, "7": 0.02401364619101268, "8": 0.030061581387282894, "9": 0.03599087699334436, "10": 0.04177813280708814, "11": 0.04740050919600421, "12": 0.0528358172375983, "13": 0.058062606284088165, "14": 0.0630602486210193, "15": 0.0678090208682494, "16": 0.07229018182732973, "17": 0.07648604643655953, "18": 0.08038005557627145, "19": 0.08395684140415934, "20": 0.08720228801904187, "21": 0.09010358716074605, "22": 0.0926492887599863, "23": 0.09482934612274059, "24": 0.09663515558632384, "25": 0.09805959047531829, "26": 0.09909702921557592, "27": 0.09974337752595282, "28": 0.09999608457713428, "29": 0.09985415306189556, "30": 0.09931814312118595, "31": 0.09839017013730898, "32": 0.09707389639228102, "33": 0.09537451660650927, "34": 0.09329873744171792, "35": 0.09085475102581039, "36": 0.08805220263962112, "37": 0.08490215263047265, "38": 0.08141703277942312, "39": 0.07761059722804899, "40": 0.07349786820220647, "41": 0.06909507673211067, "42": 0.06441959858472592, "43": 0.05948988570084461, "44": 0.054325393366215405, "45": 0.048946503434684895, "46": 0.043374443896729425, "47": 0.03763120509424885, "48": 0.0317394529338478, "49": 0.025722439440869205, "50": 0.019603910994235765, "51": 0.013408014613531756, "52": 0.007159202649140921, "53": 0.0008821362984358355, "54": -0.005398411733890047, "55": -0.011657654995061942, "56": -0.01787089110999464, "57": -0.024013599270666233, "58": -0.03006153700374685, "59": -0.035990835849414114, "60": -0.04177809554927937, "61": -0.04740047641134605, "62": -0.05283578943847639, "63": -0.05806258390980932, "64": -0.06306023201665518, "65": -0.0678090102952942, "66": -0.07229017745223698, "67": -0.07648604833274408, "68": -0.08038006371306787, "69": -0.08395685565600655, "70": -0.08720230815939882, "71": -0.09010361287606282, "72": -0.0926493196440234, "73": -0.0948293816942685, "74": -0.0966351952862311, "75": -0.0980596336758459, "76": -0.0990970752355724, "77": -0.09974342563968161, "78": -0.0999961340292856, "79": -0.09985420306803558, "80": -0.09931819289700373, "81": -0.09839021890032365, "82": -0.09707394336919849, "83": -0.09537456105381327, "84": -0.0932987786545223, "85": -0.09085478835689903, "86": -0.08805223549669945, "87": -0.08490218049452938, "88": -0.08141705520845315, "89": -0.07761061386584214, "90": -0.07349787878467454, "91": -0.06909508109423651, "92": -0.06441959666241626, "93": -0.05948987752570796, "94": -0.054325379065747505, "95": -0.0489464832383648, "96": -0.043374418119049206, "97": -0.03763117414119184, "98": -0.03173941729328264, "99": -0.025722399680061903, "100": -0.01960386774259721, "101": -0.013407968553345964, "102": -0.007159154510845712, "103": -0.0008820868413899158, "104": 0.005398461731223016, "105": 0.011657704745040737, "106": 0.017870939830380052, "107": 0.024013646191256528, "108": 0.030061581386921676, "109": 0.035990876993785836, "110": 0.04177813280692791, "111": 0.047400509196358104, "112": 0.05283581723859042, "113": 0.05806260628546185, "114": 0.06306024861954078, "115": 0.06780902086751732, "116": 0.07229018182640368, "117": 0.07648604643806473, "118": 0.08038005557649502, "119": 0.08395684140468512, "120": 0.0872022880193932, "121": 0.09010358716095569, "122": 0.09264928875926669, "123": 0.09482934612206767, "124": 0.09663515558622704, "125": 0.09805959047433307, "126": 0.09909702921643705, "127": 0.09974337752656996, "128": 0.09999608457664282, "129": 0.09985415306122002, "130": 0.09931814312168116, "131": 0.09839017013934018, "132": 0.09707389639164395, "133": 0.09537451660580927, "134": 0.09329873743994549, "135": 0.09085475102726726, "136": 0.08805220263809148, "137": 0.0849021526313421, "138": 0.08141703277970308, "139": 0.07761059722877583, "140": 0.07349786820339192, "141": 0.06909507673243719, "142": 0.06441959858365816, "143": 0.05948988570055288, "144": 0.054325393366443674, "145": 0.04894650343551639, "146": 0.04337444389608666, "147": 0.0376312050935289, "148": 0.031739452933719554, "149": 0.02572243944171222, "150": 0.0196039109957569, "151": 0.013408014613744683, "152": 0.007159202650976893, "153": 0.0008821362985021587, "154": -0.0053984117343812785, "155": -0.0116576549945292, "156": -0.01787089110873618, "157": -0.024013599268810474, "158": -0.030061537003177798, "159": -0.03599083584812958, "160": -0.04177809554950819, "161": -0.04740047641105485, "162": -0.05283578943821538, "163": -0.05806258390811107, "164": -0.06306023201693142, "165": -0.067809010294555, "166": -0.072290177452676, "167": -0.07648604833257343, "168": -0.08038006371345749, "169": -0.08395685565229413, "170": -0.08720230815783053, "171": -0.09010361287487208, "172": -0.09264931964560033, "173": -0.09482938169476991, "174": -0.09663519528501512, "175": -0.0980596336748129, "176": -0.09909707523493377, "177": -0.09974342564021764, "178": -0.09999613402883313, "179": -0.09985420306873928, "180": -0.09931819289591075, "181": -0.09839021889949745, "182": -0.09707394336921103, "183": -0.09537456105289953, "184": -0.09329877865507617, "185": -0.09085478835940602, "186": -0.08805223549790984, "187": -0.08490218049350041, "188": -0.08141705520652463, "189": -0.07761061386500427, "190": -0.0734978787874895, "191": -0.0690950810949674, "192": -0.06441959666243575, "193": -0.059489877525166095, "194": -0.054325379066620445, "195": -0.04894648323718517, "196": -0.04337441812134539, "197": -0.037631174141381056, "198": -0.03173941729280834, "199": -0.02572239967897447}}