{"0": -0.09625440961228215, "1": -0.09436206258905147, "2": -0.09209731166171072, "3": -0.08946909479419013, "4": -0.08648778438186311, "5": -0.08316514631394685, "6": -0.07951429354438112, "7": -0.07554963434226782, "8": -0.07128681542253672, "9": -0.0667426601982475, "10": -0.061935102383113304, "11": -0.05688311521657878, "12": -0.051606636596798344, "13": -0.04612649037382633, "14": -0.040464304179016794, "15": -0.03464242406569966, "16": -0.028683826324993132, "17": -0.022612026809467774, "18": -0.016450988123549476, "19": -0.010225025050530542, "20": -0.003958708604891522, "21": 0.0023232309484578135, "22": 0.00859600168961343, "23": 0.014834847880207851, "24": 0.0210151476720439, "25": 0.027112510271429614, "26": 0.033102872198977604, "27": 0.038962592260419295, "28": 0.04466854484459685, "29": 0.05019821118769853, "30": 0.05552976824400134, "31": 0.06064217481319848, "32": 0.06551525457862031, "33": 0.07012977573799771, "34": 0.07446752689484502, "35": 0.07851138894175468, "36": 0.08224540261146646, "37": 0.08565483146536793, "38": 0.08872622004339034, "39": 0.09144744697130454, "40": 0.09380777281146481, "41": 0.09579788242483625, "42": 0.09740992174522768, "43": 0.09863752877530388, "44": 0.09947585868876178, "45": 0.0999216029630153, "46": 0.09997300242768556, "47": 0.0996298542094562, "48": 0.09889351253165629, "49": 0.09776688337261924, "50": 0.09625441299636604, "51": 0.09436207040691139, "52": 0.09209732378502897, "53": 0.08946911102793322, "54": 0.08648780446520962, "55": 0.08316516993388622, "56": 0.07951432033470489, "57": 0.07554966388178326, "58": 0.0712868472467073, "59": 0.0667426938087111, "60": 0.061935137253113795, "61": 0.056883150804163736, "62": 0.05160667233637702, "63": 0.046126525696510136, "64": 0.04046433852125658, "65": 0.034642456885896115, "66": 0.02868385710721247, "67": 0.022612055065173522, "68": 0.016451013403906305, "69": 0.010225046959588912, "70": 0.003958726795598506, "71": -0.0023232167619144737, "72": -0.008595991728440309, "73": -0.014834842304073326, "74": -0.021015146567368217, "75": -0.02711251365576706, "76": -0.033102880021524964, "77": -0.038962604395571074, "78": -0.04466856109782616, "79": -0.05019823129730334, "80": -0.0555297918918227, "81": -0.06064220162556627, "82": -0.06551528413725147, "83": -0.07012980758141878, "84": -0.07446756052551572, "85": -0.07851142383224319, "86": -0.08224543820984437, "87": -0.0856548672003951, "88": -0.08872625535258812, "89": -0.09144748130262664, "90": -0.09380780561802261, "91": -0.09579791318722546, "92": -0.09740994997588025, "93": -0.09863755402757401, "94": -0.09947588057153, "95": -0.09992162113337952, "96": -0.09997301659863805, "97": -0.09962986415754388, "98": -0.09889351810039346, "99": -0.09776688447329945, "100": -0.09625440961135559, "101": -0.09436206258878987, "102": -0.09209731166309108, "103": -0.08946909479434649, "104": -0.08648778438160701, "105": -0.08316514631503778, "106": -0.07951429354284294, "107": -0.07554963434209216, "108": -0.07128681542321963, "109": -0.06674266019938083, "110": -0.06193510238212435, "111": -0.05688311521632057, "112": -0.05160663659684439, "113": -0.04612649037452744, "114": -0.04046430417919343, "115": -0.03464242406721005, "116": -0.02868382632630894, "117": -0.022612026810131157, "118": -0.016450988123012433, "119": -0.010225025050413733, "120": -0.003958708605527898, "121": 0.00232323094858215, "122": 0.008596001690140976, "123": 0.014834847880458827, "124": 0.0210151476741003, "125": 0.027112510272189902, "126": 0.03310287219848835, "127": 0.038962592260332926, "128": 0.04466854484524883, "129": 0.05019821118741672, "130": 0.05552976824343556, "131": 0.060642174813975894, "132": 0.06551525457928878, "133": 0.07012977573640279, "134": 0.07446752689479795, "135": 0.07851138894222409, "136": 0.08224540261169724, "137": 0.08565483146567478, "138": 0.08872622004278434, "139": 0.09144744697113177, "140": 0.09380777281084238, "141": 0.0957978824232399, "142": 0.09740992174507539, "143": 0.0986375287753398, "144": 0.0994758586893445, "145": 0.09992160296245181, "146": 0.09997300242723275, "147": 0.0996298542096511, "148": 0.09889351253279477, "149": 0.09776688337432589, "150": 0.09625441299709796, "151": 0.0943620704064394, "152": 0.09209732378640338, "153": 0.08946911102669075, "154": 0.0864878044644602, "155": 0.08316516993454635, "156": 0.0795143203354832, "157": 0.07554966388099886, "158": 0.07128684724698153, "159": 0.06674269380764485, "160": 0.06193513725389344, "161": 0.05688315080495563, "162": 0.05160667233726234, "163": 0.04612652569629306, "164": 0.04046433852053706, "165": 0.03464245688534129, "166": 0.02868385710550174, "167": 0.022612055064861303, "168": 0.016451013404045492, "169": 0.010225046959942129, "170": 0.0039587267961824785, "171": -0.002323216762535801, "172": -0.008595991727260525, "173": -0.014834842302519413, "174": -0.021015146566288462, "175": -0.027112513655474554, "176": -0.03310288002151282, "177": -0.03896260439724642, "178": -0.044668561098547936, "179": -0.05019823129815402, "180": -0.055529791891979305, "181": -0.06064220162543706, "182": -0.06551528413691093, "183": -0.07012980758035516, "184": -0.07446756052654517, "185": -0.07851142383157314, "186": -0.08224543820796809, "187": -0.08565486720169355, "188": -0.0887262553530096, "189": -0.09144748130373448, "190": -0.09380780561849515, "191": -0.09579791318913516, "192": -0.09740994997634776, "193": -0.09863755402633952, "194": -0.0994758805705245, "195": -0.09992162113333654, "196": -0.09997301659896855, "197": -0.09962986415664588, "198": -0.09889351809924105, "199": -0.09776688447304141}