{"name": "eigen", "eigen": 2, "normalized": false, "process_time": 0.008916854858398438, "data": {"0": -0.04936409379131035, "1": -0.02713557365603679, "2": -0.0234257839098531, "3": -0.011673064675407477, "4": -0.002970700000850479, "5": 0.008115298750401859, "6": 0.015425354176217994, "7": 0.030792857855414624, "8": 0.024078452649252707, "9": 0.025280976535100898, "10": 0.022183602289863547, "11": 0.021306575457576138, "12": 0.015644432496218663, "13": 0.01978915001578914, "14": -0.00241104361877853, "15": 0.04245430224699952, "16": 0.06886982668523087, "17": 0.07893035209680443, "18": 0.0776995135098455, "19": 0.11807315382784404, "20": 0.12371489734136, "21": 0.13867251927219754, "22": 0.14689624434936885, "23": 0.15085322417905891, "24": 0.15829318397035397, "25": 0.14306742269088013, "26": 0.17505936395108965, "27": 0.18378609547474795, "28": 0.1959622552964559, "29": 0.20097328351568633, "30": 0.20261774939240818, "31": 0.1995669568157757, "32": 0.19182873631079425, "33": 0.1810416483647725, "34": 0.16312772581049273, "35": 0.1498610000765452, "36": 0.11195477397374701, "37": 0.12694474470059336, "38": 0.11779422858532287, "39": 0.11429789673676731, "40": 0.10510828393853336, "41": 0.09485515415213026, "42": 0.08200081718908514, "43": 0.06764892518638649, "44": 0.05143078782151217, "45": 0.034917035625411194, "46": 0.015536601118135693, "47": 0.0012364914291124601, "48": -0.01993340391869014, "49": -0.025709376843498, "50": -0.03314923043296177, "51": -0.048182135844684615, "52": -0.03514983384515312, "53": -0.03588155760836714, "54": -0.019545637003562842, "55": -0.03672789478959925, "56": 0.0317124633746836, "57": -0.03184957326265454, "58": -0.05370744228699972, "59": -0.06519525983851915, "60": -0.0582089546588038, "61": -0.061416233408650836, "62": -0.059928246703436744, "63": -0.05562160422176018, "64": -0.05791791659397287, "65": -0.05604003264346126, "66": -0.05375317091085749, "67": -0.05074402077358693, "68": -0.04443717782691341, "69": -0.04320097164644218, "70": -0.010186975040335965, "71": -0.06395140776769542, "72": -0.09543008334605799, "73": -0.09999971777505301, "74": -0.1119116092073689, "75": -0.11777893775810841, "76": -0.1222092687693962, "77": -0.12412561109683704, "78": -0.12166727659337187, "79": -0.12128392472737498, "80": -0.10575588410518322, "81": -0.12033439777591107, "82": -0.12747870815997922, "83": -0.11367029829020414, "84": -0.13450200352356587, "85": -0.1292522286437566, "86": -0.1320782229538886, "87": -0.12263517474833135, "88": -0.12749147728992438, "89": -0.12184836700189011, "90": -0.11461702175829246, "91": -0.10933558903391459, "92": -0.087268607780309, "93": -0.10166140863164876, "94": -0.09878225389483451, "95": -0.10015078009889297, "96": -0.09525441666823445, "97": -0.09396170180540454, "98": -0.07771461044448126, "99": -0.06378645983090857}}