{"name": "eigen", "eigen": 3, "normalized": false, "process_time": 0.009315013885498047, "data": {"0": 0.019259277208837043, "1": 0.042343505545733164, "2": 0.05898239069805657, "3": 0.07584188712754322, "4": 0.08964146621895322, "5": 0.10102895878800702, "6": 0.10927238405349676, "7": 0.11421248877667602, "8": 0.11582304919249559, "9": 0.1136013034460975, "10": 0.10884028416871373, "11": 0.09849676907634287, "12": 0.0911212278999235, "13": 0.06565631146993434, "14": 0.07782943706845827, "15": 0.07914989087095317, "16": 0.0809031782331078, "17": 0.07902297560867827, "18": 0.07548032585739636, "19": 0.06871032900096878, "20": 0.06196780341535193, "21": 0.048068242174527064, "22": 0.03490927529628046, "23": 0.019478529008463263, "24": 0.004888462431859461, "25": -0.012872344732666949, "26": -0.02269455333229741, "27": -0.051231823431458406, "28": -0.028159837472712043, "29": -0.13351919991480607, "30": -0.14399720141236144, "31": -0.18530959563687968, "32": -0.2074101916264578, "33": -0.22852770344905426, "34": -0.2407085637452142, "35": -0.24641854149806067, "36": -0.24438758007983885, "37": -0.23510396436914988, "38": -0.21867740518171597, "39": -0.1956824086793508, "40": -0.16674863440352258, "41": -0.1328603141394425, "42": -0.09477323033369073, "43": -0.05431679282081947, "44": -0.010957513241276792, "45": 0.029467784461118585, "46": 0.08651235779572891, "47": 0.10818236261760455, "48": 0.10891583976905025, "49": 0.11289874760200964, "50": 0.11173977569753618, "51": 0.10582972629617125, "52": 0.10256127162094476, "53": 0.0802517061937694, "54": 0.09704652454380505, "55": 0.09474611559940395, "56": 0.09607649544335577, "57": 0.09140413488959098, "58": 0.08670413712338032, "59": 0.07438526438681639, "60": 0.07195081311968732, "61": 0.06638578414820066, "62": 0.05197469254051968, "63": 0.05727892436580484, "64": 0.0503776153404282, "65": 0.05178958513542562, "66": 0.055128474856823796, "67": 0.05751817151079756, "68": 0.052562931214007555, "69": 0.04695524745937088, "70": 0.04276889532327486, "71": 0.03849375887605053, "72": 0.026651160526612115, "73": 0.03182823445369083, "74": 0.027126529775284798, "75": 0.03026937521840351, "76": 0.015690177758398642, "77": 0.04189417043566767, "78": 0.031172162795313582, "79": 0.025468546546873347, "80": 0.01775655749016815, "81": 0.007232711281266152, "82": 0.004490509410186491, "83": -0.01986919286374627, "84": -0.035315498460225206, "85": -0.052905439286695964, "86": -0.06768290055098442, "87": -0.08082187618760596, "88": -0.09154086509803842, "89": -0.09904040617478671, "90": -0.10489325005687863, "91": -0.10405617471136226, "92": -0.1092085591809498, "93": -0.10786561868710881, "94": -0.10364518950675067, "95": -0.09837989913798097, "96": -0.08358681184226979, "97": -0.083671549895004, "98": -0.036118159158746097, "99": 0.008941764040522663}}