{"name": "eigen", "eigen": 3, "normalized": true, "process_time": 0.015151023864746094, "data": {"0": 0.10095190611895791, "1": 0.12125666097051552, "2": 0.07929876350593142, "3": 0.060121914248144115, "4": 0.03469492684247097, "5": 0.00820445416125018, "6": -0.014520540847338056, "7": -0.05458298062538929, "8": -0.04978588939912551, "9": -0.06160527905259387, "10": -0.06605366141823721, "11": -0.07168416868413319, "12": -0.07033478335632348, "13": -0.07701743276275297, "14": -0.055079073982038075, "15": -0.09837381455921049, "16": -0.10276517211886617, "17": -0.12664455676550784, "18": -0.1164131750945418, "19": -0.1319933070287341, "20": -0.1524827137485519, "21": -0.15941312217545228, "22": -0.15674992256589637, "23": -0.14993159691559438, "24": -0.1395323693529232, "25": -0.13361218600733407, "26": -0.10911800613210862, "27": -0.08987067523626256, "28": -0.06971396437059069, "29": -0.04644403802280807, "30": -0.022019890075538923, "31": 0.0034253187377965427, "32": 0.028254959371174587, "33": 0.053349957666045604, "34": 0.07364273279207019, "35": 0.0993502639807714, "36": 0.11355856229067096, "37": 0.152587584706231, "38": 0.17836501226722146, "39": 0.20610615027809465, "40": 0.22402093809244206, "41": 0.23573788432758022, "42": 0.2392311672785341, "43": 0.2350331798804821, "44": 0.22300116198272601, "45": 0.20371767402200158, "46": 0.1775458952825993, "47": 0.14596796490507624, "48": 0.08407165046075607, "49": 0.08165444786774247, "50": 0.05170095169966382, "51": 0.020700308535568965, "52": 0.0011000353787432235, "53": -0.022333011739596176, "54": -0.0436626521763442, "55": -0.06163129504302369, "56": -0.073304159827658, "57": -0.0803799536620896, "58": -0.07358612049358389, "59": -0.0862298576050615, "60": -0.09724603021528025, "61": -0.0908618940296001, "62": -0.09441088494135394, "63": -0.10069954641671933, "64": -0.09429076856773295, "65": -0.0907313890231356, "66": -0.08652906444730693, "67": -0.07719620181619263, "68": -0.06974417191770732, "69": -0.0425677898066969, "70": -0.01686373864341974, "71": -0.04736916437893538, "72": -0.049802239248086494, "73": -0.05820493073826529, "74": -0.059891064051198296, "75": -0.05853212893080032, "76": -0.05552402685573354, "77": -0.050934280516808435, "78": -0.043656461438604834, "79": -0.03769308604421919, "80": -0.023333480485541864, "81": -0.026682590733374985, "82": -0.012703319378286946, "83": -0.026670743693976453, "84": 0.00965381475004812, "85": 0.016157060142097196, "86": 0.030585730064590665, "87": 0.04692314752476867, "88": 0.03733650330425017, "89": 0.04802405056037459, "90": 0.04543866690074734, "91": 0.04876652049538218, "92": 0.038481752097511854, "93": 0.05920740498949344, "94": 0.06672460509825556, "95": 0.0772346991585474, "96": 0.08512291807517622, "97": 0.09531288871258964, "98": 0.09735820834447143, "99": 0.10218249938547325}}