{"name": "fiedler", "normalized": true, "process_time": 0.021956920623779297, "data": {"0": -0.11043492840334435, "1": -0.10460838587030494, "2": -0.1178488115545411, "3": -0.12424899483039323, "4": -0.13549813774520325, "5": -0.14202046145323463, "6": -0.14908020984455636, "7": -0.16774659927466914, "8": -0.15908954647117673, "9": -0.16221937293225427, "10": -0.1646962853832083, "11": -0.16452621084278798, "12": -0.16226092570871858, "13": -0.15825021184992352, "14": -0.1510399683301374, "15": -0.14490301874140343, "16": -0.11647413177783915, "17": -0.12642468541126806, "18": -0.1256039082967228, "19": -0.08010205210045221, "20": -0.08330916621426661, "21": -0.06324553248634428, "22": -0.04648642748991419, "23": -0.02658790573798512, "24": -0.009786053946428687, "25": 0.01664975390121641, "26": 0.019673255863649108, "27": 0.031767791977994723, "28": 0.04054246149545873, "29": 0.049901669281275644, "30": 0.05819584821562008, "31": 0.06586186520992711, "32": 0.07270037948058473, "33": 0.07837500821677373, "34": 0.08365040877164388, "35": 0.0862006984695619, "36": 0.10274339376749826, "37": 0.08528630973348715, "38": 0.08182486677079912, "39": 0.07568795222386218, "40": 0.06911813766824895, "41": 0.061610209109220104, "42": 0.052863629839709964, "43": 0.04477250217826124, "44": 0.032522724774072705, "45": 0.029187628284875478, "46": 0.001156354834324875, "47": 0.03640460135508137, "48": 0.04722104662688295, "49": 0.058385530114905486, "50": 0.0661342375382859, "51": 0.0812674172681368, "52": 0.07464523346683218, "53": 0.07892652848891152, "54": 0.07598777015723898, "55": 0.08726284900327416, "56": 0.05038945151900112, "57": 0.08084219707343397, "58": 0.07776778670643873, "59": 0.09265807687685358, "60": 0.11326394453328009, "61": 0.10163615045603944, "62": 0.10813459365436312, "63": 0.12033554596136588, "64": 0.11494635866496232, "65": 0.11744513215475291, "66": 0.11911409928270264, "67": 0.12046628616114385, "68": 0.11586790083989035, "69": 0.10532560586981685, "70": 0.11506483094067534, "71": 0.1234074892970439, "72": 0.1082680166715411, "73": 0.12391908737224802, "74": 0.12163945734241487, "75": 0.11756969449109768, "76": 0.11215729144875343, "77": 0.10493245773582505, "78": 0.09720834699175304, "79": 0.08598419360131747, "80": 0.07945044929602141, "81": 0.05676499244267085, "82": 0.020670605022374243, "83": 0.03407281898172471, "84": -0.017662206152220517, "85": -0.02942936499062625, "86": -0.05462993697788352, "87": -0.07485576303560462, "88": -0.07819731220004335, "89": -0.10044929669127935, "90": -0.11140899508858486, "91": -0.11871860869710757, "92": -0.14416260159581606, "93": -0.12636813941048206, "94": -0.12671825398284062, "95": -0.12289122327207794, "96": -0.12044645852300133, "97": -0.12304654813966999, "98": -0.11430298532946187, "99": -0.10885590549969942}}