{"name": "pagerank", "alpha": 0.85, "process_time": 0.022769927978515625, "data": {"0": 0.009695674798213219, "1": 0.011852988834671023, "2": 0.009723512231615331, "3": 0.009736379400505311, "4": 0.009789192929636686, "5": 0.009769034588627745, "6": 0.009783796388172929, "7": 0.012009011458512455, "8": 0.009819961449165856, "9": 0.009849528853665869, "10": 0.009913931388533258, "11": 0.009951781158278442, "12": 0.009974702770118247, "13": 0.01003513447598276, "14": 0.009979534684969208, "15": 0.010258139597668726, "16": 0.008072290356948545, "17": 0.01043307950095203, "18": 0.01023383309316193, "19": 0.008083993131896694, "20": 0.010292682851180434, "21": 0.010253197310027645, "22": 0.010107110431833424, "23": 0.010009190932561926, "24": 0.009945709369000251, "25": 0.012166875463234986, "26": 0.009892851887341843, "27": 0.00989049074738166, "28": 0.009925733293166475, "29": 0.009932550998412833, "30": 0.009936993990841698, "31": 0.009931590883883776, "32": 0.009915275926592993, "33": 0.009895545732505279, "34": 0.009839445616152478, "35": 0.009823895960271015, "36": 0.01201468120569533, "37": 0.009826325348979217, "38": 0.009844493965676134, "39": 0.00990389147147563, "40": 0.009927468557089317, "41": 0.009949941962517228, "42": 0.009960811698226404, "43": 0.009972634380183414, "44": 0.009965343095942483, "45": 0.009994858766348948, "46": 0.009908806336065057, "47": 0.010128488697735992, "48": 0.007942918179958972, "49": 0.010110563980956598, "50": 0.010079227892784398, "51": 0.012150486319575755, "52": 0.00995200741409011, "53": 0.009921319450244824, "54": 0.010050587963082879, "55": 0.009908748638461178, "56": 0.007846880724170193, "57": 0.010079363294080738, "58": 0.007738654020540126, "59": 0.01211543353264062, "60": 0.011981471808412771, "61": 0.00967840785286054, "62": 0.009694903262819002, "63": 0.011894759343884995, "64": 0.009786459460710033, "65": 0.009856241806367697, "66": 0.00993143025289419, "67": 0.010090159649519703, "68": 0.009948013899426417, "69": 0.008019334129083507, "70": 0.010146708550222495, "71": 0.010439735796430082, "72": 0.008126047020895113, "73": 0.01039260312464502, "74": 0.010345746293475603, "75": 0.010223010068178382, "76": 0.010172624381270066, "77": 0.01013457947425804, "78": 0.010105316491914615, "79": 0.010129009560760861, "80": 0.010056369634001439, "81": 0.010307743795385056, "82": 0.008222879707971878, "83": 0.010294306121391737, "84": 0.008274249344888764, "85": 0.01041602970161813, "86": 0.010491543928997116, "87": 0.010135212665022113, "88": 0.008044623712175503, "89": 0.010194542327214251, "90": 0.01010694136692505, "91": 0.009946474457207092, "92": 0.012043325043320702, "93": 0.009809967120073738, "94": 0.009772990699320309, "95": 0.009754322852017513, "96": 0.009735884599100443, "97": 0.011909808233704886, "98": 0.009706006211960702, "99": 0.009661636867468019}}