{"(7, 3)": 3.2222222222222223, "(4, 7)": 3.2857142857142856, "(1, 3)": 2.873015873015873, "(6, 4)": 3.111111111111111, "(3, 0)": 2.9682539682539684, "(3, 2)": 2.9523809523809526, "(0, 7)": 3.873015873015873, "(5, 6)": 3.1746031746031744, "(0, 0)": 4.26984126984127, "(1, 6)": 3.365079365079365, "(5, 1)": 2.8253968253968256, "(3, 7)": 3.2222222222222223, "(0, 3)": 3.0634920634920637, "(2, 5)": 3.111111111111111, "(7, 2)": 3.634920634920635, "(4, 0)": 2.873015873015873, "(1, 2)": 2.8412698412698414, "(6, 7)": 3.126984126984127, "(5, 5)": 3.2063492063492065, "(0, 6)": 4.142857142857143, "(7, 6)": 3.1587301587301586, "(4, 4)": 2.8095238095238093, "(6, 3)": 2.873015873015873, "(1, 5)": 3.7142857142857144, "(3, 6)": 3.0476190476190474, "(2, 2)": 2.857142857142857, "(3, 3)": 2.9682539682539684, "(5, 3)": 3.0634920634920637, "(4, 1)": 2.7142857142857144, "(1, 1)": 2.9365079365079363, "(0, 1)": 3.6825396825396823, "(5, 4)": 2.8412698412698414, "(2, 6)": 2.857142857142857, "(6, 6)": 3.2063492063492065, "(5, 0)": 2.9365079365079363, "(7, 1)": 3.492063492063492, "(4, 5)": 3.0476190476190474, "(0, 4)": 3.8095238095238093, "(6, 0)": 3.5555555555555554, "(1, 4)": 3.4126984126984126, "(7, 7)": 3.5396825396825395, "(7, 5)": 3.7936507936507935, "(0, 5)": 4.063492063492063, "(2, 1)": 2.857142857142857, "(4, 2)": 2.873015873015873, "(1, 0)": 3.4444444444444446, "(5, 7)": 3.2698412698412698, "(6, 5)": 3.507936507936508, "(3, 5)": 2.6666666666666665, "(2, 7)": 2.6507936507936507, "(7, 0)": 3.634920634920635, "(4, 6)": 3.3174603174603177, "(3, 4)": 2.984126984126984, "(6, 1)": 3.3174603174603177, "(3, 1)": 3.015873015873016, "(0, 2)": 3.126984126984127, "(7, 4)": 3.634920634920635, "(2, 0)": 2.873015873015873, "(6, 2)": 2.984126984126984, "(4, 3)": 3.0, "(1, 7)": 3.015873015873016, "(2, 3)": 2.9047619047619047, "(5, 2)": 2.8253968253968256, "(2, 4)": 3.0476190476190474}