{"name": "density", "eps": 0.5, "process_time": 0.02961277961730957, "data": {"(7, 3)": 1.8160375098644015, "(4, 7)": 1.5443606011974838, "(1, 3)": 1.817379436525897, "(6, 4)": 1.6803668553797773, "(3, 0)": 1.54637346834465, "(3, 2)": 1.6817086906614072, "(0, 7)": 1.2720126302048425, "(5, 6)": 1.6807023027776493, "(0, 0)": 1.2716770914269908, "(1, 6)": 1.6793603913462094, "(5, 1)": 1.6823797072969637, "(3, 7)": 1.4093608415086543, "(0, 3)": 1.5463734531146196, "(2, 5)": 1.6810377501755973, "(7, 2)": 1.4086898401028876, "(4, 0)": 1.6823796616070625, "(1, 2)": 1.6817087820412222, "(6, 7)": 1.5450316178330656, "(5, 5)": 1.6807022570877608, "(0, 6)": 1.408018732087326, "(7, 6)": 1.5450315873731315, "(4, 4)": 1.818050377011631, "(6, 3)": 1.6823796463771081, "(1, 5)": 1.543689569331783, "(3, 6)": 1.8160375707843457, "(2, 2)": 1.8173794669858185, "(3, 3)": 1.6813732889533477, "(5, 3)": 1.545367095690935, "(4, 1)": 1.9533857059381323, "(1, 1)": 1.8167085112701176, "(0, 1)": 1.408354286095208, "(5, 4)": 1.81737949744574, "(2, 6)": 1.6820442142091652, "(6, 6)": 1.6813731518835935, "(5, 0)": 1.6817087515812374, "(7, 1)": 1.6796958539740359, "(4, 5)": 1.6810377806355568, "(0, 4)": 1.4080188691571942, "(6, 0)": 1.4086898248729838, "(1, 4)": 1.6800313013719586, "(7, 7)": 1.4086898248729711, "(7, 5)": 1.4080188386972474, "(0, 5)": 1.5433540610138654, "(2, 1)": 1.8177149143837286, "(4, 2)": 1.8180503160917627, "(1, 0)": 1.4086898401029762, "(5, 7)": 1.544696033365452, "(6, 5)": 1.5443605555074686, "(3, 5)": 2.088720973944786, "(2, 7)": 1.8180504988513928, "(7, 0)": 1.5443605098175421, "(4, 6)": 1.5446960333654267, "(3, 4)": 1.6817087058913363, "(6, 1)": 1.5446960790553026, "(3, 1)": 1.6817086754314021, "(0, 2)": 1.5450315873731568, "(7, 4)": 1.4090252265809546, "(2, 0)": 1.6820441837492437, "(6, 2)": 1.952379211444643, "(4, 3)": 1.6813732432634592, "(1, 7)": 1.5457025126289743, "(2, 3)": 1.8173794365258717, "(5, 2)": 1.8177149296137083, "(2, 4)": 1.6820441228292868}}