{"(7, 3)": -0.16552454337154954, "(4, 7)": -0.042848891736106995, "(1, 3)": 0.10178990730968054, "(6, 4)": -0.11302449674184424, "(3, 0)": -0.007058486251307981, "(3, 2)": -0.002383207185144274, "(0, 7)": 0.28600853007538185, "(5, 6)": -0.10219803900013685, "(0, 0)": 0.1330645299590875, "(1, 6)": 0.19375006217190618, "(5, 1)": -0.06495455670293956, "(3, 7)": -0.023863952913348203, "(0, 3)": 0.12576986920074434, "(2, 5)": 0.13747290198756396, "(7, 2)": -0.1648657160345204, "(4, 0)": -0.03973061958254003, "(1, 2)": 0.05577705036993774, "(6, 7)": -0.12500225174932955, "(5, 5)": -0.0845386019762478, "(0, 6)": 0.29032796179971476, "(7, 6)": -0.1385481500784145, "(4, 4)": -0.018133061558333056, "(6, 3)": -0.0814838901553008, "(1, 5)": 0.2246598219622119, "(3, 6)": -0.027820727247243177, "(2, 2)": 0.07796985280683125, "(3, 3)": 0.008632292439094073, "(5, 3)": -0.05453789103567187, "(4, 1)": -0.03093214236940161, "(1, 1)": 0.06806885489370018, "(0, 1)": 0.1127107519473683, "(5, 4)": -0.05339690232643485, "(2, 6)": 0.07423416379162494, "(6, 6)": -0.14853404730215033, "(5, 0)": -0.08666105591786012, "(7, 1)": -0.16314274491181588, "(4, 5)": -0.05537211614889015, "(0, 4)": 0.23213207420865614, "(6, 0)": -0.15826089593245463, "(1, 4)": 0.20440163840248896, "(7, 7)": -0.17461673890732765, "(7, 5)": -0.1808519913271016, "(0, 5)": 0.2665022865913658, "(2, 1)": 0.05236944514379892, "(4, 2)": -0.024395378623779992, "(1, 0)": 0.09625466233789597, "(5, 7)": -0.08342744891813741, "(6, 5)": -0.14758799413281742, "(3, 5)": 0.026548507811727677, "(2, 7)": 0.009329558138803309, "(7, 0)": -0.18528560262392976, "(4, 6)": -0.06392543008550688, "(3, 4)": 0.01822886770883866, "(6, 1)": -0.1348481798585151, "(3, 1)": 0.022005631088420064, "(0, 2)": 0.088579072677462, "(7, 4)": -0.17872699418478355, "(2, 0)": 0.04628023406496441, "(6, 2)": -0.09510462180290602, "(4, 3)": -0.0060847392176740685, "(1, 7)": 0.15882169236429342, "(2, 3)": 0.060624307199965755, "(5, 2)": -0.05375690922357155, "(2, 4)": 0.10911448868150868}