{"(7, 3)": -0.21681434099325214, "(4, 7)": -0.035153990985741505, "(1, 3)": 0.14774929351588081, "(6, 4)": -0.12797339403060048, "(3, 0)": -0.0022868283522761595, "(3, 2)": 0.004039241911522363, "(0, 7)": 0.161706605903104, "(5, 6)": -0.11713542455104298, "(0, 0)": 0.07787866317027368, "(1, 6)": 0.22091516267954767, "(5, 1)": -0.07555251731669868, "(3, 7)": -0.014221724407623869, "(0, 3)": 0.13610288553468025, "(2, 5)": 0.17144987902641776, "(7, 2)": -0.1477713119523399, "(4, 0)": -0.04119078404192219, "(1, 2)": 0.07510859602389537, "(6, 7)": -0.12240432296032562, "(5, 5)": -0.09514503828037954, "(0, 6)": 0.22391307997862117, "(7, 6)": -0.13326556456049746, "(4, 4)": -0.014606093478063435, "(6, 3)": -0.09592876038661362, "(1, 5)": 0.23455916283197076, "(3, 6)": -0.02729932488941314, "(2, 2)": 0.11299245688663327, "(3, 3)": 0.021779824378831796, "(5, 3)": -0.05430078422607853, "(4, 1)": -0.03754180651715548, "(1, 1)": 0.0946705322776293, "(0, 1)": 0.09147422139447717, "(5, 4)": -0.06531086339539355, "(2, 6)": 0.09516189342191377, "(6, 6)": -0.1715128745692138, "(5, 0)": -0.09889443337758203, "(7, 1)": -0.19619297936284588, "(4, 5)": -0.05881645960836341, "(0, 4)": 0.2012797027125338, "(6, 0)": -0.13572454729244157, "(1, 4)": 0.24627948600806895, "(7, 7)": -0.14413923076835516, "(7, 5)": -0.1462804519602682, "(0, 5)": 0.26522651310539086, "(2, 1)": 0.08098281027093521, "(4, 2)": -0.02679029167890358, "(1, 0)": 0.07859292859697613, "(5, 7)": -0.0798132276742318, "(6, 5)": -0.14634691956959858, "(3, 5)": 0.05265245866338181, "(2, 7)": 0.016562348265012808, "(7, 0)": -0.1894726942864542, "(4, 6)": -0.06024046166535905, "(3, 4)": 0.034787576358877914, "(6, 1)": -0.14122910125089638, "(3, 1)": 0.033642765443933735, "(0, 2)": 0.09506295916571382, "(7, 4)": -0.14908003167708406, "(2, 0)": 0.061807037946804325, "(6, 2)": -0.13738191733491203, "(4, 3)": 0.0024308747507849385, "(1, 7)": 0.14920223558221682, "(2, 3)": 0.09591235819559514, "(5, 2)": -0.06942547617941926, "(2, 4)": 0.14429898248289358}