{"name": "pagerank", "alpha": 0.85, "process_time": 0.026135683059692383, "data": {"(7, 3)": 0.019774542245974473, "(4, 7)": 0.013421451348412713, "(1, 3)": 0.018309712943211803, "(6, 4)": 0.016129261903490982, "(3, 0)": 0.013008139682805448, "(3, 2)": 0.01514913190934013, "(0, 7)": 0.008727471715581964, "(5, 6)": 0.016244683756972796, "(0, 0)": 0.008721166160335171, "(1, 6)": 0.016874040008828667, "(5, 1)": 0.015735105055461877, "(3, 7)": 0.013429508699929758, "(0, 3)": 0.013072605612361765, "(2, 5)": 0.01843899016492978, "(7, 2)": 0.010482618346035135, "(4, 0)": 0.01606531753838275, "(1, 2)": 0.018230663690471837, "(6, 7)": 0.01404798133127345, "(5, 5)": 0.018381895006902942, "(0, 6)": 0.011841355302754795, "(7, 6)": 0.014240353556748266, "(4, 4)": 0.01753817451077916, "(6, 3)": 0.015574464843051347, "(1, 5)": 0.013508119095694642, "(3, 6)": 0.01862483688025, "(2, 2)": 0.018267432760631464, "(3, 3)": 0.015060779592136593, "(5, 3)": 0.015172135290206133, "(4, 1)": 0.020669485804890187, "(1, 1)": 0.019198370134924897, "(0, 1)": 0.014635548859923318, "(5, 4)": 0.017752577946732764, "(2, 6)": 0.015668820479581354, "(6, 6)": 0.01681171666400786, "(5, 0)": 0.016134257754747378, "(7, 1)": 0.01654139865390626, "(4, 5)": 0.01544798455415664, "(0, 4)": 0.013720755968655626, "(6, 0)": 0.010987413519563437, "(1, 4)": 0.01625898798551012, "(7, 7)": 0.01139383441172204, "(7, 5)": 0.014435289914583668, "(0, 5)": 0.01716862214749619, "(2, 1)": 0.018137861090282658, "(4, 2)": 0.01761029915657777, "(1, 0)": 0.011530270051979754, "(5, 7)": 0.013580905694141238, "(6, 5)": 0.013616372981766057, "(3, 5)": 0.023189405648404042, "(2, 7)": 0.019351019619501038, "(7, 0)": 0.014299578478124348, "(4, 6)": 0.01322159758356167, "(3, 4)": 0.01784827369281202, "(6, 1)": 0.013469120566287957, "(3, 1)": 0.015517605907125392, "(0, 2)": 0.016207865157568918, "(7, 4)": 0.01095554346485204, "(2, 0)": 0.016238044700747502, "(6, 2)": 0.02376552874566837, "(4, 3)": 0.015013796051057661, "(1, 7)": 0.014251787010287146, "(2, 3)": 0.018013766978602932, "(5, 2)": 0.01789618132545967, "(2, 4)": 0.015388172341834195}}