{"0": 0.025279161814932113, "1": -0.8242369724063423, "2": 0.4198208047135339, "3": 0.37913700587787635}