{"0": -0.009781792020285174, "1": 0.7853347052194872, "2": -0.18478316023638647, "3": -0.590769752962816}