{"69": 3.1746031746031744, "68": 3.1746031746031744, "45": 3.3015873015873014, "70": 3.253968253968254, "62": 3.0, "34": 2.761904761904762, "32": 2.9523809523809526, "55": 3.365079365079365, "38": 3.365079365079365, "27": 3.365079365079365, "42": 3.0634920634920637, "67": 3.1746031746031744, "66": 3.1746031746031744, "65": 3.1746031746031744, "64": 3.1746031746031744, "63": 2.3174603174603177, "52": 4.079365079365079, "35": 4.015873015873016, "19": 2.111111111111111, "18": 2.142857142857143, "16": 2.4285714285714284, "15": 2.4285714285714284, "14": 2.4444444444444446, "61": 2.2063492063492065, "13": 2.4444444444444446, "60": 3.2698412698412698, "12": 2.4444444444444446, "59": 2.9682539682539684, "4": 2.2222222222222223, "51": 3.0952380952380953, "3": 1.746031746031746, "50": 2.5238095238095237, "25": 2.492063492063492, "2": 2.6825396825396823, "49": 3.0952380952380953, "24": 2.0793650793650795, "1": 1.7142857142857142, "28": 2.1587301587301586, "5": 2.2222222222222223, "6": 2.3015873015873014, "53": 2.984126984126984, "30": 2.111111111111111, "7": 2.0, "54": 2.9365079365079363, "31": 2.015873015873016, "8": 2.507936507936508, "9": 2.5714285714285716, "56": 2.8095238095238093, "11": 2.111111111111111, "58": 2.4444444444444446, "33": 2.1746031746031744, "40": 2.0476190476190474, "41": 1.9682539682539681, "44": 2.238095238095238, "57": 2.3333333333333335, "10": 2.9365079365079363, "20": 2.7142857142857144, "39": 3.0, "36": 2.8095238095238093, "37": 2.8095238095238093, "43": 3.0952380952380953, "22": 2.6666666666666665, "23": 2.7301587301587302, "21": 3.0952380952380953}