{"69": -0.11253521947930126, "68": -0.11253521947930134, "45": 0.06106515844604559, "70": 0.2162153649200143, "62": 0.12708855533538144, "34": 0.35427998521082177, "32": 0.28192369551047863, "55": -0.001822131718417358, "38": 6.054362884894138e-05, "27": 6.05436288493022e-05, "42": -0.03839011117645137, "67": -0.01692086187951783, "66": -0.016920861879517704, "65": -0.016920861879517624, "64": -0.016920861879518054, "63": 0.13112954086668027, "52": -0.043793751612998484, "35": -0.03867099478996548, "19": 0.022274020006883225, "18": -0.05318712978651376, "16": -0.0520703797560335, "15": -0.0566397076765998, "14": -0.04484152134314033, "61": -0.08780755854580806, "13": -0.04387027198481608, "60": -0.01768210593781063, "12": -0.036145547178522634, "59": -0.0212833447901464, "4": 0.1439750018264812, "51": 0.008882644193245023, "3": 0.05630876645615242, "50": -0.026205301498452606, "25": 0.012514562047321933, "2": 0.01430049843794547, "49": -0.011443879729922873, "24": -0.09942373427372563, "1": 0.02253964264684888, "28": 0.12938196597621685, "5": 0.1439750018264813, "6": -0.15288486699641865, "53": -0.010029836252606625, "30": 0.1289359956801893, "7": -0.038418338137733266, "54": -0.07578445623900477, "31": 0.307879782070798, "8": 0.014077025983870381, "9": 0.017637719745633006, "56": -0.009422993647240755, "11": -0.03850045629870778, "58": -0.037539522635929634, "33": 0.2613107800448671, "40": -0.01987460341387682, "41": 0.09289959241134543, "44": -0.03946729245454943, "57": -0.008141991746323358, "10": 0.0036982736164414614, "20": -0.33442494217318186, "39": -0.08873839875776392, "36": -0.26685657502307836, "37": -0.2668565750230784, "43": 0.008882644193245023, "22": -0.24902731965554065, "23": -0.16919403351404438, "21": -0.08019879703974095}