{"69": -0.08923326273956067, "68": -0.08923326273956073, "45": 0.25976675450603093, "70": 0.14129587572162114, "62": -0.015483728116072563, "34": 0.06218190327742495, "32": 0.010269926199130447, "55": -0.12425120269743602, "38": -0.12624905501363956, "27": -0.12624905501504677, "42": -0.02195172759928711, "67": 0.2801274118051208, "66": 0.28012741180508677, "65": 0.28012741180505074, "64": 0.2801274118050159, "63": 0.17347029411501433, "52": 0.41166377132770454, "35": 0.29894551714581347, "19": -0.03324612806422059, "18": -0.057436751961133216, "16": -0.06317554792822766, "15": -0.061266971835344346, "14": -0.06066505863766571, "61": -0.05958932538801918, "13": -0.06119005193416076, "60": -0.10678860308600617, "12": -0.060996720834725356, "59": -0.07323979616229083, "4": -0.03581833366739111, "51": -0.04978505866603481, "3": -0.05280772196840945, "50": -0.06318895813359336, "25": -0.09762937243498654, "2": -0.06368919270700878, "49": -0.08667393671103919, "24": -0.014659232201990334, "1": -0.05341263954387113, "28": -0.03785565065808806, "5": -0.03581833366739144, "6": -0.042212732150000584, "53": -0.09116875499884296, "30": -0.039538426134164154, "7": -0.06088181225934735, "54": -0.059749324641283116, "31": -0.010339944146876483, "8": -0.0747484209142051, "9": -0.07595799556239233, "56": -0.11492564490991304, "11": -0.05788021340144051, "58": -0.06098687249111218, "33": -0.02444393700285767, "40": -0.035743240360390165, "41": -0.04416221185517471, "44": -0.053698607851368284, "57": -0.055020353601395844, "10": -0.07885870489903476, "20": 0.01542418775069885, "39": -0.06103999480199843, "36": 0.0014959797245133407, "37": 0.001495979731051026, "43": -0.04978505862793591, "22": 0.037968101741132416, "23": 0.10333298669117097, "21": 0.2749060055703548}