{"name": "fiedler", "normalized": false, "process_time": 0.04611086845397949, "data": {"69": -0.08923328597759617, "68": -0.08923328597759614, "45": 0.2597667932600707, "70": 0.1412958802244981, "62": -0.015483733059883018, "34": 0.06218190202624413, "32": 0.010269921108836243, "55": -0.12425114220819304, "38": -0.1262489921488748, "27": -0.1262489921568171, "42": -0.021951740533154077, "67": 0.28012741883362463, "66": 0.28012741883357156, "65": 0.2801274188335837, "64": 0.28012741883357717, "63": 0.17347029964760055, "52": 0.4116637637541683, "35": 0.298945524419948, "19": -0.03324614099916935, "18": -0.05743675556360071, "16": -0.06317554824250839, "15": -0.061266974301242484, "14": -0.060665061192805556, "61": -0.05958933325065938, "13": -0.061190054464717446, "60": -0.10678856496917281, "12": -0.060996723585269565, "59": -0.07323979984304066, "4": -0.035818340368572815, "51": -0.04978510670327272, "3": -0.05280772446396901, "50": -0.06318896321753571, "25": -0.09762933822510435, "2": -0.06368919686609742, "49": -0.0866739587293928, "24": -0.014659240243120023, "1": -0.05341264228563495, "28": -0.03785565745064263, "5": -0.035818340368554386, "6": -0.042212741342800994, "53": -0.09116877407418071, "30": -0.03953843223801312, "7": -0.06088181401128821, "54": -0.059749334654599, "31": -0.01033994933898012, "8": -0.07474841296816953, "9": -0.075957984439583, "56": -0.11492559459681388, "11": -0.057880217622987805, "58": -0.06098687514752018, "33": -0.024443943118960455, "40": -0.03574324418174644, "41": -0.04416221728429432, "44": -0.05369861269950768, "57": -0.05502035734597472, "10": -0.07885869894110693, "20": 0.015424177243647294, "39": -0.06104000792526124, "36": 0.0014959677787379116, "37": 0.0014959677827321176, "43": -0.04978510588973207, "22": 0.03796809330620313, "23": 0.10333298017673419, "21": 0.27490600915394053}}