{"69": -0.02664632446443127, "68": -0.026646324464430778, "45": 0.09408133374484076, "70": 0.09451379501592588, "62": 0.006030075256357922, "34": 0.08309573582557668, "32": 0.025617682943597467, "55": -0.07863665418687751, "38": -0.07029549160407624, "27": -0.07029549160420624, "42": 0.004535167621016252, "67": 0.3401138050574829, "66": 0.3401138050567761, "65": 0.34011380504600475, "64": 0.3401138050793902, "63": 0.29295631458855403, "52": 0.13959258659449758, "35": 0.3269855009676421, "19": -0.014157463480266912, "18": -0.0846507723432764, "16": -0.08737694739074452, "15": -0.09064167313176748, "14": -0.0769632236947429, "61": -0.061879540637996375, "13": -0.07175712293967594, "60": -0.040898206952145424, "12": -0.06456427432038502, "59": -0.030337545925303137, "4": -0.02016201961174672, "51": -0.0038934691664118523, "3": -0.09070898318567136, "50": -0.037535722955101374, "25": -0.08080817910225249, "2": -0.02380272090347937, "49": -0.01960878228888647, "24": 0.017031636586067184, "1": -0.10523198507428316, "28": -0.024235663377567, "5": -0.020162019611893456, "6": -0.020382180189377257, "53": -0.02075507822643931, "30": -0.029407541086183906, "7": -0.11528198686108419, "54": -0.019714515239880537, "31": 0.02118311333402093, "8": -0.059309436320172854, "9": -0.04398453123456833, "56": -0.08760291236823566, "11": -0.09566114288806074, "58": -0.06780851331749183, "33": -0.004033869123087829, "40": -0.025709659590980607, "41": -0.04874528347303711, "44": -0.04971412098930989, "57": -0.050339013064050836, "10": -0.03955322462072195, "20": 0.04670418392963789, "39": -0.018257688135123767, "36": 0.02973031300767242, "37": 0.02973031298565039, "43": -0.003893469166339099, "22": 0.06585135608725688, "23": 0.09493729588428768, "21": 0.37068960230533876}