{"name": "eigen", "eigen": 5, "normalized": false, "process_time": 0.0024738311767578125, "data": {"0": 0.8660254037482613, "1": -0.28867502983062193, "2": -0.2886687243219537, "3": -0.2886816495956855, "4": 1.6653345369377348e-16, "5": -5.551115123125783e-17, "6": 4.163336342344337e-17, "7": -6.938893903907228e-17, "8": 2.2985086056692694e-17, "9": 2.2985086056692694e-17, "10": 2.2985086056692694e-17, "11": 2.2985086056692694e-17}}