{"name": "fiedler", "normalized": true, "process_time": 0.006760835647583008, "data": {"0": -0.3154253939426892, "1": -0.3154253940503865, "2": -0.31542539384673524, "3": -0.31542539385916263, "4": -0.31228624465600424, "5": -0.06711622580001377, "6": 0.06711624350212793, "7": 0.312286248052977, "8": 0.31542538988248875, "9": 0.3154253899906328, "10": 0.3154253897139676, "11": 0.3154253897966683}}