{"0": 0.0, "1": 0.08496731599071357, "2": -0.08682203186008348, "3": 0.0018547158693701367, "4": 0.08110869847205507, "5": -0.22832415258263505, "6": 0.052556285240150116, "7": 0.06021803617875851, "8": 0.034441132691671955, "9": -0.020068716993599155, "10": 0.02101323397274043, "11": 0.025549174449110985, "12": 0.01458957495450011, "13": 0.005918226637377969, "14": -0.0470014930201306, "15": 0.31249224722158686, "16": -0.17258799626566274, "17": -0.12093340988930981, "18": -0.2073935092297322, "19": -0.4073972859455889, "20": 0.6451506429588296, "21": -0.049330688850123317, "22": 0.06684064367620762, "23": 0.040830315460706666, "24": 0.0903330128973448, "25": 0.07961663231443053, "26": -0.018756567320054183, "27": 0.0935674150170836, "28": -0.012729985226963215, "29": -0.3397014668187558}