{"0": 0.03619688241205029, "1": 0.03619688241205029, "2": 0.03619688241205029, "3": 0.03619688241205029, "4": 0.03498320438386832, "5": 0.03498320438386832, "6": 0.03498320438386832, "7": 0.03498320438386832, "8": 0.03498320438386832, "9": 0.03375702775050055, "10": 0.03375702775050055, "11": 0.03375702775050055, "12": 0.03375702775050055, "13": 0.03375702775050055, "14": 0.03375702775050055, "15": 0.03251810825523174, "16": 0.03251810825523174, "17": 0.03251810825523174, "18": 0.03251810825523174, "19": 0.03251810825523174, "20": 0.03251810825523174, "21": 0.03251810825523174, "22": 0.031265940517853995, "23": 0.031265940517853995, "24": 0.031265940517853995, "25": 0.031265940517853995, "26": 0.031265940517853995, "27": 0.031265940517853995, "28": 0.031265940517853995, "29": 0.031265940517853995}