{"0": 0.013818309382059513, "1": -0.6115948801217166, "2": -0.05386322063080655, "3": 0.3097118913085776, "4": 0.11225739030019538, "5": 0.141274406041365, "6": 0.42935584210106553, "7": -0.07353743578206917, "8": -0.05499213291553798, "9": -0.21243016968313247, "10": 0.35810122173681075, "11": -0.3581012217368108}