{"0": 0.0, "1": 0.36368494710316457, "2": 0.30947383225168, "3": 0.34312847810109726, "4": 0.006262855431359959, "5": -0.6282045313192423, "6": 0.08730870265557149, "7": 0.1259606113117257, "8": -0.22093479012216918, "9": -0.38668010541318754, "10": 0.13733048973146145, "11": -0.13733048973146128}