{"0": -0.503114710055848, "1": -0.24944235623905042, "2": 0.22797122626442304, "3": 0.20671809418102674, "4": 0.2091940915496677, "5": -0.0908844410105795, "6": -0.28331127169103226, "7": 0.37354894498087515, "8": -0.34040252522096726, "9": 0.44972294724148487, "10": 6.645387049741086e-09, "11": -6.645387024474192e-09}