{"name": "eigen", "eigen": 3, "normalized": false, "process_time": 0.004024982452392578, "data": {"0": 0.044972516607648706, "1": 0.04497251660760168, "2": 0.044972516607695814, "3": -0.087724331854632, "4": -0.08772433185472232, "5": -0.08772433185467989, "6": 0.2179697746222152, "7": 0.21796977462245076, "8": -0.10360331416827818, "9": -0.10360331416850195, "10": 0.21796977462233522, "11": -0.10360331416839322, "12": -0.10360331416850965, "13": -0.1036033141683826, "14": -0.10360331416827426, "15": 0.0946171402705382, "16": 0.09461714027063789, "17": -0.044972516607599745, "18": -0.04497251660769507, "19": 0.27660057218294937, "20": 0.27660057218319867, "21": -0.061676317175754815, "22": -0.06167631717599165, "23": 0.0946171402705877, "24": -0.04497251660764959, "25": -0.044972516607699874, "26": 0.27660057218289935, "27": 0.27660057218302675, "28": -0.061676317175926115, "29": -0.061676317176048906, "30": -0.04497251660764582, "31": -0.04497251660759993, "32": 0.2766005721832483, "33": 0.2766005721831265, "34": -0.06167631717581504, "35": -0.06167631717570006, "36": -0.20126597405394273, "37": -0.2012659740540639, "38": -0.20126597405427524, "39": -0.2012659740541482, "40": -0.2012659740542368, "41": -0.20126597405398766}}