{"name": "eigen", "eigen": 2, "normalized": true, "process_time": 0.00468897819519043, "data": {"0": -0.2749287801408844, "1": 0.11236760992687517, "2": 0.16256117021400918, "3": -0.22989621163189328, "4": -0.15891179793003737, "5": 0.38880800956192985, "6": -0.0650244680856035, "7": -0.04494704397074991, "8": -0.2400204482275612, "9": -0.1998655999978542, "10": 0.1099715120563537, "11": -0.08510189220045761, "12": 0.26489006808345783, "13": -0.02486961985589705, "14": 0.2849674921983114, "15": -0.03536864794336815, "16": -0.02444796891231333, "17": -0.1305539127424179, "18": -0.1087125546803083, "19": -0.08811153521037587, "20": -0.07937499198553201, "21": -0.1642597470496157, "22": -0.14678666059992804, "23": 0.05981661685568146, "24": -0.04628932697442312, "25": 0.1440812026236764, "26": -0.0038469494423810763, "27": 0.07230126239685847, "28": -0.012583492667225245, "29": 0.13971293101125445, "30": -0.013527289881258663, "31": 0.15500188165473122, "32": 0.01581027281351762, "33": 0.08322194142791328, "34": 0.024546816038361112, "35": 0.15937015326715315, "36": -0.17518042608067064, "37": -0.10776875746627504, "38": -0.13586598156887345, "39": -0.05971776972963391, "40": 0.2348981958103042, "41": 0.24363473903514807}}