{"name": "eigen", "eigen": 5, "normalized": true, "process_time": 0.00468897819519043, "data": {"0": 0.0011447812609314705, "1": 0.23965327659313937, "2": 0.13638226327335826, "3": -0.1702699396051641, "4": -0.09724630578674068, "5": -0.26589728020674497, "6": 0.24079805785407163, "7": 0.13752704453429068, "8": -0.23965327659313954, "9": -0.1363822632733593, "10": 0.376035539866496, "11": -0.0011447812609312997, "12": -0.13638226327335742, "13": -0.001144781260929949, "14": -0.23965327659314012, "15": 0.0681079758420654, "16": 0.03889852231469619, "17": -0.06778418280503372, "18": -0.03857472927766438, "19": 0.1365397447211638, "20": 0.07812083766642515, "21": -0.13524457257303552, "22": -0.07682566551829732, "23": 0.1063589120826979, "24": -0.0003237930370319801, "25": -0.038574729277664255, "26": 0.20400013448916549, "27": 0.2805020069704284, "28": 0.06713659673096997, "29": -0.009365275750294258, "30": -0.00032379303703208693, "31": -0.06778418280503377, "32": 0.11637177390705741, "33": 0.251292553443059, "34": 0.03792714320360124, "35": -0.09699363633240356, "36": -0.20367634145213317, "37": -0.06875556191612947, "38": -0.11604798087002563, "39": -0.03954610838875916, "40": -0.18350837063802594, "41": -0.24192727769276567}}