{"name":"fiedler","normalized":false,"weight":"value","num_of_nodes":42,"num_of_edges":81,"process_time":0.01938629150390625,"data":{"0":-0.05469321163859586,"1":0.10469660419042241,"2":-0.050003377959344175,"3":0.10640317745446758,"4":-0.22278600671556897,"5":0.11638280098547693,"6":0.043825979655113874,"7":-0.09176232123014966,"8":0.045321702274140646,"9":-0.24319935897451408,"10":0.04793641258460597,"11":0.1850204359866559,"12":0.19376719032288847,"13":-0.23908892572893536,"14":0.058178889832068405,"15":0.03586898130023705,"16":-0.07510209100374117,"17":0.03709315467405834,"18":-0.19904440946406937,"19":-0.007795386371081977,"20":-0.1050570593036111,"21":-0.006722468797208287,"22":-0.21368753361736945,"23":0.03923314013404866,"24":0.15142838581184753,"25":0.15858708130271407,"26":0.10653984476670804,"27":0.10948837599189294,"28":0.20782296634412334,"29":0.21409729182288234,"30":-0.19568025063025768,"31":0.04761600899873673,"32":-0.10169290046980012,"33":-0.001482696312085503,"34":-0.20737484308173337,"35":0.005864547181171125,"36":0.10883693571440205,"37":0.20904713971794456,"38":-0.3342656932438857,"39":-0.3313171615420619,"40":0.22248016068756987,"41":0.125218488349837}}