{"name":"agd","num_of_nodes":10,"num_of_edges":11,"weight":"value","process_time":0.00046539306640625,"data":{"0":4.0,"1":4.0,"2":3.2222222222222223,"3":2.7777777777777777,"4":2.5555555555555554,"5":2.5555555555555554,"6":2.7777777777777777,"7":3.2222222222222223,"8":4.0,"9":4.0}}