{"name":"fiedler","normalized":true,"weight":"value","num_of_nodes":10,"num_of_edges":11,"process_time":0.0084686279296875,"data":{"0":-0.37267947693433245,"1":-0.37267947693361503,"2":-0.41236668553091954,"3":-0.21596527661141365,"4":-0.07438237603795547,"5":0.07438239521990327,"6":0.21596528624489214,"7":0.4123666793270421,"8":0.3726794663249882,"9":0.3726794663257002}}