{"0": 1.4070122375935457, "1": 1.4070122375935457, "2": 1.4070122375935457, "3": 1.4070122375935457, "4": 1.542012058202256, "5": 1.542012058202256, "6": 1.542012058202256}