{"name": "eigen", "eigen": 4, "normalized": false, "process_time": 0.004024982452392578, "data": {"0": -0.08784092388614317, "1": 0.043920461943071754, "2": 0.043920461943069644, "3": 0.04183863259022795, "4": 0.0418386325902297, "5": -0.08367726518045619, "6": -0.10934676619349575, "7": -0.10934676619349343, "8": -0.11452980155854085, "9": -0.11452980155853418, "10": 0.21869353238698366, "11": 0.21351049702194094, "12": -0.09898069546339462, "13": 0.21351049702193853, "14": -0.09898069546340559, "15": -0.04650196245285733, "16": -0.04650196245286227, "17": -0.04870615489793921, "18": -0.04870615489793937, "19": -0.20877773490031903, "20": -0.2087777349003085, "21": -0.21426541206203575, "22": -0.21426541206202784, "23": 0.09300392490572001, "24": 0.09079973246064757, "25": -0.04209357756270901, "26": -0.06927184754173119, "27": 0.27804958244203454, "28": 0.2725619052803189, "29": -0.05829649321827494, "30": 0.09079973246064688, "31": -0.042093577562709074, "32": -0.06927184754172468, "33": 0.2780495824420337, "34": 0.2725619052803106, "35": -0.058296493218292875, "36": -0.07696371714852807, "37": 0.2703577128352448, "38": -0.07696371714851066, "39": 0.2703577128352381, "40": -0.1933939956867096, "41": -0.1933939956867218}}