{"name": "eigen", "eigen": 5, "normalized": false, "process_time": 0.004024982452392578, "data": {"0": 2.917268144121694e-14, "1": 0.07607247157732222, "2": -0.07607247157726747, "3": -0.07246663736553716, "4": 0.07246663736542719, "5": -5.332477667723197e-14, "6": 0.18939415469062032, "7": -0.18939415469034615, "8": -0.18041687410086168, "9": 0.18041687410073587, "10": 1.319523641744709e-13, "11": 0.008977280589619477, "12": 0.18939415469042126, "13": -0.008977280589753363, "14": -0.18939415469054702, "15": 0.08054376162007672, "16": -0.08054376161995738, "17": -0.07672598831551143, "18": 0.07672598831545731, "19": 0.20052612109662377, "20": -0.20052612109627477, "21": -0.19102118543685154, "22": 0.19102118543678043, "23": 5.70834336747879e-14, "24": 0.003817773304502421, "25": 0.08054376161998937, "26": 0.2810698827166395, "27": 0.08054376162018415, "28": 0.09004869727961169, "29": 0.28106988271643024, "30": -0.0038177733045608297, "31": -0.0805437616200442, "32": -0.2810698827162931, "33": -0.08054376161984937, "34": -0.09004869727969454, "35": -0.28106988271650474, "36": -0.26774717375242446, "37": -0.0672210526559775, "38": 0.26774717375217627, "39": 0.0672210526557203, "40": 0.20052612109632847, "41": -0.20052612109657303}}