{"name": "eigen", "eigen": 3, "normalized": true, "process_time": 0.007021903991699219, "data": {"0": -0.009994680874480702, "1": 0.2049571019562916, "2": -0.2808724047295619, "3": -0.13785925002349544, "4": 0.20567408865458642, "5": 0.053680225386809444, "6": 0.19496242108181058, "7": -0.2908670856040427, "8": -0.204957101956291, "9": 0.2808724047295615, "10": -0.07591530277326985, "11": 0.009994680874479987, "12": 0.2808724047295622, "13": 0.009994680874480579, "14": -0.20495710195629172, "15": 0.05514370000939833, "16": -0.08226963546183463, "17": -0.057970622658254436, "18": 0.07944271281297827, "19": 0.10746047736993995, "20": -0.16736619357252552, "21": -0.11876816796536502, "22": 0.15605850297710006, "23": -0.021472090154723705, "24": 0.002826922648856596, "25": 0.07944271281297834, "26": 0.16825802267705098, "27": 0.01502644234880744, "28": 0.06362446795596664, "29": 0.21685604828421146, "30": 0.002826922648856217, "31": -0.05797062265825461, "32": -0.2439819837366475, "33": -0.12238689312242547, "34": -0.07378886751526575, "35": -0.1953839581294875, "36": -0.17108494532590676, "37": -0.04948985471168593, "38": 0.2411550610877909, "39": 0.08792348075954717, "40": 0.18035751578068052, "41": -0.0944691551617855}}