{"name": "fiedler", "normalized": true, "process_time": 0.017098188400268555, "data": {"0": -0.2683829093059944, "1": 0.19161259257663998, "2": 0.07677030911850971, "3": -0.10856961329727674, "4": -0.2709811171769834, "5": 0.37955074117461896, "6": -0.03070812946509527, "7": -0.076645045916071, "8": -0.16876941284160932, "9": -0.2606432303563306, "10": 0.1073531602331727, "11": 0.015228793308297024, "12": 0.29135136112117943, "13": -0.12258194070485022, "14": 0.24541444465743897, "15": -0.01670301922217792, "16": -0.04168940645608374, "17": -0.09179845809576115, "18": -0.14177122819344248, "19": -0.07175484048455538, "20": -0.09174395203470073, "21": -0.13183119078253822, "22": -0.17180940510225148, "23": 0.05839242141693185, "24": 0.008283369777255934, "25": 0.1584742478122545, "26": 0.028326987388465803, "27": 0.08840334117470292, "28": 0.04831610242634497, "29": 0.16846880358252897, "30": -0.06667578755433358, "31": 0.13348786057835865, "32": -0.016648511395583446, "33": 0.06341695394080145, "34": -0.03663761064377294, "35": 0.12349330480757996, "36": -0.10684480178310395, "37": -0.026779336447240173, "38": -0.1967957862004952, "39": -0.13671943238113232, "40": 0.2435642427439503, "41": 0.22357513120290162}}