{"name": "agd", "process_time": 0.6671161651611328, "data": {"0": 88.67731092436975, "1": 87.67899159663865, "2": 86.70756302521008, "3": 85.74285714285715, "4": 84.78151260504201, "5": 83.82352941176471, "6": 82.87226890756303, "7": 81.92436974789916, "8": 80.98655462184874, "9": 80.05210084033614, "10": 79.12100840336134, "11": 78.21008403361344, "12": 77.30588235294118, "13": 76.41848739495798, "14": 75.54453781512605, "15": 74.67731092436975, "16": 73.82016806722689, "17": 72.98655462184874, "18": 72.16302521008403, "19": 71.34285714285714, "20": 70.52605042016806, "21": 69.7126050420168, "22": 68.90252100840335, "23": 68.10588235294118, "24": 67.31260504201681, "25": 66.52941176470588, "26": 65.74957983193278, "27": 64.97310924369748, "28": 64.2, "29": 63.436974789915965, "30": 62.700840336134455, "31": 61.97478991596638, "32": 61.278991596638654, "33": 60.62016806722689, "34": 59.96470588235294, "35": 59.31596638655462, "36": 58.673949579831934, "37": 58.09243697478992, "38": 57.51428571428571, "39": 56.93949579831933, "40": 56.371428571428574, "41": 55.84705882352941, "42": 55.326050420168066, "43": 54.81512605042017, "44": 54.30756302521009, "45": 53.80336134453781, "46": 53.305882352941175, "47": 52.81512605042017, "48": 52.35126050420168, "49": 51.90756302521008, "50": 51.4672268907563, "51": 51.03361344537815, "52": 50.62016806722689, "53": 50.21008403361345, "54": 49.80672268907563, "55": 49.40672268907563, "56": 49.010084033613445, "57": 48.61680672268908, "58": 48.226890756302524, "59": 47.857142857142854, "60": 47.5344537815126, "61": 47.21848739495798, "62": 46.91260504201681, "63": 46.61008403361345, "64": 46.3109243697479, "65": 46.01848739495799, "66": 45.773109243697476, "67": 45.53109243697479, "68": 45.326050420168066, "69": 45.127731092436974, "70": 44.9327731092437, "71": 44.76134453781513, "72": 44.59327731092437, "73": 44.438655462184876, "74": 44.29075630252101, "75": 44.1764705882353, "76": 44.07226890756303, "77": 43.97142857142857, "78": 43.87394957983193, "79": 43.77983193277311, "80": 43.6890756302521, "81": 43.601680672268905, "82": 43.53109243697479, "83": 43.463865546218486, "84": 43.4, "85": 43.35294117647059, "86": 43.312605042016806, "87": 43.29579831932773, "88": 43.28235294117647, "89": 43.292436974789915, "90": 43.319327731092436, "91": 43.35966386554622, "92": 43.403361344537814, "93": 43.45378151260504, "94": 43.50756302521008, "95": 43.56470588235294, "96": 43.62521008403361, "97": 43.6890756302521, "98": 43.77983193277311, "99": 43.87394957983193, "100": 43.98151260504201, "101": 44.09243697478992, "102": 44.20672268907563, "103": 44.33781512605042, "104": 44.47899159663866, "105": 44.62689075630252, "106": 44.78151260504202, "107": 44.93949579831933, "108": 45.121008403361344, "109": 45.31596638655462, "110": 45.52773109243697, "111": 45.76302521008403, "112": 46.00168067226891, "113": 46.253781512605045, "114": 46.50924369747899, "115": 46.80168067226891, "116": 47.121008403361344, "117": 47.443697478991595, "118": 47.773109243697476, "119": 48.10588235294118, "120": 48.45546218487395, "121": 48.811764705882354, "122": 49.181512605042016, "123": 49.561344537815124, "124": 49.95462184873949, "125": 50.384873949579834, "126": 50.84873949579832, "127": 51.319327731092436, "128": 51.81680672268907, "129": 52.33445378151261, "130": 52.86218487394958, "131": 53.39327731092437, "132": 53.92773109243697, "133": 54.47226890756303, "134": 55.02016806722689, "135": 55.57142857142857, "136": 56.12605042016807, "137": 56.700840336134455, "138": 57.28235294117647, "139": 57.917647058823526, "140": 58.556302521008405, "141": 59.20840336134454, "142": 59.8672268907563, "143": 60.529411764705884, "144": 61.19495798319328, "145": 61.8672268907563, "146": 62.563025210084035, "147": 63.26218487394958, "148": 63.9781512605042, "149": 64.72436974789916, "150": 65.490756302521, "151": 66.26386554621848, "152": 67.0638655462185, "153": 67.8672268907563, "154": 68.68403361344538, "155": 69.52100840336135, "156": 70.38487394957983, "157": 71.25210084033614, "158": 72.13613445378151, "159": 73.02352941176471, "160": 73.92100840336134, "161": 74.85546218487394, "162": 75.79327731092437, "163": 76.74117647058823, "164": 77.69243697478991, "165": 78.65042016806723, "166": 79.61176470588235, "167": 80.59327731092436, "168": 81.59159663865546, "169": 88.67394957983193, "170": 89.67226890756302, "171": 88.67731092436975, "172": 88.67731092436975, "173": 88.67731092436975, "174": 88.67394957983193, "175": 89.67226890756302, "176": 87.70588235294117, "177": 84.82184873949579, "178": 82.91932773109244, "179": 83.91764705882353, "180": 80.11932773109244, "181": 80.11932773109244, "182": 80.11596638655462, "183": 81.11428571428571, "184": 80.11932773109244, "185": 79.20840336134454, "186": 78.30084033613446, "187": 79.29915966386555, "188": 78.30420168067226, "189": 78.30420168067226, "190": 77.41008403361344, "191": 78.40840336134454, "192": 78.40840336134454, "193": 76.54285714285714, "194": 75.67563025210085, "195": 75.67563025210085, "196": 74.81848739495798, "197": 74.81512605042016, "198": 75.81344537815126, "199": 74.81176470588235, "200": 75.81008403361345, "201": 75.81008403361345, "202": 73.98151260504201, "203": 74.97983193277311, "204": 69.89747899159664, "205": 70.89579831932772, "206": 69.90084033613445, "207": 68.3109243697479, "208": 68.3109243697479, "209": 65.1983193277311, "210": 65.1983193277311, "211": 64.43529411764706, "212": 64.43193277310924, "213": 65.43025210084033, "214": 64.43529411764706, "215": 64.43193277310924, "216": 65.43025210084033, "217": 64.43529411764706, "218": 63.699159663865544, "219": 63.699159663865544, "220": 62.96638655462185, "221": 63.96470588235294, "222": 63.96470588235294, "223": 62.969747899159664, "224": 63.96806722689075, "225": 62.96638655462185, "226": 63.96470588235294, "227": 63.96470588235294, "228": 62.27731092436975, "229": 62.27058823529412, "230": 63.26890756302521, "231": 63.26890756302521, "232": 62.273949579831935, "233": 63.272268907563024, "234": 62.273949579831935, "235": 63.272268907563024, "236": 62.273949579831935, "237": 63.272268907563024, "238": 60.963025210084034, "239": 60.31428571428572, "240": 59.66890756302521, "241": 60.667226890756304, "242": 59.66890756302521, "243": 60.667226890756304, "244": 59.67226890756302, "245": 59.66554621848739, "246": 60.66386554621849, "247": 60.66386554621849, "248": 59.67226890756302, "249": 59.67226890756302, "250": 59.66218487394958, "251": 60.66050420168067, "252": 60.66050420168067, "253": 60.66050420168067, "254": 59.66554621848739, "255": 60.66386554621849, "256": 60.66386554621849, "257": 57.93781512605042, "258": 57.35966386554622, "259": 58.35798319327731, "260": 58.35798319327731, "261": 58.35798319327731, "262": 57.36974789915966, "263": 57.36974789915966, "264": 57.36974789915966, "265": 57.36974789915966, "266": 57.36974789915966, "267": 57.36638655462185, "268": 58.36470588235294, "269": 57.36974789915966, "270": 56.32100840336135, "271": 57.319327731092436, "272": 54.80168067226891, "273": 54.30420168067227, "274": 53.81344537815126, "275": 53.81008403361344, "276": 54.80840336134454, "277": 53.81344537815126, "278": 53.80672268907563, "279": 54.80504201680672, "280": 54.80504201680672, "281": 53.34957983193277, "282": 53.34957983193277, "283": 53.34285714285714, "284": 54.34117647058824, "285": 54.34117647058824, "286": 52.4655462184874, "287": 52.03193277310925, "288": 52.02521008403362, "289": 53.023529411764706, "290": 53.023529411764706, "291": 52.03193277310925, "292": 51.20840336134454, "293": 49.22521008403361, "294": 49.22521008403361, "295": 49.21848739495798, "296": 50.21680672268908, "297": 50.21680672268908, "298": 48.85546218487395, "299": 48.852100840336135, "300": 49.850420168067224, "301": 48.852100840336135, "302": 49.850420168067224, "303": 48.85546218487395, "304": 48.84873949579832, "305": 49.84705882352941, "306": 49.84705882352941, "307": 48.85546218487395, "308": 48.85546218487395,