{"info": {"component_method": "connected_components", "link_method": "connectivity", "cover_overlap": 0, "cover_intervals": 3, "cover": [{"level": 0, "range": [0, 0.3333]}, {"level": 1, "range": [0.3333, 0.6667]}, {"level": 2, "range": [0.6667, 1]}], "compute_time": 0.0015}, "nodes": [{"cover": 0, "min_v": 0, "max_v": 0.0551, "avg_v": 0.0518, "comp_len": 50, "x": 83.05902849193293, "y": 98.99999939303984, "id": "mn0", "index": 0, "vy": 6.0487582292940145e-25, "vx": 1.5937771935536915e-17}, {"cover": 2, "min_v": 0.9474, "max_v": 1, "avg_v": 0.95, "comp_len": 20, "x": 114.94097150806707, "y": 99.00000060696016, "id": "mn1", "index": 1, "vy": -6.0487582292940145e-25, "vx": -1.5937771935536915e-17}], "links": [{"value": 1, "source": "mn0", "target": "mn1"}]}