{"0": 0.0, "1": -5.402424539470628e-17, "2": 0.013168305111397473, "3": 0.00829291165745265, "4": 0.0015704623771801522, "5": 0.030521715094378937, "6": 0.11464767312545332, "7": -0.35562535470748524, "8": 0.7252362519944462, "9": -0.5177922635834225, "10": -0.08443400883919722, "11": -0.0032001959576078804, "12": -0.06325159582212252, "13": 0.019946858749516787, "14": 0.046401596752777746, "15": 0.10797111081455116, "16": 0.04400085552277465, "17": 0.041836680002097726, "18": 0.028790036414604616, "19": 0.010016494039448764, "20": -0.0043055928689304645, "21": 0.06198496058158957, "22": -0.0339807263540615, "23": -0.020632984917138938, "24": -0.06336567051984957, "25": 0.03833925647613448, "26": -0.03278993749678725, "27": 0.004305118181515228, "28": -0.030805999054632584, "29": -0.012491657905217914, "30": -0.04839812977532388, "31": 0.00631588770960273, "32": -0.06063006180050399, "33": 0.060115829783411866, "34": 0.013214306900005865, "35": 0.061761545814220074, "36": 0.012358471631307164, "37": 0.011559781345033342, "38": -0.005821613009718934, "39": -0.01934961636213218, "40": 0.04263516063270106, "41": -0.016738398121616167, "42": -0.06670796603936956, "43": -0.0020516885868307093, "44": 0.0013557013818763586, "45": 0.0023195212290321597, "46": -0.01419562233786086, "47": -0.01935004164177186, "48": -0.013452732059842267, "49": -0.0192946355610862}