{"0": 0.0, "1": 8.425799740458778e-18, "2": 0.005153914192508344, "3": -0.02615533608246307, "4": -0.007103145509878269, "5": 0.11507842641821298, "6": 0.3884680572142261, "7": -0.6977297476293659, "8": -0.3935629109950826, "9": 0.036227729943391435, "10": -0.01778972601985643, "11": 0.021333026750200445, "12": 0.003531819255826141, "13": -0.1673107930189244, "14": 0.0061130245901166854, "15": 0.08023290803043924, "16": 0.04193377110468751, "17": 0.055009246340440625, "18": 0.03782220105440267, "19": -0.001777129834222456, "20": 0.019619455689410703, "21": 0.07221579996906526, "22": 0.07174938885729708, "23": 0.03678758149720353, "24": 0.023207526858173566, "25": 0.04582753311492017, "26": 0.05605507333225788, "27": 0.06317061244537706, "28": 0.05498754677002426, "29": 0.08524927717077643, "30": -0.1542783919646032, "31": -0.03806349513304828, "32": 0.02568574672706401, "33": -0.015581243761403095, "34": -0.20249541797674492, "35": 0.01645207537905369, "36": 0.03496758760472594, "37": -0.05606720115654066, "38": 0.0161133017802907, "39": 0.01830907226941, "40": -0.061179542845403945, "41": 0.14867334917857267, "42": -0.0627589640714738, "43": 0.062472325279466424, "44": 0.044971464544729535, "45": 0.04866952047549301, "46": 0.05255672659222803, "47": 0.031549198085299456, "48": 0.06160686898535584, "49": 0.020051888498363726}