{"0": 0.0, "1": 0.009085342780805703, "2": 0.04084764189883146, "3": -0.12587971856750638, "4": -0.003009550737311519, "5": 0.028902359848080896, "6": -0.014589962781786233, "7": 0.25057647971209235, "8": -0.1117521184918397, "9": -0.1456431197887541, "10": -0.7487858308842559, "11": 0.48164155029286126, "12": -0.19608106301614994, "13": 0.019716106221827564, "14": 0.017651371545788736, "15": 0.006275060017751694, "16": 0.028903686638705434, "17": 0.0222256891555119, "18": 0.009401659625633395, "19": 0.04011711118222661, "20": 0.02990103257808604, "21": 0.0019694810602519947, "22": -0.023212380511730666, "23": 0.026046669422261654, "24": 0.0063402739188164765, "25": -0.04485326030929549, "26": 0.07171335972919446, "27": -0.0034772449709404678, "28": 0.04399736215192787, "29": -0.0052606716959474106, "30": -0.005953469560693958, "31": 0.08869726407158572, "32": 0.009583184912691061, "33": 0.05237242076388911, "34": 0.054648960001111566, "35": -0.04125909598992145, "36": 0.04457073240299803, "37": -0.08219825481888973, "38": 0.01753440526477022, "39": -0.0047641585356981205, "40": 0.09034316236407937, "41": 0.012616566834840042, "42": 0.014362250097657745, "43": 0.05289313506305039, "44": -0.04515847193398681, "45": -0.006942730367975938, "46": 0.019414188934600337, "47": 0.01989562087379134, "48": -0.0036337397410639146, "49": 0.00021071333802694385}