{"name": "eigen", "eigen": 2, "normalized": false, "process_time": 0.007112979888916016, "data": {"0": 0.45572136837858646, "1": 0.024881685357430683, "2": -0.3233369421683997, "3": -0.45572136837858646, "4": -0.1893208158318032, "5": 0.10770820647404726, "6": -0.37377630866206046, "7": 0.3737763086620606, "8": 0.18932081583180302, "9": -0.10770820647404744, "10": -0.024881685357430683, "11": 0.3233369421684001}}