{"0": 0.022988412952734127, "1": -0.049058134434081135, "2": -0.31854776070398855, "3": -0.022988412952734086, "4": 0.4291669359201981, "5": 0.41305496196748315, "6": 0.2019739982600422, "7": -0.2019739982600418, "8": -0.4291669359201986, "9": -0.4130549619674827, "10": 0.049058134434081066, "11": 0.3185477607039884}