{"0": 0.23717613416237038, "1": -0.54028438065602, "2": -0.16393487459794115, "3": 0.23717613416237, "4": 0.3312785809146605, "5": 0.12267334114906339, "6": 0.013091199027866582, "7": 0.013091199027865735, "8": 0.33127858091466245, "9": 0.12267334114906102, "10": -0.540284380656017, "11": -0.16393487459794193}