{"0": -0.15627329997914519, "1": 0.30181879909768694, "2": 0.49149004376658506, "3": 0.15627329863310746, "4": -0.2405732778094995, "5": -0.15062121275573073, "6": 0.24971854738336174, "7": -0.2497185496948007, "8": 0.24057328224256933, "9": 0.150621212298719, "10": -0.3018188046503113, "11": -0.4914900385325422}