{"name": "pagerank", "alpha": 0.85, "process_time": 0.22037386894226074, "data": {"0": 0.008496855776263296, "1": 0.008496855776263296, "2": 0.008496855776263296, "3": 0.008496855776263296, "4": 0.008496855776263296, "5": 0.008496855776263296, "6": 0.008496855776263296, "7": 0.008496855776263296, "8": 0.008496855776263296, "9": 0.008496855776263296, "10": 0.008496855776263296, "11": 0.008496855776263296, "12": 0.008496855776263296, "13": 0.008496855776263296, "14": 0.008496855776263296, "15": 0.008496855776263296, "16": 0.008496855776263296, "17": 0.008496855776263296, "18": 0.008496855776263296, "19": 0.008496855776263296, "20": 0.008496855776263296, "21": 0.008496855776263296, "22": 0.008496855776263296, "23": 0.008496855776263296, "24": 0.008496855776263296, "25": 0.008496855776263296, "26": 0.008496855776263296, "27": 0.008496855776263296, "28": 0.008496855776263296, "29": 0.008496855776263296, "30": 0.008496855776263296, "31": 0.008496855776263296, "32": 0.008496855776263296, "33": 0.008496855776263296, "34": 0.008496855776263296, "35": 0.008496855776263296, "36": 0.008496855776263296, "37": 0.008496855776263296, "38": 0.008496855776263296, "39": 0.008496855776263296, "40": 0.008496855776263296, "41": 0.008496855776263296, "42": 0.008496855776263296, "43": 0.008496855776263296, "44": 0.008496855776263296, "45": 0.008496855776263296, "46": 0.008496855776263296, "47": 0.008496855776263296, "48": 0.008496855776263296, "49": 0.0101402259793429, "50": 0.0039256974175098085, "51": 0.005885020047237803, "52": 0.006980481465943537, "53": 0.007585774593330291, "54": 0.00792752057671347, "55": 0.008111450538171073, "56": 0.008217095527758931, "57": 0.008270085461286623, "58": 0.008299849595432309, "59": 0.008310865760371298, "60": 0.008310865760371298, "61": 0.008299849595432309, "62": 0.008270085461286623, "63": 0.00821709552775893, "64": 0.008111450538171073, "65": 0.00792752057671347, "66": 0.007585774593330291, "67": 0.006980481465943537, "68": 0.0058850200472378034, "69": 0.0039256974175098085, "70": 0.0101402259793429, "71": 0.008496855776263296, "72": 0.008496855776263296, "73": 0.008496855776263296, "74": 0.008496855776263296, "75": 0.008496855776263296, "76": 0.008496855776263296, "77": 0.008496855776263296, "78": 0.008496855776263296, "79": 0.008496855776263296, "80": 0.008496855776263296, "81": 0.008496855776263296, "82": 0.008496855776263296, "83": 0.008496855776263296, "84": 0.008496855776263296, "85": 0.008496855776263296, "86": 0.008496855776263296, "87": 0.008496855776263296, "88": 0.008496855776263296, "89": 0.008496855776263296, "90": 0.008496855776263296, "91": 0.008496855776263296, "92": 0.008496855776263296, "93": 0.008496855776263296, "94": 0.008496855776263296, "95": 0.008496855776263296, "96": 0.008496855776263296, "97": 0.008496855776263296, "98": 0.008496855776263296, "99": 0.008496855776263296, "100": 0.008496855776263296, "101": 0.008496855776263296, "102": 0.008496855776263296, "103": 0.008496855776263296, "104": 0.008496855776263296, "105": 0.008496855776263296, "106": 0.008496855776263296, "107": 0.008496855776263296, "108": 0.008496855776263296, "109": 0.008496855776263296, "110": 0.008496855776263296, "111": 0.008496855776263296, "112": 0.008496855776263296, "113": 0.008496855776263296, "114": 0.008496855776263296, "115": 0.008496855776263296, "116": 0.008496855776263296, "117": 0.008496855776263296, "118": 0.008496855776263296, "119": 0.008496855776263296}}