{"name": "eigen", "eigen": 2, "normalized": false, "process_time": 0.004219770431518555, "data": {"0": -0.007367304541426796, "1": -0.030557205546393122, "2": -0.02115266831064984, "3": -0.03787288469208758, "4": -0.1203309903803709, "5": -0.18891964158471297, "6": -0.16712790588077658, "7": -0.18488268551942214, "8": -0.2593926682266155, "9": -0.3162214966431995, "10": -0.29915118242797273, "11": -0.26844211471972435, "12": -0.14576174802310848, "13": -0.0657502249917108, "14": -0.08938211495142918, "15": -0.024139873069828184, "16": 0.19675363768312618, "17": 0.3113600091334296, "18": 0.2821788540830612, "19": 0.27251970996512553, "20": 0.24866900655610633, "21": 0.23719737319345696, "22": 0.24000966656436118, "23": 0.2025184178966028, "24": 0.09301190776101816, "25": 0.04733588509207949, "26": 0.05772279164896281, "27": 0.03717544993210613}}