{"name": "eigen", "eigen": 4, "normalized": false, "process_time": 0.00587773323059082, "data": {"0": 0.08055189111546135, "1": 0.12743220191387816, "2": 0.10786324486393452, "3": 0.1204052619042388, "4": 0.18049774975506178, "5": 0.24935601897675685, "6": 0.2259104414071699, "7": 0.1687172770055854, "8": -0.05524662693699543, "9": -0.2632122269093714, "10": -0.19338374000032602, "11": -0.16823860289429748, "12": -0.07837286890316555, "13": 0.004588834442640797, "14": -0.024072729659466708, "15": 0.02941952482124695, "16": 0.1842543597841108, "17": 0.2920634369826021, "18": 0.26068888350288866, "19": 0.13608951683583367, "20": -0.20886575662431695, "21": -0.40846557868544753, "22": -0.35492821969537836, "23": -0.28079682707280035, "24": -0.09548894231963698, "25": -0.010755098746778824, "26": -0.030992749857312617, "27": 0.004981324993878101}}