{"name": "eigen", "eigen": 5, "normalized": true, "process_time": 0.004803657531738281, "data": {"0": 0.08599002636791012, "1": 0.039582206947189245, "2": 0.06998682178571804, "3": 0.0159413048987361, "4": -0.1624824455004175, "5": -0.19325261693475787, "6": -0.23032805823279384, "7": -0.16549167532086834, "8": 0.16747134841023084, "9": 0.2711297320223077, "10": 0.30550017141240227, "11": 0.24131764972751066, "12": -0.15175876079637124, "13": -0.29042187987817525, "14": -0.31905112678823244, "15": -0.2672457208687358, "16": 0.1001785871273674, "17": 0.24570457835807016, "18": 0.2605815885565519, "19": 0.23853002468629475, "20": -0.05171390435503968, "21": -0.17511059258215464, "22": -0.17950341659703595, "23": -0.18261971206956268, "24": -0.019679379669267402, "25": 0.06185550871679385, "26": 0.052616383376521074, "27": 0.08301714898776283}}