{"name": "fiedler", "normalized": true, "process_time": 0.03629112243652344, "data": {"0": -0.26647876096222345, "1": -0.15802364670621558, "2": -0.22468775333996605, "3": -0.22877023795205081, "4": -0.07588777385229174, "5": -0.007053419784380708, "6": -0.026683182427814728, "7": 0.01047889246532121, "8": 0.1409177829724008, "9": 0.16020186542201464, "10": 0.1829068405301656, "11": 0.23642546153194366, "12": 0.27058075176635765, "13": 0.2326747758359646, "14": 0.2837099752123083, "15": 0.32299654486947504, "16": 0.2582535716287768, "17": 0.1942393641606675, "18": 0.24291574082220985, "19": 0.2620525691554741, "20": 0.11372895797042347, "21": 0.03946350318627597, "22": 0.06396945320426393, "23": 0.03979531329374204, "24": -0.0972911700887215, "25": -0.12965164088098877, "26": -0.1419297998006808, "27": -0.22098114790057208}}