{"0": -0.2664787571433396, "1": -0.1580236239111426, "2": -0.22468773261177327, "3": -0.22877019319812505, "4": -0.07588767449707239, "5": -0.007053322026391346, "6": -0.02668306759755589, "7": 0.010479033248645627, "8": 0.14091791775820195, "9": 0.16020197056110436, "10": 0.18290697245799417, "11": 0.23642559825535342, "12": 0.2705808088473815, "13": 0.23267479252176154, "14": 0.28371000576906424, "15": 0.3229965552204879, "16": 0.2582534998829218, "17": 0.19423927355998066, "18": 0.2429156391838878, "19": 0.2620524385779422, "20": 0.11372882489405783, "21": 0.039463392447950954, "22": 0.06396931842072162, "23": 0.039795160532160055, "24": -0.09729125383972331, "25": -0.12965168336793342, "26": -0.14192985865612603, "27": -0.22098120641903013}