{"0": 0.06287100142967697, "1": 0.02400284806108064, "2": 0.04290041701958897, "3": 0.05605968283165823, "4": 0.037259982058766426, "5": 0.022136941533514136, "6": 0.03234574458242336, "7": 0.04349472337139275, "8": 0.034969378659306403, "9": 0.022924280896513046, "10": 0.03303754330753819, "11": 0.043438343148389055, "12": 0.03326112956060549, "13": 0.022080717466221943, "14": 0.03179437394623135, "15": 0.040961769293909704, "16": 0.03238294369897916, "17": 0.02309796147026718, "18": 0.03220697203424896, "19": 0.044941322705495876, "20": 0.033587852337637336, "21": 0.022673216247295853, "22": 0.03172578271922819, "23": 0.045976296985635656, "24": 0.03524542828994912, "25": 0.0232207913393555, "26": 0.03192265677019156, "27": 0.05947989823489922}