{"directed": false, "multigraph": true, "graph": {}, "nodes": [{"cover": {"level": 0, "range": [0.0, 0.3333333333333333]}, "min_value": 0.0, "max_value": 0.33277310924369746, "avg_value": 0.16638655462184873, "component_count": 199, "components": ["60", "340", "73", "67", "93", "382", "346", "110", "419", "370", "355", "425", "353", "360", "83", "316", "85", "333", "344", "415", "371", "364", "347", "408", "420", "439", "366", "102", "392", "432", "445", "423", "320", "63", "389", "397", "324", "65", "354", "106", "381", "357", "107", "411", "404", "322", "416", "403", "401", "336", "87", "352", "82", "369", "438", "61", "119", "95", "77", "383", "70", "116", "402", "414", "58", "118", "84", "90", "441", "321", "380", "326", "109", "410", "317", "91", "341", "325", "329", "331", "79", "421", "64", "395", "114", "424", "120", "339", "378", "115", "69", "386", "387", "103", "376", "101", "104", "356", "71", "440", "391", "97", "345", "399", "94", "437", "362", "337", "343", "405", "111", "319", "342", "105", "388", "327", "443", "312", "406", "59", "117", "417", "81", "368", "422", "78", "98", "409", "398", "335", "393", "74", "112", "412", "413", "435", "390", "427", "442", "379", "384", "444", "330", "100", "338", "113", "429", "375", "433", "334", "76", "68", "446", "57", "373", "396", "434", "315", "426", "436", "385", "430", "361", "365", "349", "328", "80", "394", "359", "311", "86", "72", "89", "367", "96", "407", "75", "108", "92", "377", "350", "66", "374", "99", "332", "314", "351", "400", "318", "363", "88", "372", "348", "418", "428", "431", "323", "358", "62"], "x": 250.0, "y": 250.0, "id": "mapper_node_0"}, {"cover": {"level": 1, "range": [0.3333333333333333, 0.6666666666666666]}, "min_value": 0.334453781512605, "max_value": 0.6655462184873949, "avg_value": 0.49833720722331487, "component_count": 94, "components": ["476", "124", "502", "126", "130", "136", "484", "125", "496", "141", "142", "493", "131", "506", "479", "137", "139", "520", "482", "460", "461", "133", "488", "491", "516", "499", "456", "497", "121", "135", "473", "129", "464", "507", "475", "469", "462", "454", "511", "455", "452", "458", "471", "466", "480", "463", "512", "472", "140", "453", "481", "509", "501", "138", "504", "128", "490", "477", "517", "489", "478", "459", "519", "474", "132", "503", "510", "122", "467", "144", "513", "123", "514", "508", "498", "465", "505", "518", "483", "143", "127", "468", "492", "494", "134", "145", "485", "487", "457", "500", "486", "495", "515", "470"], "x": 330.3484512108174, "y": 154.24444461012774, "id": "mapper_node_1"}, {"cover": {"level": 1, "range": [0.3333333333333333, 0.6666666666666666]}, "min_value": 0.35126050420168065, "max_value": 0.6638655462184874, "avg_value": 0.5438655462184874, "component_count": 80, "components": ["240", "274", "269", "265", "51", "33", "292", "251", "264", "287", "249", "254", "41", "35", "288", "277", "247", "253", "272", "44", "55", "279", "34", "270", "256", "290", "248", "250", "32", "280", "289", "43", "47", "258", "267", "50", "278", "243", "273", "40", "37", "242", "257", "284", "261", "239", "255", "45", "263", "281", "262", "283", "48", "252", "286", "56", "241", "38", "53", "36", "259", "266", "39", "271", "54", "52", "46", "260", "244", "49", "276", "238", "245", "268", "285", "246", "42", "291", "275", "282"], "x": 373.100969126526, "y": 271.7060222083663, "id": "mapper_node_2"}, {"cover": {"level": 1, "range": [0.3333333333333333, 0.6666666666666666]}, "min_value": 0.3596638655462185, "max_value": 0.3899159663865546, "avg_value": 0.3792717086834734, "component_count": 3, "components": ["297", "296", "295"], "x": 292.7525179157086, "y": 367.46157759823853, "id": "mapper_node_3"}, {"cover": {"level": 1, "range": [0.3333333333333333, 0.6666666666666666]}, "min_value": 0.3630252100840336, "max_value": 0.3630252100840336, "avg_value": 0.3630252100840336, "component_count": 1, "components": ["294"], "x": 330.3484512108174, "y": 345.75555538987226, "id": "mapper_node_4"}, {"cover": {"level": 1, "range": [0.3333333333333333, 0.6666666666666666]}, "min_value": 0.3546218487394958, "max_value": 0.3831932773109244, "avg_value": 0.3689075630252101, "component_count": 2, "components": ["449", "450"], "x": 292.7525179157086, "y": 132.53842240176147, "id": "mapper_node_5"}, {"cover": {"level": 1, "range": [0.3333333333333333, 0.6666666666666666]}, "min_value": 0.3378151260504202, "max_value": 0.3764705882352941, "avg_value": 0.35714285714285715, "component_count": 2, "components": ["299", "300"], "x": 207.24748208429142, "y": 367.46157759823853, "id": "mapper_node_6"}, {"cover": {"level": 1, "range": [0.3333333333333333, 0.6666666666666666]}, "min_value": 0.36134453781512604, "max_value": 0.36134453781512604, "avg_value": 0.36134453781512604, "component_count": 1, "components": ["293"], "x": 358.25317547305485, "y": 312.5, "id": "mapper_node_7"}, {"cover": {"level": 1, "range": [0.3333333333333333, 0.6666666666666666]}, "min_value": 0.3663865546218487, "max_value": 0.3663865546218487, "avg_value": 0.3663865546218487, "component_count": 1, "components": ["451"], "x": 358.2531754730548, "y": 187.49999999999994, "id": "mapper_node_8"}, {"cover": {"level": 1, "range": [0.3333333333333333, 0.6666666666666666]}, "min_value": 0.33613445378151263, "max_value": 0.37478991596638656, "avg_value": 0.36134453781512604, "component_count": 3, "components": ["306", "305", "304"], "x": 126.899030873474, "y": 271.70602220836633, "id": "mapper_node_9"}, {"cover": {"level": 1, "range": [0.3333333333333333, 0.6666666666666666]}, "min_value": 0.3411764705882353, "max_value": 0.3411764705882353, "avg_value": 0.3411764705882353, "component_count": 1, "components": ["298"], "x": 250.0, "y": 375.0, "id": "mapper_node_10"}, {"cover": {"level": 1, "range": [0.3333333333333333, 0.6666666666666666]}, "min_value": 0.35294117647058826, "max_value": 0.3815126050420168, "avg_value": 0.36722689075630255, "component_count": 2, "components": ["447", "448"], "x": 249.99999999999997, "y": 125.0, "id": "mapper_node_11"}, {"cover": {"level": 1, "range": [0.3333333333333333, 0.6666666666666666]}, "min_value": 0.3445378151260504, "max_value": 0.3445378151260504, "avg_value": 0.3445378151260504, "component_count": 1, "components": ["307"], "x": 126.899030873474, "y": 228.2939777916337, "id": "mapper_node_12"}, {"cover": {"level": 1, "range": [0.3333333333333333, 0.6666666666666666]}, "min_value": 0.33949579831932775, "max_value": 0.37815126050420167, "avg_value": 0.3588235294117647, "component_count": 2, "components": ["301", "302"], "x": 169.65154878918258, "y": 345.75555538987226, "id": "mapper_node_13"}, {"cover": {"level": 1, "range": [0.3333333333333333, 0.6666666666666666]}, "min_value": 0.34285714285714286, "max_value": 0.34285714285714286, "avg_value": 0.34285714285714286, "component_count": 1, "components": ["303"], "x": 141.7468245269452, "y": 312.50000000000006, "id": "mapper_node_14"}, {"cover": {"level": 1, "range": [0.3333333333333333, 0.6666666666666666]}, "min_value": 0.346218487394958, "max_value": 0.346218487394958, "avg_value": 0.346218487394958, "component_count": 1, "components": ["308"], "x": 141.74682452694518, "y": 187.5, "id": "mapper_node_15"}, {"cover": {"level": 1, "range": [0.3333333333333333, 0.6666666666666666]}, "min_value": 0.34789915966386553, "max_value": 0.34789915966386553, "avg_value": 0.34789915966386553, "component_count": 1, "components": ["309"], "x": 169.65154878918256, "y": 154.24444461012774, "id": "mapper_node_16"}, {"cover": {"level": 1, "range": [0.3333333333333333, 0.6666666666666666]}, "min_value": 0.35798319327731093, "max_value": 0.35798319327731093, "avg_value": 0.35798319327731093, "component_count": 1, "components": ["313"], "x": 373.100969126526, "y": 228.2939777916337, "id": "mapper_node_17"}, {"cover": {"level": 1, "range": [0.3333333333333333, 0.6666666666666666]}, "min_value": 0.3495798319327731, "max_value": 0.3495798319327731, "avg_value": 0.3495798319327731,