{"directed": false, "multigraph": true, "graph": {}, "nodes": [{"cover": {"level": 0, "range": [0.0, 0.25]}, "min_value": 0.0, "max_value": 0.24705882352941178, "avg_value": 0.14309368191721134, "component_count": 135, "components": ["93", "73", "340", "67", "382", "346", "370", "355", "353", "360", "83", "316", "85", "333", "344", "371", "364", "347", "366", "102", "392", "320", "389", "63", "397", "324", "65", "354", "381", "357", "404", "322", "403", "401", "336", "87", "352", "82", "369", "95", "77", "383", "70", "402", "84", "90", "380", "321", "326", "317", "91", "341", "325", "329", "331", "79", "395", "64", "339", "378", "69", "386", "387", "103", "376", "101", "104", "356", "71", "391", "97", "399", "345", "94", "362", "337", "343", "405", "319", "105", "342", "388", "327", "81", "368", "78", "98", "398", "335", "393", "74", "390", "379", "384", "330", "100", "338", "375", "76", "68", "334", "396", "373", "315", "385", "361", "365", "349", "328", "80", "394", "359", "86", "72", "89", "367", "96", "75", "92", "377", "350", "66", "374", "99", "332", "314", "400", "351", "88", "363", "318", "372", "348", "323", "358"], "x": 250.0, "y": 250.0, "id": "mapper_node_0"}, {"cover": {"level": 1, "range": [0.25, 0.5]}, "min_value": 0.25882352941176473, "max_value": 0.49411764705882355, "avg_value": 0.37329598506069095, "component_count": 63, "components": ["60", "313", "273", "301", "302", "57", "274", "272", "303", "296", "44", "54", "55", "284", "298", "279", "45", "312", "294", "61", "52", "59", "311", "51", "292", "290", "58", "299", "308", "46", "49", "305", "297", "300", "280", "281", "289", "287", "283", "276", "48", "43", "286", "309", "47", "310", "56", "295", "293", "53", "288", "285", "42", "50", "304", "307", "291", "275", "277", "282", "306", "278", "62"], "x": 291.6666666666667, "y": 322.1687836487032, "id": "mapper_node_1"}, {"cover": {"level": 1, "range": [0.25, 0.5]}, "min_value": 0.25882352941176473, "max_value": 0.49411764705882355, "avg_value": 0.3927601809954751, "component_count": 91, "components": ["110", "476", "419", "124", "126", "425", "125", "450", "415", "420", "408", "439", "445", "432", "423", "451", "460", "106", "107", "461", "411", "416", "438", "447", "456", "449", "121", "119", "116", "414", "118", "441", "464", "109", "410", "448", "475", "462", "469", "421", "454", "114", "424", "455", "452", "120", "115", "458", "466", "463", "472", "453", "440", "437", "111", "443", "117", "477", "417", "422", "409", "112", "412", "478", "413", "435", "459", "427", "442", "444", "474", "113", "429", "122", "467", "433", "446", "123", "434", "426", "436", "430", "465", "407", "108", "468", "418", "457", "428", "431", "470"], "x": 166.66666666666669, "y": 250.0, "id": "mapper_node_2"}, {"cover": {"level": 1, "range": [0.25, 0.5]}, "min_value": 0.25882352941176473, "max_value": 0.25882352941176473, "avg_value": 0.25882352941176473, "component_count": 1, "components": ["406"], "x": 291.66666666666663, "y": 177.83121635129675, "id": "mapper_node_3"}, {"cover": {"level": 2, "range": [0.5, 0.75]}, "min_value": 0.5058823529411764, "max_value": 0.7411764705882353, "avg_value": 0.613406292749658, "component_count": 86, "components": ["237", "213", "214", "240", "209", "269", "229", "220", "265", "33", "223", "251", "264", "224", "249", "234", "207", "254", "41", "35", "233", "230", "24", "247", "253", "25", "34", "256", "204", "231", "248", "250", "32", "215", "258", "235", "29", "218", "267", "21", "221", "243", "40", "37", "22", "225", "242", "257", "261", "239", "255", "263", "217", "30", "262", "252", "210", "26", "206", "228", "241", "38", "36", "236", "259", "266", "23", "39", "28", "216", "27", "208", "219", "260", "244", "222", "212", "211", "227", "238", "245", "268", "232", "31", "246", "226"], "x": 333.33333333333337, "y": 394.3375672974064, "id": "mapper_node_4"}, {"cover": {"level": 2, "range": [0.5, 0.75]}, "min_value": 0.5058823529411764, "max_value": 0.7411764705882353, "avg_value": 0.6242114236999148, "component_count": 69, "components": ["144", "513", "522", "488", "481", "514", "509", "508", "491", "502", "516", "498", "501", "147", "504", "138", "499", "505", "130", "497", "128", "490", "135", "518", "483", "136", "517", "489", "484", "496", "129", "507", "141", "142", "143", "493", "526", "127", "506", "131", "137", "492", "511", "139", "519", "494", "520", "134", "145", "482", "485", "487", "132", "480", "500", "503", "510", "512", "140", "133", "523", "495", "525", "515", "146", "486", "524", "521", "527"], "x": 97.74242372623317, "y": 317.78944051263335, "id": "mapper_node_5"}, {"cover": {"level": 2, "range": [0.5, 0.75]}, "min_value": 0.5058823529411764, "max_value": 0.5058823529411764, "avg_value": 0.5058823529411764, "component_count": 1, "components": ["479"], "x": 83.33333333333334, "y": 250.00000000000003, "id": "mapper_node_6"}, {"cover": {"level": 2, "range": [0.5, 0.75]}, "min_value": 0.5058823529411764, "max_value": 0.5176470588235295, "avg_value": 0.5117647058823529, "component_count": 2, "components": ["271", "270"], "x": 221.0586370555116, "y": 414.1346255020346, "id": "mapper_node_7"}, {"cover": {"level": 2, "range": [0.5, 0.75]}, "min_value": 0.5058823529411764, "max_value": 0.5058823529411764, "avg_value": 0.5058823529411764, "component_count": 1, "components": ["473"], "x": 138.4782322735236, "y": 126.142529087101, "id": "mapper_node_8"}, {"cover": {"level": 2, "range": [0.5, 0.75]}, "min_value": 0.5058823529411764, "max_value": 0.5058823529411764, "avg_value": 0.5058823529411764, "component_count": 1, "components": ["471"], "x": 97.74242372623317, "y": 182.2105594873667, "id": "mapper_node_9"}, {"cover": {"level": 3, "range": [0.75, 1.0]}, "min_value": 0.7529411764705882, "max_value": 1.0, "avg_value": 0.8802521008403361, "component_count": 56, "components": ["172", "201", "10", "4", "182", "7", "20", "17", "179", "14", "184", "191", "8", "180", "187", "197", "178", "174", "195", "15", "13", "196", "0", "171", "194", "189", "2", "1", "5", "177", "176", "18", "173", "203", "188", "181", "3", "19", "9", "202", "6", "198", "12", "186", "199", "192", "11", "175", "170", "190", "169", "183", "185", "193", "16", "200"], "x": 375.0, "y": 466.50635094610965, "id": "mapper_node_10"}, {"cover": {"level": 3, "range": [0.75, 1.0]}, "min_value": 0.7529411764705882, "max_value": 1.0, "avg_value": 0.8649134948096886, "component_count": 85, "components": ["543", "564", "595", "556", "152", "555", "567", "163", "562", "593", "164", "571", "153", "536", "590", "583", "532", "586", "540", "160", "576", "167", "569", "544", "580", "588", "594", "151", "157", "568", "587", "553", "554", "149", "573", "574", "582", "578", "166", "165", "560", "566", "592", "561", "550", "162", "557", "565", "589", "150", "551", "161", "570", "545", "156", "591", "546", "542", "158", "575", "538", "159", "572", "155", "558", "584", "552", "541", "533", "581", "547", "579", "563", "585", "148", "168", "549", "537", "539", "548", "154", "534", "559", "535", "577"], "x": 27.248368952908066, "y": 363.49762493488674, "id": "mapper_node_11"}, {"cover": {"level": 3, "range": [0.75, 1.0]}, "min_value": 0.7529411764705882, "max_value": 0.7647058823529411, "avg_value": 0.7607843137254902, "component_count": 3, "components": ["529", "531", "530"], "x": 8.518543427732908, "y": 314.7047612756302, "id": "mapper_node_12"}, {"cover": {"level": 3, "range": [0.75, 1.0]}, "min_value": 0.7529411764705882, "max_value": 0.7529411764705882, "avg_value": 0.7529411764705882, "component_count": 1, "components": ["528"], "x": 16.60489337569959, "y": 339.5919873863252, "id": "mapper_node_13"}, {"cover": {"level": 3, "range": [0.75, 1.0]}, "min_value": 0.7529411764705882, "max_value": 0.7529411764705882, "avg_value": 0.7529411764705882, "component_count": 1, "components": ["205"], "x": 321.7008081777726, "y": 489.4973780788722, "id": "mapper_node_14"}], "links": [{"value": 1, "source": "mapper_node_0", "target": "mapper_node_1", "key": 0}, {"value": 1,