{"name": "eigen", "eigen": 5, "normalized": true, "process_time": 0.0033621788024902344, "data": {"0": 0.0, "1": -0.0003138506332381399, "2": -0.0021992704447473493, "3": 0.002513121077985494, "4": -6.071532165918825e-18, "5": 0.0, "6": 0.8279049603543287, "7": -0.3957504726729328, "8": -0.036404015008462985, "9": -0.3957504726729329}}