{"name":"fiedler","normalized":false,"weight":"value","num_of_nodes":10,"num_of_edges":21,"process_time":0.006510496139526367,"data":{"0":-0.33362299493903325,"1":-0.3336229917702871,"2":-0.33362299272724244,"3":-0.33362299152613345,"4":-0.23405724866924688,"5":0.2340572566598762,"6":0.33362299056664435,"7":0.333622993548951,"8":0.33362298785604405,"9":0.33362299100042736}}