{"name": "eigen", "eigen": 3, "normalized": false, "process_time": 0.02075481414794922, "data": {"0": -0.0129306052851186, "1": -0.011288558781940999, "2": -0.2087058026758273, "3": -0.20569420563278779, "4": -0.19971446849248245, "5": -0.19085287806849788, "6": -0.17923730593496104, "7": -0.16503536325668897, "8": 0.02334325549929371, "9": 0.023006415419452933, "10": 0.02164875079890645, "11": 0.019978697576531528, "12": 0.018020354398756, "13": 0.01580197989781621, "14": 0.013355584923442949, "15": 0.010716470630546534, "16": 0.007922719088234706, "17": -0.1314501669352473, "18": 0.005088063846871157, "19": 0.005014643760608357, "20": 0.001960787702560394, "21": -0.0011213622618925778, "22": -0.004187331117680548, "23": -0.007192877340985324, "24": 0.007920021484630713, "25": 0.007805736625378333, "26": 0.24316453915723787, "27": 0.23965570711850712, "28": 0.23268867502183718, "29": 0.22236397621604884, "30": 0.20883059473510285, "31": 0.19228381547825935, "32": 0.1729624062748861, "33": 0.151145172496365, "34": 0.1271469339315667, "35": 0.10131398197906939, "36": 0.08265637517969536, "37": 0.08146365465210105, "38": 0.07909542439588366, "39": 0.07558585765944126, "40": 0.07098559702515642, "41": 0.03290722827675316, "42": 0.035745724555118874, "43": 0.03806841477063773, "44": 0.03984178281165762, "45": 0.04104023921262376, "46": 0.024042185992102783, "47": 0.023695260437980148, "48": -0.1674516686185821, "49": 0.07418143571363632, "50": 0.07311100743814358, "51": -0.1295533584662271, "52": -0.09030510743227743, "53": -0.049753765679107366, "54": -0.008484483688156984, "55": -0.03361005464921883, "56": -0.03312506601976896, "57": -0.03216208708244746, "58": -0.03073501349555889, "59": -0.028864437741627808, "60": -0.02241087960379599, "61": -0.0075167074790860045, "62": -0.0074082423874250085, "63": -0.04643752483490607, "64": -0.04576743751253271, "65": -0.04443693213894495, "66": 0.1058752332308957, "67": 0.10434746766213202, "68": -0.042465207730161936, "69": -0.039880716007808716, "70": -0.03672075084454687, "71": -0.03303091011844101, "72": -0.19849736521583197, "73": -0.19563307457095858, "74": -0.1899458246152041, "75": -0.18151768161088686, "76": -0.1896897792454199, "77": -0.18695258089757272, "78": -0.009483619873224047, "79": -0.007541833587954072, "80": -0.005491219644605888, "81": 0.04554222234907368, "82": 0.044885054122787954, "83": 0.043580200520533685, "84": 0.04164649040667311, "85": 0.03971807815564751, "86": 0.037216539306342486, "87": 0.034177970732467394, "88": 0.030646218575407926, "89": 0.026672245550223336, "90": 0.022313395560429293, "91": 0.017632566233077646, "92": 0.012697301314344094, "93": 0.007578816022230164, "94": 0.002124048817269464, "95": -0.003361368130320952, "96": -0.006668429467468109, "97": -0.009879266252118851, "98": -0.015633935446594416, "99": -0.01438606486957092}}