{"name": "eigen", "eigen": 4, "normalized": true, "process_time": 0.02967095375061035, "data": {"0": 0.0010743455710697802, "1": 0.013361011220253892, "2": -0.023509743708664325, "3": -0.032874387346439535, "4": -0.031762541855728535, "5": -0.029937236538434848, "6": -0.027439471954937195, "7": -0.03440124504013445, "8": -0.003258351837983945, "9": -0.005580246459434871, "10": -0.0041914917988877115, "11": -0.0037325808857708535, "12": -0.0031898276113101476, "13": -0.0025754234637951775, "14": -0.0019031693751070547, "15": -0.0011881657200117873, "16": -0.0004464731269723534, "17": -0.01159806058314261, "18": 0.00021829483140157037, "19": 0.00037385126610352173, "20": 0.0010432175885854524, "21": 0.0017577538274672895, "22": 0.0024328068679761706, "23": 0.0037394075318408614, "24": 0.09089253575907782, "25": 0.12709778823929993, "26": -0.1261763674396375, "27": -0.17643623973870134, "28": -0.17046898518626788, "29": -0.16067260470426742, "30": -0.1472671475554945, "31": -0.13055373117494679, "32": -0.11090777737888233, "33": -0.08877057952638084, "34": -0.06463939005437322, "35": -0.047833943160616524, "36": -0.009244725572993114, "37": -0.012927180030724794, "38": -0.012489969546060006, "39": -0.011772205585957079, "40": -0.015259379585611327, "41": 0.023663130085517677, "42": 0.05751022187797363, "43": 0.09440776694052322, "44": 0.1291846961740437, "45": 0.16105983967051207, "46": -0.0033724102094668112, "47": -0.0047157434334870185, "48": -0.017395999623878104, "49": -0.007986463717020834, "50": -0.01116771433220147, "51": -0.01986281400029424, "52": -0.00737983320302852, "53": 0.0016240213593477848, "54": 0.010591396662518111, "55": -0.0839493809374443, "56": -0.11738896436434805, "57": -0.1134187492144097, "58": -0.10690088779883888, "59": -0.12000269025222676, "60": -0.06132709385902393, "61": 0.002259903075860506, "62": 0.003160090981930583, "63": -0.13926895527400313, "64": -0.1947440022208416, "65": -0.18815756036778145, "66": -0.028908342928324338, "67": -0.04042341229858651, "68": -0.17734466645682284, "69": -0.1625482029830008, "70": -0.1441005325863087, "71": -0.12241603242150503, "72": -0.021948817177627544, "73": -0.03069169645722647, "74": -0.029653671810602897, "75": -0.03423107710107205, "76": -0.020687479439463214, "77": -0.02892792965938545, "78": 0.02534755779233535, "79": 0.03676473985105498, "80": 0.04735610119814425, "81": 0.14867100513176817, "82": 0.20789117356838802, "83": 0.20086008089874147, "84": 0.23186527994533687, "85": 0.19965295373302533, "86": 0.20550403409263146, "87": 0.20673902065244848, "88": 0.20333017277065935, "89": 0.19535406101991087, "90": 0.1829898472359377, "91": 0.1665152601301958, "92": 0.14630035686350268, "93": 0.15039770352814433, "94": 0.09086195748208438, "95": 0.06966806328254421, "96": 0.03051653821101351, "97": 0.004242356082331848, "98": -0.028530252580512068, "99": -0.011236452353431146}}