{"name": "eigen", "eigen": 3, "normalized": true, "process_time": 0.02967095375061035, "data": {"0": 0.014729017119323614, "1": 0.012849729516839301, "2": 0.15066613399525983, "3": 0.211438679173668, "4": 0.20655755102558435, "5": 0.1985056340413615, "6": 0.18740653023097853, "7": 0.24526793188898138, "8": -0.018788385819397357, "9": -0.032292665339136564, "10": -0.024932719125656293, "11": -0.02311585443086597, "12": -0.020944146774376685, "13": -0.018450933240010365, "14": -0.0156744862298241, "15": -0.012657425958573559, "16": -0.00944606620650303, "17": 0.09706484021188647, "18": -0.0043393766365749445, "19": -0.007458332975082287, "20": -0.002546017434469191, "21": 0.0010367514799035846, "22": 0.004603605604417534, "23": 0.009920178069598218, "24": -0.006575688587227971, "25": -0.009228051936240718, "26": -0.16989415682518788, "27": -0.23842249857935446, "28": -0.23291844050681895, "29": -0.2238389372993901, "30": -0.21132336506442778, "31": -0.19556384573852287, "32": -0.17680229789445764, "33": -0.15532672313835785, "34": -0.13146678510318216, "35": -0.12931927869657936, "36": -0.06012308375005472, "37": -0.08437427229903804, "38": -0.08242646579030187, "39": -0.07921336098463817, "40": -0.10576094454106795, "41": -0.043463190174470825, "42": -0.039157907323768955, "43": -0.04222716987073469, "44": -0.0446482186964249, "45": -0.04638388917262743, "46": -0.01923237113208502, "47": -0.02698992163476996, "48": 0.12358250065423898, "49": -0.05454876113915839, "50": -0.07655149634480193, "51": 0.16683085131896297, "52": 0.09481290649024902, "53": 0.05195355530238414, "54": 0.008296684235277678, "55": 0.026137360718855127, "56": 0.03668010110124903, "57": 0.035833329476210984, "58": 0.03443649361725483, "59": 0.039817724404783705, "60": 0.025341983496000142, "61": 0.005908107749150654, "62": 0.00829119634101344, "63": 0.035560107812817, "64": 0.04990359829271124, "65": 0.04875155809236026, "66": -0.07701799576797312, "67": -0.10808389958619175, "68": 0.046851150691797655, "69": 0.044231548544607355, "70": 0.040932964197860244, "71": 0.03700603300412409, "72": 0.1442122657187864, "73": 0.20238158487017058, "74": 0.19770954258148307, "75": 0.23270462903511446, "76": 0.1385906596050955, "77": 0.1944924531854701, "78": 0.010773190452488118, "79": 0.00853127611210977, "80": 0.006158401296454813, "81": -0.035982406525624594, "82": -0.050496235003331086, "83": -0.0493305135988545, "84": -0.058062138616308254, "85": -0.045416606756316535, "86": -0.042728502259670384, "87": -0.03938448827301923, "88": -0.03543589752258895, "89": -0.030943343369681436, "90": -0.02597578935730522, "91": -0.020609490576242697, "92": -0.014926823101258722, "93": -0.011041098856889309, "94": -0.0026826039996803996, "95": 0.0045205224595902815, "96": 0.007512187533254999, "97": 0.013739270162527129, "98": 0.021780759554997975, "99": 0.016382205008593012}}