{"name": "fiedler", "normalized": false, "process_time": 0.026473045349121094, "data": {"0": -0.08947127090889162, "1": -0.08736409967813073, "2": 0.12231571009382328, "3": 0.12202797213226911, "4": 0.12145317309021139, "5": 0.12059266513744912, "6": 0.119448472551614, "7": 0.1180232869561692, "8": -0.13207046528693314, "9": -0.13175977841718206, "10": -0.13051555532627826, "11": -0.12896430325590738, "12": -0.12710967149897356, "13": -0.12495602302335253, "14": -0.12250842425000172, "15": -0.11977263307975582, "16": -0.11675508540106262, "17": 0.11460918214686894, "18": -0.11373042228287496, "19": -0.11346287990342194, "20": -0.1096362190248763, "21": -0.10555164724013555, "22": -0.10121877335806781, "23": -0.0966477903089191, "24": -0.056373294131871345, "25": -0.05624068086133928, "26": 0.11590328061648726, "27": 0.11563062767650877, "28": 0.11508596318666026, "29": 0.11427056841759498, "30": 0.11318636150818259, "31": 0.11183589295109275, "32": 0.11022233959593414, "33": 0.10834949717352385, "34": 0.1062217713692335, "35": 0.103844167459522, "36": 0.10314875613955435, "37": 0.10290610700071975, "38": 0.1024213795342018, "39": 0.10169571402018157, "40": 0.10073081751989336, "41": 0.095938883346336, "42": 0.08595404743215539, "43": 0.07576701145272367, "44": 0.06540173955214733, "45": 0.05488261515868071, "46": -0.13269551594079146, "47": -0.13238335865134107, "48": 0.11830158199549433, "49": 0.10144618811639289, "50": 0.10120754412249217, "51": 0.1143395731885252, "52": 0.11011727573785264, "53": 0.10563593618533658, "54": 0.1009060965293914, "55": -0.10144254063790425, "56": -0.10120390590041396, "57": -0.10072719778554881, "58": -0.10001353769381345, "59": -0.09906460442699941, "60": -0.09617028377826435, "61": -0.09733416390705833, "62": -0.09710519316259546, "63": -0.10597105468187026, "64": -0.105721767191383, "65": -0.10522377862795476, "66": 0.10458164834227657, "67": 0.1043356284674571, "68": -0.10447826044730907, "69": -0.10348696638794523, "70": -0.10225222834566425, "71": -0.10077695088919815, "72": 0.12143653991095668, "73": 0.12115087012895416, "74": 0.12058020258070964, "75": 0.1197258797169075, "76": 0.1205761498074772, "77": 0.12029250402580123, "78": -0.08505141180751558, "79": -0.08253864769656286, "80": -0.07983171841549919, "81": 0.04486641199166586, "82": 0.044760867123286543, "83": 0.04455002567211407, "84": 0.04423438363917967, "85": 0.03316645200965537, "86": 0.022020498719208935, "87": 0.010822743693373797, "88": -0.00040047126952040004, "89": -0.011622744477025809, "90": -0.022817676449803526, "91": -0.033958932021009317, "92": -0.04502030229078224, "93": -0.05597576627780477, "94": -0.06653463754917659, "95": -0.07693699177773296, "96": -0.08426363160498582, "97": -0.09139204829513364, "98": -0.09304973075442816, "99": -0.09136796854323667}}