{"name":"pagerank","alpha":0.85,"weight":"value","num_of_nodes":101,"num_of_edges":100,"process_time":0.03616690635681152,"data":{"0":0.46028453271855113,"1":0.005397154672814492,"2":0.005397154672814492,"3":0.005397154672814492,"4":0.005397154672814492,"5":0.005397154672814492,"6":0.005397154672814492,"7":0.005397154672814492,"8":0.005397154672814492,"9":0.005397154672814492,"10":0.005397154672814492,"11":0.005397154672814492,"12":0.005397154672814492,"13":0.005397154672814492,"14":0.005397154672814492,"15":0.005397154672814492,"16":0.005397154672814492,"17":0.005397154672814492,"18":0.005397154672814492,"19":0.005397154672814492,"20":0.005397154672814492,"21":0.005397154672814492,"22":0.005397154672814492,"23":0.005397154672814492,"24":0.005397154672814492,"25":0.005397154672814492,"26":0.005397154672814492,"27":0.005397154672814492,"28":0.005397154672814492,"29":0.005397154672814492,"30":0.005397154672814492,"31":0.005397154672814492,"32":0.005397154672814492,"33":0.005397154672814492,"34":0.005397154672814492,"35":0.005397154672814492,"36":0.005397154672814492,"37":0.005397154672814492,"38":0.005397154672814492,"39":0.005397154672814492,"40":0.005397154672814492,"41":0.005397154672814492,"42":0.005397154672814492,"43":0.005397154672814492,"44":0.005397154672814492,"45":0.005397154672814492,"46":0.005397154672814492,"47":0.005397154672814492,"48":0.005397154672814492,"49":0.005397154672814492,"50":0.005397154672814492,"51":0.005397154672814492,"52":0.005397154672814492,"53":0.005397154672814492,"54":0.005397154672814492,"55":0.005397154672814492,"56":0.005397154672814492,"57":0.005397154672814492,"58":0.005397154672814492,"59":0.005397154672814492,"60":0.005397154672814492,"61":0.005397154672814492,"62":0.005397154672814492,"63":0.005397154672814492,"64":0.005397154672814492,"65":0.005397154672814492,"66":0.005397154672814492,"67":0.005397154672814492,"68":0.005397154672814492,"69":0.005397154672814492,"70":0.005397154672814492,"71":0.005397154672814492,"72":0.005397154672814492,"73":0.005397154672814492,"74":0.005397154672814492,"75":0.005397154672814492,"76":0.005397154672814492,"77":0.005397154672814492,"78":0.005397154672814492,"79":0.005397154672814492,"80":0.005397154672814492,"81":0.005397154672814492,"82":0.005397154672814492,"83":0.005397154672814492,"84":0.005397154672814492,"85":0.005397154672814492,"86":0.005397154672814492,"87":0.005397154672814492,"88":0.005397154672814492,"89":0.005397154672814492,"90":0.005397154672814492,"91":0.005397154672814492,"92":0.005397154672814492,"93":0.005397154672814492,"94":0.005397154672814492,"95":0.005397154672814492,"96":0.005397154672814492,"97":0.005397154672814492,"98":0.005397154672814492,"99":0.005397154672814492,"100":0.005397154672814492}}