{"name": "fiedler", "normalized": true, "process_time": 0.013806819915771484, "data": {"0": -9.869450812161062e-09, "1": 0.09519050659888073, "2": 0.011871861315417497, "3": 0.1568439179599571, "4": 0.10043116023403668, "5": 0.032460622723465185, "6": -0.11918604667053134, "7": 0.11291146255695798, "8": -0.09953962522064524, "9": 0.04446531687528605, "10": -0.07886843788906972, "11": -0.191721510789572, "12": 0.1637807780169333, "13": 0.019418115623976825, "14": -0.03859312364766635, "15": 0.005372482515177158, "16": 0.055137409421563116, "17": 0.022896896184408, "18": -0.1252702984151715, "19": 0.07166990255829495, "20": -0.018972326516509264, "21": -0.1320679479731886, "22": -0.08099983990652432, "23": -0.09937022480895523, "24": 0.03245712957755995, "25": -0.06137994578596847, "26": -0.12622360997655455, "27": 0.05192385436657339, "28": -0.05639126171695513, "29": 0.26761089411372196, "30": 0.016875519856403037, "31": 0.09950028506825284, "32": 0.025350920851397528, "33": -0.03039927168626572, "34": -0.035400957876222, "35": -0.04151093279898245, "36": -0.19561591560614194, "37": -0.03423448739588761, "38": -0.21828813355397758, "39": 0.03671810478389481, "40": -0.021607288325937137, "41": 0.019286321681560335, "42": -0.07868401230799145, "43": 0.008265785124802196, "44": -0.08707443872736144, "45": -0.036782323615555945, "46": 0.16622879228316736, "47": -0.017379311821787306, "48": -0.1351800906994926, "49": 0.037608035924530006, "50": 0.026634646675269928, "51": -0.08130132978780161, "52": 0.04659460189276907, "53": 0.0036223358424965968, "54": 0.039402145767542036, "55": 0.04096490466532969, "56": 0.23997133273516533, "57": -0.11749223503596605, "58": 0.11691598014366056, "59": 0.03759502744412354, "60": -0.010566373656207806, "61": 0.032216532834781424, "62": -0.048350431678899054, "63": -0.040784894760138614, "64": 0.024774071325970346, "65": 0.01201221274300702, "66": -0.04736055037957278, "67": 0.040053404707691496, "68": 0.11319169126225252, "69": -0.005068382310604833, "70": 0.16472735751444745, "71": 0.0001743467091610739, "72": -0.07579884274593071, "73": -0.041695873073364434, "74": 0.07973918105681342, "75": -0.15610640713644322, "76": -0.1493318981203773, "77": -0.10897459247671935, "78": -0.06525787516137094, "79": 0.11724893487546949, "80": -0.019604679209502384, "81": 0.08860053153678435, "82": 0.16403954496590287, "83": 0.03707083146178387, "84": -0.12157651313667171, "85": 0.2415492035796929, "86": 0.04768414843502526, "87": -0.11991582550129817, "88": -0.030641344315775015, "89": 0.11921892347687688, "90": -0.15689656773425173, "91": -0.23214248995840314, "92": 0.0618827527343683, "93": 0.06252437251866483, "94": 0.04395062500759974, "95": 0.17086508461820635, "96": -0.013218495992818735, "97": -0.07537473887347051, "98": 0.11751618917494959, "99": -0.05310673231028747, "100": -0.01370845613872486}}