{"name": "density", "eps": 0.5, "process_time": 5.507469177246094e-05, "data": {"0": 1.1353352832366128, "7": 1.1353352832366128}}