{"name": "eigen", "eigen": 1, "normalized": true, "process_time": 0.0028100013732910156, "data": {"7": -0.7071067811865475, "0": 0.7071067811865475}}