{"name": "eigen", "eigen": 5, "normalized": true, "process_time": 0.0049648284912109375, "data": {"0": -0.2809005945947688, "1": 0.28008921803862874, "2": -0.122357362833737, "3": 0.2800892180386283, "4": -0.5063720016816905, "5": -0.021854656847644663, "6": 0.3668882138819777, "7": 0.086079654206695, "8": -0.5042033332630169, "9": 0.17897457161401278, "10": 0.1789745716140133, "11": 0.17897457161401292}}