{"name": "eigen", "eigen": 3, "normalized": false, "process_time": 0.00613093376159668, "data": {"0": 0.21809612264279554, "1": 0.21809612264279565, "2": -0.06442027989505769, "3": -0.5460046242375053, "4": -0.3203078838022269, "5": 0.32030788380222686, "6": 0.5460046242375054, "7": 0.06442027989505794, "8": -0.21809612264279538, "9": -0.21809612264279532}}