{"name": "eigen", "eigen": 2, "normalized": true, "process_time": 0.002961874008178711, "data": {"0": 0.27644203669356143, "1": 0.2764420366935612, "2": 0.1662905130432725, "3": -0.24919048364695628, "4": -0.5073570427509912, "5": -0.5073570427509919, "6": -0.2491904836469565, "7": 0.1662905130432729, "8": 0.2764420366935618, "9": 0.2764420366935618}}