{"name": "eigen", "eigen": 4, "normalized": true, "process_time": 0.002961874008178711, "data": {"0": 0.23472364663363557, "1": 0.23472364663363499, "2": -0.33608417424413983, "3": -0.39984952330143236, "4": 0.3420195987955491, "5": 0.3420195987955493, "6": -0.3998495233014327, "7": -0.3360841742441404, "8": 0.23472364663363537, "9": 0.23472364663363537}}