{"name": "eigen", "eigen": 5, "normalized": true, "process_time": 0.002961874008178711, "data": {"0": -0.2275295439725279, "1": -0.22752954397252745, "2": 0.5096565496891904, "3": -0.06235076983047416, "4": -0.36444916806018907, "5": 0.3644491680601886, "6": 0.06235076983047483, "7": -0.5096565496891907, "8": 0.22752954397252767, "9": 0.22752954397252767}}