{"name": "pagerank", "alpha": 0.85, "process_time": 0.0020570755004882812, "data": {"0": 0.09088775821849604, "1": 0.09088775821849604, "2": 0.13150856161031116, "3": 0.09236122086292278, "4": 0.09435470108977387, "5": 0.09435470108977387, "6": 0.09236122086292281, "7": 0.13150856161031116, "8": 0.09088775821849605, "9": 0.09088775821849605}}