{"name": "agd", "process_time": 0.06332898139953613, "data": {"0": 1.8852459016393444, "1": 1.8852459016393444, "2": 1.8852459016393444, "3": 2.3278688524590163, "4": 2.3278688524590163, "5": 2.3278688524590163, "6": 2.4754098360655736, "7": 2.4754098360655736, "8": 2.69672131147541, "9": 2.69672131147541, "10": 2.4754098360655736, "11": 2.69672131147541, "12": 2.69672131147541, "13": 2.69672131147541, "14": 2.69672131147541, "15": 2.5245901639344264, "16": 2.5245901639344264, "17": 2.7459016393442623, "18": 2.7459016393442623, "19": 2.819672131147541, "20": 2.819672131147541, "21": 2.819672131147541, "22": 2.819672131147541, "23": 2.5245901639344264, "24": 2.7459016393442623, "25": 2.7459016393442623, "26": 2.819672131147541, "27": 2.819672131147541, "28": 2.819672131147541, "29": 2.819672131147541, "30": 2.7459016393442623, "31": 2.7459016393442623, "32": 2.819672131147541, "33": 2.819672131147541, "34": 2.819672131147541, "35": 2.819672131147541, "36": 3.262295081967213, "37": 3.262295081967213, "38": 3.262295081967213, "39": 3.262295081967213, "40": 3.262295081967213, "41": 3.262295081967213, "42": 2.540983606557377, "43": 2.540983606557377, "44": 2.762295081967213, "45": 2.762295081967213, "46": 2.8360655737704916, "47": 2.8360655737704916, "48": 2.8360655737704916, "49": 2.8360655737704916, "50": 2.860655737704918, "51": 2.860655737704918, "52": 2.860655737704918, "53": 2.860655737704918, "54": 2.860655737704918, "55": 2.860655737704918, "56": 2.860655737704918, "57": 2.860655737704918, "58": 2.540983606557377, "59": 2.762295081967213, "60": 2.762295081967213, "61": 2.8360655737704916, "62": 2.8360655737704916, "63": 2.8360655737704916, "64": 2.8360655737704916, "65": 2.860655737704918, "66": 2.860655737704918, "67": 2.860655737704918, "68": 2.860655737704918, "69": 2.860655737704918, "70": 2.860655737704918, "71": 2.860655737704918, "72": 2.860655737704918, "73": 2.762295081967213, "74": 2.762295081967213, "75": 2.8360655737704916, "76": 2.8360655737704916, "77": 2.8360655737704916, "78": 2.8360655737704916, "79": 2.860655737704918, "80": 2.860655737704918, "81": 2.860655737704918, "82": 2.860655737704918, "83": 2.860655737704918, "84": 2.860655737704918, "85": 2.860655737704918, "86": 2.860655737704918, "87": 3.278688524590164, "88": 3.278688524590164, "89": 3.30327868852459, "90": 3.30327868852459, "91": 3.30327868852459, "92": 3.30327868852459, "93": 3.278688524590164, "94": 3.278688524590164, "95": 3.30327868852459, "96": 3.30327868852459, "97": 3.30327868852459, "98": 3.30327868852459, "99": 3.278688524590164, "100": 3.278688524590164, "101": 3.30327868852459, "102": 3.30327868852459, "103": 3.30327868852459, "104": 3.30327868852459, "105": 3.4508196721311477, "106": 3.4508196721311477, "107": 3.4508196721311477, "108": 3.4508196721311477, "109": 3.6721311475409837, "110": 3.6721311475409837, "111": 3.6721311475409837, "112": 3.6721311475409837, "113": 3.4508196721311477, "114": 3.4508196721311477, "115": 3.6721311475409837, "116": 3.6721311475409837, "117": 3.6721311475409837, "118": 3.6721311475409837, "119": 3.6721311475409837, "120": 3.6721311475409837, "121": 3.6721311475409837, "122": 3.6721311475409837}}