{"name": "eigen", "eigen": 3, "normalized": false, "process_time": 0.01244211196899414, "data": {"0": -0.030193593725154965, "1": -0.030193593725164697, "2": -0.03019359372516776, "3": 0.059787690677251384, "4": 0.0597876906772537, "5": 0.05978769067726266, "6": -0.1298358077750842, "7": -0.12983580777508894, "8": 0.0636289525209402, "9": 0.06362895252094661, "10": -0.12983580777511106, "11": 0.06362895252091932, "12": 0.06362895252094558, "13": 0.06362895252091866, "14": 0.06362895252093928, "15": -0.0530446622485113, "16": -0.05304466224851441, "17": 0.025995727631216353, "18": 0.025995727631217547, "19": -0.1405713018079407, "20": -0.1405713018079443, "21": 0.029369927452562783, "22": 0.02936992745256857, "23": -0.05304466224852193, "24": 0.02599572763120697, "25": 0.02599572763121663, "26": -0.14057130180794933, "27": -0.14057130180797311, "28": 0.02936992745253591, "29": 0.029369927452559483, "30": 0.025995727631206736, "31": 0.025995727631214088, "32": -0.14057130180795585, "33": -0.14057130180797564, "34": 0.029369927452532908, "35": 0.029369927452551577, "36": 0.10841031733228093, "37": 0.10841031733226222, "38": 0.10841031733228873, "39": 0.10841031733226386, "40": 0.10841031733229572, "41": 0.10841031733229017, "42": -0.043369291591669426, "43": -0.04336929159167155, "44": 0.02125409502079413, "45": 0.02125409502079583, "46": -0.11493103206063417, "47": -0.11493103206063737, "48": 0.02401283925136353, "49": 0.02401283925136828, "50": -0.05978063141082484, "51": -0.0597806314108269, "52": -0.003014852758966088, "53": -0.0030148527589654167, "54": -0.12264112406441582, "55": -0.12264112406441788, "56": -0.0005915463901953462, "57": -0.0005915463901912408, "58": -0.04336929159167834, "59": 0.021254095020787164, "60": 0.02125409502079527, "61": -0.11493103206064083, "62": -0.11493103206066024, "63": 0.024012839251341532, "64": 0.024012839251360624, "65": -0.05978063141083171, "66": -0.05978063141083903, "67": -0.003014852758979619, "68": -0.0030148527589728474, "69": -0.12264112406442831, "70": -0.12264112406444563, "71": -0.0005915463902215242, "72": -0.0005915463902044095, "73": 0.02125409502078691, "74": 0.021254095020793288, "75": -0.11493103206064634, "76": -0.11493103206066226, "77": 0.024012839251339194, "78": 0.024012839251354168, "79": -0.059780631410835845, "80": -0.059780631410841195, "81": -0.003014852758981888, "82": -0.0030148527589767445, "83": -0.12264112406443504, "84": -0.12264112406444938, "85": -0.0005915463902257101, "86": -0.0005915463902120512, "87": 0.08863622586381999, "88": 0.08863622586380498, "89": 0.06160853385349037, "90": 0.06160853385348373, "91": 0.12079761887411304, "92": 0.1207976188740995, "93": 0.08863622586382651, "94": 0.08863622586380637, "95": 0.06160853385349299, "96": 0.06160853385348543, "97": 0.1207976188741205, "98": 0.1207976188741024, "99": 0.08863622586383207, "100": 0.08863622586382773, "101": 0.06160853385349863, "102": 0.06160853385349676, "103": 0.12079761887413162, "104": 0.12079761887412777, "105": -0.19420286453338714, "106": -0.1942028645333932, "107": -0.19420286453339278, "108": -0.19420286453340124, "109": 0.06679058445283063, "110": 0.12355636310468267, "111": 0.06679058445283945, "112": 0.12355636310469285, "113": -0.1942028645334296, "114": -0.19420286453343144, "115": 0.06679058445279626, "116": 0.12355636310465389, "117": 0.06679058445283248, "118": 0.12355636310469716, "119": 0.06679058445279372, "120": 0.12355636310465466, "121": 0.0667905844528223, "122": 0.12355636310468864}}