{"name": "eigen", "eigen": 4, "normalized": false, "process_time": 0.01244211196899414, "data": {"0": 1.2757500716778783e-05, "1": -0.05188001347094127, "2": 0.051867255970222105, "3": 0.050853520824350254, "4": -0.05086602898226448, "5": 1.2508157918870993e-05, "6": -0.11267505716782839, "7": 0.11270277122548308, "8": 0.11050055976513999, "9": -0.11047230404176163, "10": -2.7714057664615e-05, "11": -0.0022299255180066885, "12": -0.11267559883353873, "13": 0.002175039068403039, "14": 0.11270222955977342, "15": -0.04566093587986899, "16": 0.045672166846520416, "17": 0.044779732985716914, "18": -0.04476828251206341, "19": -0.0991813803323575, "20": 0.09922824012103365, "21": 0.09728954036906756, "22": -0.09724220372917929, "23": -1.1230966655752942e-05, "24": -0.0009036648274593405, "25": -0.04566115538686426, "26": -0.14486477814553356, "27": -0.045696564701900325, "28": -0.04763526445386545, "29": -0.14486525499673417, "30": 0.0008814224011500896, "31": 0.04567194733952529, "32": 0.14487794503424706, "33": 0.045636538024489366, "34": 0.04757571462766834, "35": 0.14487746818304714, "36": 0.1420468114214767, "37": 0.0428054044117198, "38": -0.14203294817454984, "39": -0.04286473473091586, "40": -0.09918207669055301, "41": 0.0992275437628387, "42": -0.03729430509344464, "43": 0.03730347816641651, "44": 0.03657456843123035, "45": -0.036565216072378004, "46": -0.08100799045020601, "47": 0.08104626393763693, "48": 0.07946279967784567, "49": -0.07942413671450353, "50": -0.03282257870764136, "51": 0.03284900029712175, "52": 0.03220731027404376, "53": -0.032180730851631104, "54": -0.0713055820362482, "55": 0.07135762194954122, "56": 0.06996363148904876, "57": -0.06991124870366347, "58": -9.173072975363072e-06, "59": -0.0007380828081614936, "60": -0.03729448437931961, "61": -0.1183206416895978, "62": -0.037323405507909316, "63": -0.03890686976770008, "64": -0.11832103116549901, "65": -0.07013522994703345, "66": -0.03731155360995416, "67": -0.03795324363303215, "68": -0.07013538777996092, "69": -0.14146613594332416, "70": -0.0701608482708505, "71": -0.07155483873134225, "72": -0.14146647881540858, "73": 0.0007199159480909961, "74": 0.03730329888054128, "75": 0.11833139595810613, "76": 0.03727437775195168, "77": 0.038858231487654764, "78": 0.11833100648220565, "79": 0.0701341323175908, "80": 0.03728622964990692, "81": 0.03792807750591751, "82": 0.07013397448466333, "83": 0.14146643030708955, "84": 0.07010851399377376, "85": 0.07150284732635925, "86": 0.1414660874350057, "87": 0.1160190219631288, "88": 0.034962003756974634, "89": 0.06876353255932663, "90": 0.035915629891642736, "91": 0.1387018400883324, "92": 0.06734392377501723, "93": -0.11600769893282896, "94": -0.03501046275113989, "95": -0.06876429306995657, "96": -0.03594061673287707, "97": -0.13870086573366247, "98": -0.06739557806118848, "99": -0.08100855921198223, "100": 0.08104569517586153, "101": -0.032822915826444254, "102": 0.03284866317831918, "103": -0.07130626202713514, "104": 0.07135694195865479, "105": -0.15233191863240153, "106": -0.18517982130008548, "107": 0.15238553974123084, "108": 0.18520921607831012, "109": 0.14940808502094693, "110": 0.18159007133494767, "111": -0.14935373156411447, "112": -0.1815597863757879, "113": -0.032877297445923506, "114": 0.032794281558839865, "115": -0.03585475216620582, "116": 0.02917513681547869, "117": -0.18518055364807118, "118": -0.15233280881331457, "119": 0.035772468627128406, "120": -0.0292572625216247, "121": 0.18520848373032564, "122": 0.15238464956031955}}