{"name": "eigen", "eigen": 4, "normalized": true, "process_time": 0.01839613914489746, "data": {"0": -0.006372376017536413, "1": 0.0337265914693853, "2": 0.0263358115700214, "3": 0.047301521662895085, "4": 0.1005404269576505, "5": 0.025233963006101555, "6": 0.010894079054040396, "7": -0.08451868377731976, "8": -0.12208503720505325, "9": -0.12993191478153435, "10": -0.14236784091704668, "11": -0.10976416755360019, "12": -0.15128612787333104, "13": -0.04951228130182768, "14": 0.10803247718966998, "15": 0.08854819943857523, "16": 0.07140226858825147, "17": 0.09544148751893164, "18": 0.09401963172615016, "19": -0.056525664524477555, "20": -0.04099883240409227, "21": -0.06642066648191955, "22": -0.051774481704807404, "23": -0.019283793998205238, "24": -0.0293787945576267, "25": -0.01948908223271502, "26": 0.021116921330102553, "27": 0.042673116749647105, "28": 0.029610645835011426, "29": 0.028116144348649598, "30": 0.042272071692625264, "31": 0.0017665596263737038, "32": 0.031012899841133507, "33": 0.014273964813541762, "34": 0.038713587950282485, "35": -0.051925176129106694, "36": 0.10492778550793495, "37": 0.031921061693379306, "38": 0.01394820657927032, "39": 0.10043188811917164, "40": 0.1439950751840559, "41": 0.20330583546449915, "42": 0.17877541558751395, "43": 0.16676406227609142, "44": 0.04971251886910242, "45": 0.06326136137649083, "46": 0.010290714223602736, "47": 0.08738669071708896, "48": 0.016430836759114664, "49": 0.0318450976659241, "50": 0.06594174529513867, "51": 0.103038956708755, "52": -0.10937050384221128, "53": -0.07848009014016091, "54": 0.04908047955804622, "55": -0.009995951166317268, "56": -0.004693339086719497, "57": -0.028643373478604447, "58": -0.04009790813113946, "59": -0.12939697644287013, "60": -0.2036528690507483, "61": -0.20931320657400404, "62": -0.23395928466356455, "63": -0.1780641214622652, "64": -0.21301929052275342, "65": -0.23843321850475002, "66": -0.21582305870781923, "67": -0.2105335250731719, "68": -0.13446690112376322, "69": -0.07957909346782051, "70": 0.039831747553858744, "71": 0.007553248400671023, "72": 0.04806995847002467, "73": 0.02864163888118057, "74": 0.0550544093109865, "75": -0.015091950622299732, "76": 0.052851190141780344, "77": 0.020854243075648305, "78": 0.05095768292816184, "79": 0.010191367704443559, "80": -0.006650283209971214, "81": -0.07123289818860248, "82": -0.038516567760799106, "83": -0.11657303303135509, "84": 0.115188068730321, "85": 0.18324692103874407, "86": 0.17120326017009269, "87": 0.20194576477480217, "88": 0.13654704862351202, "89": 0.16547920183151216, "90": 0.0852281659715477, "91": 0.006243598245370283, "92": 0.02014288298996081, "93": -0.0065216882736351955, "94": -0.03431115868180538, "95": -0.02256937326656966, "96": 0.012059839804118698, "97": 0.03456984109846997, "98": 0.085631737868609, "99": -0.047617351252759565}}