{"name": "eigen", "eigen": 1, "normalized": true, "process_time": 0.012897968292236328, "data": {"0": 0.09867931490049477, "1": 0.2607507045669574, "2": 0.16702439514131512, "3": 0.13268240005898174, "4": 0.1286543119888949, "5": 0.1522367342702495, "6": 0.11931815905445556, "7": 0.1396622032356764, "8": 0.10788203411860889, "9": 0.10145745259081024, "10": 0.16415722633122953, "11": 0.10612965516330504, "12": 0.12347782218890543, "13": 0.08394977104177537, "14": 0.07140092550072821, "15": 0.06753927316549892, "16": 0.058270913932221155, "17": 0.03098016740177202, "18": 0.013544268912222837, "19": 0.0017590747502361642, "20": -0.010030569262237193, "21": -0.021794839405007344, "22": -0.04738177745767565, "23": -0.04487350704080072, "24": -0.07937913336883637, "25": -0.06695939529915348, "26": -0.07761988300601987, "27": -0.08808401926499497, "28": -0.13905302006422918, "29": -0.20171302170331062, "30": -0.16281698363396793, "31": -0.1922091854927498, "32": -0.23426213094648202, "33": -0.08865489597552657, "34": 0.13990821744488866, "35": 0.09905533716417549, "36": 0.09867931490049484, "37": 0.09867931490049459, "38": 0.09867931490049459, "39": 0.13990821744488882, "40": 0.09905533716417558, "41": 0.09655370322709168, "42": 0.08800523090387373, "43": 0.11446824235505135, "44": 0.08104377675697699, "45": 0.06710177915920042, "46": 0.06710177915920078, "47": 0.09513736814053679, "48": 0.0673574737079708, "49": 0.0671017791592006, "50": 0.06135158411776558, "51": 0.07839181354349843, "52": 0.05550158284677717, "53": 0.05529089424162611, "54": 0.05529089424162611, "55": 0.08448433202011399, "56": 0.048838824498106975, "57": 0.048838824498106975, "58": 0.04127554998839628, "59": 0.03381240342361419, "60": 0.03381240342361419, "61": 0.026092547491324565, "62": 0.03699419490080988, "63": 0.026191974395359773, "64": 0.045423868040920995, "65": 0.026258695147729244, "66": 0.02625869514772923, "67": 0.025391589336177932, "68": 0.017977303183211103, "69": -0.033631644653485976, "70": -0.023811281148293076, "71": -0.023720891552994186, "72": -0.03973983069535082, "73": -0.03973983069535082, "74": -0.06961456040787557, "75": -0.06961456040787559, "76": -0.07633690893088262, "77": -0.10823099921743615, "78": -0.07662779438471375, "79": -0.07633690893088257, "80": -0.10823099921743609, "81": -0.07662779438471365, "82": -0.07633690893088263, "83": -0.08151158987686506, "84": -0.08151158987686506, "85": -0.1498326367118779, "86": -0.08661546672012327, "87": -0.08661546672012327, "88": -0.12202698722240002, "89": -0.08639538536901677, "90": -0.1498326367118779, "91": -0.08661546672012327, "92": -0.08661546672012327, "93": -0.08865489597552632, "94": -0.15433710707292347, "95": -0.08921941744281654, "96": -0.08921941744281654, "97": -0.12569552672923665, "98": -0.08899271970996035, "99": -0.1256955267292366, "100": -0.0889927197099603, "101": -0.1256955267292367, "102": -0.08899271970996034}}