{"name": "eigen", "eigen": 3, "normalized": true, "process_time": 0.012897968292236328, "data": {"0": 0.07767676045659827, "1": 0.20276396034409863, "2": 0.10195668605971467, "3": 0.053642727826492875, "4": 0.02260286749745402, "5": -0.011073862739658795, "6": -0.04020091340170788, "7": -0.08608047289359747, "8": -0.09459438171997167, "9": -0.11637331777502158, "10": -0.2338935211956992, "11": -0.16129626078274434, "12": -0.1917695488010844, "13": -0.1155866702833542, "14": -0.06965596069617183, "15": -0.023076790929850016, "16": 0.04040456618548828, "17": 0.07649020603312942, "18": 0.09422359509810774, "19": 0.12347208566090301, "20": 0.1494168701872676, "21": 0.17136375175977772, "22": 0.2668981675580818, "23": 0.18550044987450565, "24": 0.2507570563438146, "25": 0.15482639345487206, "26": 0.12819812797246896, "27": 0.09813970313886711, "28": 0.09256789083159656, "29": 0.05143507570954753, "30": -0.023295014328517882, "31": -0.09345975491031824, "32": -0.16236009015760897, "33": -0.06219845878666942, "34": 0.11293503696216407, "35": 0.08093997392768751, "36": 0.07767676045659835, "37": 0.07767676045659827, "38": 0.07767676045659826, "39": 0.1129350369621643, "40": 0.08093997392768776, "41": 0.05966291157174437, "42": -0.006480191921959217, "43": -0.07323707149162978, "44": -0.052488641404160596, "45": -0.09678140588910848, "46": -0.09678140588910827, "47": -0.14071147647105817, "48": -0.10084720865420617, "49": -0.09678140588910837, "50": -0.09438718455695597, "51": -0.1263809447069814, "52": -0.09057658849455745, "53": -0.08692486080800295, "54": -0.08692486080800295, "55": -0.1239209189226074, "56": -0.07251591938991214, "57": -0.07251591938991211, "58": -0.04076120541056585, "59": -0.011694853328784111, "60": -0.011694853328784118, "61": 0.018314488998064753, "62": 0.026627622982491224, "63": 0.01908388369041897, "64": 0.03355389533355042, "65": 0.019635034910811904, "66": 0.019635034910811904, "67": 0.06507769415465772, "68": 0.046640856636162645, "69": 0.19665389360911928, "70": 0.14094085812211665, "71": 0.13525862121823656, "72": 0.12707863082059964, "73": 0.12707863082059967, "74": 0.04691154456966169, "75": 0.04691154456966169, "76": 0.01970424156332968, "77": 0.028648198459684998, "78": 0.020532019989323313, "79": 0.019704241563329696, "80": 0.02864819845968503, "81": 0.020532019989323327, "82": 0.019704241563329682, "83": -0.01180544455648504, "84": -0.01180544455648504, "85": -0.07761347615424768, "86": -0.04541777634724679, "87": -0.04541777634724679, "88": -0.06159232365875063, "89": -0.044142909102293446, "90": -0.07761347615424766, "91": -0.04541777634724676, "92": -0.04541777634724676, "93": -0.06219845878666941, "94": -0.11395352478884778, "95": -0.06668320966006731, "96": -0.0666832096600673, "97": -0.09043097576123811, "98": -0.06481142626111813, "99": -0.09043097576123806, "100": -0.06481142626111812, "101": -0.09043097576123811, "102": -0.06481142626111813}}