{"name": "eigen", "eigen": 5, "normalized": true, "process_time": 0.012897968292236328, "data": {"0": 0.032727758450231556, "1": 0.08351857602345995, "2": 0.019861767198361302, "3": -0.014530154904845428, "4": -0.04424673856759777, "5": -0.0867423882349391, "6": -0.08726329381028028, "7": -0.11942740092599664, "8": -0.08561623581224766, "9": -0.0676475746445078, "10": -0.07773550276617748, "11": -0.0026890563648529833, "12": 0.06451637498831458, "13": 0.08406870318502443, "14": 0.09077263367877267, "15": 0.09755029347480698, "16": 0.07744954847403769, "17": 0.002254905577569688, "18": -0.04571926158939227, "19": -0.09003673974729925, "20": -0.12796783534497325, "21": -0.15682206349707237, "22": -0.24685489362234503, "23": -0.14003443889686631, "24": -0.13517526515757916, "25": -0.030543540113090382, "26": 0.036662745704370885, "27": 0.10126851177362972, "28": 0.22442327008901128, "29": 0.34036310183078844, "30": 0.13579197101056412, "31": -0.01672137962027348, "32": -0.20462715006566168, "33": -0.08018560969989605, "34": 0.050030900787321364, "35": 0.036677989725378134, "36": 0.03272775845023147, "37": 0.032727758450231695, "38": 0.03272775845023164, "39": 0.05003090078732135, "40": 0.036677989725378106, "41": 0.011888839385310108, "42": -0.05192218352597019, "43": -0.10928174339202139, "44": -0.08011518078282766, "45": -0.03290227945123281, "46": -0.03290227945123231, "47": -0.050297690915941294, "48": -0.036873575362301736, "49": -0.0329022794512325, "50": -0.0016096130269024206, "51": 0.04572873804452349, "52": 0.033524045295154625, "53": 0.029913494848254743, "54": 0.029913494848254743, "55": 0.10251470972558527, "56": 0.06136316604595662, "57": 0.0613631660459566, "58": 0.054334604348678636, "59": 0.0505685830489925, "60": 0.05056858304899253, "61": 0.03591005647321923, "62": 0.054895677484628654, "63": 0.040244390228110986, "64": 0.07315539397151402, "65": 0.04378929228252043, "66": 0.04378929228252043, "67": 0.0020633456877609813, "68": 0.0015126525955892409, "69": -0.1956212395909477, "70": -0.14341124590746462, "71": -0.12796580865659435, "72": -0.07007279403066047, "73": -0.0700727940306604, "74": 0.11633759743176525, "75": 0.11633759743176521, "76": 0.13337537482632159, "77": 0.2038908395011169, "78": 0.14947374519820403, "79": 0.1333753748263216, "80": 0.2038908395011169, "81": 0.14947374519820403, "82": 0.13337537482632167, "83": 0.07039248493093984, "84": 0.07039248493093984, "85": -0.01579427043759283, "86": -0.00945412070161533, "87": -0.00945412070161533, "88": -0.011851992436602747, "89": -0.008688775336324388, "90": -0.01579427043759283, "91": -0.009454120701615323, "92": -0.009454120701615323, "93": -0.08018560969989602, "94": -0.16335284442720424, "95": -0.09777960395632977, "96": -0.09777960395632979, "97": -0.1225796838352669, "98": -0.08986399032394349, "99": -0.12257968383526686, "100": -0.08986399032394342, "101": -0.12257968383526688, "102": -0.08986399032394349}}