{"name": "eigen", "eigen": 4, "normalized": true, "process_time": 0.012897968292236328, "data": {"0": -0.0604312519882389, "1": -0.15625442786931878, "2": -0.06143380635990314, "3": -0.01221563849123744, "4": 0.02628414548188149, "5": 0.0778814020279813, "6": 0.09508458282487038, "7": 0.14973704280094685, "8": 0.1320894353579404, "9": 0.1359185543912897, "10": 0.23135555528166482, "11": 0.1149568094260055, "12": 0.07205734465962785, "13": -0.016374902871724273, "14": -0.08532938876268056, "15": -0.16914766503117218, "16": -0.24209329776674138, "17": -0.16480298612173497, "18": -0.09691811530646799, "19": -0.05487237887477352, "20": -0.010333910828917534, "21": 0.034674004081634235, "22": 0.11045963247119756, "23": 0.10686869561873485, "24": 0.18494494679524043, "25": 0.13672230474541708, "26": 0.13645778954878224, "27": 0.12999429677942173, "28": 0.16634750485034538, "29": 0.16669460012500031, "30": 0.03826781573107382, "31": -0.06118923367069526, "32": -0.16311641274541377, "33": -0.0630851181400102, "34": -0.08967978108351535, "35": -0.06488701868852753, "36": -0.06043125198823879, "37": -0.06043125198823879, "38": -0.06043125198823898, "39": -0.08967978108351518, "40": -0.06488701868852742, "41": -0.036293184454904995, "42": 0.04600991305746242, "43": 0.13127434224602064, "44": 0.09498239843727051, "45": 0.09664571109211606, "46": 0.09664571109211631, "47": 0.14342192041774054, "48": 0.10377167203189183, "49": 0.09664571109211621, "50": 0.06791291206023128, "51": 0.04893329700117541, "52": 0.03540525766950353, "53": 0.03297399219718783, "54": 0.03297399219718783, "55": -0.018494885229092373, "56": -0.010926203679442775, "57": -0.010926203679442775, "58": -0.050409952260577165, "59": -0.08653948177778545, "60": -0.08653948177778543, "61": -0.11078374521375636, "62": -0.16440271699674838, "63": -0.11895214329613904, "64": -0.21180260611347512, "65": -0.12512640038405812, "66": -0.12512640038405815, "67": -0.1444826423617204, "68": -0.10453914808692656, "69": 0.08386578658434703, "70": 0.06068035398479447, "71": 0.056513457337176005, "72": 0.09462170139996093, "73": 0.09462170139996096, "74": 0.08510686128669606, "75": 0.08510686128669609, "76": 0.06446897872012626, "77": 0.09567175439992422, "78": 0.0692224584037615, "79": 0.06446897872012622, "80": 0.09567175439992423, "81": 0.06922245840376147, "82": 0.06446897872012626, "83": 0.019578614588174188, "84": 0.019578614588174188, "85": -0.05353324225450794, "86": -0.03162577659977229, "87": -0.03162577659977229, "88": -0.04155289039064506, "89": -0.03006522922741309, "90": -0.05353324225450793, "91": -0.03162577659977227, "92": -0.03162577659977227, "93": -0.06308511814001018, "94": -0.12060968333621024, "95": -0.07125245436893121, "96": -0.07125245436893123, "97": -0.09361810980723778, "98": -0.0677365618788677, "99": -0.09361810980723777, "100": -0.06773656187886766, "101": -0.09361810980723778, "102": -0.06773656187886772}}