{"name": "fiedler", "normalized": false, "process_time": 0.026348114013671875, "data": {"0": -0.23027931143856506, "1": -0.5281323060194173, "2": -0.3565584295738287, "3": -0.1954288464405812, "4": 0.04323536332243515, "5": 0.029189534204122642, "6": 0.2302793101127667, "7": 0.5281323509950823, "8": 0.35655844786515006, "9": 0.1954288481526911, "10": -0.04323540815670011, "11": -0.029189553023155446}}