{"name": "eigen", "eigen": 2, "normalized": true, "process_time": 0.006270885467529297, "data": {"0": 0.09180565728056016, "1": 0.09180565728056023, "2": 0.09180565728056023, "3": 0.09180565728056009, "4": 0.09180565728056025, "5": 0.09180565728056038, "6": 0.09180565728056024, "7": 0.0918056572805602, "8": 0.09180565728056014, "9": 0.09254897748030183, "10": 0.02238648425006548, "11": 0.003166730631788182, "12": -0.016083730087606628, "13": -0.03517823035959532, "14": -0.053931614950336194, "15": -0.07216203635087325, "16": -0.0896927181130479, "17": -0.10635366901243207, "18": -0.12198333141641614, "19": -0.13643014787358476, "20": -0.14955403073349988, "21": -0.16122772054630807, "22": -0.1713380200700649, "23": -0.17978689191987718, "24": -0.1864924092151889, "25": -0.1913895500070008, "26": -0.19443082778162885, "27": -0.19558675192714187, "28": -0.19484611369743918, "29": -0.19221609490103478, "30": -0.18772219826061345, "31": -0.18140800011865407, "32": -0.17333472788707385, "33": -0.1635806663382736, "34": -0.15224039849465476, "35": -0.1394238884775353, "36": -0.12525541520887973, "37": -0.10987236730550813, "38": -0.09342391085143305, "39": -0.07606954296664743, "40": -0.057977545198094914, "41": -0.039323351729953084, "42": -0.020287848236344063, "43": -0.0010556178721262898, "44": 0.018186848589982332, "45": 0.03725296112003956, "46": 0.05595783975398931, "47": 0.07412010733463369, "48": 0.09156364828664525, "49": 0.10811931637116001, "50": 0.12362657486022342, "51": 0.13793505322667382, "52": 0.15090600525457884, "53": 0.16241365443124323, "54": 0.172346413574812, "55": 0.18060796687100783, "56": 0.1871182038267219, "57": 0.19181399608411678, "58": 0.19464980956264005, "59": 0.13830877541926775}}