{"name":"fiedler","normalized":false,"weight":"value","num_of_nodes":60,"num_of_edges":95,"process_time":0.014677762985229492,"data":{"0":-0.16605704035247992,"1":-0.1660570403524799,"2":-0.16605704035247984,"3":-0.16605704035248003,"4":-0.16605704035247992,"5":-0.16605704035248006,"6":-0.16605704035247995,"7":-0.16605704035247995,"8":-0.1660570403524799,"9":-0.16559145298327146,"10":-0.16093688468441325,"11":-0.155831085150743,"12":-0.15028837025659056,"13":-0.1443242809160821,"14":-0.13795553950060743,"15":-0.13120000294748194,"16":-0.12407661268725828,"17":-0.11660534153022749,"18":-0.10880713766110159,"19":-0.10070386589897459,"20":-0.09231824638733369,"21":-0.08367379088608903,"22":-0.07479473684431939,"23":-0.06570597943864541,"24":-0.05643300176784728,"25":-0.0470018033995041,"26":-0.037438827469053096,"27":-0.027770886535715363,"28":-0.018025087403218256,"29":-0.008228755116136315,"30":0.0015906436550196458,"31":0.011405577625131752,"32":0.02118852808628379,"33":0.030912066063614276,"34":0.04054892921888592,"35":0.05007209828616029,"36":0.05945487282528602,"37":0.06867094608082919,"38":0.07769447873659072,"39":0.08650017135895909,"40":0.09506333532602998,"41":0.10335996204367551,"42":0.11136679025455634,"43":0.1190613712514187,"44":0.12642213181190187,"45":0.133428434678472,"46":0.14006063641398203,"47":0.14630014247072193,"48":0.15212945931863228,"49":0.157532243486602,"50":0.16249334737942625,"51":0.16699886174203574,"52":0.1710361546520112,"53":0.17459390693112067,"54":0.17766214387666143,"55":0.18023226322369257,"56":0.18229705925981624,"57":0.1838507430249365,"58":0.184888958539404,"59":0.1854087950150748}}