{"0": 0.24693810172779287, "1": -0.6749643442306603, "2": 0.4280262425028681, "3": -0.363804537911769, "4": 0.3866095887892928, "5": -0.022805050877524102, "6": 0.05070067016528618, "7": 0.05843994011043324, "8": -0.10914061027571903}