{"0": 0.3367144497695974, "1": -0.8125369626034485, "2": 0.47582251283384985, "3": 3.3306690738754696e-16, "4": 1.6653345369377348e-16, "5": 1.6653345369377348e-16, "6": 1.6653345369377348e-16, "7": 1.6653345369377348e-16, "8": 1.6653345369377348e-16}