{"name": "eigen", "eigen": 2, "normalized": false, "process_time": 0.16484665870666504, "data": {"0": -1.4375630746510395e-32, "1": 0.0035191931808647723, "2": 0.04188542074980304, "3": -0.04540461393066779, "4": 0.004685655477148755, "5": 0.004685655477148892, "6": 0.004685655477147751, "7": 0.05576864953482086, "8": 0.05576864953482279, "9": 0.05576864953482434, "10": -0.06045430501197164, "11": -0.060454305011971174, "12": -0.06045430501197063, "13": 0.005065685831831781, "14": 0.005065685831833434, "15": 0.005065685831830458, "16": 0.005065685831830992, "17": 0.005065685831830559, "18": 0.005065685831832598, "19": 0.005065685831831115, "20": 0.005065685831829828, "21": 0.005065685831829363, "22": 0.06029176903565653, "23": 0.06029176903565642, "24": 0.060291769035656737, "25": 0.06029176903565925, "26": 0.060291769035658756, "27": 0.060291769035659776, "28": 0.06029176903566122, "29": 0.0602917690356628, "30": 0.06029176903566123, "31": -0.06535745486749094, "32": -0.06535745486749094, "33": -0.06535745486749094, "34": -0.06535745486749016, "35": -0.06535745486749016, "36": -0.06535745486749016, "37": -0.06535745486748976, "38": -0.06535745486748956, "39": -0.0653574548674901, "40": 0.005182859259216273, "41": 0.005182859259216273, "42": 0.005182859259216273, "43": 0.005182859259217623, "44": 0.005182859259217623, "45": 0.005182859259217623, "46": 0.005182859259214332, "47": 0.005182859259214332, "48": 0.005182859259214332, "49": 0.005182859259215284, "50": 0.005182859259215284, "51": 0.005182859259215284, "52": 0.005182859259214895, "53": 0.005182859259214895, "54": 0.005182859259214895, "55": 0.005182859259217051, "56": 0.005182859259217051, "57": 0.005182859259217051, "58": 0.005182859259214935, "59": 0.005182859259215025, "60": 0.005182859259215025, "61": 0.005182859259213627, "62": 0.005182859259213627, "63": 0.005182859259213627, "64": 0.005182859259213232, "65": 0.005182859259213232, "66": 0.005182859259213232, "67": 0.061686366619377764, "68": 0.06168636661937781, "69": 0.06168636661937781, "70": 0.06168636661937783, "71": 0.06168636661937783, "72": 0.06168636661937783, "73": 0.061686366619378145, "74": 0.061686366619378145, "75": 0.061686366619378145, "76": 0.06168636661938086, "77": 0.06168636661938086, "78": 0.06168636661938086, "79": 0.061686366619380324, "80": 0.061686366619380324, "81": 0.061686366619380324, "82": 0.06168636661938151, "83": 0.06168636661938151, "84": 0.06168636661938151, "85": 0.06168636661938278, "86": 0.06168636661938278, "87": 0.06168636661938278, "88": 0.06168636661938481, "89": 0.06168636661938481, "90": 0.06168636661938481, "91": 0.061686366619382794, "92": 0.061686366619382794, "93": 0.061686366619382794, "94": -0.06686922587859673, "95": -0.06686922587859673, "96": -0.06686922587859673, "97": -0.06686922587859673, "98": -0.06686922587859673, "99": -0.06686922587859673, "100": -0.06686922587859673, "101": -0.06686922587859673, "102": -0.06686922587859673, "103": -0.06686922587859594, "104": -0.06686922587859594, "105": -0.06686922587859594, "106": -0.06686922587859594, "107": -0.06686922587859594, "108": -0.06686922587859594, "109": -0.06686922587859594, "110": -0.06686922587859594, "111": -0.06686922587859594, "112": -0.0668692258785953, "113": -0.0668692258785953, "114": -0.0668692258785953, "115": -0.06686922587859515, "116": -0.06686922587859509, "117": -0.06686922587859506, "118": -0.06686922587859573, "119": -0.0668692258785959, "120": -0.06686922587859584, "121": 0.005212193890456926, "122": 0.005212193890456926, "123": 0.005212193890456926, "124": 0.005212193890456926, "125": 0.005212193890456926, "126": 0.005212193890456926, "127": 0.005212193890456926, "128": 0.005212193890456926, "129": 0.005212193890456926, "130": 0.0052121938904582795, "131": 0.0052121938904582795, "132": 0.0052121938904582795, "133": 0.0052121938904582795, "134": 0.0052121938904582795, "135": 0.0052121938904582795, "136": 0.0052121938904582795, "137": 0.0052121938904582795, "138": 0.0052121938904582795, "139": 0.0052121938904549124, "140": 0.0052121938904549124, "141": 0.0052121938904549124, "142": 0.0052121938904549124, "143": 0.0052121938904549124, "144": 0.0052121938904549124, "145": 0.0052121938904549124, "146": 0.0052121938904549124, "147": 0.0052121938904549124, "148": 0.005212193890455978, "149": 0.005212193890455978, "150": 0.005212193890455978, "151": 0.005212193890455978, "152": 0.005212193890455978, "153": 0.005212193890455978, "154": 0.005212193890455978, "155": 0.005212193890455978, "156": 0.005212193890455978, "157": 0.005212193890455589, "158": 0.005212193890455589, "159": 0.005212193890455589, "160": 0.005212193890455589, "161": 0.005212193890455589, "162": 0.005212193890455589, "163": 0.005212193890455589, "164": 0.005212193890455589, "165": 0.005212193890455589, "166": 0.005212193890457753, "167": 0.005212193890457753, "168": 0.005212193890457753, "169": 0.005212193890457753, "170": 0.005212193890457753, "171": 0.005212193890457753, "172": 0.005212193890457753, "173": 0.005212193890457753, "174": 0.005212193890457753, "175": 0.005212193890455756, "176": 0.005212193890455756, "177": 0.005212193890455756, "178": 0.005212193890455629, "179": 0.005212193890455629, "180": 0.005212193890455629, "181": 0.005212193890455629, "182": 0.005212193890455629, "183": 0.005212193890455629, "184": 0.005212193890454322, "185": 0.005212193890454322, "186": 0.005212193890454322, "187": 0.005212193890454322, "188": 0.005212193890454322, "189": 0.005212193890454322, "190": 0.005212193890454322, "191": 0.005212193890454322, "192": 0.005212193890454322, "193": 0.005212193890453939, "194": 0.005212193890453939, "195": 0.005212193890453939, "196": 0.005212193890453939, "197": 0.005212193890453939, "198": 0.005212193890453939, "199": 0.005212193890453939, "200": 0.005212193890453939, "201": 0.005212193890453939, "202": 0.06203550726295952, "203": 0.06203550726295952, "204": 0.06203550726295952, "205": 0.06203550726295958, "206": 0.06203550726295958, "207": 0.06203550726295958, "208": 0.06203550726295958, "209": 0.06203550726295958, "210": 0.06203550726295958, "211": 0.0620355072629596, "212": 0.0620355072629596, "213": 0.0620355072629596, "214": 0.0620355072629596, "215": 0.0620355072629596, "216": 0.0620355072629596, "217": 0.0620355072629596, "218": 0.0620355072629596, "219": 0.0620355072629596, "220": 0.062035507262959914, "221": 0.062035507262959914, "222": 0.062035507262959914, "223": 0.062035507262959914, "224": 0.062035507262959914, "225": 0.062035507262959914, "226": 0.062035507262959914, "227": 0.062035507262959914, "228": 0.062035507262959914, "229": 0.062035507262962614, "230": 0.062035507262962614, "231": 0.062035507262962614, "232": 0.062035507262962614, "233": 0.062035507262962614, "234": 0.062035507262962614, "235": 0.062035507262962614, "236": 0.062035507262962614, "237": 0.062035507262962614, "238": 0.062035507262962065, "239": 0.062035507262962065, "240": 0.062035507262962065, "241": 0.062035507262962065, "242": 0.062035507262962065, "243": 0.062035507262962065, "244": 0.062035507262962065, "245": 0.062035507262962065, "246": 0.062035507262962065, "247": 0.06203550726296328, "248": 0.06203550726296328, "249": 0.06203550726296328, "250": 0.06203550726296328, "251": 0.06203550726296328, "252": 0.06203550726296328, "253": 0.06203550726296328, "254": 0.06203550726296328, "255": 0.06203550726296328, "256": 0.062035507262964584, "257": 0.062035507262964584, "258": 0.062035507262964584, "259": 0.062035507262964584, "260": 0.062035507262964584, "261": 0.062035507262964584, "262": 0.062035507262964584, "263": 0.062035507262964584, "264": 0.062035507262964584, "265": 0.062035507262966604, "266": 0.062035507262966604, "267": 0.062035507262966604, "268": 0.062035507262966604, "269": 0.062035507262966604, "270": 0.062035507262966604, "271": 0.062035507262966604, "272": 0.062035507262966604, "273": 0.062035507262966604, "274": 0.062035507262964584, "275": 0.062035507262964584, "276": 0.062035507262964584,