{"0": 0.0, "1": -3.272984770428364e-16, "2": -6.921295720170431e-17, "3": 3.874409794574998e-16, "4": -0.025801902990857026, "5": 0.020115796427030812, "6": 0.0056861065638246465, "7": -0.009671744174063513, "8": -0.03450126733918037, "9": 0.04417301151324379, "10": -0.024188475283970272, "11": 0.07131150108746558, "12": -0.047123025803493666, "13": -0.03425194221668744, "14": -0.03425194221668751, "15": -0.03425194221668757, "16": 0.026703654265557934, "17": 0.026703654265557493, "18": 0.026703654265558596, "19": 0.007548287951128272, "20": 0.0075482879511277, "21": 0.007548287951127991, "22": -0.0128392089026146, "23": -0.012839208902614814, "24": -0.012839208902614023, "25": -0.04580032006642557, "26": -0.04580032006642499, "27": -0.04580032006642508, "28": 0.05863952896903993, "29": 0.05863952896903929, "30": 0.05863952896903877, "31": -0.032110122188658205, "32": -0.032110122188658816, "33": -0.03211012218865819, "34": 0.09466578552359743, "35": 0.094665785523597, "36": 0.09466578552359745, "37": -0.06255566333493705, "38": -0.06255566333493603, "39": -0.06255566333493803, "40": -0.03686870744776172, "41": -0.03686870744776196, "42": -0.03686870744776182, "43": -0.03686870744776243, "44": -0.036868707447762, "45": -0.036868707447761793, "46": -0.03686870744776234, "47": -0.036868707447762154, "48": -0.03686870744776209, "49": 0.02874374862233017, "50": 0.028743748622330468, "51": 0.028743748622330128, "52": 0.028743748622329774, "53": 0.028743748622329517, "54": 0.02874374862232937, "55": 0.028743748622331304, "56": 0.028743748622331068, "57": 0.02874374862233095, "58": 0.00812495882543025, "59": 0.008124958825430507, "60": 0.008124958825430281, "61": 0.008124958825430203, "62": 0.008124958825429856, "63": 0.008124958825429908, "64": 0.008124958825430361, "65": 0.0081249588254304, "66": 0.008124958825430378, "67": -0.013820093292712242, "68": -0.013820093292711999, "69": -0.013820093292711874, "70": -0.013820093292713338, "71": -0.013820093292711848, "72": -0.01382009329271197, "73": -0.013820093292711333, "74": -0.013820093292711232, "75": -0.013820093292711295, "76": -0.04929935332894014, "77": -0.04929935332894014, "78": -0.04929935332893999, "79": -0.04929935332893934, "80": -0.049299353328939345, "81": -0.04929935332893932, "82": -0.04929935332893953, "83": -0.04929935332893946, "84": -0.049299353328939435, "85": 0.06311944662165167, "86": 0.06311944662165173, "87": 0.0631194466216517, "88": 0.06311944662165102, "89": 0.06311944662165078, "90": 0.06311944662165096, "91": 0.06311944662165067, "92": 0.06311944662165055, "93": 0.06311944662165056, "94": -0.03456325756934042, "95": -0.03456325756934049, "96": -0.03456325756934031, "97": -0.03456325756934128, "98": -0.034563257569341234, "99": -0.03456325756934119, "100": -0.034563257569340144, "101": -0.034563257569340124, "102": -0.034563257569340214, "103": 0.10189802171515068, "104": 0.10189802171515044, "105": 0.10189802171515072, "106": 0.10189802171515015, "107": 0.10189802171515015, "108": 0.1018980217151502, "109": 0.1018980217151507, "110": 0.10189802171515072, "111": 0.10189802171515074, "112": -0.06733476414580791, "113": -0.06733476414580798, "114": -0.06733476414580779, "115": -0.06733476414580672, "116": -0.06733476414580673, "117": -0.06733476414580666, "118": -0.06733476414580924, "119": -0.06733476414580944, "120": -0.06733476414580913, "121": -0.037525775030624466, "122": -0.03752577503062449, "123": -0.03752577503062448, "124": -0.037525775030624785, "125": -0.03752577503062476, "126": -0.03752577503062485, "127": -0.037525775030624604, "128": -0.0375257750306246, "129": -0.0375257750306246, "130": -0.037525775030625375, "131": -0.037525775030625194, "132": -0.037525775030625236, "133": -0.037525775030624875, "134": -0.03752577503062493, "135": -0.03752577503062486, "136": -0.037525775030624584, "137": -0.03752577503062454, "138": -0.037525775030624556, "139": -0.03752577503062524, "140": -0.037525775030625264, "141": -0.03752577503062531, "142": -0.037525775030625146, "143": -0.03752577503062504, "144": -0.03752577503062506, "145": -0.037525775030624924, "146": -0.03752577503062491, "147": -0.03752577503062496, "148": 0.029256014626134395, "149": 0.029256014626134405, "150": 0.02925601462613436, "151": 0.0292560146261347, "152": 0.029256014626134683, "153": 0.029256014626134693, "154": 0.029256014626134235, "155": 0.029256014626134225, "156": 0.029256014626134284, "157": 0.029256014626133857, "158": 0.029256014626133954, "159": 0.029256014626133933, "160": 0.029256014626133753, "161": 0.029256014626133732, "162": 0.02925601462613376, "163": 0.029256014626133503, "164": 0.029256014626133524, "165": 0.02925601462613351, "166": 0.02925601462613558, "167": 0.029256014626135564, "168": 0.02925601462613558, "169": 0.02925601462613533, "170": 0.029256014626135265, "171": 0.02925601462613529, "172": 0.02925601462613511, "173": 0.029256014626135116, "174": 0.02925601462613512, "175": 0.008269760404488801, "176": 0.008269760404488784, "177": 0.008269760404488822, "178": 0.00826976040448911, "179": 0.00826976040448904, "180": 0.008269760404488995, "181": 0.008269760404488812, "182": 0.00826976040448901, "183": 0.008269760404488982, "184": 0.00826976040448877, "185": 0.00826976040448883, "186": 0.008269760404488766, "187": 0.008269760404488425, "188": 0.008269760404488437, "189": 0.008269760404488482, "190": 0.00826976040448843, "191": 0.008269760404488416, "192": 0.008269760404488385, "193": 0.00826976040448902, "194": 0.008269760404489006, "195": 0.008269760404489032, "196": 0.008269760404488992, "197": 0.00826976040448899, "198": 0.008269760404488943, "199": 0.008269760404489072, "200": 0.008269760404489002, "201": 0.008269760404489106, "202": -0.014066392550901568, "203": -0.01406639255090152, "204": -0.014066392550901488, "205": -0.014066392550901257, "206": -0.014066392550901289, "207": -0.01406639255090126, "208": -0.014066392550901185, "209": -0.014066392550901217, "210": -0.01406639255090118, "211": -0.014066392550902597, "212": -0.014066392550902156, "213": -0.014066392550902645, "214": -0.014066392550901084, "215": -0.014066392550901122, "216": -0.014066392550901322, "217": -0.01406639255090128, "218": -0.014066392550901256, "219": -0.01406639255090126, "220": -0.014066392550900673, "221": -0.014066392550900638, "222": -0.014066392550900583, "223": -0.014066392550900472, "224": -0.014066392550900513, "225": -0.014066392550900461, "226": -0.014066392550900631, "227": -0.01406639255090051, "228": -0.014066392550900569, "229": -0.05017795768398694, "230": -0.05017795768398688, "231": -0.05017795768398692, "232": -0.050177957683986876, "233": -0.050177957683986876, "234": -0.050177957683986904, "235": -0.050177957683986744, "236": -0.05017795768398676, "237": -0.050177957683986744, "238": -0.050177957683986106, "239": -0.05017795768398613, "240": -0.050177957683986155, "241": -0.050177957683986106, "242": -0.050177957683986106, "243": -0.05017795768398611, "244": -0.05017795768398606, "245": -0.050177957683986085, "246": -0.05017795768398607, "247": -0.05017795768398633, "248": -0.0501779576839863, "249": -0.05017795768398636, "250": -0.05017795768398626, "251": -0.05017795768398624, "252": -0.05017795768398625, "253": -0.05017795768398624, "254": -0.0501779576839862, "255": -0.05017795768398618, "256": 0.0642443502348878, "257": 0.06424435023488781, "258": 0.06424435023488778, "259": 0.06424435023488784, "260": 0.06424435023488785, "261": 0.06424435023488777, "262": 0.0642443502348878, "263": 0.0642443502348878, "264": 0.06424435023488777, "265": 0.06424435023488706, "266": 0.06424435023488707, "267": 0.06424435023488714, "268": 0.06424435023488684, "269": 0.06424435023488688, "270": 0.06424435023488682, "271": 0.06424435023488707, "272": 0.06424435023488707, "273": 0.0642443502348871, "274": 0.06424435023488664, "275": 0.06424435023488671, "276": 0.06424435023488674, "277": 0.06424435023488652, "278": 0.06424435023488659, "279": 0.06424435023488648,