{"0": 1.5619990199694682e-27, "1": 1.184792104726167e-15, "2": -4.46236798660401e-15, "3": 3.2306999177495323e-15, "4": 0.020020372300949777, "5": 0.036467291428277315, "6": -0.05648766372922198, "7": -0.11031519604225146, "8": 0.04444348892022132, "9": 0.06587170712201232, "10": -0.04043738707309966, "11": 0.0038610340020853694, "12": 0.036576353071026926, "13": 0.026449298631117193, "14": 0.026449298631114247, "15": 0.026449298631114955, "16": 0.04817763959407733, "17": 0.04817763959407937, "18": 0.04817763959407957, "19": -0.07462693822519063, "20": -0.07462693822518754, "21": -0.07462693822518703, "22": -0.14573952570967608, "23": -0.145739525709676, "24": -0.14573952570967819, "25": 0.05871514740032846, "26": 0.05871514740032335, "27": 0.05871514740032311, "28": 0.08702437830933232, "29": 0.08702437830933271, "30": 0.08702437830933282, "31": -0.05342260925426029, "32": -0.05342260925426033, "33": -0.05342260925426033, "34": 0.005100886227833819, "35": 0.005100886227833819, "36": 0.005100886227833819, "37": 0.048321723026440014, "38": 0.04832172302643922, "39": 0.04832172302644062, "40": 0.02826921933389361, "41": 0.02826921933389361, "42": 0.02826921933389361, "43": 0.028269219333890813, "44": 0.028269219333890813, "45": 0.028269219333890813, "46": 0.02826921933389117, "47": 0.02826921933389117, "48": 0.02826921933389117, "49": 0.051492641815157454, "50": 0.051492641815157454, "51": 0.051492641815157454, "52": 0.051492641815160105, "53": 0.051492641815160105, "54": 0.051492641815160105, "55": 0.05149264181516024, "56": 0.05149264181516024, "57": 0.0514926418151602, "58": -0.0797618611490479, "59": -0.0797618611490479, "60": -0.07976186114904778, "61": -0.07976186114904409, "62": -0.07976186114904409, "63": -0.07976186114904409, "64": -0.0797618611490435, "65": -0.0797618611490435, "66": -0.0797618611490435, "67": -0.15576755646206172, "68": -0.15576755646206172, "69": -0.15576755646206172, "70": -0.15576755646206145, "71": -0.15576755646206153, "72": -0.15576755646206153, "73": -0.15576755646206386, "74": -0.15576755646206386, "75": -0.15576755646206386, "76": 0.06275521340777725, "77": 0.06275521340777725, "78": 0.06275521340777725, "79": 0.0627552134077719, "80": 0.0627552134077719, "81": 0.0627552134077719, "82": 0.06275521340777161, "83": 0.06275521340777161, "84": 0.06275521340777161, "85": 0.0930123430542691, "86": 0.0930123430542691, "87": 0.0930123430542691, "88": 0.09301234305426949, "89": 0.09301234305426949, "90": 0.09301234305426949, "91": 0.0930123430542696, "92": 0.0930123430542696, "93": 0.0930123430542696, "94": -0.05709850682470877, "95": -0.05709850682470877, "96": -0.05709850682470877, "97": -0.057098506824708656, "98": -0.057098506824708656, "99": -0.057098506824708656, "100": -0.057098506824708656, "101": -0.057098506824708656, "102": -0.057098506824708656, "103": 0.005451867498755363, "104": 0.005451867498755363, "105": 0.005451867498755363, "106": 0.005451867498755363, "107": 0.005451867498755363, "108": 0.005451867498755363, "109": 0.005451867498755363, "110": 0.005451867498755363, "111": 0.005451867498755363, "112": 0.05164663932596678, "113": 0.05164663932596678, "114": 0.05164663932596678, "115": 0.05164663932596587, "116": 0.051646639325965846, "117": 0.05164663932596578, "118": 0.05164663932596787, "119": 0.05164663932596711, "120": 0.05164663932596749, "121": 0.014265288054581028, "122": 0.014265288054581028, "123": 0.014265288054581028, "124": 0.014265288054581028, "125": 0.014265288054581028, "126": 0.014265288054581028, "127": 0.014265288054581028, "128": 0.014265288054581028, "129": 0.014265288054581028, "130": 0.014265288054579698, "131": 0.014265288054579698, "132": 0.014265288054579698, "133": 0.014265288054579698, "134": 0.014265288054579698, "135": 0.014265288054579698, "136": 0.014265288054579698, "137": 0.014265288054579698, "138": 0.014265288054579698, "139": 0.014265288054579833, "140": 0.014265288054579833, "141": 0.014265288054579833, "142": 0.014265288054579833, "143": 0.014265288054579833, "144": 0.014265288054579833, "145": 0.014265288054579833, "146": 0.014265288054579833, "147": 0.014265288054579833, "148": 0.025984352786986423, "149": 0.025984352786986423, "150": 0.025984352786986423, "151": 0.025984352786986423, "152": 0.025984352786986423, "153": 0.025984352786986423, "154": 0.025984352786986423, "155": 0.025984352786986423, "156": 0.025984352786986423, "157": 0.02598435278698786, "158": 0.02598435278698786, "159": 0.02598435278698786, "160": 0.02598435278698786, "161": 0.02598435278698786, "162": 0.02598435278698786, "163": 0.02598435278698786, "164": 0.02598435278698786, "165": 0.02598435278698786, "166": 0.02598435278698787, "167": 0.02598435278698787, "168": 0.02598435278698787, "169": 0.02598435278698787, "170": 0.02598435278698787, "171": 0.02598435278698787, "172": 0.025984352786987793, "173": 0.025984352786987793, "174": 0.025984352786987793, "175": -0.040249640841565924, "176": -0.040249640841565924, "177": -0.040249640841565924, "178": -0.040249640841565924, "179": -0.040249640841565924, "180": -0.040249640841565924, "181": -0.04024964084156596, "182": -0.04024964084156596, "183": -0.04024964084156596, "184": -0.040249640841564044, "185": -0.040249640841564044, "186": -0.040249640841564044, "187": -0.040249640841564044, "188": -0.040249640841564044, "189": -0.040249640841564044, "190": -0.040249640841564044, "191": -0.040249640841564044, "192": -0.040249640841564044, "193": -0.04024964084156375, "194": -0.04024964084156375, "195": -0.04024964084156375, "196": -0.04024964084156375, "197": -0.04024964084156375, "198": -0.04024964084156375, "199": -0.04024964084156375, "200": -0.04024964084156375, "201": -0.04024964084156375, "202": -0.07860383536751471, "203": -0.07860383536751471, "204": -0.07860383536751471, "205": -0.07860383536751471, "206": -0.07860383536751471, "207": -0.07860383536751471, "208": -0.07860383536751471, "209": -0.07860383536751471, "210": -0.07860383536751471, "211": -0.0786038353675146, "212": -0.0786038353675146, "213": -0.0786038353675146, "214": -0.07860383536751463, "215": -0.07860383536751463, "216": -0.07860383536751463, "217": -0.07860383536751463, "218": -0.07860383536751463, "219": -0.07860383536751463, "220": -0.0786038353675158, "221": -0.0786038353675158, "222": -0.0786038353675158, "223": -0.0786038353675158, "224": -0.0786038353675158, "225": -0.0786038353675158, "226": -0.0786038353675158, "227": -0.0786038353675158, "228": -0.0786038353675158, "229": 0.03166770138273045, "230": 0.03166770138273045, "231": 0.03166770138273045, "232": 0.03166770138273045, "233": 0.03166770138273045, "234": 0.03166770138273045, "235": 0.03166770138273045, "236": 0.03166770138273045, "237": 0.03166770138273045, "238": 0.031667701382727766, "239": 0.031667701382727766, "240": 0.031667701382727766, "241": 0.031667701382727766, "242": 0.031667701382727766, "243": 0.031667701382727766, "244": 0.031667701382727766, "245": 0.031667701382727766, "246": 0.031667701382727766, "247": 0.03166770138272763, "248": 0.03166770138272763, "249": 0.03166770138272763, "250": 0.03166770138272763, "251": 0.03166770138272763, "252": 0.03166770138272763, "253": 0.03166770138272763, "254": 0.03166770138272763, "255": 0.03166770138272763, "256": 0.04693613398477658, "257": 0.04693613398477658, "258": 0.04693613398477658, "259": 0.04693613398477658, "260": 0.04693613398477658, "261": 0.04693613398477658, "262": 0.04693613398477658, "263": 0.04693613398477658, "264": 0.04693613398477658, "265": 0.04693613398477675, "266": 0.04693613398477675, "267": 0.04693613398477675, "268": 0.04693613398477675, "269": 0.04693613398477675, "270": 0.04693613398477675, "271": 0.04693613398477675, "272": 0.04693613398477675, "273": 0.04693613398477675, "274": 0.04693613398477683, "275": 0.04693613398477683, "276": 0.04693613398477683, "277": 0.04693613398477683, "278": 0.04693613398477683, "279": 0.04693613398477683, "280": 0.04693613398477683, "281": 0.04693613398477683, "282": 0.04693613398477683,