{"name": "fiedler", "normalized": true, "process_time": 0.012372970581054688, "data": {"0": -0.18377034494620426, "1": -0.18377034494620942, "2": -0.18377034494621244, "3": -0.1837703449461699, "4": -0.18377034494619957, "5": -0.18377034494618738, "6": -0.1837703449462479, "7": -0.18377034494623745, "8": -0.1837703449461716, "9": -0.19222851450036288, "10": -0.07926951681781444, "11": -0.07243702037783362, "12": -0.06548133531455304, "13": -0.05841429063366527, "14": -0.051247904723173456, "15": -0.04399436491287285, "16": -0.03666600676040856, "17": -0.029275293052247, "18": -0.021834792623641117, "19": -0.014357158983810214, "20": -0.006855108790951461, "21": 0.0006585997719096464, "22": 0.008171188686027033, "23": 0.015669881835438628, "24": 0.02314192673197571, "25": 0.030574616204723955, "26": 0.03795531000430417, "27": 0.04527145630201882, "28": 0.05251061304038861, "29": 0.05966046908035894, "30": 0.06670886515173867, "31": 0.07364381452249308, "32": 0.08045352338771751, "33": 0.08712641092984137, "34": 0.09365112900442889, "35": 0.10001658144874427, "36": 0.10621194294667244, "37": 0.11222667744043452, "38": 0.11805055605185319, "39": 0.1236736744699215, "40": 0.12908646980898536, "41": 0.134279736852964, "42": 0.13924464372896142, "43": 0.1439727469183108, "44": 0.14845600561924652, "45": 0.15268679541900376, "46": 0.1566579212576461, "47": 0.1603626296689183, "48": 0.16379462026913658, "49": 0.16694805646408817, "50": 0.16981757538545844, "51": 0.1723982970034787, "52": 0.1746858324295105, "53": 0.17667629137474886, "54": 0.17836628877711033, "55": 0.17975295054992685, "56": 0.18083391847581834, "57": 0.18160735421024593, "58": 0.18207194240900706, "59": 0.12885387174104768}}