{"directed": false, "multigraph": true, "graph": {}, "nodes": [{"cover": {"level": 0, "range": [0.0, 0.3333333333333333]}, "min_value": 0.0, "max_value": 0.293355994939591, "avg_value": 0.17359375772675498, "component_count": 36, "components": ["71", "90", "74", "6", "85", "99", "1", "96", "87", "2", "75", "86", "0", "84", "80", "82", "94", "98", "83", "97", "89", "95", "76", "79", "5", "3", "77", "81", "88", "73", "78", "91", "93", "4", "72", "92"], "x": 250.00000000000003, "y": 500.0, "id": "mapper_node_0"}, {"cover": {"level": 1, "range": [0.3333333333333333, 0.6666666666666666]}, "min_value": 0.35408715746132496, "max_value": 0.6603015561410484, "avg_value": 0.5076010482485993, "component_count": 6, "components": ["42", "44", "45", "47", "46", "43"], "x": 250.0, "y": 250.0, "id": "mapper_node_1"}, {"cover": {"level": 2, "range": [0.6666666666666666, 1.0]}, "min_value": 0.7195765258428152, "max_value": 1.0, "avg_value": 0.9319503711404961, "component_count": 22, "components": ["28", "41", "35", "36", "9", "34", "24", "40", "29", "37", "38", "32", "69", "27", "30", "70", "33", "26", "31", "25", "8", "39"], "x": 249.99999999999994, "y": 0.0, "id": "mapper_node_2"}], "links": [{"value": 1, "source": "mapper_node_0", "target": "mapper_node_1", "key": 0}, {"value": 1, "source": "mapper_node_1", "target": "mapper_node_2", "key": 0}], "info": {"component_method": "connected_components", "link_method": "connectivity", "cover_overlap": 0.0, "cover_intervals": 3, "compute_time": 0.001489877700805664}}