{"directed": false, "multigraph": true, "graph": {}, "nodes": [{"cover": {"level": 0, "range": [0.0, 0.3333333333333333]}, "min_value": 0.0, "max_value": 0.3333333333333333, "avg_value": 0.16666666666666666, "component_count": 22, "components": ["71", "74", "99", "1", "96", "2", "75", "0", "80", "94", "98", "97", "76", "95", "79", "77", "81", "73", "78", "93", "72", "92"], "x": 250.00000000000003, "y": 500.0, "id": "mapper_node_0"}, {"cover": {"level": 1, "range": [0.3333333333333333, 0.6666666666666666]}, "min_value": 0.3333333333333333, "max_value": 0.6666666666666666, "avg_value": 0.5, "component_count": 22, "components": ["41", "90", "6", "85", "47", "87", "43", "2", "86", "84", "82", "46", "42", "83", "89", "5", "3", "44", "45", "88", "91", "4"], "x": 250.0, "y": 250.0, "id": "mapper_node_1"}, {"cover": {"level": 2, "range": [0.6666666666666666, 1.0]}, "min_value": 0.6666666666666666, "max_value": 1.0, "avg_value": 0.8333333333333333, "component_count": 22, "components": ["28", "41", "35", "36", "9", "34", "24", "40", "29", "37", "38", "32", "69", "27", "30", "70", "33", "26", "31", "25", "8", "39"], "x": 249.99999999999994, "y": 0.0, "id": "mapper_node_2"}], "links": [{"value": 3, "source": "mapper_node_0", "target": "mapper_node_1", "key": 0}, {"value": 2, "source": "mapper_node_1", "target": "mapper_node_2", "key": 0}], "info": {"component_method": "connected_components", "link_method": "connectivity", "cover_overlap": 0.0, "cover_intervals": 3, "compute_time": 0.0019299983978271484}}