{"directed": false, "multigraph": true, "graph": {}, "nodes": [{"cover": {"level": 0, "range": [0.0, 0.5]}, "min_value": 0.0, "max_value": 0.4598475379811607, "avg_value": 0.17879398639624114, "component_count": 39, "components": ["71", "90", "74", "6", "85", "99", "1", "47", "96", "87", "2", "75", "86", "0", "84", "80", "82", "46", "94", "98", "83", "97", "89", "95", "76", "79", "5", "3", "77", "81", "88", "45", "73", "78", "91", "93", "4", "72", "92"], "x": 250.0, "y": 250.0, "id": "mapper_node_0"}, {"cover": {"level": 1, "range": [0.5, 1.0]}, "min_value": 0.5216450719877972, "max_value": 1.0, "avg_value": 0.861880314522167, "component_count": 25, "components": ["28", "41", "35", "36", "9", "43", "34", "24", "40", "29", "37", "38", "32", "69", "42", "27", "30", "70", "33", "26", "44", "31", "25", "8", "39"], "x": 0.0, "y": 250.00000000000003, "id": "mapper_node_1"}], "links": [{"value": 1, "source": "mapper_node_0", "target": "mapper_node_1", "key": 0}], "info": {"component_method": "connected_components", "link_method": "connectivity", "cover_overlap": 0.0, "cover_intervals": 2, "compute_time": 0.0010340213775634766}}