{"name": "fiedler", "normalized": true, "process_time": 0.0827341079711914, "data": {"1": -0.007439870561676498, "2": 0.0021350638780835776, "3": 0.006935750901707224, "4": 0.011437343039032108, "5": -0.004275132432119854, "6": -0.021161920095460786, "7": 0.004628794881468169, "8": 0.007767868035773204, "9": 0.006186433767561499, "10": 0.03271026713854108, "11": 0.011432442255566265, "12": -0.015513981663533197, "13": -3.9528420266927594e-05, "14": 0.22989223513973114, "15": 0.048409771382182096, "16": -0.009790292638053236, "17": 0.012761390033354603, "18": 0.07892142734124429, "19": 0.0008176940594336953, "20": -0.015937418859667537, "21": -0.004083336036446011, "22": -0.013263292462261753, "23": -0.005013323991261511, "24": -0.0009072274637322376, "25": 0.005143155115103591, "26": -0.02279642585931837, "27": -0.003302121962387513, "28": 0.0918060175149632, "29": -0.005047136356114053, "30": -0.012929121432161116, "31": 0.007083974541545048, "32": 0.048789223561569756, "33": 0.04862798424436984, "34": -0.008600918422612017, "35": -0.024102313012585856, "36": -0.0289337314770278, "37": 0.003146014227266332, "38": 0.024456455414504183, "39": 0.054389854776347286, "40": -0.004719350263850308, "41": -0.007427040495967596, "42": 0.18733296303223887, "43": 0.010831856842128527, "44": 0.01390674859336774, "45": 0.009410925872803701, "46": -0.0003504499367524741, "47": -2.2908943964655205e-07, "48": -0.00155178248259847, "49": 0.01159651315114305, "50": 0.004510751424260303, "51": 0.014585929996907781, "52": 0.0020024980239617997, "53": 0.0016919333161102437, "54": 0.04528142552349059, "55": -0.010466637868220692, "56": 0.17392303653489996, "57": 0.022168212955385902, "58": 0.011231449360094705, "59": 0.008800147631523229, "60": 0.0038341423218776548, "61": 0.012619345653074049, "62": 0.009161090374041293, "63": 0.0020052335700927876, "64": 0.029582702269790807, "65": -0.0010646056425298435, "66": 0.011834404401878286, "67": 0.06627242898925541, "68": -0.013625979016416366, "69": -0.020190169745190615, "70": 0.2563013890239219, "71": 0.030308043705568517, "72": 0.005523394098678506, "73": 0.004144788062763415, "74": -0.007336313830834642, "75": 0.0005053046153807203, "76": -0.014775163227062047, "77": 0.015081109801501047, "78": 0.0046046986248603795, "79": -0.023161251053962818, "80": 0.02392928057961384, "81": 0.010364529158035773, "82": -0.0019177338314297328, "83": 0.02211834780708058, "84": 0.22379079858332523, "85": 0.021945106700454967, "86": 0.09962194422819014, "87": 0.023037576621516606, "88": -0.014743481027875706, "89": -0.011753599553760305, "90": -0.013092276800906051, "91": -0.022642139089280127, "92": -0.02371090398624814, "93": -0.017997874489510193, "94": 0.006057541640576173, "95": -0.005027933343446328, "96": 0.010178964634205208, "97": -0.015598864037012869, "98": 0.06221359748118446, "99": -0.017201089052493592, "100": -0.010565772163343711, "101": -0.004254362590218249, "102": -0.022814983904142962, "103": -0.01829517552814264, "104": -0.007127127801940478, "105": -0.033087989245119714, "106": -0.03856288548642605, "107": -0.019701095765759565, "108": 0.026738754098311765, "109": -0.008017379405883311, "110": -0.010526432350078972, "111": -0.006671570657565891, "112": 0.15822691770902542, "113": 0.0040430839349294015, "114": 0.029738205651481473, "115": 0.05512812432073117, "116": -0.00731140732244196, "117": 0.005813486995260888, "118": -0.019914380369010456, "119": -0.022818959602009428, "120": -0.03600415568879993, "121": -0.014529470663937562, "122": 0.017609797172332662, "123": -0.0012258675557691454, "124": -0.0018533773922390488, "125": 0.005950235954164828, "126": 0.1275040115511241, "127": 0.02356074983746048, "128": 0.011129399640730946, "129": 0.01541743421360818, "130": -0.004951280536419099, "131": -0.019367241594131484, "132": -0.024096585830970553, "133": -0.01870113144096796, "134": -0.02741404209532192, "135": -0.022949981502258698, "136": -0.004581331553024091, "137": -0.011930144072760112, "138": -0.03145498588077798, "139": -0.026733327857722776, "140": -0.003385942820988108, "141": -0.04878894803954622, "142": 0.024462099479707695, "143": 0.009631715728150055, "144": 0.007187935227604595, "145": -0.011933190494465373, "146": -0.023173646331727808, "147": -0.026646943342603164, "148": -0.020105446922797192, "149": -0.027748048413449976, "150": 0.06917266657156995, "151": 0.0232546507306839, "152": -0.0008600355427857524, "153": -0.0012413927333832968, "154": 0.06256237182615625, "155": -0.0093679792169204, "156": 0.007920892188859486, "157": 0.01505592460016416, "158": -0.015367674146415477, "159": -0.024810251171333786, "160": -0.03152700461851896, "161": -0.021025428243658075, "162": -0.03777101194473434, "163": -0.020867302902575314, "164": 0.008936174006381633, "165": 0.04150897720164928, "166": 0.0098566920052935, "167": -0.018772308816137465, "168": 0.014709786054759573, "169": -0.03013128632278502, "170": -0.004056153705475081, "171": 0.007000680488308102, "172": -0.015589808774980634, "173": -0.02110829950071139, "174": -0.038554051681740316, "175": -0.03924134111470322, "176": -0.04725590382448275, "177": -0.04287322741013827, "178": -0.038361763892933026, "179": -0.03472774926308239, "180": -0.033279712698332124, "181": -0.056617217619439, "182": -0.041212432869075354, "183": -0.05221933677058041, "184": -0.030023832706777224, "185": -0.013628683981148733, "186": -0.027957963984117453, "187": -0.03200414794115246, "188": -0.03307322595480717, "189": -0.04308669204027624, "190": -0.023108245343663986, "191": -0.014601444590482612, "192": 0.002957302221238007, "193": -0.007706843692779062, "194": -0.012711193864640693, "195": -0.037510184295894686, "196": -0.013835154961365177, "197": -0.03370499702476745, "198": 0.01679561177016925, "199": 0.020903303504001366, "200": -0.014068353278202706, "201": 0.0049359677115830515, "202": -0.03504565964905983, "203": -0.01556535687196556, "204": -0.007794877580233962, "205": -0.029970656015893857, "206": -0.00419207261539289, "207": -0.007571397717854976, "208": -0.020230532109928378, "209": -0.023065510536824166, "210": -0.0354110334876019, "211": -0.04045122978955447, "212": -0.009548303634934202, "213": -0.023453207189381823, "214": -0.028523598097675407, "215": -0.005943862790763484, "216": -0.05273508149426731, "217": -0.05241162752335683, "218": -0.04587119643169714, "219": -0.04237866570897884, "220": -0.050888146894106305, "221": -0.051872024588402545, "222": -0.05081480911894314, "223": -0.07632184402820427, "224": -0.045408251982862545, "225": -0.05001700284445787, "226": 0.010263199202321766, "227": 0.10850842533182517, "228": -0.006744015702456521, "229": -0.008650415877082011, "230": -0.038237049467906015, "231": -0.04692889081888404, "232": -0.04298671204627384, "233": -0.032694373142435416, "234": 0.01935454954173462, "235": -0.032025223134185495, "236": -0.0319524925910892, "237": -0.03898346874899665, "238": -0.02556255881632785, "239": -0.047431793615000814, "240": 0.032757453740786466, "241": 0.01786276762319821, "242": -0.022460346653143243, "243": -0.017923296425587074, "244": -0.03312825948382275, "245": -0.05025523130105851, "246": -0.04480793157346964, "247": -0.03468450194992632, "248": 0.00951861974845953, "249": -0.01846645106128312, "250": -0.0230825493703209, "251": -0.06184134458764317, "252": -0.0396574355284448, "253": -0.04205227502546282, "254": -0.008924534049670977, "255": -0.015767968724827816, "256": -0.025465816169792547, "257": -0.030127331474279245, "258": -0.04372988273855219, "259": -0.04289631318964209, "260": -0.03217771171132541, "261": -0.02396348023595899, "262": -0.021328722764730097, "263": -0.0019296754326281087, "264": -0.02594090520902838, "265": -0.02606486009663258, "266": 0.07385733152662374, "267": -0.023625272064514466, "268": -0.0005137380400824629, "269": -0.00811903995856953, "270": 0.03133911548804043, "271": 0.016193589784907505, "272": -0.02701513639561544, "273": -0.04159649126993008,