{"0": -0.11458306240071528, "1": 0.14369027877473664, "2": 0.6306264033974204, "3": 0.019995250532661605, "4": -0.3328659025108452, "5": 0.09458781186805423, "6": 0.2382780906427911, "7": -0.44145077966131174, "8": 0.16368552930739685, "9": -0.28738055754947395, "10": 0.14369027877473708, "11": -0.2582733411754524}