{"name": "eigen", "eigen": 5, "normalized": true, "process_time": 0.003408193588256836, "data": {"0": -0.4082482904638628, "1": 0.2041241452319311, "2": 0.204124145231932, "3": 0.20412414523193334, "4": 0.20412414523193056, "5": 0.20412414523193023, "6": -0.4082482904638625, "7": 0.20412414523193143, "8": -0.40824829046386407, "9": -0.4082482904638629, "10": 0.20412414523193223, "11": 0.204124145231932}}