{"0": 0.3332693175289931, "1": 0.2672612419124243, "2": 1.6653345369377348e-16, "3": 0.2143268752076392, "4": 0.26726124191242434, "5": 0.11894244232135391, "6": 0.14831879959106994, "7": -2.220446049250313e-16, "8": -0.48158811712006344, "9": 1.1102230246251565e-16, "10": -0.26726124191242473, "11": -0.6005305594414179}