{"0": -0.36006106372744306, "1": -0.21702345900872233, "2": 0.18443911838266974, "3": 0.4264169478755128, "4": 0.3497352451453658, "5": -0.06635586659453974, "6": -0.2833793080497685, "7": -0.31715095746677524, "8": 0.20939350642036475, "9": 0.4340468653568458, "10": -0.21702340606125978, "11": -0.14303762227225017}