{"0": -0.3600610417473875, "1": -0.21702340979383694, "2": 0.18443915697746405, "3": 0.42641695329608215, "4": 0.3497352176489618, "5": -0.06635592683007054, "6": -0.2833793519162391, "7": -0.31715091899207254, "8": 0.20939352823728363, "9": 0.4340468654264401, "10": -0.21702345563440184, "11": -0.14303761667222314}