{"name": "fiedler", "normalized": true, "process_time": 0.0366511344909668, "data": {"0": -0.36006104133679995, "1": -0.21702340894027516, "2": 0.18443915756519225, "3": 0.4264169535146776, "4": 0.34973521725103396, "5": -0.06635592795179283, "6": -0.2833793526659872, "7": -0.31715091828311287, "8": 0.20939352880049164, "9": 0.4340468652022947, "10": -0.21702345653311292, "11": -0.14303761662260925}}