{"(1, 1, 1, 1)": -0.0005484185266095984, "(0, 0, 1, 1)": 0.46510046131429844, "(1, 0, 1, 1)": -0.24891305862412855, "(0, 1, 1, 1)": 0.14902272314065093, "(1, 1, 0, 1)": 0.14487483588226216, "(1, 0, 0, 0)": 0.1490227231406507, "(1, 0, 1, 0)": -0.047074571913386654, "(0, 0, 0, 1)": -0.044984500398785016, "(0, 1, 0, 0)": -0.24891305862412813, "(0, 1, 1, 0)": -0.4174774708743018, "(1, 1, 1, 0)": -0.04498450039878449, "(1, 1, 0, 0)": 0.4651004613142983, "(1, 0, 0, 1)": -0.4174774708743016, "(0, 0, 1, 0)": 0.14487483588226224, "(0, 0, 0, 0)": -0.0005484185266096397, "(0, 1, 0, 1)": -0.047074571913387014}