{"(1, 1, 1, 1)": -0.16239857882595343, "(0, 0, 1, 1)": 0.44482870948467884, "(1, 0, 1, 1)": 0.03465579341535238, "(0, 1, 1, 1)": 0.2477743408198552, "(1, 1, 0, 1)": -0.34262877097723127, "(1, 0, 0, 0)": -0.24777433749992994, "(1, 0, 1, 0)": -0.06754414800409135, "(0, 0, 0, 1)": 0.26459852108896226, "(0, 1, 0, 0)": -0.03465579488462928, "(0, 1, 1, 0)": 0.14557439961819446, "(1, 1, 1, 0)": -0.2645985233224332, "(1, 1, 0, 0)": -0.44482871719916384, "(1, 0, 0, 1)": -0.1455743943542711, "(0, 0, 1, 0)": 0.3426287713592917, "(0, 0, 0, 0)": 0.16239858123812229, "(0, 1, 0, 1)": 0.06754414804324656}