{"1": 4.441558441558442, "2": 4.647186147186147, "3": 4.238095238095238, "4": 3.935064935064935, "5": 3.777056277056277, "6": 3.6948051948051948, "7": 3.7554112554112553, "8": 3.8073593073593073, "9": 4.0995670995671, "10": 3.8181818181818183, "11": 3.9025974025974026, "12": 3.9805194805194803, "13": 3.7510822510822512, "14": 4.807359307359308, "15": 4.14935064935065, "16": 4.0995670995671, "17": 4.402597402597403, "18": 3.963203463203463, "19": 4.064935064935065, "20": 3.7034632034632033, "21": 4.175324675324675, "22": 4.147186147186147, "23": 3.705627705627706, "24": 4.025974025974026, "25": 3.8376623376623376, "26": 4.116883116883117, "27": 4.077922077922078, "28": 3.9761904761904763, "29": 4.153679653679654, "30": 3.896103896103896, "31": 4.17965367965368, "32": 4.119047619047619, "33": 3.712121212121212, "34": 3.7554112554112553, "35": 3.948051948051948, "36": 4.025974025974026, "37": 4.140692640692641, "38": 4.0, "39": 4.188311688311688, "40": 4.162337662337662, "41": 4.138528138528138, "42": 4.54978354978355, "43": 4.313852813852814, "44": 4.097402597402597, "45": 4.177489177489178, "46": 3.8701298701298703, "47": 3.826839826839827, "48": 3.816017316017316, "49": 3.792207792207792, "50": 3.7554112554112553, "51": 3.696969696969697, "52": 3.7813852813852815, "53": 3.8917748917748916, "54": 3.803030303030303, "55": 3.8766233766233764, "56": 4.318181818181818, "57": 3.9004329004329006, "58": 4.186147186147186, "59": 3.930735930735931, "60": 4.058441558441558, "61": 4.1731601731601735, "62": 3.7554112554112553, "63": 4.244588744588745, "64": 3.9025974025974026, "65": 3.9805194805194803, "66": 4.054112554112554, "67": 3.932900432900433, "68": 4.116883116883117, "69": 3.7164502164502164, "70": 4.805194805194805, "71": 4.636363636363637, "72": 3.811688311688312, "73": 3.932900432900433, "74": 4.012987012987013, "75": 4.138528138528138, "76": 3.9935064935064934, "77": 3.9805194805194803, "78": 4.088744588744588, "79": 4.0021645021645025, "80": 4.140692640692641, "81": 4.034632034632034, "82": 4.071428571428571, "83": 3.906926406926407, "84": 4.612554112554113, "85": 4.043290043290043, "86": 4.270562770562771, "87": 3.8008658008658007, "88": 4.0021645021645025, "89": 3.9523809523809526, "90": 3.8203463203463204, "91": 3.813852813852814, "92": 3.880952380952381, "93": 3.7142857142857144, "94": 3.675324675324675, "95": 3.8506493506493507, "96": 3.9740259740259742, "97": 3.79004329004329, "98": 4.2727272727272725, "99": 4.313852813852814, "100": 3.787878787878788, "101": 4.121212121212121, "102": 3.95021645021645, "103": 4.086580086580087, "104": 4.153679653679654, "105": 3.9047619047619047, "106": 4.318181818181818, "107": 3.7445887445887447, "108": 4.08008658008658, "109": 4.021645021645021, "110": 3.757575757575758, "111": 4.2770562770562774, "112": 4.435064935064935, "113": 4.478354978354979, "114": 4.188311688311688, "115": 3.9956709956709955, "116": 3.9393939393939394, "117": 4.0021645021645025, "118": 4.192640692640692, "119": 4.075757575757576, "120": 4.142857142857143, "121": 3.7142857142857144, "122": 4.004329004329004, "123": 3.829004329004329, "124": 4.090909090909091, "125": 3.811688311688312, "126": 4.417748917748917, "127": 4.0, "128": 4.147186147186147, "129": 4.207792207792208, "130": 3.9372294372294374, "131": 3.893939393939394, "132": 4.028138528138528, "133": 3.79004329004329, "134": 3.8203463203463204, "135": 3.6991341991341993, "136": 3.74025974025974, "137": 3.6515151515151514, "138": 3.742424242424242, "139": 3.930735930735931, "140": 3.911255411255411, "141": 4.244588744588745, "142": 4.036796536796537, "143": 3.893939393939394, "144": 4.214285714285714, "145": 3.896103896103896, "146": 4.20995670995671, "147": 4.127705627705628, "148": 3.9134199134199132, "149": 4.12987012987013, "150": 4.138528138528138, "151": 4.136363636363637, "152": 4.062770562770563, "153": 4.216450216450217, "154": 4.404761904761905, "155": 4.33982683982684, "156": 4.1103896103896105, "157": 4.090909090909091, "158": 4.151515151515151, "159": 3.5844155844155843, "160": 4.038961038961039, "161": 3.6991341991341993, "162": 4.034632034632034, "163": 3.6147186147186146, "164": 4.0562770562770565, "165": 3.720779220779221, "166": 4.015151515151516, "167": 3.8354978354978355, "168": 4.259740259740259, "169": 4.4978354978354975, "170": 3.8744588744588744, "171": 4.257575757575758, "172": 4.216450216450217, "173": 3.794372294372294, "174": 4.090909090909091, "175": 4.01948051948052, "176": 3.8051948051948052, "177": 3.8614718614718613, "178": 3.779220779220779, "179": 3.7835497835497836, "180": 3.772727272727273, "181": 3.8095238095238093, "182": 3.9372294372294374, "183": 3.735930735930736, "184": 3.8636363636363638, "185": 3.844155844155844, "186": 3.668831168831169, "187": 4.038961038961039, "188": 4.036796536796537, "189": 4.1688311688311686, "190": 4.0562770562770565, "191": 4.12987012987013, "192": 4.108225108225108, "193": 4.010822510822511, "194": 3.909090909090909, "195": 4.0995670995671, "196": 4.1017316017316015, "197": 3.95021645021645, "198": 3.9935064935064934, "199": 3.898268398268398, "200": 4.147186147186147, "201": 3.79004329004329, "202": 4.127705627705628, "203": 3.772727272727273, "204": 4.0064935064935066, "205": 3.803030303030303, "206": 4.225108225108225, "207": 4.086580086580087, "208": 3.8528138528138527, "209": 4.077922077922078, "210": 3.7857142857142856, "211": 4.337662337662338, "212": 4.153679653679654, "213": 3.880952380952381, "214": 4.162337662337662, "215": 4.097402597402597, "216": 3.8636363636363638, "217": 4.1103896103896105, "218": 3.9935064935064934, "219": 3.8701298701298703, "220": 3.7813852813852815, "221": 3.8896103896103895, "222": 3.8874458874458875, "223": 4.075757575757576, "224": 4.073593073593074, "225": 4.409090909090909, "226": 3.997835497835498, "227": 4.1731601731601735, "228": 4.188311688311688, "229": 4.264069264069264, "230": 4.153679653679654, "231": 4.16017316017316, "232": 3.9177489177489178, "233": 4.045454545454546, "234": 3.7662337662337664, "235": 3.7489177489177488, "236": 3.984848484848485, "237": 3.987012987012987, "238": 4.0606060606060606, "239": 3.883116883116883, "240": 3.965367965367965, "241": 4.266233766233766, "242": 3.9155844155844157, "243": 4.1688311688311686, "244": 3.772727272727273, "245": 4.422077922077922, "246": 4.125541125541125, "247": 3.8917748917748916, "248": 3.9675324675324677, "249": 3.712121212121212, "250": 4.1103896103896105, "251": 4.543290043290043, "252": 3.911255411255411, "253": 4.3268398268398265, "254": 4.246753246753247, "255": 3.816017316017316, "256": 3.854978354978355, "257": 3.9805194805194803, "258": 3.6082251082251084, "259": 3.911255411255411, "260": 3.8203463203463204, "261": 4.106060606060606, "262": 4.064935064935065, "263": 4.075757575757576, "264": 4.136363636363637, "265": 4.2229437229437226, "266": 4.391774891774892, "267": 3.9740259740259742, "268": 3.7683982683982684, "269": 3.707792207792208, "270": 3.779220779220779, "271": 4.04978354978355, "272": 3.601731601731602, "273": 4.380952380952381, "274": 3.774891774891775, "275": 4.03030303030303, "276": 3.66017316017316, "277": 4.036796536796537, "278": 4.04978354978355, "279": 4.028138528138528, "280": 4.287878787878788, "281": 3.7965367965367967, "282": 4.062770562770563, "283": 3.965367965367965, "284": 3.911255411255411, "285": 4.086580086580087, "286": 3.8051948051948052, "287": 4.086580086580087, "288": 4.06926406926407, "289": 3.83982683982684, "290": 4.132034632034632, "291": 3.898268398268398, "292": 3.738095238095238, "293": 4.0476190476190474, "294": 4.467532467532467, "295": 4.268398268398268, "296": 4.108225108225108, "297": 3.965367965367965, "298": 3.945887445887446, "299": 3.8636363636363638, "300": 3.6774891774891776, "301": 3.757575757575758, "302": 4.010822510822511, "303": 3.6948051948051948, "304": 4.0519480519480515, "305": 3.813852813852814, "306": 4.045454545454546, "307": 3.854978354978355, "308": 4.658008658008658, "309": 4.225108225108225, "310": 3.8896103896103895,