{"1": 0.0013574491850654846, "2": 0.002842101816847844, "3": 0.004292239073934956, "4": 0.0015864071522733057, "5": -0.0007363196883782208, "6": 6.208816030844975e-05, "7": 0.005429850036680957, "8": -0.0005165846239499187, "9": -0.00011459239747140795, "10": 0.004110852472872744, "11": 0.004596325670464927, "12": 0.005506345561095976, "13": 0.0025571237640373817, "14": 0.06313517514921015, "15": -0.006900756506816654, "16": 7.47172648930608e-05, "17": -0.0011890763052210263, "18": -0.01945882236625877, "19": -0.0022757657512770847, "20": 0.007616149187992683, "21": -2.7786091887072734e-05, "22": -0.002564189824224755, "23": 0.001674786335136176, "24": 0.001408965466122875, "25": 0.0031740920321788203, "26": 0.0039062171239313973, "27": 0.01002073108852142, "28": 0.060481424142784096, "29": -0.005871445688962522, "30": 0.001633761828389934, "31": 0.00889899760934839, "32": 0.003686276473247249, "33": -0.02779307430028323, "34": -0.005131934341372471, "35": 0.0020227499580638313, "36": 0.002244042067426601, "37": -0.00758502906189446, "38": -0.0008637893059264394, "39": -0.0024252768230225413, "40": -0.0004154185757501488, "41": 0.009332425160517115, "42": 0.12384544245691344, "43": -0.017648219975861783, "44": 0.002177560086442024, "45": -0.00015161652694472552, "46": -0.0018212193338787274, "47": 0.0022503561513590314, "48": 0.00032073287223633243, "49": -0.0018838785454253484, "50": 0.003603018711547199, "51": 0.005758628149304607, "52": 0.0018691629462540779, "53": 0.004515887276341372, "54": -0.014728700388073755, "55": 0.013813564715370265, "56": -0.06621213379868608, "57": -0.01694239829621496, "58": -1.4348973140617532e-05, "59": 0.0004005352372096118, "60": -0.0030048608289456437, "61": -0.011298328235506713, "62": -0.013744597546979185, "63": 0.0011789224414735233, "64": 0.0020127030120716946, "65": -0.009587589271152351, "66": 0.0005047132886291071, "67": 0.0034615643919690756, "68": 0.0029373142580625855, "69": 0.004389525293813371, "70": 0.05540284112662817, "71": -0.03617787297853828, "72": -0.0009630045334743749, "73": 0.004130563138827262, "74": 0.00421179313901655, "75": -0.005930284481369924, "76": -0.0029108573557808815, "77": 0.0019440909803525594, "78": -0.003962571657499869, "79": 0.005843411073453454, "80": 0.0004206993770182448, "81": 0.011370035652614968, "82": -0.004856492603122858, "83": 0.003430398580087507, "84": -0.08770768295776873, "85": -0.018739836111895405, "86": 0.018057215354855296, "87": -0.003080407406096433, "88": -0.003364648394683991, "89": -0.001164500583321841, "90": -0.0014864412213273417, "91": -0.0024746335912339676, "92": -0.005286858804953429, "93": 0.0017872474914054342, "94": -0.007431439612869434, "95": -0.008870940990344078, "96": -0.020085653684610842, "97": 0.0009739852956851935, "98": -0.07009654140635793, "99": -0.013061252534053595, "100": -0.0004182674967039505, "101": 0.0045006897362206725, "102": 0.0005898986617229752, "103": -0.0027590359996303906, "104": 0.0008603431154511408, "105": 0.002829287481797232, "106": 0.00974023849429054, "107": -0.0003679265669538686, "108": -0.00784635543123143, "109": 0.008877347769672143, "110": -0.006561049048097331, "111": 0.030482643501812814, "112": -0.1633849427245032, "113": -0.03507669709276688, "114": -0.006535911380505131, "115": -0.02089609518324815, "116": -0.006303001874946994, "117": -0.02020671102165903, "118": 0.0015975664129354045, "119": 0.002766687908443007, "120": 0.005724718407700898, "121": 0.003668434598019212, "122": -0.0024158173093105813, "123": -0.003666372169026724, "124": -0.005751556582402954, "125": -0.0023606089783955826, "126": -0.17597402598921016, "127": -0.020409686851028137, "128": -0.003626217816118584, "129": -0.005717030183548626, "130": -0.011285650573199649, "131": 0.003603327938913138, "132": 0.0014684591677737308, "133": -0.007465918075883858, "134": 0.0018484995182757704, "135": 0.013316602960478218, "136": -0.0010100451350406841, "137": -0.0029936799316707063, "138": 0.0017734305264006374, "139": -0.0013151073872238626, "140": -0.013251737312723314, "141": 0.0020576067459978312, "142": -0.008079226080249854, "143": -0.006731171534247458, "144": -0.02724798483078743, "145": 3.975309346760693e-05, "146": 0.00026061339574560743, "147": 0.0006824514810026634, "148": 0.0027137977574402602, "149": 0.013282975927077955, "150": 0.04465385552726886, "151": -0.03594761342506137, "152": -0.004524083268817332, "153": -0.007871349772918406, "154": -0.09699827475631634, "155": -0.007959003948510159, "156": -0.008471320766366787, "157": -0.01236200926029701, "158": -0.00517676546168226, "159": 0.0023405059119543945, "160": 0.0024671441914514546, "161": -0.0033974544023662977, "162": 0.01997410601518732, "163": 0.002085571147408829, "164": -0.006679164772800099, "165": -0.03766784160287437, "166": 0.004483960284610198, "167": 0.0005132525275345816, "168": -0.02781880788836075, "169": -0.00637532493777423, "170": -2.5399647092453573e-05, "171": 0.0012556282508372632, "172": 0.002160761674423751, "173": 0.0003403724807170647, "174": 0.0031405437185980526, "175": 0.004065974412880861, "176": 0.0047803893187124006, "177": 0.0016209918390937073, "178": 0.003330686217171166, "179": 0.0020830923894010617, "180": 0.001665094987725164, "181": 0.007244075917629523, "182": 0.0076045160784666685, "183": 0.007529403950914217, "184": 0.00554603046375389, "185": -0.00263348940834416, "186": 0.0025081822014128303, "187": 0.007766218696148165, "188": 0.0038883845408479822, "189": 0.006213897659565363, "190": 0.009142420117203318, "191": -0.000954644252128252, "192": -0.002716642313326546, "193": -0.004059328198527788, "194": 0.00643703371176982, "195": 0.004876087471131363, "196": -0.0007799742138890372, "197": 0.0037627241361878837, "198": 0.023560995701796178, "199": 0.0016858747372756463, "200": 0.001307327094511305, "201": 0.0029106443491386204, "202": 0.003968505105702457, "203": 0.0035332107929649595, "204": 0.003073273031654453, "205": 0.002473684382143621, "206": -0.0022942115867519404, "207": 0.0005981479061848904, "208": 0.0019664750836431246, "209": 0.003504681346856729, "210": 0.000592498324531862, "211": 0.007467218326398725, "212": 0.00048028157752941485, "213": 0.00309586916308016, "214": 0.0030018477237813146, "215": -0.01236801186312872, "216": 0.005808286347266448, "217": 0.011498346752764059, "218": 0.008489316508341348, "219": 0.01161863520690001, "220": 0.007621212978935661, "221": 0.00828018567584363, "222": 0.016770607741094838, "223": 0.019950374010725774, "224": 0.027903317644931216, "225": 0.0146934155506308, "226": 0.020417250845852247, "227": 0.01734665672428352, "228": -0.0011056693177428517, "229": -0.005330701757011217, "230": 0.006423608739502378, "231": 0.012820166547575729, "232": 0.013488253526303447, "233": 0.006683424637224152, "234": -0.00047431730066372453, "235": 0.0022665019257114643, "236": 0.004166440789562116, "237": 0.008310711008044154, "238": 0.011172236757954656, "239": 0.009184628497280252, "240": -0.005335535023434369, "241": -0.011023785123592929, "242": 0.002868400308247866, "243": -0.00427021724249706, "244": 0.003430308241396224, "245": 0.01948436622845836, "246": 0.010837734237315336, "247": 0.004284383281921925, "248": 0.0011755245879775968, "249": 0.003029908825150706, "250": 0.002982191863119979, "251": 0.043791966694737144, "252": 0.015990488015175226, "253": 0.019855431633060985, "254": 0.00026298366139311004, "255": 0.009488924888966337, "256": 0.009233371815744334, "257": 0.012842556974967508, "258": 0.010391655957191877, "259": 0.005319866361860603, "260": 0.003854484516971538, "261": 0.0028075773791940467, "262": 0.00567446238715774, "263": 0.005114148816249138, "264": 0.013103887010482351, "265": 0.019175072937172584, "266": 0.10776518784197894, "267": 0.0013280276873539538, "268": -0.0033969722630174935, "269": 0.0022873165003051716, "270": -0.02505662398957216, "271": 0.014993086551583164, "272": 0.0037843286952767086, "273": 0.015995415562882597, "274": 0.009525477017548543,