{"1": 0.004491744521635791, "2": 0.006680631672331471, "3": 0.006060525556311903, "4": 0.005875174218097365, "5": 0.000686766188861097, "6": 0.003526941447310963, "7": 0.00681799262099913, "8": 0.001742166422449786, "9": 0.005175890746091382, "10": 0.014496758893718993, "11": 0.005308881853777068, "12": 0.003564679063283928, "13": 0.0021198545954880382, "14": 0.1304271069447154, "15": 0.005233006689674809, "16": 0.004677132909957991, "17": 0.008452416734228092, "18": 0.02251033179546065, "19": -0.0023642769689432054, "20": 0.008238628728173679, "21": 0.01351919824184419, "22": 0.000529380917038965, "23": 0.0012676933151883583, "24": 0.003619830271843816, "25": 0.0007725176488235994, "26": 0.00287332177331321, "27": -0.0006971478411327628, "28": -0.029832690832338575, "29": -0.015273738475609339, "30": 0.001975004488787735, "31": 0.002715577353917059, "32": 0.019928217679481504, "33": -0.016592203986057527, "34": -0.0025033154311473044, "35": 0.0074929217753809925, "36": 0.002889025715438496, "37": 0.0004951010408713926, "38": 0.0017756391379592246, "39": 0.0014415254044927387, "40": 0.003769065764064819, "41": -0.002646654918783674, "42": -0.015686640835024152, "43": -0.043371008880315975, "44": 0.00772597772826342, "45": 0.007953290820201839, "46": 0.0037202343271645517, "47": 0.004006543037325658, "48": 0.0065509429750636936, "49": 0.007558222975581227, "50": 0.005633817999107721, "51": -0.0007996726976829977, "52": 0.0014802689315974475, "53": 0.004027764513205752, "54": 0.012853844966836083, "55": 0.009176761156241366, "56": 0.04976452158380055, "57": 0.0023493457662099593, "58": 0.006159462938315156, "59": 0.007697607267656068, "60": 0.006777297860128367, "61": 0.0034268839652642578, "62": 3.557769307505499e-05, "63": 0.006697031236498437, "64": 0.0054114843002439315, "65": 0.010402110808799226, "66": 0.00461926377201693, "67": 0.0066043013676842875, "68": 0.0026901090045917957, "69": 0.0005324966450141952, "70": 0.09804020019808955, "71": -0.08424637431194765, "72": -0.003725181178813635, "73": 0.002642577828137934, "74": 0.0038801944377976224, "75": 0.0022722729298095424, "76": 0.03140461575211272, "77": 0.00704838160840647, "78": -0.00604525354511885, "79": -0.0022420161177801115, "80": 0.0056950065076675944, "81": -0.010124895849736195, "82": -0.000382447752648043, "83": 0.009194472676973348, "84": 0.10536232933607882, "85": -0.007250557534192351, "86": 0.049172239271983366, "87": 0.00781203761494758, "88": 0.0022323888634768634, "89": 0.0031468944523666354, "90": -0.00011802556209856638, "91": 0.002311586976757567, "92": 0.0037109732122977946, "93": -0.002236005202638198, "94": -0.0011599209326956946, "95": -0.004662046142222471, "96": -0.00650392667099123, "97": 0.006915324382870802, "98": -0.024459935370867627, "99": 0.04344873172067668, "100": 0.007472590263708464, "101": 0.007079779619170425, "102": 0.0015187330800511215, "103": 0.0018205300449849191, "104": 0.00956372929959647, "105": 0.007537549163442464, "106": 0.0009748042666407625, "107": -0.0030762370344435313, "108": 0.006531658582165797, "109": -0.011459758803927295, "110": -0.00041005348858360387, "111": -0.026557083539522543, "112": -0.022838300684420384, "113": -0.008260268249897916, "114": 0.011502569063858662, "115": 0.015965271725478715, "116": -0.0013073821716855435, "117": -0.007524663887969151, "118": 0.006185852848432106, "119": 0.0016594173917474928, "120": 0.0011901965195914399, "121": -0.0011685725575161878, "122": -0.00554429863030352, "123": -0.0009406485703306166, "124": -0.0029018983367287724, "125": -0.00830938624853234, "126": -0.09325330363530802, "127": 0.0021898206684400293, "128": 0.004201904145473707, "129": 0.00837914868673877, "130": -0.0017725445544596414, "131": -0.00024823248105026487, "132": 0.00014942781995793287, "133": -0.0014054130145027023, "134": 0.003648829293315353, "135": -0.004627093936901706, "136": -0.001490359676374153, "137": 0.001734092476691691, "138": 0.007459590016743938, "139": 0.010967456467407714, "140": -0.0018463633445660898, "141": 0.03857350937481072, "142": 0.009680333361019961, "143": 0.005932565956244683, "144": -0.00807359372950402, "145": -0.006388967061363511, "146": 0.004476309547305963, "147": 0.0027667132282042186, "148": 0.00016334203987956007, "149": 0.00033873279924497967, "150": -0.05245993314069965, "151": -0.03333098507803984, "152": -0.0016458431136989787, "153": 0.007435962048848373, "154": -0.07206355609722201, "155": 0.030768898586877237, "156": -0.0004301989008773246, "157": 0.006402397931936272, "158": 0.016403590768992164, "159": 0.0031134771280297256, "160": 0.014930307248126613, "161": 0.007608671779183045, "162": 0.03551487731245767, "163": 0.0010631319625016523, "164": -0.012813911314544239, "165": -0.015591801671045038, "166": 0.007800991921424094, "167": 0.005247403746012137, "168": -0.011913376132058225, "169": 0.10950090993553194, "170": 0.008490532122582757, "171": 0.008490934703787131, "172": 0.0062734619718241135, "173": 0.0032275301238237244, "174": 0.004486074268208354, "175": 0.0048118130022526216, "176": 0.005894140902640129, "177": 0.0003522092509248122, "178": 0.0062249750573150405, "179": 0.006773793505353987, "180": 0.004383726882306071, "181": 0.01047057601638681, "182": 0.004511844788861628, "183": 0.008658188794059132, "184": 0.005302463219388829, "185": 0.008198825932644493, "186": 0.005608680782617883, "187": 0.01252054695167626, "188": 0.005519031623750961, "189": 0.0032944727680994552, "190": 0.0003250537832403472, "191": -0.0016879534274062578, "192": 0.002171649317102165, "193": -0.001128317900144049, "194": 0.003250488846975273, "195": 0.007425100140313191, "196": 0.0005367007629109005, "197": 0.022482267434435082, "198": -0.0044733653234929685, "199": 0.007283333409714363, "200": 0.01085174126726738, "201": 0.003748101269983201, "202": 0.007757607644715643, "203": 0.004147638336833388, "204": 0.003660200447046711, "205": 0.0029023781444823026, "206": 0.0032428950483810465, "207": 0.00580531755205284, "208": 0.007665279462312819, "209": 0.006662914219817855, "210": 0.00399506315288738, "211": 0.012759068738297265, "212": -0.003141632445580118, "213": 0.00355734081900075, "214": 0.0006314065286575521, "215": -0.0025152756779918354, "216": 0.006146284883441427, "217": 0.002942625374413424, "218": 0.00312328290427255, "219": 0.0005410767896316749, "220": 0.003097659674298335, "221": 0.0009000786419566063, "222": -0.0016084546228331506, "223": 0.012122608245857895, "224": -0.014109505869678098, "225": 0.0032947411322739625, "226": -0.005982861459705018, "227": 0.03273921484158678, "228": 0.0054362655805849334, "229": 0.0037952288741597224, "230": 0.007906838024340333, "231": 0.003753390297237463, "232": 0.00070204199377013, "233": -0.0007867896426757282, "234": 0.002216993190206288, "235": 0.0018755990634935146, "236": 0.0032490009157149784, "237": 0.01081196835598525, "238": 0.0012242255647509897, "239": 0.00459233122223777, "240": 0.002752272327187902, "241": -0.025616132627232772, "242": -0.002410047272052466, "243": 0.00138615572358283, "244": 0.009764799246026128, "245": 0.0005581240669466179, "246": 0.002742072451306493, "247": -0.0016660783241392624, "248": -0.0030019332571026318, "249": 0.0012638400699166588, "250": 0.0008310165643925873, "251": 0.10152277835247281, "252": 0.0033185369844695935, "253": -0.0014614369120388533, "254": 0.002204021269629584, "255": 0.0016344235736909128, "256": -0.0038361756846492946, "257": -0.0046257970957564185, "258": 0.0019021372952660043, "259": 4.62642797985878e-05, "260": -0.0007445024639523377, "261": 0.0011602672090672526, "262": 0.003695704952646219, "263": -0.00304205571625047, "264": -0.001594880019776072, "265": 0.01437574461810364, "266": -0.06105474357007146, "267": -0.0018147425198210831, "268": 0.0008379104718794078, "269": -0.0021882190069240142, "270": -0.0044608074131306935, "271": -0.017197403966570577, "272": 0.0019361325392913062, "273": -0.0035145483314115407, "274": -0.006774699701320178,