{"name": "eigen", "eigen": 5, "normalized": true, "process_time": 0.16649317741394043, "data": {"1": 0.0184882098931489, "2": 0.02937313947580212, "3": 0.04507895662686391, "4": 0.04402108913116752, "5": -0.011584209246427099, "6": 0.02250458952808253, "7": 0.019206429753740074, "8": 0.0068841842443929276, "9": 0.02351785483127453, "10": 0.03877837654177295, "11": 0.027106424100205233, "12": -0.007121118432372103, "13": 0.0026745952692620104, "14": 0.07353601961672993, "15": 0.03645675502125038, "16": 0.01623203963347327, "17": 0.03069608495424276, "18": -0.008195130011492753, "19": 0.0008642175932279464, "20": 0.007429460904837169, "21": 0.027664818344867306, "22": -0.0228063967237235, "23": 0.012738654518191478, "24": -0.001782653754490833, "25": 0.01697098276852263, "26": -0.0015413339904539886, "27": -0.004649620700477891, "28": 0.12039784072344092, "29": 0.010388035738246357, "30": -0.0006461317740158248, "31": 0.031981089407163196, "32": 0.02504682150264967, "33": -0.012506123578575458, "34": -0.024821074734921438, "35": -0.00030000895784634135, "36": -0.0410939238714366, "37": -0.026137036579022745, "38": 0.01286521266433973, "39": 0.0047649225311874694, "40": 0.017525669815966784, "41": 0.02388701639957703, "42": 0.13614205163743393, "43": 0.03971768375668151, "44": 0.042013579023404024, "45": 0.036159723374333735, "46": 0.021933047980084205, "47": 0.028268439397275795, "48": 0.0501110657347326, "49": 0.015533483705862553, "50": 0.007708934270951059, "51": 0.014565236840793272, "52": 0.012716617117742513, "53": 0.010230324868381727, "54": -0.029037048645101322, "55": 0.012668242492615894, "56": -0.1029387498663843, "57": 0.029475442182491176, "58": 0.020442989941515787, "59": 0.022830267601999667, "60": 0.01819796241513802, "61": 0.023495625343732278, "62": -0.023460757206674628, "63": 0.012674705085973353, "64": 0.0006038927660175202, "65": -0.008721035279270553, "66": 0.01929101383756884, "67": 0.018190380045363913, "68": -0.010696066000596144, "69": -0.004176878943899308, "70": 0.03843939285695161, "71": 0.03471394838805152, "72": 0.006309369032822521, "73": 0.015026411537612559, "74": 0.012821477890581426, "75": 0.008549477135988238, "76": 0.046281785376546494, "77": 0.033386052937982774, "78": -0.0013059076509521518, "79": -0.026757868102186944, "80": 0.01436583414608446, "81": 0.008977850220195878, "82": -0.0022513686458257385, "83": 0.02462222192212442, "84": -0.0991732429809515, "85": 0.013015627509171235, "86": 0.04837816012603868, "87": 0.005960835427340776, "88": -0.0010334954859933761, "89": 0.010753855381822995, "90": -0.000564151771376372, "91": 0.003910210831120609, "92": -0.005574433713897457, "93": -0.011856591604222314, "94": -0.038379748600156915, "95": -0.01702800881582115, "96": -0.02921169869692452, "97": 0.07504875837625383, "98": -0.12556145671909713, "99": 0.13219466579626343, "100": 0.03690922966538471, "101": 0.020324159195260733, "102": -0.006998056932294864, "103": 0.009678765739147912, "104": 0.03841363175482784, "105": 0.022324736575628838, "106": -0.048538817013410125, "107": -0.02893057090216442, "108": -0.014196515946921008, "109": -0.009845128163413376, "110": -0.029125156452119973, "111": 0.041952072954071995, "112": -0.20776447447944751, "113": 0.0612601352801279, "114": 0.01563826280056772, "115": -0.023806891747188707, "116": -0.016333811578042725, "117": -0.017575850370713325, "118": 0.0406654998966671, "119": -0.007415631643209632, "120": -0.04147109460275981, "121": -0.028071645654656033, "122": -0.023764445933466074, "123": 0.007338166454280396, "124": -0.012762446593261517, "125": 0.024942367812615537, "126": -0.19948859769268198, "127": 0.07306188263019439, "128": 0.017904979285273508, "129": 0.0075624167890062325, "130": 0.014699410955070288, "131": 0.015457886228760528, "132": 0.004484983775525019, "133": 0.008324335114720532, "134": 0.010037839022008962, "135": 0.028422391696261408, "136": 0.019798714780332235, "137": 0.06783429961216007, "138": 0.04436402836255609, "139": 0.04872000390641604, "140": -0.022742237600237206, "141": 0.09827375315193057, "142": 0.01118223735590837, "143": 0.011797105933363642, "144": -0.04267303229477329, "145": -0.005751652901630983, "146": 0.007407833050094417, "147": -0.018871095574190228, "148": -0.002119450273444873, "149": -0.033242175065447646, "150": 0.028037430904169346, "151": -0.0466572703689415, "152": 0.010370811479472154, "153": 0.08345264166159705, "154": -0.1512828964031399, "155": 0.14983793667615214, "156": -0.005326830544828607, "157": -0.003182378839006129, "158": 0.0528322202508024, "159": 0.020831664968974168, "160": 0.0329599951906765, "161": 0.005794624512207089, "162": -0.03710444133726694, "163": -0.015246240887907799, "164": -0.009613810884591494, "165": -0.05768528273496464, "166": 0.07317648034804376, "167": 0.05171904741550742, "168": -0.04932194583207807, "169": 0.12324368800649779, "170": 0.025739980296551127, "171": 0.021411676121144953, "172": 0.0349889258025546, "173": 0.03330449002574098, "174": -0.01068075609932285, "175": -0.011164563079825794, "176": 0.0037623231192512076, "177": -0.024362777887862053, "178": -0.013385107721762338, "179": 0.022293767622957383, "180": -0.010021172107439039, "181": -0.026874538984461835, "182": -0.018265507098370708, "183": -0.028798571330616005, "184": -0.007041502701500347, "185": -0.010666099363603024, "186": 0.017479132719669475, "187": 0.03869015461311147, "188": 0.0002832983498512959, "189": -0.03387058863948618, "190": -0.03432209736401298, "191": -0.006526617675638101, "192": 0.028032276582672114, "193": 0.04249305962337374, "194": 0.03132069298664418, "195": 0.019371797353688634, "196": -0.009176482978090818, "197": 0.03583343538027114, "198": 0.03285051825140065, "199": 0.027006133937937805, "200": 0.043470685703798244, "201": 0.01102805554725345, "202": -0.010916490213597639, "203": -0.007748316994211755, "204": 0.0020898784661823044, "205": -0.005785977717758438, "206": 0.004758861231326421, "207": 0.05327574434055077, "208": 0.019879737858054185, "209": 0.006746229883425972, "210": -0.009690133124305614, "211": 0.02193778794024205, "212": 0.004433923365832443, "213": -0.01446663296929179, "214": -0.02943029295122459, "215": -0.018619925076027184, "216": -0.03231921056897454, "217": -0.0639269853759984, "218": -0.03913111318738556, "219": -0.03871561169251735, "220": -0.06071008151798555, "221": -0.047993287254515474, "222": -0.04386173328099945, "223": -0.10400669299085351, "224": -0.05075582904063552, "225": -0.07051593652224357, "226": 0.029704341763061255, "227": 0.01675153839311084, "228": 0.00037868801996401164, "229": 0.001516088934406635, "230": -0.01922193190027996, "231": -0.05269697511281599, "232": -0.046598422491142585, "233": -0.040632418729664874, "234": 0.00032641192957909553, "235": -0.024629860532669606, "236": -0.025387474145533884, "237": -0.060799546759056355, "238": -0.01935756498565346, "239": -0.046403505659357476, "240": 0.008987059915873629, "241": 0.012065918703990795, "242": -0.03447192518288357, "243": -0.012948067880927472, "244": -0.009725660668450454, "245": -0.06540512714324677, "246": -0.048191199275918785, "247": -0.043449900761645864, "248": -0.001107849105466052, "249": -0.0033423502092644313, "250": 0.0005237077495406379, "251": -0.08827492625674788, "252": -0.03865221078061454, "253": -0.05265839867015704, "254": 0.00019238629306039812, "255": -0.0025586508175424643, "256": -0.014345928868170158, "257": -0.036950051908678644, "258": -0.010441861325197432, "259": -0.026651091707002982, "260": -0.03397468816076805, "261": -0.04105870421624438, "262": -0.031653327838543875, "263": 0.005755285131772311, "264": -0.005835662233837843, "265": -0.05143999999888745, "266": 0.09869713062100642, "267": -0.010832251918312184, "268": -0.0033696086486992884, "269": -0.0055280680636187775, "270": -0.08107978349208175, "271": 0.01007881525629013, "272": -0.011632449116276401, "273": -0.04968526117168612, "274": -0.030454928249990465,