{"1": 0.008077775889679869, "2": -0.002736641159971359, "3": -0.008613827387979223, "4": -0.012451581622902188, "5": 0.0035698549614014245, "6": 0.02057783654281778, "7": -0.00499018053168955, "8": -0.008491300584549511, "9": -0.006907110761316452, "10": -0.03318899515382866, "11": -0.011937560784522253, "12": 0.015431763519513073, "13": -0.00030354106056493246, "14": -0.22821329618873454, "15": -0.04880777397379649, "16": 0.009291367994297, "17": -0.013506199891578502, "18": -0.07905214661240428, "19": -0.001276461568467946, "20": 0.015717440923957493, "21": 0.003970912864051157, "22": 0.01293115162090408, "23": 0.00449888770387874, "24": 0.0004579689204394777, "25": -0.00543374367570032, "26": 0.02254456337759128, "27": 0.0030256796389931673, "28": -0.09107574164940652, "29": 0.005091651787677634, "30": 0.012546000846645616, "31": -0.007513627201189282, "32": -0.048910106319606905, "33": -0.04910047650052166, "34": 0.008104862318736535, "35": 0.024417442408607055, "36": 0.028718729480779807, "37": -0.004251129038494964, "38": -0.024973276663886906, "39": -0.05456690426032094, "40": 0.004342147815802988, "41": 0.006985509295855927, "42": -0.1858226886739956, "43": -0.011358250901742145, "44": -0.01484132713117638, "45": -0.010241790989444242, "46": -0.00037861311786729814, "47": -0.0006910503550619499, "48": 0.0006266252174490165, "49": -0.012207457362405883, "50": -0.004714342268401006, "51": -0.01489710828652784, "52": -0.002461466495706035, "53": -0.0021112516418588753, "54": -0.04567086304495821, "55": 0.010026321124008572, "56": -0.17339573679400608, "57": -0.022807814255571567, "58": -0.011892052312398529, "59": -0.009444910601620435, "60": -0.004242106481175451, "61": -0.01340052119092806, "62": -0.009622778402622134, "63": -0.0023178630894548635, "64": -0.029720572753450337, "65": 0.0007745295240588561, "66": -0.012296348061731854, "67": -0.06641005076819874, "68": 0.013319590918035076, "69": 0.019820682110870683, "70": -0.2545834830470589, "71": -0.03115463733710524, "72": -0.006129009106828341, "73": -0.004633266993909764, "74": 0.006831709461780249, "75": -0.0012143034719917555, "76": 0.014089962471764975, "77": -0.015532542642520615, "78": -0.005052392676892838, "79": 0.0241113906763455, "80": -0.024175843869507444, "81": -0.010507971174635358, "82": 0.0013699275038827141, "83": -0.022444521863202192, "84": -0.2227768264324977, "85": -0.022526138831706368, "86": -0.09932993678698246, "87": -0.023411641533958992, "88": 0.01624112756582807, "89": 0.011623320467025796, "90": 0.01266981383168527, "91": 0.022260947995638602, "92": 0.023435872846946735, "93": 0.01764248175024916, "94": -0.006597539713170162, "95": 0.004470393975100328, "96": -0.01074355371458983, "97": 0.014711274777465373, "98": -0.06275042985749284, "99": 0.015896868783666602, "100": 0.009816079359099977, "101": 0.003760010987280047, "102": 0.022575894805252888, "103": 0.018053358843456387, "104": 0.006547517711175966, "105": 0.0326079131167348, "106": 0.03955406707947203, "107": 0.019810182346262646, "108": -0.026908280009975645, "109": 0.007952267759902295, "110": 0.010131769745476882, "111": 0.0065153006829753056, "112": -0.15791061568509884, "113": -0.005066457463064168, "114": -0.03015126737541968, "115": -0.05523441584029571, "116": 0.006803096805842173, "117": -0.006363395563182071, "118": 0.019339612864191672, "119": 0.022659133395950243, "120": 0.03693397746265215, "121": 0.014419631386059638, "122": -0.017914681656907745, "123": 0.000377496727169345, "124": 0.0013441225369702392, "125": -0.006582630794486223, "126": -0.12769042099867164, "127": -0.02488289682370064, "128": -0.011626110200157523, "129": -0.016043004013877076, "130": 0.0040942070693064485, "131": 0.02208857678626698, "132": 0.024583417064918425, "133": 0.018271957276557914, "134": 0.02760480774471927, "135": 0.023578002200592033, "136": 0.004015902352144533, "137": 0.011000172410231233, "138": 0.0312143566084727, "139": 0.026296100531404226, "140": 0.003017072199577972, "141": 0.04832382968014962, "142": -0.024618501943443494, "143": -0.010085728015186113, "144": -0.00756855736874537, "145": 0.011972076030342062, "146": 0.02340495457849259, "147": 0.0265776882026083, "148": 0.01979105685625511, "149": 0.027893490203436733, "150": -0.06884912265108323, "151": -0.023794084087419128, "152": 0.00034401857960307894, "153": 0.00026557253374067096, "154": -0.0632491314713851, "155": 0.007970778813714361, "156": -0.008436427599467961, "157": -0.015598216851007578, "158": 0.014629566724527972, "159": 0.02471641631111339, "160": 0.03138695082625292, "161": 0.020603690296539943, "162": 0.038014684772928596, "163": 0.020629671003445576, "164": -0.009448123636921114, "165": -0.042066063398172475, "166": -0.010507617446784988, "167": 0.018017308811840892, "168": -0.015257217239425384, "169": 0.02907907709713857, "170": 0.003449659452697029, "171": -0.007433234427807441, "172": 0.01502251662117929, "173": 0.02080176709921774, "174": 0.04461322063138961, "175": 0.040475832287312705, "176": 0.04755557351481771, "177": 0.04383107015095154, "178": 0.039103787943765664, "179": 0.03463464776442186, "180": 0.033220108180093674, "181": 0.05714749038939243, "182": 0.04161821430675285, "183": 0.05302581190225597, "184": 0.03005802204420941, "185": 0.01348814619775411, "186": 0.027528163468757316, "187": 0.03215539653767402, "188": 0.033694701646488225, "189": 0.04385421283936425, "190": 0.023602602527273253, "191": 0.014767343134715059, "192": -0.003602690052310199, "193": 0.00698359008562965, "194": 0.012317147807502362, "195": 0.037343427354774285, "196": 0.013483980558906103, "197": 0.0338424641508596, "198": -0.016833428492231777, "199": -0.02143337793455309, "200": 0.013558609789867533, "201": -0.004716269568239918, "202": 0.035784301988220996, "203": 0.015781984930464562, "204": 0.0075476908221721335, "205": 0.029769511639218312, "206": 0.0037922243826970133, "207": 0.006993880359200788, "208": 0.01972272137807691, "209": 0.022794517497401096, "210": 0.03525286476849082, "211": 0.04036020922489763, "212": 0.009366602324838491, "213": 0.023336075981004952, "214": 0.028756339693168688, "215": 0.0056641476515722575, "216": 0.05346535895832235, "217": 0.06169274902000424, "218": 0.04691322945706332, "219": 0.04331460143700328, "220": 0.0526584713668738, "221": 0.05392571855877126, "222": 0.05201139193351132, "223": 0.07915543494632789, "224": 0.04770183452999752, "225": 0.0611104199210103, "226": -0.009955040798758542, "227": -0.10802885350034834, "228": 0.00642945841843799, "229": 0.008456383466185687, "230": 0.038697829652189236, "231": 0.04851569654315649, "232": 0.04396118752710091, "233": 0.03298972420341456, "234": -0.019673832639261795, "235": 0.03183718331301685, "236": 0.031781263582897665, "237": 0.039472930433257405, "238": 0.025943231288677, "239": 0.04842865590506602, "240": -0.03298256976623509, "241": -0.01838733069256835, "242": 0.02256125107240262, "243": 0.01768940139667923, "244": 0.033122908347964414, "245": 0.0526158210289115, "246": 0.046985056045349104, "247": 0.035038266822489644, "248": -0.009517428723370752, "249": 0.018496601602531155, "250": 0.022704791188533673, "251": 0.062370772138059735, "252": 0.04033383169198409, "253": 0.043442770563164375, "254": 0.008604421543795968, "255": 0.01562693667787033, "256": 0.025708130614030877, "257": 0.03077574145085405, "258": 0.044655953359622726, "259": 0.044569237920272266, "260": 0.03212222587260519, "261": 0.023761093729681722, "262": 0.021456168218192868, "263": 0.0017858684425023242, "264": 0.02613193935610136, "265": 0.026209092235954204, "266": -0.07191988435724599, "267": 0.024012649526102145, "268": 0.00039162809330425797, "269": 0.0075862083464371954, "270": -0.03156305550613532, "271": -0.01621943701645293, "272": 0.027103233411073284, "273": 0.04412246191480854, "274": 0.028275134446602762, "275": 0.019779168455452564, "276": 0.024255470403507392, "277": 0.010683603982867733, "278": 0.02551106910724798, "279": 0.03633297763519816,