{"1": 0.14395892125281406, "2": 0.13450814687365215, "3": 0.179072837537659, "4": 0.16825331203564142, "5": 0.057777680291190237, "6": 0.019025408773449392, "7": 0.06992680084844895, "8": 0.10473963389355168, "9": 0.11773083502128573, "10": 0.10258567694133075, "11": 0.08467337308868494, "12": 0.03505186485581724, "13": 0.04591097741314634, "14": 5.995572631459223e-05, "15": 0.08563180784247502, "16": 0.058433693320863525, "17": 0.11851197214598534, "18": 0.07554099590344901, "19": -0.02482984873514935, "20": 0.0006063805231694436, "21": 0.00798866753108584, "22": 0.04311500079581198, "23": 0.02064419921136268, "24": 0.031498814317909754, "25": 0.03779330603333182, "26": 0.008766578367279274, "27": 0.007460298316461458, "28": -0.05122621665073811, "29": 0.0960965037768803, "30": 0.12177609475848489, "31": 0.08010622573777855, "32": 0.06907155104823187, "33": -0.02258603418235705, "34": 0.07259111629989742, "35": 0.02762973648438778, "36": 0.0484990749765433, "37": 0.04630150115982017, "38": 0.05218357269409629, "39": 0.03132485178883137, "40": -0.019074880188959618, "41": -0.017380807249485136, "42": -0.08213693081179195, "43": 0.09191248797888651, "44": 0.15644787821617417, "45": 0.11954996427742813, "46": 0.06304815555076035, "47": 0.049518518464654535, "48": 0.052178863904537486, "49": 0.08571055505576197, "50": 0.051301540147512724, "51": 0.05224238105317933, "52": 0.04636583993686677, "53": 0.03837647768498964, "54": 0.027464330812169493, "55": 0.020528474409687858, "56": -0.003931464300465739, "57": 0.046403190604638836, "58": 0.09806819666386672, "59": 0.07937761391357341, "60": 0.02701827607507246, "61": -0.0026808443498315578, "62": -0.0061864529576394975, "63": 0.03202567215303345, "64": 0.04946326178036091, "65": 0.01632943267611895, "66": 0.03486675092628659, "67": 0.028827604385201232, "68": -0.01755276139682156, "69": 0.046968690709468255, "70": -0.02210135097553317, "71": 0.11876284642357196, "72": 0.07664525240384688, "73": 0.08555835267436679, "74": 0.021684043118674133, "75": 0.01965313004057114, "76": -0.0070842130264618984, "77": 0.012678545306960966, "78": 0.04144581830944243, "79": 0.023191241752512158, "80": 0.01661755642225471, "81": 0.02097977995708373, "82": 0.006460851621474685, "83": 0.09974306501952304, "84": 0.016068563866583438, "85": 0.0840492885151214, "86": 0.0642826146034279, "87": 0.06827634428454306, "88": -0.01226369661604143, "89": -0.008769941013086278, "90": -0.027057282090898815, "91": -0.030942516938274957, "92": -0.049566827240065614, "93": 0.001101964053385065, "94": -0.015094539630984026, "95": -0.05584447506332165, "96": -0.05056891838580753, "97": -0.04841231672925165, "98": -0.09539211952831912, "99": -0.06266307033536711, "100": 0.012046175570586288, "101": 0.029094924647571085, "102": -0.013529014915279438, "103": -0.038023728465478177, "104": 0.005928618496141241, "105": -0.018426790859848774, "106": -0.015341845934783965, "107": 0.01172354074539319, "108": 0.011413748221573011, "109": -0.012410382243384152, "110": -0.016553778057080706, "111": 0.01438287505630179, "112": -0.03474231111398172, "113": 0.027045473977323847, "114": 0.09980327584977891, "115": 0.03094339855910703, "116": -0.024357645787388645, "117": -0.0645728083716018, "118": -0.029850638900536155, "119": 0.028145361409023274, "120": -0.003199835134407745, "121": -0.01849809078819858, "122": 0.014701687035352904, "123": 0.006902368325875069, "124": -0.04114001711218245, "125": -0.05026039093372145, "126": -0.06714117989721649, "127": -0.034903036587640136, "128": 0.011456952698336294, "129": 0.060352781422430384, "130": -0.04705485571989647, "131": -0.04301529055618205, "132": -0.05022956179516957, "133": -0.08346058146892578, "134": -0.04690290463557784, "135": -0.05155726711339284, "136": -0.060353336695520246, "137": -0.06596353048223211, "138": -0.06398970501787762, "139": -0.06843899949324442, "140": -0.051382733281318434, "141": -0.0881933675835077, "142": 0.02640779429664951, "143": 0.010838054643629347, "144": -0.06107987762203589, "145": -0.0648019139096437, "146": -0.03875080228430517, "147": -0.024069639028364016, "148": -0.03683400838905906, "149": 0.0008103521586601768, "150": -0.0301323843633238, "151": -0.06065999023081248, "152": -0.050285570445113524, "153": -0.05651575299613568, "154": -0.08908692357818736, "155": -0.10111466913834875, "156": 0.02181635263031046, "157": 0.0008928900980217371, "158": -0.03513028746955646, "159": -0.015461652052363436, "160": -0.0366787963872916, "161": -0.013815821243606783, "162": -0.028432945248763827, "163": 0.014665160086112928, "164": 0.04340172033283069, "165": -0.0065992686263105305, "166": -0.043083930184242746, "167": -0.034462814059367956, "168": -0.032821447526360674, "169": -0.06675432111465912, "170": 0.02053859902828587, "171": 0.0411548861801713, "172": -0.014467111086816234, "173": -0.05005162485033042, "174": -0.045999176783521355, "175": -0.039689216945149396, "176": -0.04087935828692744, "177": -0.042025726014057206, "178": -0.025051864895603293, "179": -0.05111414453253213, "180": -0.045229129624797436, "181": -0.04000614309035985, "182": -0.024766223969385173, "183": -0.017697553132543526, "184": -0.001197293449275156, "185": 0.008414045133677122, "186": -0.029995825104627345, "187": -0.048410223481526626, "188": -0.03313225587143412, "189": -0.01429331258849641, "190": -0.008159833674633231, "191": 0.020076395939842746, "192": 0.0016371562773557261, "193": -0.05094707763287297, "194": -0.06660581581100979, "195": -0.05065382491924208, "196": -0.04421434927351632, "197": 0.010141522515127354, "198": 0.005668085675282571, "199": 0.06185129460069886, "200": -0.011131323191507633, "201": 0.008093447047464885, "202": -0.022231985063617732, "203": 0.010477385986135122, "204": 0.0650140905084228, "205": 0.031616575310578, "206": 0.009494749292457036, "207": -0.03680755798964525, "208": -0.02072419459686844, "209": -0.05091832086904514, "210": -0.050631660095176056, "211": -0.043995768060625204, "212": 0.06956237179984517, "213": 0.012919030648229815, "214": -0.012398656762160051, "215": -0.0484531093579707, "216": -0.01682257597454938, "217": -0.01776618296278718, "218": -0.001021122620101662, "219": 0.01604945495377349, "220": -0.005357539235940414, "221": 0.008598437539506117, "222": -0.023309208118315477, "223": -0.027267038991092205, "224": -0.03245728358786992, "225": 0.007227333886282627, "226": 0.02675900660151384, "227": 0.01268342834479735, "228": -0.0027925596328490926, "229": -0.020942417087332906, "230": -0.015421661050001383, "231": -0.0021579294103012563, "232": -0.0037295651014950196, "233": 0.017316187536316887, "234": 0.047862611416196646, "235": 0.04433992281711251, "236": 0.014685144157252283, "237": 0.0041999004021171975, "238": -0.004092204980690321, "239": -0.020247022430375333, "240": 0.03586689897642078, "241": 0.07636970861700404, "242": -0.0011045522880419063, "243": -0.038252713324095924, "244": -0.03616822044536781, "245": -0.02191682890212684, "246": -0.0018305296905283788, "247": -0.0021207291929627994, "248": -0.016152473004435876, "249": -5.6511240485664126e-05, "250": -0.027751746665590448, "251": -0.049065636310815106, "252": -0.023231649111696104, "253": -0.01725283974386053, "254": 0.10071045508515866, "255": 0.06950647223750041, "256": 0.04833211683188543, "257": -0.0239748683174172, "258": -0.0077729737006424935, "259": 0.052798342339731505, "260": 0.07553392085115522, "261": 0.046996254643141236, "262": 0.023311941789573548, "263": -0.01027571414229701, "264": -0.020809461123888984, "265": -0.0033313555519373155, "266": -0.09023909367424696, "267": 0.0739357350798888, "268": 0.0633267661972616, "269": 0.04866687406298395, "270": 0.0065672234769606, "271": -0.021290950296858634, "272": -0.008409354795200665, "273": 0.0038874183718998045, "274": 0.019822233939923373, "275": 0.039915049839228514, "276": -0.007739115159564283, "277": -0.022571344921874455, "278": -0.03902801816335983, "279": -0.016670066337977442,