{"name": "fiedler", "normalized": false, "process_time": 0.2488420009613037, "data": {"1": -0.014215573732471398, "2": -0.011897104417136166, "3": -0.00875264531533449, "4": -0.00805415231256411, "5": -0.009564820820670351, "6": -0.013980496888434233, "7": -0.006583976479143885, "8": -0.007916627241880395, "9": -0.008642468234784607, "10": 0.004458142065776293, "11": -0.0050123954424466065, "12": -0.011868937663670892, "13": -0.008050474447245813, "14": 0.1927230242430125, "15": 0.006907539117460823, "16": -0.01387872632792603, "17": -0.006188836964660142, "18": 0.027706977747707254, "19": -0.009406870869746106, "20": -0.011871471140140036, "21": -0.010415758134305645, "22": -0.012911873763825788, "23": -0.008127330418813533, "24": -0.008695961525178302, "25": -0.00556273163606244, "26": -0.01584257648076727, "27": -0.00976444886343007, "28": 0.045760012347711654, "29": -0.014817772176583333, "30": -0.012270184132223886, "31": -0.00570790863595131, "32": 0.019374944258286283, "33": 0.011957167047981733, "34": -0.010032372157230532, "35": -0.015560700993549574, "36": -0.015306045069733197, "37": -0.006041937041556893, "38": -0.0011689393396929074, "39": 0.01851831554392763, "40": -0.0083667370564784, "41": -0.011132480062565432, "42": 0.15819119435194057, "43": -0.016834941001114486, "44": -0.006725611642923706, "45": -0.008096056765336796, "46": -0.010065869591385737, "47": -0.009685727956235533, "48": -0.010477132397040172, "49": -0.0052689893434264, "50": -0.006444403329024548, "51": -0.0028527381529814475, "52": -0.008878393290803458, "53": -0.008658566037933324, "54": 0.011007049192382115, "55": -0.013853913140224458, "56": 0.10385974149552717, "57": -0.007670358417251304, "58": -0.006933915852920531, "59": -0.007348281509323673, "60": -0.008352788334985607, "61": -0.00861102012946236, "62": -0.005184662212955916, "63": -0.008731621976072851, "64": 0.004812284923895236, "65": -0.008022094665377918, "66": -0.005910339470877123, "67": 0.018355143834481346, "68": -0.012008464787695503, "69": -0.013424577371905224, "70": 0.21133346016379226, "71": -0.016212380083925188, "72": -0.008172956762304904, "73": -0.00800439656936038, "74": -0.012645283541927425, "75": -0.011268058535762255, "76": -0.01832279889516367, "77": -0.0035175277671556245, "78": -0.010111567839319454, "79": -0.013372871808843731, "80": 0.0013372221839052676, "81": -0.002847104233552434, "82": -0.012303122952246537, "83": 0.0003294162143293378, "84": 0.17296289844264617, "85": -0.007515886819179448, "86": 0.06194321634724163, "87": -0.0008535406649986405, "88": -0.013737207641577471, "89": -0.012550950653687816, "90": -0.01119097073413819, "91": -0.013335504826822253, "92": -0.014465549457567907, "93": -0.012648912017991646, "94": -0.005301905990396996, "95": -0.01004034796280796, "96": -0.003566197525560291, "97": -0.01577204240851815, "98": 0.021347838690586866, "99": -0.031048801140032143, "100": -0.012307397147832501, "101": -0.012299123549288237, "102": -0.014140297626486708, "103": -0.015402118318741434, "104": -0.01301100294804149, "105": -0.016162311170487033, "106": -0.0183736591391776, "107": -0.0107910126395851, "108": 0.005257847010398314, "109": -0.009279373617585877, "110": -0.010223161493133334, "111": -0.012797959136294251, "112": 0.11193749979350755, "113": -0.028499605893396514, "114": 0.004587992863722801, "115": 0.019937164740661994, "116": -0.011287738118642445, "117": -0.004993035406300036, "118": -0.016838776846959353, "119": -0.01542463651005425, "120": -0.018030594723312837, "121": -0.010481654164989772, "122": -0.0003202609645903564, "123": -0.01084277015073927, "124": -0.009848804917486367, "125": -0.007234890372345512, "126": 0.08000181816195416, "127": -0.010387592086881099, "128": -0.0063704680404045545, "129": -0.004031317850196719, "130": -0.012272488415261299, "131": -0.012796977813964003, "132": -0.014337715581027543, "133": -0.012831143759967613, "134": -0.013812458240821333, "135": -0.009288115183028247, "136": -0.009013929578444794, "137": -0.01361755229127764, "138": -0.015998528525996293, "139": -0.018213986843567075, "140": -0.00765800620942579, "141": -0.029656959329908604, "142": 0.0026503997703013985, "143": -0.006251531562776874, "144": -0.003497060035156044, "145": -0.009224814135108513, "146": -0.015521071966928292, "147": -0.01621429271876063, "148": -0.012138831568670204, "149": -0.018197614018861226, "150": 0.04305954176783328, "151": 0.0006337364403147263, "152": -0.009685635873952445, "153": -0.015861754311117353, "154": 0.020163385288411984, "155": -0.0226521741750715, "156": -0.00593933386256101, "157": -0.003463910821771715, "158": -0.02031702038581818, "159": -0.014086459464813047, "160": -0.02056901226487433, "161": -0.013739602831017625, "162": -0.02388327066450997, "163": -0.013956424945301025, "164": -0.00733313599038144, "165": 0.008592281184747473, "166": -0.0045271557228824845, "167": -0.014224467264845492, "168": -0.002408074299103665, "169": -0.04057420011586256, "170": -0.01063764903065522, "171": -0.00672993525601289, "172": -0.016368486866363274, "173": -0.013190435933531258, "174": -0.01751879423960233, "175": -0.017561582015648836, "176": -0.01675395843344609, "177": -0.015343863057190012, "178": -0.015550821960703794, "179": -0.014625881157284753, "180": -0.013898757640662234, "181": -0.018764147580757447, "182": -0.016469155241044465, "183": -0.018742189728002942, "184": -0.014369192583842874, "185": -0.012060846780830666, "186": -0.015618302389921339, "187": -0.01932701016541097, "188": -0.01726290660577092, "189": -0.018620656735562516, "190": -0.013088796048340519, "191": -0.013363273297446946, "192": -0.011692362366424087, "193": -0.012169148590771171, "194": -0.00817294107269736, "195": -0.017638961417448435, "196": -0.01183951084883381, "197": -0.020551073280230217, "198": 0.004862048998919991, "199": -0.002876342069576572, "200": -0.015345876147935844, "201": -0.004328885876006865, "202": -0.01822352645018624, "203": -0.009801895499600238, "204": -0.011236789880264265, "205": -0.014593576151549882, "206": -0.012091646414272305, "207": -0.012942676095140644, "208": -0.013166515282816585, "209": -0.014891912305902597, "210": -0.015596077205189872, "211": -0.021332759763772993, "212": -0.013326284697903127, "213": -0.012407470689146924, "214": -0.016498497734599743, "215": -0.009457782256721631, "216": -0.01776625137785726, "217": -0.018501695057766592, "218": -0.017688056000682236, "219": -0.012761609677301534, "220": -0.01562947695900922, "221": -0.01602602290206369, "222": -0.013094402555005217, "223": -0.024452049124866215, "224": -0.008886634026646372, "225": -0.021602894658078818, "226": 0.0028591659954689294, "227": 0.06868818607871409, "228": -0.010073292435613083, "229": -0.011428667069043622, "230": -0.018463629835966233, "231": -0.016567476843780904, "232": -0.015119836072051132, "233": -0.014953795060852525, "234": -0.002368773181064592, "235": -0.015302562457492046, "236": -0.01625861864329859, "237": -0.015633219852717962, "238": -0.012908717384342114, "239": -0.017407021696410035, "240": 0.008477113243790236, "241": -0.008228456063372866, "242": -0.01291544748811834, "243": -0.01399193073081948, "244": -0.016273804356590652, "245": -0.019463045952597166, "246": -0.019415536387504522, "247": -0.013832752404307634, "248": -0.002865947362376964, "249": -0.011523556013393568, "250": -0.01615210358033456, "251": -0.04403189564889726, "252": -0.013983076465057727, "253": -0.01752042624918066, "254": -0.013237469881538233, "255": -0.010507338776486599, "256": -0.012458412378831591, "257": -0.013436743046475455, "258": -0.014779677353230531, "259": -0.017465248953562048, "260": -0.014122507183926663, "261": -0.01442976698031181, "262": -0.013845663618468807, "263": -0.006794801753179299, "264": -0.012267059340643129, "265": -0.02452466446290368, "266": 0.06281652737508824, "267": -0.015740294328190855, "268": -0.007380018825311005, "269": -0.01009655796943059, "270": 0.008823505214151322,