{"name": "fiedler", "normalized": true, "process_time": 0.08058309555053711, "data": {"1": -0.007439870582460317, "2": 0.00213506387366645, "3": 0.006935750895972945, "4": 0.011437343048469908, "5": -0.004275132419543694, "6": -0.02116192020186081, "7": 0.004628794895633637, "8": 0.007767868028121203, "9": 0.006186433728861508, "10": 0.0327102671482139, "11": 0.011432442280152614, "12": -0.015513981573669532, "13": -3.9528364471635135e-05, "14": 0.22989223533029643, "15": 0.04840977121178282, "16": -0.009790292644818514, "17": 0.012761389995488127, "18": 0.07892142729334894, "19": 0.000817693991137808, "20": -0.015937418763870084, "21": -0.004083336021230984, "22": -0.013263292485438151, "23": -0.005013324077038099, "24": -0.000907227395173791, "25": 0.005143155115818807, "26": -0.02279642583926498, "27": -0.003302121935664909, "28": 0.09180601779433488, "29": -0.005047136398517902, "30": -0.012929121387522908, "31": 0.007083974550189777, "32": 0.04878922355322757, "33": 0.04862798411187236, "34": -0.008600918416382924, "35": -0.02410231296690502, "36": -0.02893373139641668, "37": 0.0031460141948902206, "38": 0.02445645541561198, "39": 0.05438985483327214, "40": -0.004719350236598527, "41": -0.007427040492289204, "42": 0.18733296333215219, "43": 0.010831856631584948, "44": 0.013906748578056776, "45": 0.009410925792793711, "46": -0.0003504500107148454, "47": -2.2912636550310587e-07, "48": -0.0015517826051460355, "49": 0.011596513128201489, "50": 0.004510751457213288, "51": 0.014585930064075131, "52": 0.0020024979799710646, "53": 0.0016919332537474467, "54": 0.04528142540362836, "55": -0.0104666377905912, "56": 0.17392303629906944, "57": 0.022168212713111528, "58": 0.011231449345378787, "59": 0.008800147653497521, "60": 0.0038341422248688185, "61": 0.012619345441211731, "62": 0.00916109027668238, "63": 0.0020052335526564886, "64": 0.02958270224556297, "65": -0.0010646057272991043, "66": 0.011834404332784022, "67": 0.06627242899980453, "68": -0.013625978969178327, "69": -0.020190169734259186, "70": 0.2563013891630564, "71": 0.03030804342032069, "72": 0.005523394054734303, "73": 0.004144788023427147, "74": -0.007336313871210324, "75": 0.0005053044998339593, "76": -0.014775163290705466, "77": 0.015081109741162346, "78": 0.004604698562647902, "79": -0.023161250951290912, "80": 0.023929280575965294, "81": 0.010364529226033476, "82": -0.0019177338732298415, "83": 0.022118347812244782, "84": 0.22379079842506663, "85": 0.021945106470671036, "86": 0.09962194439689549, "87": 0.02303757657689818, "88": -0.014743481185030225, "89": -0.011753599680183587, "90": -0.013092276925489641, "91": -0.02264213926682776, "92": -0.023710904075125872, "93": -0.01799787456277059, "94": 0.006057541566221519, "95": -0.005027933570665562, "96": 0.010178964329029448, "97": -0.015598864222882012, "98": 0.06221359705577574, "99": -0.017201089394216763, "100": -0.01056577228256863, "101": -0.004254362606975077, "102": -0.022814983956226643, "103": -0.01829517565240283, "104": -0.007127127921007053, "105": -0.033087989285365355, "106": -0.03856288534536839, "107": -0.019701095724493797, "108": 0.02673875400619424, "109": -0.008017379383659692, "110": -0.010526432423957177, "111": -0.00667157055907115, "112": 0.15822691738626615, "113": 0.004043083623198334, "114": 0.02973820558819157, "115": 0.055128124256825214, "116": -0.007311407474579202, "117": 0.005813486918446536, "118": -0.019914380428563205, "119": -0.022818959611195132, "120": -0.0360041555724543, "121": -0.01452947058691267, "122": 0.01760979720770745, "123": -0.0012258676799330242, "124": -0.001853377478913627, "125": 0.0059502358154589746, "126": 0.12750401112560725, "127": 0.02356074950424271, "128": 0.01112939952955239, "129": 0.015417434060088041, "130": -0.004951280729246124, "131": -0.019367241655424947, "132": -0.024096585911312095, "133": -0.01870113158922873, "134": -0.02741404216358452, "135": -0.022949981359439722, "136": -0.004581331629773563, "137": -0.011930144289178182, "138": -0.031454985980647186, "139": -0.02673332806321443, "140": -0.00338594297840516, "141": -0.04878894817888615, "142": 0.024462099393644784, "143": 0.009631715602724909, "144": 0.007187935056464804, "145": -0.011933190499283612, "146": -0.02317364642150816, "147": -0.026646943373676613, "148": -0.020105447013483456, "149": -0.02774804830203986, "150": 0.069172666706104, "151": 0.02325465054814321, "152": -0.0008600357207513544, "153": -0.0012413930123744334, "154": 0.0625623713745, "155": -0.009367979576961455, "156": 0.007920892096488892, "157": 0.015055924480728443, "158": -0.01536767426121257, "159": -0.024810251204473947, "160": -0.031527004599092065, "161": -0.02102542839076205, "162": -0.037771011799928866, "163": -0.020867302878970692, "164": 0.008936173970684282, "165": 0.041508976996188864, "166": 0.009856691885778373, "167": -0.01877230890672607, "168": 0.014709785869074113, "169": -0.030131286538671073, "170": -0.004056153744643692, "171": 0.007000680482076354, "172": -0.015589808913720738, "173": -0.021108299514616336, "174": -0.03855405164385537, "175": -0.03924134111063012, "176": -0.047255903803472485, "177": -0.04287322734459979, "178": -0.03836176385799841, "179": -0.03472774929562199, "180": -0.03327971273247461, "181": -0.05661721754405339, "182": -0.04121243271186229, "183": -0.05221933668089888, "184": -0.030023832618643817, "185": -0.01362868398096403, "186": -0.02795796401822878, "187": -0.03200414794652896, "188": -0.03307322598436488, "189": -0.0430866919391712, "190": -0.023108245181914247, "191": -0.014601444552196731, "192": 0.0029573020764813857, "193": -0.007706843843132724, "194": -0.01271119383582719, "195": -0.03751018431126649, "196": -0.013835155024852918, "197": -0.033704997010344524, "198": 0.016795611872727313, "199": 0.02090330339262779, "200": -0.01406835335341984, "201": 0.004935967685416133, "202": -0.03504565962602924, "203": -0.015565356802180729, "204": -0.00779487754698457, "205": -0.029970656042146514, "206": -0.004192072624891396, "207": -0.007571397760933068, "208": -0.020230532187435937, "209": -0.023065510526099238, "210": -0.035411033459638225, "211": -0.040451229739227997, "212": -0.009548303612947326, "213": -0.023453207103140822, "214": -0.028523598067948113, "215": -0.005943862940839435, "216": -0.05273508136432963, "217": -0.05241162729610752, "218": -0.04587119628490035, "219": -0.04237866549987093, "220": -0.05088814669061986, "221": -0.05187202435127835, "222": -0.050814808789148146, "223": -0.07632184365813961, "224": -0.045408251532214866, "225": -0.050017002610619726, "226": 0.010263199407923992, "227": 0.10850842548263048, "228": -0.006744015669003254, "229": -0.008650415951275107, "230": -0.03823704945951586, "231": -0.04692889057299009, "232": -0.04298671179381067, "233": -0.03269437295697628, "234": 0.01935454949225798, "235": -0.03202522310893167, "236": -0.031952492537783914, "237": -0.038983468547618486, "238": -0.025562558723408842, "239": -0.0474317934564303, "240": 0.03275745373302024, "241": 0.017862767502801313, "242": -0.022460346550353154, "243": -0.017923296542615347, "244": -0.03312825953650972, "245": -0.050255231011469004, "246": -0.04480793137183475, "247": -0.03468450178006687, "248": 0.009518619747289956, "249": -0.018466451003976828, "250": -0.02308254934895859, "251": -0.061841344313308864, "252": -0.03965743529033006, "253": -0.042052274765209466, "254": -0.00892453409581284, "255": -0.01576796859612097, "256": -0.025465815997417512, "257": -0.030127331308534948, "258": -0.043729882592670806, "259": -0.0428963130952287, "260": -0.03217771155358132, "261": -0.023963480261740472, "262": -0.021328722655268598, "263": -0.0019296753885799387, "264": -0.025940905122565132, "265": -0.026064859941590284, "266": 0.07385733214426493, "267": -0.02362527203261724, "268": -0.0005137380527259717, "269": -0.008119039941847022, "270": 0.0313391154345538, "271": 0.016193589828682034, "272": -0.027015136336536117, "273": -0.04159649100302608,