{"1": -0.007439870566560813, "2": 0.0021350638847955706, "3": 0.006935750879108224, "4": 0.01143734308774514, "5": -0.0042751324001484, "6": -0.021161920079711773, "7": 0.004628794793955843, "8": 0.0077678680727739985, "9": 0.00618643383524612, "10": 0.03271026714597035, "11": 0.011432442264721563, "12": -0.01551398175905237, "13": -3.952844847699597e-05, "14": 0.22989223471848005, "15": 0.04840977149241736, "16": -0.00979029255877295, "17": 0.012761390067658718, "18": 0.07892142735597302, "19": 0.0008176941177900968, "20": -0.015937418829983514, "21": -0.004083335959029827, "22": -0.013263292448564253, "23": -0.005013324008610843, "24": -0.0009072274485811975, "25": 0.005143155111218592, "26": -0.022796425891871187, "27": -0.0033021220143039393, "28": 0.09180601712304183, "29": -0.005047136354796998, "30": -0.01292912142036874, "31": 0.007083974494917816, "32": 0.04878922351849948, "33": 0.048627984352375156, "34": -0.008600918366772884, "35": -0.02410231304111099, "36": -0.028933731532342178, "37": 0.0031460142286888655, "38": 0.02445645546203819, "39": 0.05438985482515838, "40": -0.0047193502044924765, "41": -0.007427040507184659, "42": 0.18733296254546056, "43": 0.01083185699912941, "44": 0.01390674856291219, "45": 0.009410925895194117, "46": -0.0003504498525227499, "47": -2.2904492324370904e-07, "48": -0.0015517823934211698, "49": 0.011596513249977796, "50": 0.004510751412838723, "51": 0.014585930007117793, "52": 0.002002498062696328, "53": 0.0016919332670614147, "54": 0.04528142561193438, "55": -0.010466637862024484, "56": 0.1739230365529122, "57": 0.022168213130077816, "58": 0.011231449394465872, "59": 0.008800147737340716, "60": 0.003834142429937049, "61": 0.012619345773842449, "62": 0.00916109055108402, "63": 0.002005233585545788, "64": 0.029582702224049143, "65": -0.0010646056643674085, "66": 0.011834404405491212, "67": 0.06627242896289476, "68": -0.013625978990769526, "69": -0.020190169793903735, "70": 0.256301388661162, "71": 0.030308043912867455, "72": 0.005523394109737923, "73": 0.004144787984319884, "74": -0.007336313786908602, "75": 0.0005053047327958639, "76": -0.014775163098768139, "77": 0.015081109842355493, "78": 0.004604698645371123, "79": -0.02316125118038881, "80": 0.0239292805991394, "81": 0.010364529149384518, "82": -0.0019177337602422333, "83": 0.022118347744171877, "84": 0.2237907984888367, "85": 0.02194510680302337, "86": 0.09962194417733118, "87": 0.023037576699515255, "88": -0.014743480954737983, "89": -0.011753599541937072, "90": -0.013092276701032272, "91": -0.02264213899432169, "92": -0.023710903814030168, "93": -0.017997874434879827, "94": 0.006057541767335865, "95": -0.0050279331618956775, "96": 0.010178964710521998, "97": -0.015598863877545393, "98": 0.06221359779052985, "99": -0.017201088747223026, "100": -0.01056577206465599, "101": -0.00425436254826469, "102": -0.022814983812360582, "103": -0.01829517543415193, "104": -0.007127127754556767, "105": -0.03308798925343969, "106": -0.03856288562575417, "107": -0.019701095830287566, "108": 0.026738754133496214, "109": -0.00801737943922147, "110": -0.010526432275325107, "111": -0.006671570752060331, "112": 0.15822691783376425, "113": 0.004043084180490712, "114": 0.029738205686276272, "115": 0.05512812441892538, "116": -0.00731140720212642, "117": 0.005813487265864205, "118": -0.01991438024530156, "119": -0.022818959643299552, "120": -0.036004155790298385, "121": -0.014529470736420478, "122": 0.017609797139726928, "123": -0.001225867405323686, "124": -0.0018533772542249924, "125": 0.005950236059977044, "126": 0.1275040118070743, "127": 0.02356075015920899, "128": 0.01112939972122479, "129": 0.015417434220320709, "130": -0.004951280281460947, "131": -0.019367241579939888, "132": -0.024096585817149945, "133": -0.01870113124251426, "134": -0.027414042051864474, "135": -0.02294998151688721, "136": -0.0045813314013464935, "137": -0.011930143892657032, "138": -0.03145498579177569, "139": -0.026733327772255476, "140": -0.0033859426675165996, "141": -0.048788947903741026, "142": 0.024462099508420276, "143": 0.009631715859658446, "144": 0.007187935434870881, "145": -0.01193319039081771, "146": -0.023173646287968017, "147": -0.026646943341601562, "148": -0.020105446949894003, "149": -0.027748048564003865, "150": 0.06917266643987488, "151": 0.023254650970737492, "152": -0.0008600354988629776, "153": -0.0012413925923196933, "154": 0.0625623721473706, "155": -0.009367978917174348, "156": 0.007920892283299188, "157": 0.015055924736478033, "158": -0.015367673915920511, "159": -0.024810251127064687, "160": -0.03152700454884249, "161": -0.02102542820195878, "162": -0.03777101207719277, "163": -0.020867302929914, "164": 0.008936174103342647, "165": 0.04150897733183575, "166": 0.009856692118923595, "167": -0.01877230865456772, "168": 0.014709786199214925, "169": -0.030131286090615734, "170": -0.004056153662000475, "171": 0.007000680536248207, "172": -0.015589808745253356, "173": -0.021108299346247902, "174": -0.038554051664459896, "175": -0.03924134117152589, "176": -0.04725590385653177, "177": -0.04287322743531105, "178": -0.038361763896557065, "179": -0.03472774924818635, "180": -0.03327971273724528, "181": -0.05661721773266468, "182": -0.041212432924643196, "183": -0.05221933696918152, "184": -0.030023832754900944, "185": -0.013628683917258027, "186": -0.027957963890946708, "187": -0.03200414794461299, "188": -0.03307322599845171, "189": -0.04308669214883396, "190": -0.02310824544053238, "191": -0.014601444595047001, "192": 0.002957302297468314, "193": -0.007706843573551766, "194": -0.012711193784606348, "195": -0.03751018429991922, "196": -0.013835154926427253, "197": -0.033704997020042426, "198": 0.016795611644105358, "199": 0.020903303490251532, "200": -0.01406835319509458, "201": 0.004935967660021205, "202": -0.03504565965093036, "203": -0.015565356920302817, "204": -0.007794877621370013, "205": -0.029970656057706026, "206": -0.004192072547448765, "207": -0.007571397588646262, "208": -0.020230532073318153, "209": -0.023065510485719212, "210": -0.03541103337801954, "211": -0.040451229782241103, "212": -0.00954830362652689, "213": -0.023453207227311635, "214": -0.028523598153029822, "215": -0.005943862692063636, "216": -0.052735081587860784, "217": -0.05241162774768196, "218": -0.045871196597715096, "219": -0.04237866594909806, "220": -0.05088814710314223, "221": -0.05187202474934265, "222": -0.05081480945079494, "223": -0.07632184440708455, "224": -0.04540825242272034, "225": -0.050017003090840347, "226": 0.01026319902910391, "227": 0.10850842526717465, "228": -0.006744015629004958, "229": -0.008650415783970536, "230": -0.03823704959956512, "231": -0.046928891022761834, "232": -0.04298671229896115, "233": -0.03269437322770071, "234": 0.019354549558061825, "235": -0.032025223180670186, "236": -0.031952492642709565, "237": -0.03898346886576594, "238": -0.02556255902059007, "239": -0.047431793785828, "240": 0.03275745377690681, "241": 0.01786276767688892, "242": -0.02246034664677701, "243": -0.01792329632842124, "244": -0.033128259480561334, "245": -0.05025523156817231, "246": -0.04480793170379716, "247": -0.034684502043367, "248": 0.009518619816734936, "249": -0.018466451070717184, "250": -0.023082549323422255, "251": -0.061841344845254255, "252": -0.03965743580870833, "253": -0.04205227532106544, "254": -0.008924534136072484, "255": -0.01576796883114126, "256": -0.025465816260249866, "257": -0.030127331634858225, "258": -0.04372988294330913, "259": -0.042896313349416224, "260": -0.032177711773061196, "261": -0.02396348038954629, "262": -0.021328722846313077, "263": -0.0019296754983879763, "264": -0.025940905345790046, "265": -0.02606486023587794, "266": 0.07385733087881012, "267": -0.023625272128517765, "268": -0.0005137380524291174, "269": -0.008119039985872297, "270": 0.0313391155025019, "271": 0.016193589776172617, "272": -0.027015136413912965, "273": -0.04159649152266189, "274": -0.027474465689613644, "275": -0.019798412827795726, "276": -0.02436236650902104,