{"name": "pagerank", "alpha": 0.85, "process_time": 0.5548689365386963, "data": {"0": 0.003260342984992169, "1": 0.003260342984992169, "2": 0.003260342984992169, "3": 0.003260342984992169, "4": 0.003260342984992169, "5": 0.003260342984992169, "6": 0.003260342984992169, "7": 0.003260342984992169, "8": 0.003260342984992169, "9": 0.003260342984992169, "10": 0.003260342984992169, "11": 0.003260342984992169, "12": 0.003260342984992169, "13": 0.003260342984992169, "14": 0.003260342984992169, "15": 0.003260342984992169, "16": 0.003260342984992169, "17": 0.003260342984992169, "18": 0.003260342984992169, "19": 0.003260342984992169, "20": 0.003260342984992169, "21": 0.003260342984992169, "22": 0.003260342984992169, "23": 0.003260342984992169, "24": 0.003260342984992169, "25": 0.003260342984992169, "26": 0.003260342984992169, "27": 0.003260342984992169, "28": 0.003260342984992169, "29": 0.003260342984992169, "30": 0.003260342984992169, "31": 0.003260342984992169, "32": 0.003260342984992169, "33": 0.003260342984992169, "34": 0.003260342984992169, "35": 0.003260342984992169, "36": 0.003260342984992169, "37": 0.003260342984992169, "38": 0.003260342984992169, "39": 0.003260342984992169, "40": 0.003260342984992169, "41": 0.003260342984992169, "42": 0.003260342984992169, "43": 0.003260342984992169, "44": 0.003260342984992169, "45": 0.003260342984992169, "46": 0.003260342984992169, "47": 0.003260342984992169, "48": 0.003260342984992169, "49": 0.21534013704916644, "50": 0.09193602371918452, "51": 0.0013736263736263742, "52": 0.0013736263736263742, "53": 0.0013736263736263742, "54": 0.0013736263736263742, "55": 0.0013736263736263742, "56": 0.0013736263736263742, "57": 0.0013736263736263742, "58": 0.0013736263736263742, "59": 0.0013736263736263742, "60": 0.0013736263736263742, "61": 0.0013736263736263742, "62": 0.0013736263736263742, "63": 0.0013736263736263742, "64": 0.0013736263736263742, "65": 0.0013736263736263742, "66": 0.0013736263736263742, "67": 0.0013736263736263742, "68": 0.0013736263736263742, "69": 0.0013736263736263742, "70": 0.0013736263736263742, "71": 0.0013736263736263742, "72": 0.0013736263736263742, "73": 0.0013736263736263742, "74": 0.0013736263736263742, "75": 0.0013736263736263742, "76": 0.0013736263736263742, "77": 0.0013736263736263742, "78": 0.0013736263736263742, "79": 0.0013736263736263742, "80": 0.0013736263736263742, "81": 0.0013736263736263742, "82": 0.0013736263736263742, "83": 0.0013736263736263742, "84": 0.0013736263736263742, "85": 0.0013736263736263742, "86": 0.0013736263736263742, "87": 0.0013736263736263742, "88": 0.0013736263736263742, "89": 0.0013736263736263742, "90": 0.0013736263736263742, "91": 0.0013736263736263742, "92": 0.0013736263736263742, "93": 0.0013736263736263742, "94": 0.0013736263736263742, "95": 0.0013736263736263742, "96": 0.0013736263736263742, "97": 0.0013736263736263742, "98": 0.0013736263736263742, "99": 0.09193602371918462, "100": 0.2153401370491665, "101": 0.003260342984992171, "102": 0.003260342984992171, "103": 0.003260342984992171, "104": 0.003260342984992171, "105": 0.003260342984992171, "106": 0.003260342984992171, "107": 0.003260342984992171, "108": 0.003260342984992171, "109": 0.003260342984992171, "110": 0.003260342984992171, "111": 0.003260342984992171, "112": 0.003260342984992171, "113": 0.003260342984992171, "114": 0.003260342984992171, "115": 0.003260342984992171, "116": 0.003260342984992171, "117": 0.003260342984992171, "118": 0.003260342984992171, "119": 0.003260342984992171, "120": 0.003260342984992171, "121": 0.003260342984992171, "122": 0.003260342984992171, "123": 0.003260342984992171, "124": 0.003260342984992171, "125": 0.003260342984992171, "126": 0.003260342984992171, "127": 0.003260342984992171, "128": 0.003260342984992171, "129": 0.003260342984992171, "130": 0.003260342984992171, "131": 0.003260342984992171, "132": 0.003260342984992171, "133": 0.003260342984992171, "134": 0.003260342984992171, "135": 0.003260342984992171, "136": 0.003260342984992171, "137": 0.003260342984992171, "138": 0.003260342984992171, "139": 0.003260342984992171, "140": 0.003260342984992171, "141": 0.003260342984992171, "142": 0.003260342984992171, "143": 0.003260342984992171, "144": 0.003260342984992171, "145": 0.003260342984992171, "146": 0.003260342984992171, "147": 0.003260342984992171, "148": 0.003260342984992171, "149": 0.003260342984992171}}