{"name": "eigen", "eigen": 3, "normalized": true, "process_time": 0.07838082313537598, "data": {"69": 0.05468486070758174, "68": 0.0546848607075817, "45": -0.0077357684666739535, "70": -0.04972387005036624, "62": -0.05759185954647847, "34": -0.10948146869198008, "32": -0.10312133902865528, "55": -0.1119427388641097, "38": -0.10214608066380469, "27": -0.10214608066380435, "42": -0.09472644536147351, "67": 0.09531948881647634, "66": 0.09531948881647637, "65": 0.09531948881647612, "64": 0.09531948881647626, "63": -0.020071937899486254, "52": 0.03275713956425577, "35": 0.103629267669209, "19": -0.24221100684221292, "18": 0.14599540698191577, "16": 0.17033613213685284, "15": 0.19290839467139023, "14": 0.16003481652257576, "61": 0.08169619124427925, "13": 0.15146992109926552, "60": 0.005713205754100073, "12": 0.13212476812497462, "59": 0.06739019565520749, "4": -0.1313151908629092, "51": -0.07993900644070617, "3": 0.04381960038950466, "50": 0.06118305622724546, "25": -0.06702453587751238, "2": 0.018317100715343156, "49": 0.0394241881657085, "24": -0.2964290288782149, "1": 0.0836118189589386, "28": -0.11896865566324073, "5": -0.1313151908629092, "6": -0.05873175297278677, "53": 0.03873430471901624, "30": -0.10179132633719812, "7": 0.1792748163541234, "54": 0.008731439120918253, "31": -0.16858332629112288, "8": 0.03954208656489776, "9": 0.007359073014064587, "56": -0.09257907438486389, "11": 0.160263321875998, "58": 0.13775050503257344, "33": -0.15836316832434955, "40": 0.05552189603590241, "41": -0.04766079192814636, "44": 0.057271468749345134, "57": 0.07106029526563815, "10": 0.04442249545256953, "20": -0.27399439756031946, "39": -0.00032926334371272126, "36": -0.27722446209630286, "37": -0.27722446209630286, "43": -0.07993900644070612, "22": -0.2515084186904712, "23": -0.11832777741891298, "21": 0.07248371830434196}}