{"name": "eigen", "eigen": 5, "normalized": true, "process_time": 0.00641322135925293, "data": {"69": 0.5607126630813006, "68": 0.5607126630813004, "45": 0.008256729126496248, "70": 0.02509527780224205, "62": 0.012650640451794093, "34": 0.03880596522252244, "32": 0.029530650776375712, "55": 0.03439297407252881, "38": 0.03241028002819337, "27": 0.03241028002819332, "42": -0.019639146360983066, "67": 0.0018816805382240861, "66": 0.0018816805382241104, "65": 0.0018816805382241438, "64": 0.0018816805382240523, "63": 0.017450856641685733, "52": -0.006680635265725958, "35": -0.0008312532265026783, "19": -0.004743376328363686, "18": -0.03193483932372784, "16": -0.14917988311117156, "15": -0.15968471801235679, "14": -0.1345141645586183, "61": 0.4072334703808566, "13": -0.12592814618137452, "60": -0.03251695653554141, "12": -0.1035963148746713, "59": -0.054351412917203766, "4": 0.01186749839676857, "51": -0.0019218946656049674, "3": -0.03125745363758552, "50": 0.07000055023081486, "25": 0.008044779473832975, "2": -0.012283712313894968, "49": -0.002454074887750988, "24": -0.0500604753453831, "1": -0.037440548638280544, "28": 0.056523064697102735, "5": 0.011867498396768584, "6": 0.07832849253886652, "53": -0.019376904467481096, "30": 0.005510815388355331, "7": -0.07305177811203555, "54": 0.025117966846283247, "31": 0.030163997877597413, "8": -0.049160824248407085, "9": -0.02103324378999807, "56": 0.018194137437253694, "11": -0.008126098167094097, "58": -0.10512134615514143, "33": 0.024866721863282273, "40": 0.06332587354957292, "41": 0.048379732838010225, "44": 0.06799396974529803, "57": 0.0034431021879516334, "10": -0.044856021877903704, "20": -0.06655436055593786, "39": 0.15361866240816058, "36": -0.07419410889429219, "37": -0.07419410889429216, "43": -0.0019218946656049882, "22": -0.07072945902465064, "23": -0.03981232296261537, "21": -0.01204134851125461}}