{"0": 22.610169491525422, "1": 22.610169491525422, "2": 22.610169491525422, "3": 22.610169491525422, "4": 22.610169491525422, "5": 22.610169491525422, "6": 22.610169491525422, "7": 22.610169491525422, "8": 22.610169491525422, "9": 21.76271186440678, "10": 21.084745762711865, "11": 20.440677966101696, "12": 19.83050847457627, "13": 19.25423728813559, "14": 18.71186440677966, "15": 18.203389830508474, "16": 17.728813559322035, "17": 17.28813559322034, "18": 16.88135593220339, "19": 16.508474576271187, "20": 16.16949152542373, "21": 15.864406779661017, "22": 15.59322033898305, "23": 15.35593220338983, "24": 15.152542372881356, "25": 14.983050847457626, "26": 14.847457627118644, "27": 14.745762711864407, "28": 14.677966101694915, "29": 14.64406779661017, "30": 14.64406779661017, "31": 14.677966101694915, "32": 14.745762711864407, "33": 14.847457627118644, "34": 14.983050847457626, "35": 15.152542372881356, "36": 15.35593220338983, "37": 15.59322033898305, "38": 15.864406779661017, "39": 16.16949152542373, "40": 16.508474576271187, "41": 16.88135593220339, "42": 17.28813559322034, "43": 17.728813559322035, "44": 18.203389830508474, "45": 18.71186440677966, "46": 19.25423728813559, "47": 19.83050847457627, "48": 20.440677966101696, "49": 21.084745762711865, "50": 21.76271186440678, "51": 22.47457627118644, "52": 23.220338983050848, "53": 24.0, "54": 24.8135593220339, "55": 25.661016949152543, "56": 26.54237288135593, "57": 27.45762711864407, "58": 28.406779661016948, "59": 29.389830508474578}