{"name": "eigen", "eigen": 3, "normalized": false, "process_time": 0.007699012756347656, "data": {"0": -0.10425773200132654, "1": -0.10425773200132654, "2": -0.10425773200132649, "3": -0.10425773200132646, "4": -0.10425773200132658, "5": -0.10425773200132653, "6": -0.10425773200132642, "7": -0.10425773200132638, "8": -0.10425773200132649, "9": -0.10137639447375771, "10": -0.07264264979993024, "11": -0.041901303493565314, "12": -0.010001944290770726, "13": 0.02217383544103819, "14": 0.053736803988871096, "15": 0.08381466570603974, "16": 0.11157616836739821, "17": 0.13625407622069707, "18": 0.1571663738351899, "19": 0.17373511474352415, "20": 0.18550239396304447, "21": 0.19214300296905304, "22": 0.19347341737858348, "23": 0.18945686895496186, "24": 0.18020436175977733, "25": 0.1659716043692084, "26": 0.14715194293804795, "27": 0.1242654904180819, "28": 0.09794475236312278, "29": 0.06891714657571874, "30": 0.03798489969446245, "31": 0.0060028763134718855, "32": -0.026145046636436558, "33": -0.05757040731122637, "34": -0.08740471308889679, "35": -0.1148234428217498, "36": -0.1390688338631113, "37": -0.159470824110757, "38": -0.17546557029849166, "39": -0.18661103075180344, "40": -0.19259918195196016, "41": -0.19326453128328133, "42": -0.18858869069952364, "43": -0.17870088490842098, "44": -0.16387438002985083, "45": -0.14451893142765296, "46": -0.1211694594319547, "47": -0.09447126591743346, "48": -0.06516220030220957, "49": -0.034052267839937034, "50": -0.0020012437641929986, "51": 0.030105088044118187, "52": 0.06137941518201133, "53": 0.0909574190929431, "54": 0.11802166196176823, "55": 0.14182417798167116, "56": 0.16170714464546457, "57": 0.1771210627754088, "58": 0.1876399428558858, "59": 0.19297307796912483}}