{"0": -0.03406028767853058, "1": -0.034060287678530435, "2": -0.03406028767853049, "3": -0.034060287678530685, "4": -0.0340602876785304, "5": -0.034060287678530435, "6": -0.034060287678530705, "7": -0.03406028767853062, "8": -0.03406028767853076, "9": -0.022979427180461198, "10": 0.0458485833967746, "11": 0.09830647536984832, "12": 0.14290088493198072, "13": 0.17606472910212834, "14": 0.19514524971425926, "15": 0.1986162061249104, "16": 0.18619995838634057, "17": 0.15888967551752703, "18": 0.1188698924452765, "19": 0.06934177022326732, "20": 0.01426703687068134, "21": -0.04194890913414142, "22": -0.09480938432289146, "23": -0.14008610754402803, "24": -0.17415741791168396, "25": -0.1942979695238129, "26": -0.1988967304239464, "27": -0.18758584818614527, "28": -0.16127007423389986, "29": -0.12205439325743807, "30": -0.07307564661366259, "31": -0.01825161806294403, "32": 0.03803234765945333, "33": 0.09127412622437436, "34": 0.13721493622706005, "35": 0.1721799968350028, "36": 0.19337247154222778, "37": 0.1990971856262402, "38": 0.18889622226784816, "39": 0.1635855510727322, "40": 0.12518975909889782, "41": 0.07678010522023399, "42": 0.022228851771062944, "43": -0.03410047564790067, "44": -0.08770212424964323, "45": -0.1342885268175443, "46": -0.1701332619149331, "47": -0.19236912834369221, "48": -0.1992174910353093, "49": -0.19013055311916505, "50": -0.16583517390136382, "51": -0.12827472777741286, "52": -0.08045365475323882, "53": -0.0261971368952641, "54": 0.03015487593817299, "55": 0.08409481636588279, "56": 0.1313080573889338, "57": 0.1680180370977309, "58": 0.1912883438402434, "59": 0.14089639890449454}