{"0": -0.16605626545920482, "1": -0.16605626545920485, "2": -0.16605626545920477, "3": -0.16605626545920485, "4": -0.166056265459205, "5": -0.16605626545920477, "6": -0.16605626545920477, "7": -0.1660562654592048, "8": -0.1660562654592048, "9": -0.1655906871971316, "10": -0.16093620990510774, "11": -0.155830509307456, "12": -0.15028790011805115, "13": -0.1443239220071016, "14": -0.13795529603721765, "15": -0.131199877787426, "16": -0.12407660729649146, "17": -0.11660545596581856, "18": -0.10880737057073121, "19": -0.10070421453703454, "20": -0.09231870664742917, "21": -0.08367435734955789, "22": -0.07479540284419017, "23": -0.06570673713827495, "24": -0.05643384225330579, "25": -0.047002716784613575, "26": -0.0374398030118374, "27": -0.027771912764885102, "28": -0.018026152253197165, "29": -0.008229846069035771, "30": 0.0015895394221518003, "31": 0.011404473089522615, "32": 0.02118743622688296, "33": 0.030910999708571422, "34": 0.04054790089485163, "35": 0.05007112007118012, "36": 0.05945395620701409, "37": 0.06867010182172387, "38": 0.07769371674767156, "39": 0.08649950058360244, "40": 0.09506276363516189, "41": 0.10335949614358587, "42": 0.11136643560840843, "43": 0.11906113201536885, "44": 0.12642201078657053, "45": 0.13342843327632697, "46": 0.1400607546430113, "47": 0.14630037893457745, "48": 0.15212981123323832, "49": 0.15753270671302633, "50": 0.16249391647262335, "51": 0.16699953001488688, "52": 0.1710369142539058, "53": 0.17459474894015692, "54": 0.17766305840438232, "55": 0.18023323953113107, "56": 0.18229808588348886, "57": 0.18385180791131034, "58": 0.18489004918626442, "59": 0.18540989861813964}