{"0": -0.16605651021834844, "1": -0.16605651021834847, "2": -0.1660565102183484, "3": -0.1660565102183484, "4": -0.16605651021834855, "5": -0.1660565102183484, "6": -0.16605651021834852, "7": -0.16605651021834816, "8": -0.16605651021834836, "9": -0.1655909290733581, "10": -0.16093642298598346, "11": -0.15583069108438702, "12": -0.15028804845229024, "13": -0.14432403515498016, "14": -0.13795537267065475, "15": -0.13119991700949676, "16": -0.1240766086518714, "17": -0.11660541944598429, "18": -0.10880729661386036, "19": -0.10070410402261078, "20": -0.0923185608856228, "21": -0.08367417806551479, "22": -0.07479519215742098, "23": -0.06570649753739768, "24": -0.05643357656644614, "25": -0.04700242814582275, "26": -0.037439494823929685, "27": -0.027771588659142595, "28": -0.018025816046422744, "29": -0.008229501718467544, "30": 0.0015898878655283175, "31": 0.011404821528711185, "32": 0.021187780567096477, "33": 0.03091133590536634, "34": 0.04054822500161061, "35": 0.05007142828538578, "36": 0.05945424491477267, "37": 0.06867036764001988, "38": 0.07769395656386255, "39": 0.08649971159169689, "40": 0.09506294336846187, "41": 0.1033596425033201, "42": 0.11136654688802913, "43": 0.11906120692023708, "44": 0.1264220484488083, "45": 0.13342843326467335, "46": 0.1400607169675741, "47": 0.1463003040464352, "48": 0.15212970001890516, "49": 0.15753256048384962, "50": 0.1624937369492466, "51": 0.1669993193069624, "52": 0.17103667483529772, "53": 0.17459448361992727, "54": 0.17766277029389765, "55": 0.180232932007676, "56": 0.18229776255080538, "57": 0.18385147255752468, "58": 0.18488970573968416, "59": 0.1854095511014346}