{"0": -0.18377034877539522, "1": -0.183770348775548, "2": -0.18377034877583615, "3": -0.18377034877582332, "4": -0.18377034877582474, "5": -0.1837703487756439, "6": -0.1837703487755277, "7": -0.1837703487759241, "8": -0.18377034877549303, "9": -0.19222851836210172, "10": -0.07926951775438051, "11": -0.07243702051654513, "12": -0.06548133465596458, "13": -0.05841428918793965, "14": -0.05124790250548851, "15": -0.04399436194807161, "16": -0.036666003073333356, "17": -0.029275288673734877, "18": -0.021834787592990144, "19": -0.014357153345327618, "20": -0.006855102594799533, "21": 0.0006586064634255124, "22": 0.008171195808140436, "23": 0.015669889318861638, "24": 0.023141934506428583, "25": 0.030574624194844562, "26": 0.03795531813641605, "27": 0.045271464496329156, "28": 0.05251062121290824, "29": 0.05966047715266248, "30": 0.06670887304407433, "31": 0.07364382215415469, "32": 0.08045353068672632, "33": 0.08712641782404533, "34": 0.09365113543015578, "35": 0.10001658734283174, "36": 0.10621194824869071, "37": 0.1122266821020686, "38": 0.11805056002660215, "39": 0.12367367771732336, "40": 0.12908647229797238, "41": 0.13427973856164732, "42": 0.13924464464072706, "43": 0.14397274702368504, "44": 0.14845600491645358, "45": 0.15268679391033474, "46": 0.15665791895561745, "47": 0.16036262659293615, "48": 0.16379461644942242, "49": 0.1669480519399399, "50": 0.16981757019999594, "51": 0.1723982912044695, "52": 0.17468582606984065, "53": 0.1766762845198366, "54": 0.17836628149591408, "55": 0.1797529429148167, "56": 0.18083391055865675, "57": 0.18160734608909962, "58": 0.18207193416960743, "59": 0.12885386588661252}