{"name": "eigen", "eigen": 5, "normalized": true, "process_time": 0.015905141830444336, "data": {"1": -0.02356694208781655, "2": -0.022164621192616495, "3": -0.03524808554184376, "4": -0.040619235280766566, "5": -0.05329398019919829, "6": -0.03523119784916212, "7": -0.04745572293620401, "8": -0.029267867522841648, "9": -0.04357581848693094, "10": -0.039240661412177025, "11": -0.046267786617537665, "12": -0.04686102270487302, "13": -0.07592544058869619, "14": -0.0716521355579249, "15": -0.07265006066211678, "17": -0.04861709584602894, "18": -0.03172614532341669, "20": -0.068315016019515, "21": -0.05791451241908935, "22": -0.16573051031522412, "23": -0.16804220408924014, "24": -0.08022300656955861, "25": -0.20564115725168206, "26": -0.0007635514101741545, "27": -0.23305733840646564, "28": 0.001532450300827104, "29": -0.2786688076831104, "30": 0.004255287753423528, "31": -0.26639653398325414, "32": -0.12369225981473635, "33": -0.28202258601993796, "34": -0.2568436132365177, "35": -0.09393018423780108, "36": -0.25974972049388917, "38": -0.060350803239113224, "39": 0.01387229407386889, "41": -0.09556445888922416, "42": -0.09105166196020809, "44": -0.04249611725155489, "45": -0.04270088273073916, "47": -0.02491345716182699, "48": -0.024879810859305324, "50": -0.001978715524344325, "51": -0.0018177409355458847, "53": 0.023374365316537717, "54": 0.02364653038697848, "56": 0.042740204208832656, "57": 0.04304651275237959, "59": 0.05060299113658193, "60": 0.05086031321181822, "62": 0.043100832060810695, "63": 0.0432321749908768, "65": 0.015773828813960694, "66": 0.015904784858160624, "67": -0.05004264930983849, "68": -0.052052085249906274, "69": -0.05221396499225121, "70": -0.03052622248197814, "71": -0.03221996339909608, "72": -0.032209773991517004, "73": -0.013345255305471825, "74": -0.0022202624632226987, "75": -0.0020764213500935567, "76": 0.006579188864374015, "77": 0.02837846968557176, "78": 0.028621611057036242, "79": 0.025144318035033687, "80": 0.05277667999996541, "81": 0.05305852849767592, "82": 0.038531261221333754, "83": 0.06603411981719794, "84": 0.06629294861539671, "85": 0.043989614786715814, "86": 0.06670096499390085, "87": 0.06689054484106233, "88": 0.04842735041793216, "89": 0.05495533394289921, "90": 0.055015595028260186, "92": -0.13811589370122054, "93": -0.12876944614771613, "95": -0.10844618476866463, "96": -0.10092509546647001, "98": -0.06625728072832089, "99": -0.06279840510866273, "101": -0.0032251143187811224, "102": -0.004997387698809698, "104": 0.05760908347247172, "105": 0.05029141749985986, "107": 0.10219406370847046, "108": 0.09011002988720922, "110": 0.11937817810113904, "111": 0.10408565966048411, "113": 0.0938544128851083, "114": 0.07529206170061141, "116": -0.11792561281249539, "117": -0.10225255540396772, "119": -0.11160329224761867, "120": -0.10147629297019597, "122": -0.05790480984761413, "123": -0.05171817927396218, "125": 0.011168020290793279, "126": 0.012594350051951763, "128": 0.08041657025534396, "129": 0.07737830384216798, "131": 0.13513737185825253, "132": 0.129057738527679, "134": 0.1644378831764927, "135": 0.1577004791325906, "137": 0.13979110513574766, "138": 0.13425312792093608}}