{"0": 39.225804890593686, "1": 39.225804890593686, "2": 39.225804890593686, "3": 37.8511252287991, "4": 37.8511252287991, "5": 37.8511252287991, "6": 38.46644733368062, "7": 38.46644733368062, "8": 36.93825065880967, "9": 36.93825065880967, "10": 38.46644733368062, "11": 36.93825065880967, "12": 36.93825065880967, "13": 36.93825065880967, "14": 36.93825065880967, "15": 38.75491924910452, "16": 38.75491924910452, "17": 37.371097234765244, "18": 37.371097234765244, "19": 37.27940195203166, "20": 37.27940195203166, "21": 37.27940195203166, "22": 37.27940195203166, "23": 38.75491924910452, "24": 37.371097234765244, "25": 37.371097234765244, "26": 37.27940195203166, "27": 37.27940195203166, "28": 37.27940195203166, "29": 37.27940195203166, "30": 37.371097234765244, "31": 37.371097234765244, "32": 37.27940195203166, "33": 37.27940195203166, "34": 37.27940195203166, "35": 37.27940195203166, "36": 32.406746431300235, "37": 32.406746431300235, "38": 32.406746431300235, "39": 32.406746431300235, "40": 32.406746431300235, "41": 32.406746431300235}