{"name": "eigen", "eigen": 1, "normalized": false, "process_time": 0.006882905960083008, "data": {"0": 0.0, "1": -0.020180029595032106, "2": 0.020180029595032824, "3": -0.20567943698900007, "4": 0.20567943698899788, "5": -9.160825430712925e-16, "6": -0.030710032777689477, "7": 0.030710032777688925, "8": -0.2332029684752921, "9": 0.2332029684752895, "10": 8.497725684301775e-15, "11": -0.24357887807197962, "12": -0.010375909596689383, "13": 0.24357887807197737, "14": 0.010375909596686946, "15": -0.019506413397955644, "16": 0.019506413397958233, "17": -0.20241739379752077, "18": 0.20241739379751797, "19": -0.030499385340387167, "20": 0.03049938534038687, "21": -0.23160337370975803, "22": 0.23160337370975495, "23": 2.4463353168889746e-16, "24": -0.21168538331242445, "25": -0.00926798951490485, "26": -0.03450770733245308, "27": -0.004008321992056329, "28": -0.24591643446056244, "29": -0.01431306075080583, "30": 0.21168538331242312, "31": 0.009267989514903749, "32": 0.034507707332452266, "33": 0.004008321992074855, "34": 0.24591643446055994, "35": 0.014313060750804348, "36": -0.26850109607070016, "37": -0.26010280063249064, "38": 0.26010280063248825, "39": 0.26850109607069794, "40": -0.008398295438211866, "41": 0.008398295438208195}}