{"name": "eigen", "eigen": 1, "normalized": true, "process_time": 0.005053043365478516, "data": {"0": 0.05451548522206204, "1": -0.027257742611030256, "2": -0.027257742611030672, "3": 0.1731504311195639, "4": 0.17315043111956113, "5": -0.34630086223912765, "6": 0.017741431220996574, "7": 0.01774143122099685, "8": 0.19325253214031723, "9": 0.19325253214031424, "10": -0.03548286244198977, "11": 0.16989225337953867, "12": -0.3631447855198553, "13": 0.16989225337953676, "14": -0.36314478551985574, "15": 0.003184011423867926, "16": 0.0031840114238679295, "17": 0.06046677008610013, "18": 0.06046677008609924, "19": 0.01523586929036123, "20": 0.015235869290361363, "21": 0.1210902772394659, "22": 0.12109027723946408, "23": -0.006368022847735249, "24": 0.052846882762421304, "25": -0.11331365284852148, "26": 0.009720999732342625, "27": -0.02495686902270146, "28": 0.10138249297883813, "29": -0.22247277021830333, "30": 0.05284688276242036, "31": -0.11331365284852149, "32": 0.009720999732342778, "33": -0.02495686902270146, "34": 0.10138249297883686, "35": -0.22247277021830358, "36": 0.13134288689599818, "37": 0.14435090808734996, "38": 0.14435090808734763, "39": 0.13134288689599655, "40": -0.2756937949833479, "41": -0.2756937949833482}}