{"0": 1.4727222452588502e-18, "1": 0.04721179510194088, "2": -0.0472117951019402, "3": 0.29990534405153807, "4": -0.2999053440515394, "5": 1.3574438051676701e-15, "6": 0.03072906027375511, "7": -0.030729060273754816, "8": 0.3077490778966046, "9": -0.3077490778966061, "10": 1.1738258227042956e-15, "11": 0.32123614112748455, "12": 0.013487063230881101, "13": -0.32123614112748666, "14": -0.01348706323087841, "15": 0.005514869558018536, "16": -0.005514869558018593, "17": 0.09593282996366934, "18": -0.09593282996366986, "19": 0.020021276860648772, "20": -0.02002127686064871, "21": 0.18697792338534594, "22": -0.1869779233853466, "23": 2.4000874874505755e-16, "24": 0.10033217396119012, "25": 0.0043993439975210085, "26": 0.023205288284516814, "27": 0.0031840114238684187, "28": 0.19835621793335, "29": 0.011378294548005033, "30": -0.10033217396119061, "31": -0.0043993439975199555, "32": -0.023205288284516574, "33": -0.003184011423866731, "34": -0.19835621793335168, "35": -0.011378294548003622, "36": 0.24251292238954247, "37": 0.23500273785309106, "38": -0.23500273785309256, "39": -0.24251292238954383, "40": 0.007510184536451955, "41": -0.007510184536449888}