{"0": -5.837070782881383e-15, "1": -0.040104291035289626, "2": 0.04010429103529469, "3": 0.018021532399919365, "4": -0.018021532399916388, "5": -1.906723718169438e-15, "6": -0.49750873616798585, "7": 0.4975087361679147, "8": 0.031844118094639315, "9": -0.0318441180946392, "10": 6.81631082802045e-14, "11": 0.011980069937809448, "12": -0.01986404815683587, "13": -0.011980069937801607, "14": 0.019864048156831182, "15": -0.005061555755145339, "16": 0.005061555755144509, "17": 0.00622849642292028, "18": -0.006228496422920327, "19": -0.35022863710565605, "20": 0.350228637105605, "21": 0.02090408913174409, "22": -0.020904089131744834, "23": 7.783326745291472e-16, "24": 0.0021907717414484766, "25": -0.004037724681472896, "26": -0.3531509276834068, "27": -0.0029222905777031402, "28": 0.004942033032663465, "29": -0.015962056099084913, "30": -0.0021907717414470632, "31": 0.004037724681472028, "32": 0.35315092768335676, "33": 0.002922290577799451, "34": -0.004942033032657969, "35": 0.015962056099082217, "36": 0.011339288775450398, "37": 0.023290431284644288, "38": -0.023290431284643573, "39": -0.011339288775444996, "40": -0.011951142509198055, "41": 0.011951142509194216}