{"name": "eigen", "eigen": 3, "normalized": true, "process_time": 0.005053043365478516, "data": {"0": 0.0914048000758207, "1": 0.09140480007582155, "2": 0.09140480007582195, "3": -0.13274329928795026, "4": -0.1327432992879495, "5": -0.13274329928794779, "6": 0.32622226610345206, "7": 0.3262222661034555, "8": -0.15290477675924977, "9": -0.1529047767592486, "10": 0.3262222661034584, "11": -0.1529047767592483, "12": -0.15290477675924705, "13": -0.1529047767592481, "14": -0.1529047767592465, "15": 0.022477335737835693, "16": 0.02247733573783583, "17": -0.03572942020685893, "18": -0.03572942020685873, "19": 0.23021502760863993, "20": 0.23021502760864226, "21": -0.09129713732840893, "22": -0.09129713732840822, "23": 0.022477335737835894, "24": -0.03572942020685886, "25": -0.035729420206858216, "26": 0.23021502760863982, "27": 0.2302150276086446, "28": -0.09129713732840791, "29": -0.0912971373284073, "30": -0.03572942020685857, "31": -0.035729420206858244, "32": 0.23021502760864238, "33": 0.2302150276086445, "34": -0.09129713732840776, "35": -0.09129713732840686, "36": -0.11926931276818371, "37": -0.11926931276818474, "38": -0.11926931276818394, "39": -0.11926931276818352, "40": -0.1192693127681829, "41": -0.11926931276818245}}