{"0": -0.02230906328505755, "1": 0.005326819121613339, "2": 0.01698228106209264, "3": -0.17308717529803722, "4": -0.054292060301957885, "5": 0.227379118828983, "6": -0.025843546280216696, "7": -0.008106237017922013, "8": -0.20771988741644992, "9": -0.07302789344514683, "10": 0.03395013647464556, "11": -0.1935104227721069, "12": 0.2605453154607603, "13": -0.052825572445708534, "14": 0.2665381717433442, "15": -0.01641536065037139, "16": -0.005148962214603776, "17": -0.1805878266281206, "18": -0.0636767831964234, "19": -0.030097478931713367, "20": -0.012481835018836863, "21": -0.2107262981704558, "22": -0.07695818862949758, "23": 0.02156442512162042, "24": -0.1678956218320823, "25": 0.2262193405765896, "26": -0.024608214671519853, "27": 0.03477532807449892, "28": -0.19112503535970893, "29": 0.2598162263472615, "30": -0.04563162796494901, "31": 0.2315722910120257, "32": -0.004677467896018682, "33": 0.03709043093712358, "34": -0.0490900730800346, "35": 0.2680830790480206, "36": -0.21666969000237682, "37": -0.22817087754672308, "38": -0.07794223729064763, "39": -0.06159041209051653, "40": 0.28976112400040505, "41": 0.29461176162821917}