{"name": "pagerank", "alpha": 0.85, "process_time": 0.015779733657836914, "data": {"0": 0.0846732824143662, "1": 0.0846732824143662, "2": 0.0846732824143662, "3": 0.03940817788382784, "4": 0.03940817788382784, "5": 0.03940817788382784, "6": 0.028315050683529797, "7": 0.028315050683529797, "8": 0.03144815594597798, "9": 0.03144815594597798, "10": 0.028315050683529797, "11": 0.03144815594597798, "12": 0.03144815594597798, "13": 0.03144815594597798, "14": 0.03144815594597798, "15": 0.006704147338322145, "16": 0.006704147338322145, "17": 0.00914671996544617, "18": 0.00914671996544617, "19": 0.014917062274158243, "20": 0.014917062274158243, "21": 0.014580913346968535, "22": 0.014580913346968535, "23": 0.006704147338322145, "24": 0.00914671996544617, "25": 0.00914671996544617, "26": 0.014917062274158243, "27": 0.014917062274158243, "28": 0.014580913346968535, "29": 0.014580913346968535, "30": 0.00914671996544617, "31": 0.00914671996544617, "32": 0.014917062274158243, "33": 0.014917062274158243, "34": 0.014580913346968535, "35": 0.014580913346968535, "36": 0.017023485974092558, "37": 0.017023485974092558, "38": 0.017023485974092558, "39": 0.017023485974092558, "40": 0.017023485974092558, "41": 0.017023485974092558}}