{"name": "agd", "process_time": 0.024684906005859375, "data": {"0": 15.98989898989899, "1": 15.727272727272727, "2": 21.90909090909091, "3": 20.91919191919192, "4": 19.949494949494948, "5": 19.0, "6": 18.07070707070707, "7": 17.161616161616163, "8": 24.87878787878788, "9": 23.88888888888889, "10": 22.95959595959596, "11": 22.050505050505052, "12": 21.161616161616163, "13": 20.292929292929294, "14": 19.444444444444443, "15": 18.616161616161616, "16": 17.80808080808081, "17": 17.404040404040405, "18": 18.01010101010101, "19": 17.02020202020202, "20": 16.272727272727273, "21": 15.545454545454545, "22": 14.83838383838384, "23": 14.151515151515152, "24": 14.656565656565656, "25": 13.666666666666666, "26": 23.282828282828284, "27": 22.292929292929294, "28": 21.32323232323232, "29": 20.373737373737374, "30": 19.444444444444443, "31": 18.535353535353536, "32": 17.646464646464647, "33": 16.77777777777778, "34": 15.929292929292929, "35": 15.1010101010101, "36": 18.171717171717173, "37": 17.181818181818183, "38": 16.21212121212121, "39": 15.262626262626263, "40": 14.333333333333334, "41": 13.707070707070708, "42": 13.464646464646465, "43": 13.242424242424242, "44": 13.04040404040404, "45": 12.858585858585858, "46": 25.848484848484848, "47": 24.858585858585858, "48": 18.151515151515152, "49": 16.292929292929294, "50": 15.303030303030303, "51": 16.414141414141415, "52": 15.707070707070708, "53": 15.02020202020202, "54": 14.353535353535353, "55": 19.525252525252526, "56": 18.535353535353536, "57": 17.565656565656564, "58": 16.616161616161616, "59": 15.686868686868687, "60": 14.919191919191919, "61": 16.11111111111111, "62": 15.121212121212121, "63": 22.19191919191919, "64": 21.2020202020202, "65": 20.232323232323232, "66": 17.060606060606062, "67": 16.07070707070707, "68": 19.282828282828284, "69": 18.353535353535353, "70": 17.444444444444443, "71": 16.555555555555557, "72": 20.95959595959596, "73": 19.96969696969697, "74": 19.0, "75": 18.050505050505052, "76": 20.01010101010101, "77": 19.02020202020202, "78": 15.464646464646465, "79": 14.818181818181818, "80": 13.909090909090908, "81": 15.606060606060606, "82": 14.616161616161616, "83": 13.646464646464647, "84": 12.696969696969697, "85": 12.616161616161616, "86": 12.555555555555555, "87": 12.515151515151516, "88": 12.494949494949495, "89": 12.494949494949495, "90": 12.515151515151516, "91": 12.555555555555555, "92": 12.616161616161616, "93": 12.696969696969697, "94": 12.83838383838384, "95": 13.0, "96": 13.262626262626263, "97": 13.525252525252526, "98": 14.171717171717171, "99": 15.080808080808081}}