{"name": "eigen", "eigen": 3, "normalized": true, "process_time": 0.04431581497192383, "data": {"14": -0.144773374338217, "15": -0.24638834806659302, "16": -0.1559508541862643, "17": -0.1052951984462433, "18": -0.0624282466639387, "19": 0.2054845599328566, "20": 0.34971210353064536, "21": 0.23811824034241624, "22": 0.18240485218112734, "23": 0.14738443871396403, "24": 0.10757001989226236, "25": 0.09105483203390317, "34": -0.03668171808641768, "35": 0.22523401310765526, "36": 0.3833234990320672, "37": 0.2252340131076551, "41": -0.01655259804886448, "42": -0.023001280192864133, "43": -0.19397701496664785, "44": -0.2695479983898585, "45": -0.2553835824822961, "46": -0.23232497863387896, "47": 0.00038368119401075584, "48": 0.0005331585182048217, "49": 0.0007143782339929948, "50": 0.0074267152067955255, "51": 0.006605183052856178, "52": 0.008470875976482547, "53": 0.06475527464649992, "54": -0.026690364304916694, "55": -0.019059245437039626, "56": -0.019182110355536876, "57": -0.010578144133984063, "58": -0.005125758045066844, "59": -0.01568277937272717, "63": 0.00036351921899935064, "72": -0.09613437392425775, "73": -0.13358710604037968, "74": -0.1265672678625913, "75": -0.11513949924311773, "76": -0.09970179256995132, "77": -0.08079179346303506, "78": -0.05906807630833206, "79": -0.0352872082323187, "85": -0.011896194402474655, "86": -0.01653080077655085, "87": -0.010277400304824824, "88": 0.05420805824867042, "89": 0.07532682983106166, "90": 0.08740820133782268, "91": 0.043995528262025886, "92": 0.018481812096334815, "93": 0.01076455945395749}}