{"name": "eigen", "eigen": 5, "normalized": true, "process_time": 0.04431581497192383, "data": {"14": 0.005061214376812261, "15": 0.008167170916672038, "16": -0.02371487265266496, "17": -0.05085674500982547, "18": -0.0870147710525347, "19": -0.02964465108874875, "20": -0.047836924931721835, "21": -0.006992589391059796, "22": 0.02602928896424216, "23": 0.06796520058005674, "24": 0.13764173734745713, "25": 0.20097655960318514, "34": -0.05392325136077477, "35": -0.045729509859994556, "36": -0.0737927096455941, "37": -0.04572950985999435, "41": 0.17510311281817223, "42": 0.23070932490399118, "43": 0.05660117994671578, "44": 0.07457560179319059, "45": 0.0589116809512996, "46": 0.03519541685874641, "47": -0.2478773189916919, "48": -0.3265939023195341, "49": -0.3648612301096255, "50": -0.1865844554419604, "51": -0.12011118784594041, "52": -0.08751954318319823, "53": -0.008568628438075411, "54": 0.2232109141444054, "55": 0.08305694658220648, "56": -0.03366786174382512, "57": -0.12509100597680825, "58": -0.20559425350377777, "59": 0.1383243107381187, "63": -0.19581296268983484, "72": -0.04584420570420551, "73": -0.06040261408579237, "74": -0.04771559925878553, "75": -0.028506577633832925, "76": -0.0054011343773355674, "77": 0.01844256294434813, "78": 0.039765438506208436, "79": 0.05565297501145988, "85": -0.026411555258725527, "86": -0.03479887927367958, "87": 0.06393358449517085, "88": 0.2275520610173142, "89": 0.2998141011481093, "90": 0.29006967801800876, "91": 0.16117314171005973, "92": 0.07774120959365609, "93": -0.047694640039620415}}