{"name": "eigen", "eigen": 1, "normalized": true, "process_time": 0.0043528079986572266, "data": {"E3": 0.24009784796232847, "E9": -0.16850672688380236, "Dorothy Murchison": -0.040558351018089245, "Eleanor Nye": 0.09671749645116369, "Flora Price": -0.1466718429077032, "Myra Liddel": -0.15651200928250644, "E10": -0.23644424246972917, "Ruth DeSand": 0.03181381073689797, "E7": 0.03847506406621658, "E5": 0.2366183871438658, "Charlotte McDowd": 0.18426318114480486, "E14": -0.19247432517863458, "Sylvia Avondale": -0.21856604952716965, "E6": 0.15320840627804433, "Katherina Rogers": -0.24234969765977074, "E12": -0.23699644374578852, "E8": 0.012027310049120157, "Helen Lloyd": -0.17094933318045083, "Nora Fayette": -0.23332679501774897, "Brenda Rogers": 0.21413927957730228, "E2": 0.15838583724831232, "Theresa Anderson": 0.17501408210534064, "E1": 0.17227982072944154, "Laura Mandeville": 0.2109918888273243, "E13": -0.1924743251786346, "Frances Anderson": 0.15091549731535403, "Verne Sanderson": -0.08207778132900696, "Olivia Carleton": -0.14667184290770366, "E4": 0.1960789811157197, "Evelyn Jefferson": 0.2139834543735402, "Pearl Oglethorpe": 0.006369643077443669, "E11": -0.23128584048759476}}