{"name": "pagerank", "alpha": 0.85, "process_time": 0.004494905471801758, "data": {"0": 0.06163519767744678, "1": 0.04442043791023732, "2": 0.06293240116127657, "3": 0.08101196325103924, "4": 0.06163519767744678, "5": 0.04442043791023732, "6": 0.06293240116127657, "7": 0.08101196325103924, "8": 0.06163519767744678, "9": 0.04442043791023732, "10": 0.06293240116127657, "11": 0.08101196325103924, "12": 0.06163519767744678, "13": 0.04442043791023732, "14": 0.06293240116127657, "15": 0.08101196325103924}}