{"name": "eigen", "eigen": 1, "normalized": true, "process_time": 0.013730049133300781, "data": {"0": 0.22192808281835724, "1": -0.11096404140917895, "2": -0.11096404140917726, "3": 0.15692685229659042, "4": 0.15692685229659287, "5": -0.3138537045931816, "6": 0.044385616563670384, "7": 0.04438561656367109, "8": 0.1775424662546854, "9": 0.17754246625468667, "10": -0.08877123312734218, "11": 0.04438561656367215, "12": -0.2219280828183582, "13": 0.04438561656367409, "14": -0.22192808281835752, "15": 0.024142592661013818, "16": 0.02414259266101417, "17": 0.09657037064405556, "18": 0.09657037064405638, "19": 0.06759925945083811, "20": 0.06759925945083842, "21": 0.12554148183727176, "22": 0.12554148183727232, "23": -0.04828518532202751, "24": 0.02414259266101389, "25": -0.1207129633050698, "26": -0.004828518532203582, "27": -0.06277074091863576, "28": -0.0048285185322023624, "29": -0.12071296330506984, "30": 0.024142592661014994, "31": -0.12071296330506945, "32": -0.004828518532202899, "33": -0.06277074091863535, "34": -0.004828518532201173, "35": -0.12071296330506917, "36": 0.12554148183727185, "37": 0.06759925945083942, "38": 0.1255414818372731, "39": 0.06759925945084097, "40": -0.19314074128811182, "41": -0.19314074128811143, "42": 0.015305385021955574, "43": 0.015305385021955805, "44": 0.0612215400878227, "45": 0.06122154008782318, "46": 0.042855078061475475, "47": 0.04285507806147568, "48": 0.07958800211416929, "49": 0.07958800211416965, "50": 0.040029468518960956, "51": 0.04002946851896108, "52": 0.06828556394410992, "53": 0.06828556394411026, "54": 0.05698312577404998, "55": 0.056983125774050104, "56": 0.07958800211416928, "57": 0.0795880021141695, "58": -0.03061077004391121, "59": 0.015305385021955697, "60": -0.07652692510977863, "61": -0.003061077004391519, "62": -0.039794001057084596, "63": -0.003061077004390943, "64": -0.0765269251097787, "65": -0.0058866865469060625, "66": -0.03414278197205491, "67": -0.005886686546906068, "68": -0.06239887739720413, "69": -0.01718912471696603, "70": -0.03979400105708466, "71": -0.01718912471696545, "72": -0.062398877397204136, "73": 0.015305385021956414, "74": -0.07652692510977843, "75": -0.0030610770043911005, "76": -0.039794001057084354, "77": -0.003061077004390185, "78": -0.07652692510977824, "79": -0.0058866865469056825, "80": -0.03414278197205469, "81": -0.005886686546905402, "82": -0.062398877397203754, "83": -0.017189124716965525, "84": -0.039794001057084284, "85": -0.017189124716964748, "86": -0.06239887739720364, "87": 0.0795880021141694, "88": 0.04285507806147618, "89": 0.06828556394411005, "90": 0.040029468518961074, "91": 0.0795880021141694, "92": 0.05698312577405069, "93": 0.07958800211417025, "94": 0.04285507806147722, "95": 0.06828556394411085, "96": 0.04002946851896198, "97": 0.0795880021141704, "98": 0.056983125774051756, "99": -0.12244308017564594, "100": -0.12244308017564577, "101": -0.10831503246307142, "102": -0.10831503246307121, "103": -0.1365711278882205, "104": -0.13657112788822037, "105": 0.03861666374770291, "106": 0.010360568322553903, "107": 0.038616663747703214, "108": 0.010360568322554345, "109": 0.09795446414051605, "110": 0.09795446414051602, "111": 0.09795446414051659, "112": 0.09795446414051688, "113": -0.04897723207025781, "114": -0.04897723207025766, "115": 0.010360568322555042, "116": 0.038616663747704054, "117": -0.1083150324630714, "118": -0.13657112788822048, "119": 0.01036056832255603, "120": 0.03861666374770518, "121": -0.10831503246307092, "122": -0.13657112788822015}}