{"name": "eigen", "eigen": 5, "normalized": true, "process_time": 0.013730049133300781, "data": {"0": -0.0253892554562736, "1": 0.04589600086102026, "2": -0.2400247117926886, "3": -0.014500458735761092, "4": 0.18767601606336423, "5": 0.13726972792278613, "6": 0.020506745404745792, "7": -0.26541396724896194, "8": -0.0458960008610189, "9": 0.24002471179268808, "10": -0.1941287109316684, "11": 0.025389255456274344, "12": 0.24002471179268814, "13": 0.025389255456272575, "14": -0.045896000861019595, "15": 0.005800183494304957, "16": -0.07507040642534629, "17": -0.012981349375267999, "18": 0.06788924054438239, "19": 0.004419201107646052, "20": -0.15732197873165568, "21": -0.033143864631499695, "22": 0.1285973152078018, "23": -0.054907891169114265, "24": 0.007181165880963866, "25": 0.06788924054438275, "26": 0.024581716363877723, "27": -0.09683443296296008, "28": 0.02734368113719555, "29": 0.1487598304640335, "30": 0.0071811658809630245, "31": -0.012981349375268255, "32": -0.21803005339507475, "33": -0.17770502288261122, "34": -0.05352690878245623, "35": -0.09385193929491918, "36": -0.03176288224484051, "37": 0.008562148267622754, "38": 0.21084888751411096, "39": 0.08943273818727204, "40": 0.19068637225787963, "41": 0.028945192418577972, "42": 0.003154883908422545, "43": -0.04083291803830188, "44": -0.007060923209387524, "45": 0.03692687873733645, "46": 0.0024037285158796705, "47": -0.0855718753775688, "48": -0.01802788571974026, "49": 0.06994771817370808, "50": -0.001382132174227056, "51": -0.036572373731606746, "52": -0.009554777868475204, "53": 0.025635463688904087, "54": -0.0019830564882613805, "55": -0.07236353960302024, "56": -0.018328347876757436, "57": 0.0520521352380014, "58": -0.029865955527949017, "59": 0.003906039300965388, "60": 0.036926878737336785, "61": 0.013370691026232574, "62": -0.05267098784651021, "63": 0.014873001811318256, "64": 0.080914680684061, "65": 0.009584830336125765, "66": -0.01683184121297142, "67": 0.010185754650160025, "68": 0.036602426199257077, "69": 0.017757476030373677, "70": -0.03507586706782043, "71": 0.01895932465844224, "72": 0.07179266775663644, "73": 0.0039060393009649067, "74": -0.007060923209387634, "75": -0.11859271481394036, "76": -0.09665878979323458, "77": -0.029114800135406647, "78": -0.05104872515611191, "79": -0.06959321316797831, "80": -0.06081964315969587, "81": -0.033802047296564774, "82": -0.04257561730484681, "83": -0.13180105058848895, "84": -0.11425391057192442, "85": -0.06021871884566197, "86": -0.07776585886222627, "87": -0.01727673032719732, "88": 0.0046571946935082585, "89": -0.008803622475932327, "90": -3.005246764997806e-05, "91": -0.01697626817018015, "92": 0.0005708718463842893, "93": 0.11468667551297496, "94": 0.04864499664023166, "95": 0.07037442102817094, "96": 0.04395774947907356, "97": 0.1325822584486816, "98": 0.07974891535048698, "99": 0.10371971300262237, "100": 0.01574410910917379, "101": 0.05940745851781843, "102": 0.02421721696043891, "103": 0.11284172593004692, "104": 0.04246124281528811, "105": 0.008232750629548652, "106": 0.017006320637830852, "107": -0.15012333637865874, "108": -0.1765400079277559, "109": -0.02854415499456737, "110": -0.027943230680532873, "111": 0.12981193201363983, "112": 0.16560309788505326, "113": -0.10186870133310605, "114": -0.13705894289048567, "115": 0.019710480050985087, "116": 0.011537834356737124, "117": 0.13858550202192205, "118": 0.15682952787677118, "119": -0.0154797615063952, "120": 0.046728075914115375, "121": -0.05496082654366487, "122": -0.0015265591314361996}}