{"name":"fiedler","normalized":false,"weight":"value","num_of_nodes":123,"num_of_edges":243,"process_time":0.0221407413482666,"data":{"0":-0.010260756112778546,"1":-0.052330744282412106,"2":0.06259150046797803,"3":-0.12809162106672287,"4":0.10709332544315368,"5":0.020998295419767173,"6":-0.051739884643685875,"7":0.04325804225764037,"8":-0.1143659311781073,"9":0.0800444863910187,"10":0.008481842716152217,"11":-0.14914213046593489,"12":-0.025900282694520355,"13":0.1402662136695051,"14":0.06909764396285355,"15":-0.040599380265899127,"16":0.03394383613988742,"17":-0.08974094881186676,"18":0.06280951932511648,"19":-0.04021612944857256,"20":0.021403369055530905,"21":-0.08083791548393957,"22":0.04526454365145406,"23":0.0066555442609846,"24":-0.11702924069076846,"25":-0.020323495103797943,"26":-0.06750442132747482,"27":-0.028442163778392954,"28":-0.13068344803578888,"29":-0.05074381027649139,"30":0.11006444385200102,"31":0.05421972130198838,"32":0.06865829358241561,"33":0.046101052627394334,"34":0.13158172563695636,"35":0.08541890436211982,"36":-0.15726777590880917,"37":-0.17982501658175537,"38":0.12138515136356763,"39":0.16044740882218522,"40":-0.0031796332354878335,"41":0.05843986499733687,"42":-0.037554592067847115,"43":0.0313981876795123,"44":-0.08301074398664489,"45":0.05809906279115589,"46":-0.03720008158323451,"47":0.019798206059077256,"48":-0.07477540000957643,"49":0.041869890483476516,"50":-0.03051583289913681,"51":0.01420972914163083,"52":-0.060000531306164,"53":0.03152899637941758,"54":-0.03028588640141379,"55":0.006685508926850061,"56":-0.05465875718632492,"57":0.02100209548061586,"58":0.006156404498931124,"59":-0.10825252716722603,"60":-0.018799315423387634,"61":-0.0624418647638157,"62":-0.02630912075165367,"63":-0.12088272661592081,"64":-0.046938231083284675,"65":-0.055757616079717985,"66":-0.027404892657289896,"67":-0.10161515310508328,"68":-0.043592185053720076,"69":-0.0719005082003338,"70":-0.04846334220419182,"71":-0.10980760809036555,"72":-0.06184422424478766,"73":0.10181005935793407,"74":0.05015346432397178,"75":0.0635092026258555,"76":0.042643658995705734,"77":0.12171363099686772,"78":0.07901283610982235,"79":0.05792072570840909,"80":0.041547887090069506,"81":0.10359271636862499,"82":0.07008615673440667,"83":0.07874922891605769,"84":0.06521499958393623,"85":0.11650298139316376,"86":0.08880551265328983,"87":-0.14547333510895538,"88":-0.16633887853471857,"89":-0.13069846640554295,"90":-0.1470713050238811,"91":-0.1712142293110694,"92":-0.18474845841618898,"93":0.1122817621618983,"94":0.1484145061085113,"95":0.10194086805783943,"96":0.13029359148026856,"97":0.13708595781925353,"98":0.1605231237425939,"99":-0.0029411712582440327,"100":0.05405711618750359,"101":0.0004048747713205863,"102":0.0451304368120879,"103":0.010691105224589874,"104":0.04766250033454039,"105":-0.055173159097382345,"106":-0.07154599771572116,"107":0.03879652387319326,"108":0.06714924729562263,"109":-0.11712134830863538,"110":-0.162978885334001,"111":0.07518479485135827,"112":0.12085678551157415,"113":-0.011976087707417201,"114":0.03274947433335144,"115":-0.16789395945785804,"116":-0.1973786578648837,"117":-0.04598608007964406,"118":-0.017447810435307173,"119":0.163107428143741,"120":0.18042669538152756,"121":0.0927091645168217,"122":0.07652187212039092}}