{"name":"pagerank","alpha":0.85,"weight":"value","num_of_nodes":123,"num_of_edges":243,"process_time":0.02183055877685547,"data":{"0":0.058660182653677125,"1":0.058660182653677125,"2":0.05866018265367712,"3":0.03011414180686152,"4":0.03011414180686152,"5":0.03011414180686152,"6":0.015606740093704594,"7":0.015606740093704594,"8":0.015723930738579153,"9":0.015723930738579153,"10":0.015606740093704594,"11":0.015723930738579153,"12":0.015723930738579153,"13":0.015723930738579153,"14":0.015723930738579153,"15":0.008172797352913229,"16":0.008172797352913229,"17":0.008245600198513121,"18":0.008245600198513121,"19":0.00834681809043824,"20":0.00834681809043824,"21":0.008369011990075573,"22":0.008369011990075573,"23":0.008172797352913229,"24":0.008245600198513121,"25":0.008245600198513121,"26":0.00834681809043824,"27":0.00834681809043824,"28":0.008369011990075573,"29":0.008369011990075573,"30":0.008245600198513121,"31":0.008245600198513121,"32":0.00834681809043824,"33":0.00834681809043824,"34":0.008369011990075573,"35":0.008369011990075573,"36":0.008441814835675465,"37":0.008441814835675465,"38":0.008441814835675465,"39":0.008441814835675465,"40":0.008441814835675465,"41":0.008441814835675465,"42":0.004336030306404108,"43":0.004336030306404108,"44":0.004377745639064918,"45":0.004377745639064918,"46":0.004436017866981954,"47":0.004436017866981954,"48":0.004448597085684245,"49":0.004448597085684245,"50":0.004514423999275464,"51":0.004514423999275464,"52":0.004529967755745006,"53":0.004529967755745006,"54":0.004551440587749046,"55":0.004551440587749046,"56":0.004556247928216567,"57":0.004556247928216567,"58":0.004336030306404108,"59":0.004377745639064918,"60":0.004377745639064918,"61":0.004436017866981954,"62":0.004436017866981954,"63":0.004448597085684245,"64":0.004448597085684245,"65":0.004514423999275464,"66":0.004514423999275464,"67":0.004529967755745006,"68":0.004529967755745006,"69":0.004551440587749046,"70":0.004551440587749046,"71":0.004556247928216567,"72":0.004556247928216567,"73":0.004377745639064918,"74":0.004377745639064918,"75":0.004436017866981954,"76":0.004436017866981954,"77":0.004448597085684245,"78":0.004448597085684245,"79":0.004514423999275464,"80":0.004514423999275464,"81":0.004529967755745006,"82":0.004529967755745006,"83":0.004551440587749046,"84":0.004551440587749046,"85":0.004556247928216567,"86":0.004556247928216567,"87":0.0044903124183450546,"88":0.0044903124183450546,"89":0.004571683088405816,"90":0.004571683088405816,"91":0.004613507017346918,"92":0.004613507017346918,"93":0.0044903124183450546,"94":0.0044903124183450546,"95":0.004571683088405816,"96":0.004571683088405816,"97":0.004613507017346918,"98":0.004613507017346918,"99":0.0044903124183450546,"100":0.0044903124183450546,"101":0.004571683088405816,"102":0.004571683088405816,"103":0.004613507017346918,"104":0.004613507017346918,"105":0.0046514281483268916,"106":0.0046514281483268916,"107":0.0046514281483268916,"108":0.0046514281483268916,"109":0.004668814707496704,"110":0.004684358463966245,"111":0.004668814707496704,"112":0.004684358463966245,"113":0.0046514281483268916,"114":0.0046514281483268916,"115":0.004668814707496704,"116":0.004684358463966245,"117":0.004668814707496704,"118":0.004684358463966245,"119":0.004668814707496704,"120":0.004684358463966245,"121":0.004668814707496704,"122":0.004684358463966245}}