{"0": -7.253646546654571e-28, "1": -0.113134305970916, "2": 0.021484972847335394, "3": 0.03133239445016009, "4": 0.06031693867342035, "5": -0.14076679366292805, "6": -0.1407667936629289, "7": -0.14076679366293202, "8": -0.14076679366292774, "9": 0.026732569875241436, "10": 0.02673256987524168, "11": 0.02673256987524252, "12": 0.026732569875241488, "13": 0.0389851748917376, "14": 0.03898517489173413, "15": 0.03898517489173553, "16": 0.03898517489173137, "17": 0.07504904889595276, "18": 0.07504904889595299, "19": 0.07504904889595296, "20": 0.07504904889595292, "21": -0.1468648016060914, "22": -0.14686480160609142, "23": -0.1468648016060914, "24": -0.14686480160609142, "25": -0.1468648016060927, "26": -0.14686480160609267, "27": -0.14686480160609267, "28": -0.14686480160609267, "29": -0.14686480160609572, "30": -0.14686480160609572, "31": -0.1468648016060957, "32": -0.1468648016060957, "33": -0.1468648016060913, "34": -0.1468648016060913, "35": -0.1468648016060913, "36": -0.1468648016060913, "37": 0.02789062298704817, "38": 0.02789062298704817, "39": 0.02789062298704817, "40": 0.02789062298704817, "41": 0.027890622987048246, "42": 0.027890622987048246, "43": 0.027890622987048246, "44": 0.027890622987048246, "45": 0.027890622987049307, "46": 0.027890622987049307, "47": 0.027890622987049307, "48": 0.027890622987049307, "49": 0.027890622987047888, "50": 0.027890622987047888, "51": 0.027890622987047756, "52": 0.0278906229870487, "53": 0.04067401002088541, "54": 0.04067401002088541, "55": 0.04067401002088541, "56": 0.04067401002088541, "57": 0.040674010020881994, "58": 0.040674010020881994, "59": 0.040674010020881994, "60": 0.040674010020881994, "61": 0.04067401002088309, "62": 0.04067401002088309, "63": 0.04067401002088309, "64": 0.04067401002088309, "65": 0.04067401002087895, "66": 0.04067401002087895, "67": 0.04067401002087895, "68": 0.04067401002087895, "69": 0.07830016859816197, "70": 0.07830016859816197, "71": 0.07830016859816197, "72": 0.07830016859816197, "73": 0.07830016859816215, "74": 0.07830016859816215, "75": 0.07830016859816215, "76": 0.07830016859816215, "77": 0.07830016859816215, "78": 0.07830016859816215, "79": 0.07830016859816215, "80": 0.07830016859816215, "81": 0.07830016859816216, "82": 0.07830016859816205, "83": 0.07830016859816204, "84": 0.07830016859816201, "85": -0.06598372545651178, "86": -0.06598372545651178, "87": -0.06598372545651178, "88": -0.06598372545651178, "89": -0.0659837254565118, "90": -0.0659837254565118, "91": -0.0659837254565118, "92": -0.0659837254565118, "93": -0.0659837254565118, "94": -0.0659837254565118, "95": -0.0659837254565118, "96": -0.0659837254565118, "97": -0.0659837254565118, "98": -0.0659837254565118, "99": -0.0659837254565118, "100": -0.0659837254565118, "101": -0.06598372545651239, "102": -0.06598372545651239, "103": -0.06598372545651239, "104": -0.06598372545651239, "105": -0.06598372545651239, "106": -0.06598372545651239, "107": -0.06598372545651239, "108": -0.06598372545651239, "109": -0.06598372545651239, "110": -0.06598372545651239, "111": -0.06598372545651239, "112": -0.06598372545651239, "113": -0.06598372545651239, "114": -0.06598372545651239, "115": -0.06598372545651239, "116": -0.06598372545651239, "117": -0.06598372545651372, "118": -0.06598372545651372, "119": -0.06598372545651372, "120": -0.06598372545651372, "121": -0.06598372545651372, "122": -0.06598372545651372, "123": -0.06598372545651372, "124": -0.06598372545651372, "125": -0.06598372545651372, "126": -0.06598372545651372, "127": -0.06598372545651372, "128": -0.06598372545651372, "129": -0.06598372545651372, "130": -0.06598372545651372, "131": -0.06598372545651372, "132": -0.06598372545651372, "133": -0.06598372545651182, "134": -0.06598372545651182, "135": -0.06598372545651182, "136": -0.06598372545651182, "137": -0.06598372545651182, "138": -0.06598372545651182, "139": -0.06598372545651182, "140": -0.06598372545651182, "141": -0.06598372545651182, "142": -0.06598372545651182, "143": -0.06598372545651182, "144": -0.06598372545651182, "145": -0.06598372545651182, "146": -0.06598372545651182, "147": -0.06598372545651182, "148": -0.06598372545651182, "149": 0.012530757471245164, "150": 0.012530757471245164, "151": 0.012530757471245164, "152": 0.012530757471245164, "153": 0.012530757471245164, "154": 0.012530757471245164, "155": 0.012530757471245164, "156": 0.012530757471245164, "157": 0.012530757471245164, "158": 0.012530757471245164, "159": 0.012530757471245164, "160": 0.012530757471245164, "161": 0.012530757471245164, "162": 0.012530757471245164, "163": 0.012530757471245164, "164": 0.012530757471245164, "165": 0.012530757471245187, "166": 0.012530757471245187, "167": 0.012530757471245187, "168": 0.012530757471245187, "169": 0.012530757471245187, "170": 0.012530757471245187, "171": 0.012530757471245187, "172": 0.012530757471245187, "173": 0.012530757471245187, "174": 0.012530757471245187, "175": 0.012530757471245187, "176": 0.012530757471245187, "177": 0.012530757471245187, "178": 0.012530757471245187, "179": 0.012530757471245187, "180": 0.012530757471245187, "181": 0.012530757471245702, "182": 0.012530757471245702, "183": 0.012530757471245702, "184": 0.012530757471245702, "185": 0.012530757471245702, "186": 0.012530757471245702, "187": 0.012530757471245702, "188": 0.012530757471245702, "189": 0.012530757471245702, "190": 0.012530757471245702, "191": 0.012530757471245702, "192": 0.012530757471245702, "193": 0.012530757471245702, "194": 0.012530757471245702, "195": 0.012530757471245702, "196": 0.012530757471245702, "197": 0.012530757471245046, "198": 0.012530757471245046, "199": 0.012530757471245046, "200": 0.012530757471245046, "201": 0.012530757471245046, "202": 0.012530757471245046, "203": 0.012530757471245046, "204": 0.012530757471245046, "205": 0.012530757471244979, "206": 0.012530757471244979, "207": 0.012530757471244979, "208": 0.012530757471244979, "209": 0.012530757471245317, "210": 0.012530757471245317, "211": 0.012530757471245317, "212": 0.012530757471245317, "213": 0.01827410435368877, "214": 0.01827410435368877, "215": 0.01827410435368877, "216": 0.01827410435368877, "217": 0.01827410435368877, "218": 0.01827410435368877, "219": 0.01827410435368877, "220": 0.01827410435368877, "221": 0.01827410435368877, "222": 0.01827410435368877, "223": 0.01827410435368877, "224": 0.01827410435368877, "225": 0.01827410435368877, "226": 0.01827410435368877, "227": 0.01827410435368877, "228": 0.01827410435368877, "229": 0.01827410435368725, "230": 0.01827410435368725, "231": 0.01827410435368725, "232": 0.01827410435368725, "233": 0.01827410435368725, "234": 0.01827410435368725, "235": 0.01827410435368725, "236": 0.01827410435368725, "237": 0.01827410435368725, "238": 0.01827410435368725, "239": 0.01827410435368725, "240": 0.01827410435368725, "241": 0.01827410435368725, "242": 0.01827410435368725, "243": 0.01827410435368725, "244": 0.01827410435368725, "245": 0.01827410435368773, "246": 0.01827410435368773, "247": 0.01827410435368773, "248": 0.01827410435368773, "249": 0.01827410435368773, "250": 0.01827410435368773, "251": 0.01827410435368773, "252": 0.01827410435368773, "253": 0.01827410435368773, "254": 0.01827410435368773, "255": 0.01827410435368773, "256": 0.01827410435368773, "257": 0.01827410435368773, "258": 0.01827410435368773, "259": 0.01827410435368773, "260": 0.01827410435368773, "261": 0.018274104353685875, "262": 0.018274104353685875, "263": 0.018274104353685875, "264": 0.018274104353685875, "265": 0.018274104353685875, "266": 0.018274104353685875, "267": 0.018274104353685875, "268": 0.018274104353685875, "269": 0.018274104353685875, "270": 0.018274104353685875, "271": 0.018274104353685875, "272": 0.018274104353685875, "273": 0.018274104353685875, "274": 0.018274104353685875, "275": 0.018274104353685875, "276": 0.018274104353685875, "277": 0.035178863631579724, "278": 0.035178863631579724, "279": 0.035178863631579724, "280": 0.035178863631579724, "281": 0.035178863631579724, "282": 0.035178863631579724,