{"name":"fiedler","normalized":false,"weight":"value","num_of_nodes":100,"num_of_edges":450,"process_time":0.012079954147338867,"data":{"0":-0.060237927524410706,"1":-0.05333214951891229,"2":-0.05402491530189709,"3":-0.05402491530189709,"4":-0.05402491530189709,"5":-0.05402491530189709,"6":-0.05402491530189709,"7":-0.05402491530189709,"8":-0.05402491530189709,"9":-0.04679838096959607,"10":0.0252387241115685,"11":0.034279052747595455,"12":0.03337215559420893,"13":0.03337215559420893,"14":0.03337215559420893,"15":0.03337215559420893,"16":0.033372155594208947,"17":0.033372155594208947,"18":0.03337215559420893,"19":0.0395446846378514,"20":0.10107502601711241,"21":0.10879680363669782,"22":0.10802217934753058,"23":0.10802217934753058,"24":0.10802217934753058,"25":0.1080221793475306,"26":0.10802217934753058,"27":0.1080221793475306,"28":0.1080221793475306,"29":0.11078300623596866,"30":0.13830407920509577,"31":0.14175784848835626,"32":0.14141137729125108,"33":0.14141137729125108,"34":0.14141137729125108,"35":0.14141137729125108,"36":0.14141137729125108,"37":0.14141137729125106,"38":0.14141137729125108,"39":0.13970596225057014,"40":0.1227056746913045,"41":0.1205722159948281,"42":0.12078623782433721,"43":0.12078623782433723,"44":0.12078623782433723,"45":0.12078623782433723,"46":0.12078623782433723,"47":0.12078623782433723,"48":0.12078623782433723,"49":0.11526599344590689,"50":0.060237897264373,"51":0.053332121827702084,"52":0.05402488735725571,"53":0.05402488735725571,"54":0.05402488735725571,"55":0.05402488735725572,"56":0.05402488735725572,"57":0.05402488735725572,"58":0.05402488735725571,"59":0.04679835830809126,"60":-0.02523869455022557,"61":-0.0342790165509616,"62":-0.033372120076260836,"63":-0.033372120076260836,"64":-0.03337212007626084,"65":-0.03337212007626084,"66":-0.033372120076260836,"67":-0.03337212007626084,"68":-0.033372120076260836,"69":-0.0395446479533968,"70":-0.10107497778107995,"71":-0.10879675391964237,"72":-0.10802212978982997,"73":-0.10802212978982996,"74":-0.10802212978982996,"75":-0.10802212978982996,"76":-0.10802212978982996,"77":-0.10802212978982996,"78":-0.10802212978982996,"79":-0.11078296117511405,"80":-0.13830407860478544,"81":-0.14175785352478515,"82":-0.14141138175782103,"83":-0.14141138175782106,"84":-0.1414113817578211,"85":-0.1414113817578211,"86":-0.14141138175782106,"87":-0.1414113817578211,"88":-0.14141138175782106,"89":-0.1397059707291949,"90":-0.12270572282895255,"91":-0.12057226918087831,"92":-0.12078629048877457,"93":-0.12078629048877457,"94":-0.12078629048877457,"95":-0.12078629048877457,"96":-0.12078629048877457,"97":-0.12078629048877455,"98":-0.12078629048877455,"99":-0.11526604405108644}}