{"name": "eigen", "eigen": 2, "normalized": true, "process_time": 0.003879070281982422, "data": {"0": 0.0, "1": -0.01876613408207166, "2": 0.7068577170913632, "3": -0.7068577170913632, "4": 0.01876613408207168, "5": 0.0}}