{"name": "fiedler", "normalized": false, "process_time": 0.02137589454650879, "data": {"0": -0.5841639638987837, "1": 0.3609566293650045, "2": -0.16870913904460189, "3": 0.16870912178464942, "4": -0.36095662326167094, "5": 0.5841639750554026}}