{"name": "fiedler", "normalized": false, "process_time": 0.02749490737915039, "data": {"0": -0.04404857070117618, "1": 0.35090805196391955, "2": 0.6123097751927922, "3": -0.6123097894882493, "4": -0.3509080324845147, "5": 0.04404856551722845}}