{"name": "fiedler", "normalized": true, "process_time": 0.0256197452545166, "data": {"0": -0.15216544795343068, "1": 0.5547733318631497, "2": 0.4111839213649079, "3": -0.4111839310118441, "4": -0.5547733376330595, "5": 0.15216546337027645}}