{"0": 1.0, "1": 1.6666666666666667, "2": 1.6666666666666667, "3": 1.6666666666666667, "4": 1.6666666666666667, "5": 1.6666666666666667, "6": 1.6666666666666667, "7": 1.6666666666666667, "8": 1.6666666666666667, "9": 1.6666666666666667}