{"0": 2.2180175491295153, "1": 1.4080186254772529, "2": 1.4080186254772529, "3": 1.4080186254772529, "4": 1.4080186254772529, "5": 1.4080186254772529, "6": 1.4080186254772529, "7": 1.4080186254772529, "8": 1.4080186254772529, "9": 1.4080186254772529}