{"0": 4.3856263729078417e-17, "1": 0.13687858600397318, "2": 0.3948131973096647, "3": 0.4680103257342373, "4": 0.32222022139236595, "5": 0.02565969438214024, "6": -0.2829072888052264, "7": -0.45909880739633935, "8": -0.4204728916918047, "9": -0.18510303692901053}