{"0": 0.0, "1": 0.3286011871177441, "2": 0.034461376614566185, "3": -0.2758032875101507, "4": -0.4570165163207245, "5": -0.4243866413394668, "6": -0.1931815533888678, "7": 0.1284153292029804, "8": 0.3899252647249006, "9": 0.4689848408990185}