{"0": 0.23246709080947636, "1": 0.0852814343545026, "2": 0.08528143435450261, "3": 0.08528143435450261, "4": 0.08528143435450261, "5": 0.08528143435450261, "6": 0.08528143435450261, "7": 0.08528143435450261, "8": 0.08528143435450261, "9": 0.0852814343545026}