{"name": "agd", "process_time": 0.0012049674987792969, "data": {"0": 2.533333333333333, "1": 3.4, "2": 2.933333333333333, "3": 2.533333333333333, "4": 2.533333333333333, "5": 3.4, "6": 2.933333333333333, "7": 2.533333333333333, "8": 2.533333333333333, "9": 3.4, "10": 2.933333333333333, "11": 2.533333333333333, "12": 2.533333333333333, "13": 3.4, "14": 2.933333333333333, "15": 2.533333333333333}}