{"name": "fiedler", "normalized": false, "process_time": 0.026004791259765625, "data": {"0": -0.16814412981651738, "1": -0.07822051568498073, "2": -0.10264744823597043, "3": -0.028867107283027583, "4": 0.24274272417488096, "5": 0.4042872894493473, "6": 0.3604051773230091, "7": 0.3193354367873546, "8": 0.16814414101673006, "9": 0.07822054818165218, "10": 0.10264747429696731, "11": 0.028867124781167954, "12": -0.24274273537501323, "13": -0.40428732194599265, "14": -0.3604052033839791, "15": -0.31933545428562854}}