{"name": "fiedler", "normalized": true, "process_time": 0.02406620979309082, "data": {"0": -0.19216706175677278, "1": -0.08286630865663558, "2": -0.1292607165660746, "3": -0.05924388078437239, "4": 0.2403518634565058, "5": 0.3179154730301611, "6": 0.36046707666901656, "7": 0.3836808796059099, "8": 0.19216707011141695, "9": 0.08286632734767084, "10": 0.12926073674940783, "11": 0.05924389693284687, "12": -0.24035187273688893, "13": -0.3179154910156711, "14": -0.3604670964218386, "15": -0.3836808958243862}}