{"name":"agd","num_of_nodes":20,"num_of_edges":100,"weight":"value","process_time":0.002848386764526367,"data":{"0":1.5789473684210527,"1":1.5789473684210527,"2":1.6842105263157894,"3":1.631578947368421,"4":1.736842105263158,"5":1.6842105263157894,"6":1.6842105263157894,"7":1.5789473684210527,"8":1.631578947368421,"9":1.7894736842105263,"10":1.0526315789473684,"11":1.0526315789473684,"12":1.1578947368421053,"13":1.263157894736842,"14":1.3157894736842106,"15":1.3157894736842106,"16":1.368421052631579,"17":1.4210526315789473,"18":1.4736842105263157,"19":1.4736842105263157}}