{"name": "eigen", "eigen": 3, "normalized": true, "process_time": 0.01029205322265625, "data": {"0": -0.144848862446139, "1": -0.37622405733017966, "2": 0.3037248596118517, "3": -0.14782778351873993, "4": 0.08233772313004477, "5": 0.38323015958232515, "6": -0.0401610236709095, "7": -0.00398377838773811, "8": 0.2674968645436706, "9": -0.2434529295176344, "10": 0.058818353705254886, "11": 0.0034806084823111685, "12": -0.013281782123304447, "13": 0.17967495151503118, "14": 0.43239694162881165, "15": -0.04160827494269955, "16": -0.2473325820253195, "17": -0.2263338299924535, "18": 0.058743090802557324, "19": -0.3111175915513727}}