{"name": "eigen", "eigen": 1, "normalized": true, "process_time": 0.01029205322265625, "data": {"0": 0.22962055292274408, "1": 0.008168254832932154, "2": 0.1789019363117805, "3": 0.3050330449538187, "4": -0.34485156547762913, "5": -0.0423878647304414, "6": -0.08895029798027039, "7": -0.15186110958745638, "8": 0.01899739729548152, "9": -0.30465605011494223, "10": -0.06702962840685878, "11": -0.034269553437484494, "12": -0.2294700281043684, "13": 0.18329626124671314, "14": -0.21238459284973715, "15": 0.19239539810311598, "16": 0.07623930469400456, "17": 0.3511662529786766, "18": 0.276544485595992, "19": -0.44456215785841224}}