{"name":"fiedler","normalized":false,"weight":"value","num_of_nodes":20,"num_of_edges":100,"process_time":0.04045271873474121,"data":{"0":-0.10487806939392352,"1":-0.04477914352029297,"2":-0.16152183795281436,"3":-0.147885885558156,"4":0.11702353450820002,"5":-0.07962086317883654,"6":-0.044105479498104755,"7":-0.025406653259887543,"8":-0.08524175966494532,"9":0.9165002856295159,"10":0.004569979907536297,"11":0.0029028855309137505,"12":0.03247461352538041,"13":-0.09045133921223167,"14":-0.037809757881700164,"15":-0.08634813025088199,"16":-0.06943475758560107,"17":-0.11905154472228162,"18":-0.11448550840592912,"19":0.1375494309840401}}