{"name":"pagerank","alpha":0.85,"weight":"value","num_of_nodes":20,"num_of_edges":100,"process_time":0.009660959243774414,"data":{"0":0.040484899839436844,"1":0.04055338631615298,"2":0.0323392546042809,"3":0.036389245225259666,"4":0.028220921273465486,"5":0.03203256764266821,"6":0.03265747585066454,"7":0.040507258530757255,"8":0.036356612587239046,"9":0.02406180150600507,"10":0.08619949951561177,"11":0.08572238216950619,"12":0.07709572759714037,"13":0.06715518666330404,"14":0.06361075758782467,"15":0.062433173702736995,"16":0.05826319843761335,"17":0.05442136049017735,"18":0.050344777135435094,"19":0.05115051332471998}}