{"0": -0.04310214243250998, "1": 0.058006578276446445, "2": 0.0422198397886197, "3": 0.10310409041500122, "4": 0.2604173967719001, "5": 0.27956058214002305, "6": 0.327433454217318, "7": 0.353773789916996, "8": 0.20404894721884623, "9": 0.11477137163199867, "10": 0.16014517237590395, "11": 0.1155401445200084, "12": -0.1343082096283001, "13": -0.20862797425220025, "14": -0.22845829462139736, "15": -0.2823660551592888, "16": -0.2870559917621397, "17": -0.2437105578157505, "18": -0.30134017184434203, "19": -0.29005196975159897}