{"0": -0.23070918958911668, "1": -0.1490579718813786, "2": -0.1989054612660795, "3": -0.16054247666045826, "4": 0.09743197219805368, "5": 0.18065423925679408, "6": 0.19282983247607238, "7": 0.2502738464958572, "8": 0.2909254666877246, "9": 0.260708442241731, "10": 0.3180808634475275, "11": 0.31522022940591404, "12": 0.08236984807246449, "13": -0.019527572367147455, "14": 0.003754939589037749, "15": -0.05545704183527459, "16": -0.24001809796496523, "17": -0.2727771369021385, "18": -0.31576017394531786, "19": -0.34949455739688307}