{"name": "eigen", "eigen": 1, "normalized": true, "process_time": 0.00545501708984375, "data": {"0": 0.0066301038538646795, "1": -0.077669088922897, "2": -0.07061414541799406, "3": -0.0706141454179942, "4": -0.12130712751205064, "5": -0.2792537219835458, "6": -0.28870929398022904, "7": -0.32696999815701067, "8": -0.3269699981570108, "9": -0.30672620206872503, "10": -0.0066301038538648625, "11": 0.07766908892289667, "12": 0.07061414541799393, "13": 0.07061414541799386, "14": 0.12130712751205056, "15": 0.27925372198354576, "16": 0.28870929398022993, "17": 0.3269699981570113, "18": 0.32696999815701117, "19": 0.30672620206872525}}