{"name": "eigen", "eigen": 4, "normalized": true, "process_time": 0.00545501708984375, "data": {"0": -0.3870457457170491, "1": 0.19927753031762596, "2": -0.0696921594441887, "3": -0.06969215944418794, "4": 0.22532213041965007, "5": 0.3870457457170519, "6": -0.1992775303176281, "7": 0.06969215944418909, "8": 0.06969215944418787, "9": -0.22532213041965102, "10": -0.38704574571705247, "11": 0.1992775303176283, "12": -0.06969215944418825, "13": -0.0696921594441883, "14": 0.22532213041965146, "15": 0.3870457457170536, "16": -0.19927753031763074, "17": 0.06969215944418723, "18": 0.06969215944418744, "19": -0.22532213041964883}}