{"name": "fiedler", "normalized": true, "process_time": 0.01864004135131836, "data": {"0": -0.18330793281372726, "1": -0.2519580999784225, "2": -0.2725323501895565, "3": -0.2725323501896027, "4": -0.29633913873193385, "5": -0.21077191688563393, "6": -0.1609430377132967, "7": -0.19396354548055103, "8": -0.19396354548057154, "9": -0.1448430175997751, "10": 0.18330792079111327, "11": 0.25195808037800793, "12": 0.27253232915902303, "13": 0.27253232915895637, "14": 0.29633912148634484, "15": 0.2107719292353065, "16": 0.1609430573772485, "17": 0.19396356640190254, "18": 0.19396356640191229, "19": 0.14484303469903964}}