{"name": "eigen", "eigen": 3, "normalized": true, "process_time": 0.028752803802490234, "data": {"0": -0.10000000000000185, "1": -0.0992114701314499, "2": -0.0968583161128656, "3": -0.09297764858882801, "4": -0.08763066800438907, "5": -0.08090169943749756, "6": -0.07289686274214396, "7": -0.06374239897487174, "8": -0.05358267949790246, "9": -0.042577929156509944, "10": -0.030901699437497473, "11": -0.018738131458575086, "12": -0.006279051952933823, "13": 0.006279051952928938, "14": 0.018738131458570183, "15": 0.03090169943749259, "16": 0.04257792915650535, "17": 0.05358267949789794, "18": 0.06374239897486772, "19": 0.07289686274214015, "20": 0.08090169943749417, "21": 0.0876306680043862, "22": 0.09297764858882522, "23": 0.09685831611286339, "24": 0.09921147013144857, "25": 0.10000000000000117, "26": 0.0992114701314496, "27": 0.09685831611286574, "28": 0.0929776485888284, "29": 0.08763066800439029, "30": 0.08090169943749922, "31": 0.0728968627421461, "32": 0.06374239897487458, "33": 0.05358267949790574, "34": 0.042577929156513566, "35": 0.030901699437501734, "36": 0.018738131458579776, "37": 0.006279051952938736, "38": -0.006279051952924053, "39": -0.018738131458565538, "40": -0.030901699437488328, "41": -0.042577929156501375, "42": -0.053582679497894255, "43": -0.06374239897486397, "44": -0.07289686274213686, "45": -0.08090169943749101, "46": -0.08763066800438331, "47": -0.09297764858882236, "48": -0.09685831611286058, "49": -0.09921147013144527, "50": -0.0999999999999975, "51": -0.09921147013144518, "52": -0.0968583161128605, "53": -0.09297764858882213, "54": -0.08763066800438293, "55": -0.0809016994374907, "56": -0.07289686274213675, "57": -0.06374239897486425, "58": -0.053582679497894595, "59": -0.04257792915650205, "60": -0.0309016994374893, "61": -0.018738131458566787, "62": -0.006279051952925704, "63": 0.0062790519529369385, "64": 0.018738131458577938, "65": 0.03090169943750006, "66": 0.042577929156512054, "67": 0.05358267949790414, "68": 0.06374239897487306, "69": 0.07289686274214463, "70": 0.08090169943749738, "71": 0.08763066800438817, "72": 0.0929776485888261, "73": 0.09685831611286344, "74": 0.09921147013144752, "75": 0.09999999999999937, "76": 0.09921147013144656, "77": 0.09685831611286146, "78": 0.09297764858882318, "79": 0.0876306680043841, "80": 0.08090169943749198, "81": 0.07289686274213802, "82": 0.06374239897486571, "83": 0.05358267949789619, "84": 0.0425779291565038, "85": 0.030901699437491388, "86": 0.018738131458569306, "87": 0.006279051952928449, "88": -0.006279051952933982, "89": -0.01873813145857483, "90": -0.030901699437496887, "91": -0.042577929156509056, "92": -0.053582679497901284, "93": -0.06374239897487033, "94": -0.07289686274214235, "95": -0.080901699437496, "96": -0.08763066800438765, "97": -0.09297764858882668, "98": -0.09685831611286479, "99": -0.09921147013144946, "100": -0.10000000000000182, "101": -0.09921147013144992, "102": -0.09685831611286569, "103": -0.09297764858882776, "104": -0.08763066800438898, "105": -0.08090169943749752, "106": -0.0728968627421439, "107": -0.0637423989748719, "108": -0.05358267949790253, "109": -0.04257792915651004, "110": -0.030901699437497605, "111": -0.01873813145857528, "112": -0.006279051952934024, "113": 0.00627905195292887, "114": 0.01873813145857025, "115": 0.030901699437492734, "116": 0.042577929156505365, "117": 0.05358267949789811, "118": 0.06374239897486772, "119": 0.07289686274214012, "120": 0.08090169943749398, "121": 0.08763066800438613, "122": 0.09297764858882512, "123": 0.09685831611286336, "124": 0.09921147013144846, "125": 0.10000000000000124, "126": 0.09921147013144989, "127": 0.09685831611286566, "128": 0.09297764858882825, "129": 0.08763066800439027, "130": 0.08090169943749925, "131": 0.07289686274214628, "132": 0.06374239897487462, "133": 0.05358267949790577, "134": 0.04257792915651375, "135": 0.03090169943750168, "136": 0.01873813145857984, "137": 0.006279051952938758, "138": -0.006279051952924081, "139": -0.018738131458565586, "140": -0.030901699437488273, "141": -0.04257792915650133, "142": -0.05358267949789433, "143": -0.06374239897486406, "144": -0.07289686274213673, "145": -0.08090169943749104, "146": -0.08763066800438313, "147": -0.09297764858882247, "148": -0.09685831611286057, "149": -0.09921147013144536, "150": -0.09999999999999751, "151": -0.0992114701314453, "152": -0.09685831611286046, "153": -0.09297764858882228, "154": -0.08763066800438293, "155": -0.08090169943749086, "156": -0.07289686274213672, "157": -0.06374239897486429, "158": -0.05358267949789471, "159": -0.042577929156502055, "160": -0.030901699437489268, "161": -0.018738131458566915, "162": -0.006279051952925691, "163": 0.006279051952936951, "164": 0.018738131458578007, "165": 0.0309016994374999, "166": 0.04257792915651214, "167": 0.05358267949790413, "168": 0.06374239897487304, "169": 0.07289686274214457, "170": 0.0809016994374974, "171": 0.08763066800438823, "172": 0.09297764858882611, "173": 0.09685831611286344, "174": 0.0992114701314478, "175": 0.09999999999999934, "176": 0.09921147013144649, "177": 0.09685831611286144, "178": 0.09297764858882315, "179": 0.08763066800438402, "180": 0.08090169943749191, "181": 0.07289686274213801, "182": 0.06374239897486572, "183": 0.053582679497896295, "184": 0.042577929156503845, "185": 0.030901699437491513, "186": 0.018738131458569403, "187": 0.006279051952928377, "188": -0.006279051952934115, "189": -0.018738131458575013, "190": -0.030901699437496953, "191": -0.042577929156509084, "192": -0.053582679497901235, "193": -0.06374239897487038, "194": -0.07289686274214233, "195": -0.08090169943749591, "196": -0.08763066800438747, "197": -0.09297764858882654, "198": -0.09685831611286472, "199": -0.0992114701314494}}