{"name":"fiedler","normalized":true,"weight":"value","num_of_nodes":64,"num_of_edges":243,"process_time":0.014158964157104492,"data":{"69":-0.026646328513043605,"68":-0.026646328513043178,"45":0.09408133449202388,"70":0.0945137938862146,"62":0.006030072205912081,"34":0.08309573115696475,"32":0.025617677727051317,"55":-0.07863659711834493,"38":-0.07029544038665736,"27":-0.07029544038784435,"42":0.004535163728393915,"67":0.34011381301207533,"66":0.3401138130114366,"65":0.34011381301231736,"64":0.3401138130114448,"63":0.29295631678513234,"52":0.13959258996369459,"35":0.32698550915768665,"19":-0.014157476558735931,"18":-0.0846507786003034,"16":-0.08737694822050208,"15":-0.09064167751139024,"14":-0.0769632276252327,"61":-0.0618795482339899,"13":-0.07175712644628914,"60":-0.04089818934038565,"12":-0.06456427775271643,"59":-0.03033754699216701,"4":-0.020162028786141265,"51":-0.0038934730416176756,"3":-0.09070898842017848,"50":-0.03753572571240516,"25":-0.08080813568069771,"2":-0.023802722432217923,"49":-0.019608784041758556,"24":0.017031623080031186,"1":-0.10523199166612429,"28":-0.02423567284759184,"5":-0.020162028787083664,"6":-0.020382187495284882,"53":-0.020755078547527825,"30":-0.029407550165539673,"7":-0.11528198871558598,"54":-0.019714518830519997,"31":0.021183103326057995,"8":-0.059309425689687584,"9":-0.0439845210412431,"56":-0.08760285530570346,"11":-0.09566115025407702,"58":-0.06780851669785584,"33":-0.004033879244135218,"40":-0.025709664846333642,"41":-0.04874529340956334,"44":-0.04971412653802425,"57":-0.050339017271658536,"10":-0.039553219457757936,"20":0.04670417439312737,"39":-0.018257692123544608,"36":0.029730303441524927,"37":0.02973030343920227,"43":-0.0038934730372810564,"22":0.06585134818098289,"23":0.09493729302576787,"21":0.370689610178914}}