{"name": "eigen", "eigen": 1, "normalized": false, "process_time": 0.15675687789916992, "data": {"0": -0.06433227226679779, "1": -0.06430777807554543, "2": -0.06425879901908196, "3": -0.06418535374593813, "4": -0.06408747022003491, "5": -0.06396518571003612, "6": -0.0638185467751576, "7": -0.06364760924744145, "8": -0.0634524382104968, "9": -0.06323310797472113, "10": -0.0629897020490063, "11": -0.0627223131089424, "12": -0.06243104296153271, "13": -0.06211600250642982, "14": -0.061777311693712894, "15": -0.06141509947821684, "16": -0.061029503770433174, "17": -0.060620671384001304, "18": -0.060188757979809736, "19": -0.05973392800672915, "20": -0.059256354638999795, "21": -0.05875621971029486, "22": -0.05823371364448992, "23": -0.05768903538315892, "24": -0.05712239230982889, "25": -0.05653400017101899, "26": -0.05592408299409592, "27": -0.055292873001977876, "28": -0.054640610524715624, "29": -0.053967543907988164, "30": -0.05327392941854793, "31": -0.052560031146645626, "32": -0.05182612090548233, "33": -0.05107247812771505, "34": -0.05029938975906614, "35": -0.049507150149069284, "36": -0.048696060938998295, "37": -0.04786643094701737, "38": -0.0470185760506011, "39": -0.0461528190662656, "40": -0.04526948962665683, "41": -0.04436892405504599, "42": -0.04345146523727432, "43": -0.04251746249120396, "44": -0.041567271433713346, "45": -0.0406012538453004, "46": -0.03961977753233559, "47": -0.03862321618702125, "48": -0.03761194924511101, "49": -0.03658636174144011, "50": -0.03554684416332703, "51": -0.034493792301895976, "52": -0.03342760710138172, "53": -0.03234869450647289, "54": -0.031257465307749796, "55": -0.030154334985277607, "56": -0.02903972355041562, "57": -0.027914055385898223, "58": -0.026777759084255406, "59": -0.025631267284627383, "60": -0.024475016508038225, "61": -0.02330944699119454, "62": -0.02213500251886638, "63": -0.020952130254918523, "64": -0.01976128057205611, "65": -0.018562906880346133, "66": -0.017357465454584803, "67": -0.016145415260571894, "68": -0.014927217780363579, "69": -0.013703336836563822, "70": -0.012474238415727104, "71": -0.011240390490936572, "72": -0.010002262843625223, "73": -0.008760326884708895, "74": -0.007515055475099064, "75": -0.006266922745663289, "76": -0.005016403916702765, "77": -0.003763975117013714, "78": -0.002510113202604025, "79": -0.0012552955751332917, "80": -1.4430817651955863e-13, "81": 0.0012552955748446615, "82": 0.0025101132023149023, "83": 0.0037639751167242094, "84": 0.00501640391641299, "85": 0.006266922745373361, "86": 0.0075150554748089245, "87": 0.008760326884418933, "88": 0.010002262843335386, "89": 0.011240390490647012, "90": 0.012474238415437794, "91": 0.013703336836274848, "92": 0.014927217780075414, "93": 0.016145415260284603, "94": 0.017357465454298542, "95": 0.01856290688006107, "96": 0.019761280571772243, "97": 0.020952130254635822, "98": 0.022135002518584787, "99": 0.023309446990914588, "100": 0.02447501650775984, "101": 0.025631267284350313, "102": 0.026777759083979603, "103": 0.027914055385623, "104": 0.02903972355014115, "105": 0.030154334985004465, "106": 0.0312574653074778, "107": 0.03234869450620234, "108": 0.03342760710111254, "109": 0.03449379230162814, "110": 0.035546844163060844, "111": 0.03658636174117592, "112": 0.03761194924484893, "113": 0.03862321618676161, "114": 0.0396197775320784, "115": 0.04060125384504588, "116": 0.04156727143346177, "117": 0.04251746249095549, "118": 0.043451465237029176, "119": 0.04436892405480348, "120": 0.0452694896264174, "121": 0.046152819066028826, "122": 0.047018576050366884, "123": 0.04786643094678496, "124": 0.04869606093876748, "125": 0.0495071501488398, "126": 0.05029938975883767, "127": 0.051072478127487594, "128": 0.051826120905255915, "129": 0.05256003114642057, "130": 0.05327392941832363, "131": 0.05396754390776459, "132": 0.0546406105244925, "133": 0.05529287300175589, "134": 0.05592408299387511, "135": 0.05653400017079917, "136": 0.057122392309610436, "137": 0.05768903538294111, "138": 0.058233713644272336, "139": 0.05875621971007715, "140": 0.059256354638781726, "141": 0.05973392800651078, "142": 0.0601887579795906, "143": 0.06062067138378108, "144": 0.06102950377021164, "145": 0.061415099477994034, "146": 0.06177731169348888, "147": 0.06211600250620488, "148": 0.06243104296130722, "149": 0.06272231310871634, "150": 0.06298970204877959, "151": 0.06323310797449336, "152": 0.0634524382102676, "153": 0.06364760924721095, "154": 0.06381854677492631, "155": 0.06396518570980375, "156": 0.0640874702198017, "157": 0.06418535374570385, "158": 0.0642587990188465, "159": 0.06430777807530938, "160": 0.06433227226656153, "161": -0.06434860345451618, "162": -0.06435676956646708, "163": -0.06432410304524609, "164": -0.06433226604799094, "165": -0.06427511155511387, "166": -0.06428326834062943, "167": -0.06420164763738458, "168": -0.06420979510001576, "169": -0.06410373926307815, "170": -0.06411187430071952, "171": -0.06398142371031887, "172": -0.06398954322559557, "173": -0.06383474755014297, "174": -0.0638428484515901, "175": -0.0636637666287657, "176": -0.06367184583200541, "177": -0.06346854604631699, "178": -0.06347660047523287, "179": -0.06324916013205949, "180": -0.06325718671996804, "181": -0.06300569241608381, "182": -0.0630136881069022, "183": -0.06273823559750714, "184": -0.06274619734691537, "185": -0.06244689150917674, "186": -0.06245481628577894, "187": -0.06213177107889836, "188": -0.0621396558653753, "189": -0.06179299428719991, "190": -0.06180083608145866, "191": -0.06143069012165309, "192": -0.06143848593796972, "193": -0.061044996527758855, "194": -0.06105274339791493, "195": -0.06063606035642724, "196": -0.06064375533084067, "197": -0.06020403730806079, "198": -0.060211677456908544, "199": -0.05974909187327829, "200": -0.05975667428761195, "201": -0.05927139727028016, "202": -0.05927891906313354, "203": -0.058771135378899574, "204": -0.05877859368638731, "205": -0.058248496671352845, "206": -0.05825588865376191, "207": -0.057703680139716725, "208": -0.05771100298258671, "209": -0.05713689322016309, "210": -0.057144144135357906, "211": -0.05654835171398128, "212": -0.05655552794075147, "213": -0.055938279705407414, "214": -0.055945378511440186, "215": -0.05530690947631127, "216": -0.05531392815877199, "217": -0.05465448141775443, "218": -0.05466141730431462, "219": -0.053981243938458795, "220": -0.05398809438831439, "221": -0.05328745337023124, "222": -0.053294215775107796, "223": -0.05257337387036615, "224": -0.05258004565551146, "225": -0.051839277321063686, "226": -0.05184585594622923, "227": -0.05108544322591797, "228": -0.05109192618632481, "229": -0.0503121586034945, "230": -0.050318543430788044, "231": -0.049519717878048916, "232": -0.04952600214123809, "233": -0.048708422767429635, "234": -0.04871460407381241, "235": -0.0478785821681959, "236": -0.047884658164271156, "237": -0.04703051203800938, "238": -0.04703648041037154, "239": -0.046164535275336836, "240": -0.04617039375155822, "241": -0.045280981596502914, "242": -0.04528672794599787, "243": -0.04438018741015673, "244": -0.04438581944503142, "245": -0.0434624956891835, "246": -0.04346801126506858, "247": -0.04252825584012204, "248": -0.0425336528569898, "249": -0.041577823570126876, "250": -0.04158309997309, "251": -0.04061156075153586, "252": -0.04061671453163031, "253": -0.03962983528409011, "254": -0.039634864479039994, "255": -0.038633020954856115, "256": -0.03863792364982034, "257": -0.03762149729590954, "258": -0.03762627162421167, "259": -0.036595649439829875, "260": -0.03660029358366827, "261": -0.03555586797306348, "262": -0.03556038016420343, "263": -0.03450254878720836, "264": -0.03450692730765593, "265": -0.033436092928281924, "266": -0.03344033611093688, "267": -0.03235690644402492, "268": -0.03236101267331672, "269": -0.03126540022929938, "270": -0.0312693679418022, "271": -0.0301619898696431, "272": -0.030165817554669863, "273": -0.029047095483038184, "274": -0.029050781683216908, "275": -0.02792114155995118,