{"name": "eigen", "eigen": 3, "normalized": false, "process_time": 0.15675687789916992, "data": {"0": -0.06419900170974045, "1": -0.06397906650414283, "2": -0.06353994955473627, "3": -0.06288315520386252, "4": -0.06201093352078621, "5": -0.060926272593329944, "6": -0.05963288829117555, "7": -0.05813521153590828, "8": -0.05643837312140799, "9": -0.054548186136595775, "10": -0.05247112605074755, "11": -0.05021430852960369, "12": -0.04778546505826964, "13": -0.04519291645442114, "14": -0.042445544362555356, "15": -0.03955276082693694, "16": -0.03652447604748678, "17": -0.03337106442906817, "18": -0.030103329040486224, "19": -0.026732464604950504, "20": -0.02327001914880028, "21": -0.019727854439866327, "22": -0.01611810535100966, "23": -0.012453138288044098, "24": -0.00874550882446827, "25": -0.005007918688138213, "26": -0.001253172247240364, "27": 0.0025058673553655514, "28": 0.006256322269155283, "29": 0.009985344053333699, "30": 0.013680157693478162, "31": 0.017328105366632828, "32": 0.020916689804925295, "33": 0.024433617109147796, "34": 0.027866838865631488, "35": 0.03120459342212721, "36": 0.034435446181287827, "37": 0.03754832877371653, "38": 0.040532576976376716, "39": 0.043377967246463825, "40": 0.04607475174557837, "41": 0.04861369173421527, "42": 0.05098608922216435, "43": 0.05318381676639086, "44": 0.05519934531431721, "45": 0.057025769997117476, "46": 0.05865683378465916, "47": 0.0600869489210604, "48": 0.06131121606741889, "49": 0.06232544108614121, "50": 0.06312614940936699, "51": 0.06371059794226605, "52": 0.06407678446042965, "53": 0.0642234544691614, "54": 0.06415010550116941, "55": 0.06385698883793695, "56": 0.06334510864887308, "57": 0.06261621855119286, "58": 0.06167281560231529, "59": 0.06051813174535488, "60": 0.05915612273701671, "61": 0.05759145459582565, "62": 0.055829487617115744, "63": 0.05387625800954139, "64": 0.05173845721602038, "65": 0.04942340898995282, "66": 0.04693904430524805, "67": 0.04429387418611474, "68": 0.04149696054969335, "69": 0.03855788516142013, "70": 0.035486716809478555, "71": 0.03229397681078809, "72": 0.028990602966706365, "73": 0.025587912091921863, "74": 0.022097561244912384, "75": 0.018531507792781746, "76": 0.014901968447290012, "77": 0.011221377412411311, "78": 0.007502343786797996, "79": 0.003757608367087009, "80": 2.8504976157250894e-14, "81": -0.0037576083670300617, "82": -0.007502343786741188, "83": -0.01122137741235521, "84": -0.014901968447234945, "85": -0.0185315077927276, "86": -0.02209756124485939, "87": -0.025587912091870335, "88": -0.028990602966656273, "89": -0.03229397681073997, "90": -0.03548671680943239, "91": -0.038557885161376, "92": -0.041496960549651574, "93": -0.04429387418607576, "94": -0.04693904430521183, "95": -0.04942340898991914, "96": -0.05173845721598912, "97": -0.05387625800951267, "98": -0.05582948761708967, "99": -0.05759145459580242, "100": -0.05915612273699644, "101": -0.060518131745337184, "102": -0.061672815602299834, "103": -0.06261621855117905, "104": -0.06334510864886062, "105": -0.06385698883792608, "106": -0.06415010550115985, "107": -0.0642234544691529, "108": -0.06407678446042256, "109": -0.06371059794226028, "110": -0.06312614940936268, "111": -0.06232544108613847, "112": -0.06131121606741773, "113": -0.06008694892106093, "114": -0.05865683378466164, "115": -0.057025769997122056, "116": -0.05519934531432438, "117": -0.053183816766400153, "118": -0.0509860892221759, "119": -0.048613691734228824, "120": -0.04607475174559317, "121": -0.0433779672464798, "122": -0.04053257697639357, "123": -0.03754832877373359, "124": -0.034435446181305056, "125": -0.03120459342214452, "126": -0.02786683886564889, "127": -0.02443361710916476, "128": -0.020916689804941737, "129": -0.01732810536664879, "130": -0.013680157693493171, "131": -0.009985344053347334, "132": -0.006256322269167402, "133": -0.002505867355376081, "134": 0.001253172247231836, "135": 0.005007918688131885, "136": 0.008745508824463715, "137": 0.012453138288041739, "138": 0.016118105351009094, "139": 0.01972785443986784, "140": 0.023270019148803202, "141": 0.026732464604954865, "142": 0.030103329040491462, "143": 0.033371064429074664, "144": 0.036524476047493815, "145": 0.03955276082694467, "146": 0.04244554436256366, "147": 0.04519291645443048, "148": 0.047785465058279325, "149": 0.05021430852961401, "150": 0.052471126050758383, "151": 0.05454818613660714, "152": 0.05643837312141939, "153": 0.05813521153591971, "154": 0.05963288829118734, "155": 0.06092627259334211, "156": 0.062010933520798714, "157": 0.06288315520387455, "158": 0.0635399495547482, "159": 0.06397906650415437, "160": 0.06419900170975154, "161": -0.06434576459307612, "162": -0.06441918787770193, "163": -0.06412532660201371, "164": -0.0641984983505601, "165": -0.06368520580413775, "166": -0.06375787534224608, "167": -0.06302690998080904, "168": -0.06309882835461109, "169": -0.06215269434509013, "170": -0.06222361517408346, "171": -0.061065553815756145, "172": -0.06113523413686189, "173": -0.05976921275719811, "174": -0.059837413857113365, "175": -0.05826811222035985, "176": -0.05833460045334922, "177": -0.056567394728434264, "178": -0.05663194231676333, "179": -0.05467288665942236, "180": -0.05473527247368515, "181": -0.05259107828592213, "182": -0.05265108860259446, "183": -0.050329101540527194, "184": -0.05038653077414886, "185": -0.04789470558299316, "186": -0.04794935699046843, "187": -0.04529623025290024, "188": -0.045347916607508955, "189": -0.04254257749873384, "190": -0.042591121731538575, "191": -0.03964318088127216, "192": -0.03968841668772674, "193": -0.03660797325576616, "194": -0.03664974566544908, "195": -0.0334473527436083, "196": -0.033485518651123564, "197": -0.03017214711008765, "198": -0.03020657576532314, "199": -0.02679357667024139, "200": -0.026824150126294605, "201": -0.023323215849910962, "202": -0.0233498293671576, "203": -0.01977295353366056, "204": -0.019795515938573774, "205": -0.01615495233542116, "206": -0.01617338633291796, "207": -0.012481606931372582, "208": -0.01249584936961376, "209": -0.008765501597831592, "210": -0.008775503684569867, "211": -0.005019367099586876, "212": -0.005025094569320484, "213": -0.001256037076403089, "214": -0.0012574703077639407, "215": 0.0025115959229215896, "216": 0.0025144618399479874, "217": 0.006270624608301596, "218": 0.0062777798555555, "219": 0.010008171166611625, "220": 0.01001959123139414, "221": 0.013711431378957582, "222": 0.013727077138008513, "223": 0.017367718485818924, "224": 0.017387536339344437, "225": 0.020964506649796148, "226": 0.020988428705094087, "227": 0.02448947386706873, "228": 0.02451741817111799, "229": 0.027930544180549938, "230": 0.027962415000767668, "231": 0.031275929050127514, "232": 0.031311617202333095, "233": 0.034514167738258106, "234": 0.03455355096072028, "235": 0.037634166572568836, "236": 0.037677109944854285, "237": 0.04062523695095027, "238": 0.04067159335613878, "239": 0.04347713195894819, "240": 0.04352674258763102, "241": 0.046180081474002016, "242": 0.04623277636833663, "243": 0.04872482563627749, "244": 0.04878042427223535, "245": 0.051102646571421766, "246": 0.05116095847723363, "247": 0.053305398256563184, "248": 0.05336622366524469, "249": 0.055325534427244555, "250": 0.05538866496096378, "251": 0.0571561344296842, "252": 0.05722135381363075, "253": 0.05879092692979111, "254": 0.05885801173309832, "255": 0.060224311397729186, "256": 0.0602930317989106, "257": 0.061451377294404495, "258": 0.061521497868684334, "259": 0.06246792089416611, "260": 0.0625392014200063, "261": 0.06327045968607652, "262": 0.0633426559681367, "263": 0.06385624430442192, "264": 0.06392910901013081, "265": 0.06422326794758462, "266": 0.06429655145446225, "267": 0.06437027325301552, "268": 0.06444372450383813, "269": 0.06429675660475206, "270": 0.06437012396763236, "271": 0.06400296985872239, "272": 0.06407600198915953, "273": 0.0634899194799286, "274": 0.06356236618187276, "275": 0.0627593630944633, "276": 0.06283097617744639, "277": 0.06181380346817287,