{"0": -0.06408255547310533, "1": -0.0636923554363264, "2": -0.06291433129905252, "3": -0.061753220466724656, "4": -0.060216092967779536, "5": -0.05831230840409635, "6": -0.05605345896018249, "7": -0.05345329881811718, "8": -0.05052766040804616, "9": -0.04729435800417888, "10": -0.043773079253294545, "11": -0.03998526529624602, "12": -0.035953980212398415, "13": -0.03170377058196186, "14": -0.027260516021344668, "15": -0.022651271601621406, "16": -0.017904103109632585, "17": -0.013047916154813974, "18": -0.008112280162329379, "19": -0.00312724832421557, "20": 0.0018768253951423203, "21": 0.006869471084940314, "22": 0.011820288419889035, "23": 0.01669913176843636, "24": 0.02147629375015786, "25": 0.026122686124623363, "26": 0.030610016910309505, "27": 0.034910962655074505, "28": 0.03899933480923534, "29": 0.04285023918820286, "30": 0.04644022755369714, "31": 0.04974744039056755, "32": 0.05275174000984339, "33": 0.05543483316754787, "34": 0.05778038245264755, "35": 0.059774105765894654, "36": 0.06140386328383157, "37": 0.0626597313784331, "38": 0.06353406304228697, "39": 0.06402153445138384, "40": 0.06411917738199537, "41": 0.0638263972842496, "42": 0.0631449769023595, "43": 0.06207906541945445, "44": 0.06063515319311702, "45": 0.05882203223545833, "46": 0.056650742678369934, "47": 0.054134505549927256, "48": 0.051288642271268566, "49": 0.04813048136413918, "50": 0.0446792529371552, "51": 0.04095597159326371, "52": 0.03698330847138244, "53": 0.0327854532013543, "54": 0.02838796661277844, "55": 0.023817625094579367, "56": 0.019102257553007013, "57": 0.014270575960837056, "58": 0.00935200052956181, "59": 0.004376480569098076, "60": -0.0006256878741924404, "61": -0.005624046490772305, "62": -0.01058816016921997, "63": -0.01548780231626639, "64": -0.02029313890716241, "65": -0.02497491014568609, "66": -0.029504608627662368, "67": -0.03385465292314934, "68": -0.03799855552034999, "69": -0.04191108410863167, "70": -0.04556841521859992, "71": -0.0489482792837073, "72": -0.052030096240116896, "73": -0.054795100839144635, "74": -0.05722645690925742, "75": -0.05930935987187662, "76": -0.06103112688677179, "77": -0.062381274078143104, "78": -0.06335158037116217, "79": -0.06393613755027097, "80": -0.0641313862344321, "81": -0.06393613755027497, "82": -0.06335158037117002, "83": -0.062381274078155136, "84": -0.06103112688678774, "85": -0.05930935987189617, "86": -0.057226456909280764, "87": -0.05479510083917196, "88": -0.05203009624014758, "89": -0.04894827928374096, "90": -0.045568415218635736, "91": -0.04191108410866971, "92": -0.03799855552038994, "93": -0.03385465292319108, "94": -0.029504608627705434, "95": -0.02497491014573051, "96": -0.020293138907207773, "97": -0.015487802316312565, "98": -0.010588160169266711, "99": -0.0056240464908195766, "100": -0.0006256878742398261, "101": 0.004376480569050448, "102": 0.009352000529513918, "103": 0.01427057596078964, "104": 0.019102257552959585, "105": 0.02381762509453207, "106": 0.028387966612731408, "107": 0.032785453201308025, "108": 0.0369833084713375, "109": 0.040955971593220425, "110": 0.04467925293711396, "111": 0.04813048136410088, "112": 0.05128864227123284, "113": 0.05413450554989487, "114": 0.056650742678341304, "115": 0.05882203223543351, "116": 0.060635153193096376, "117": 0.062079065419437834, "118": 0.06314497690234726, "119": 0.0638263972842418, "120": 0.06411917738199158, "121": 0.06402153445138388, "122": 0.06353406304228984, "123": 0.06265973137843864, "124": 0.06140386328383957, "125": 0.059774105765904424, "126": 0.057780382452659144, "127": 0.055434833167560815, "128": 0.05275174000985751, "129": 0.0497474403905821, "130": 0.04644022755371166, "131": 0.04285023918821719, "132": 0.038999334809249483, "133": 0.034910962655087766, "134": 0.030610016910322002, "135": 0.026122686124634573, "136": 0.0214762937501679, "137": 0.016699131768445175, "138": 0.011820288419896366, "139": 0.00686947108494626, "140": 0.0018768253951466501, "141": -0.003127248324212621, "142": -0.008112280162327554, "143": -0.01304791615481296, "144": -0.0179041031096326, "145": -0.022651271601622447, "146": -0.027260516021346798, "147": -0.03170377058196493, "148": -0.03595398021240241, "149": -0.03998526529625056, "150": -0.04377307925329961, "151": -0.04729435800418466, "152": -0.050527660408052746, "153": -0.05345329881812365, "154": -0.05605345896018884, "155": -0.05831230840410337, "156": -0.06021609296778688, "157": -0.06175322046673164, "158": -0.06291433129905928, "159": -0.06369235543633289, "160": -0.06408255547311113, "161": -0.06434312816250606, "162": -0.06447354641340002, "163": -0.06395134149310583, "164": -0.06408096562450943, "165": -0.06317015375162852, "166": -0.06329819447946156, "167": -0.06200432160676792, "168": -0.06212999928832834, "169": -0.06046094383513316, "170": -0.06058349321635776, "171": -0.05854941809664577, "172": -0.05866809297175794, "173": -0.056281383711991206, "174": -0.05639546146716447, "175": -0.05367065079054621, "176": -0.05377943680391423, "177": -0.05073311614033492, "178": -0.050835948011559585, "179": -0.047486666472023834, "180": -0.04758291805566487, "181": -0.04395106948636471, "182": -0.0440401547044917, "183": -0.04014785350824444, "184": -0.04022922991907825, "185": -0.036100176400260156, "186": -0.03617334850111274, "187": -0.03183268455400465, "188": -0.03189720679840518, "189": -0.027371362817663503, "190": -0.02742684232829952, "191": -0.022743376273727828, "192": -0.022789475234685372, "193": -0.01797690483022789, "194": -0.01801334254395736, "195": -0.013100971632680966, "196": -0.01312752622917236, "197": -0.008145266341539276, "198": -0.008161776129291974, "199": -0.0031399643512257693, "200": -0.0031463288017934883, "201": 0.001884456948490123, "202": 0.0018882765883822014, "203": 0.006897403749955634, "204": 0.006911384222439075, "205": 0.011868352113983925, "206": 0.0118924082916661, "207": 0.01676703383075939, "208": 0.016801019235065072, "209": 0.021563620723614826, "210": 0.021607328416697748, "211": 0.026228906273423825, "212": 0.026282070118215324, "213": 0.030734483457719303, "214": 0.030796779738443438, "215": 0.035052917721651755, "216": 0.03512396711493646, "217": 0.03915791402757403, "218": 0.03923728391215937, "219": 0.04302447696608655, "220": 0.04311168405706582, "221": 0.046629062953607685, "222": 0.04672357624515715, "223": 0.049949723589757716, "224": 0.05005096758844459, "225": 0.05296623930163104, "226": 0.0530735975306047, "227": 0.05566024246120541, "228": 0.055773061213936506, "229": 0.05801532922621393, "230": 0.05813292154692918, "231": 0.06001715942349264, "232": 0.06013880929006214, "233": 0.061653543866594676, "234": 0.061778510550405626, "235": 0.06291451857600762, "236": 0.063042041152277, "237": 0.06379240545003378, "238": 0.0639217074310951, "239": 0.0642818590169134, "240": 0.06441215308026718, "241": 0.06437989898351781, "242": 0.06451039176585414, "243": 0.06408592838241427, "244": 0.064215825310419, "245": 0.06340173720681584, "246": 0.06353024733534522, "247": 0.062331491511273644, "248": 0.062457832339434645, "249": 0.06088170804448234, "250": 0.06100511028029739, "251": 0.05906121456866071, "252": 0.05918092681330397, "253": 0.0568810961071197, "254": 0.05699638943019958, "255": 0.0543546274473205, "256": 0.0544647998253523, "257": 0.05149719231041237, "258": 0.05160157290145406, "259": 0.0483261896794307, "260": 0.04842414290785366, "261": 0.04486092785651976, "262": 0.044951857283042976, "263": 0.041122506894271854, "264": 0.04120585884769237, "265": 0.0371336901170612, "266": 0.03720895706556998, "267": 0.032918765514679454, "268": 0.0329854891562339, "269": 0.0285033978522523, "270": 0.028561171905186707, "271": 0.023914472396941288, "272": 0.02396294507382428, "273": 0.019179931212983073, "274": 0.019218807362658914, "275": 0.014328603021867233, "276": 0.014357645926637753, "277": 0.009390027663643408, "278": 0.00940906048064687, "279": 0.004394276228206825, "280": 0.004403183066217428, "281": -0.0006282320482016903,