{"0": 0.06440742449832061, "1": 0.07885752987461872, "2": 0.07880224761386775, "3": 0.07871683718746433, "4": 0.07860133125005435, "5": 0.07845577396258638, "6": 0.0782802209754277, "7": 0.07807473940708926, "8": 0.07783940781856329, "9": 0.07757431618328652, "10": 0.0772795658527421, "11": 0.07695526951771042, "12": 0.07660155116518494, "13": 0.07621854603096699, "14": 0.07580640054796281, "15": 0.07536527229019892, "16": 0.07489532991257423, "17": 0.0743967530863838, "18": 0.07386973243062178, "19": 0.07331446943910441, "20": 0.07273117640343345, "21": 0.07212007633183214, "22": 0.0714814028638819, "23": 0.07081540018119759, "24": 0.07012232291406897, "25": 0.06940243604411024, "26": 0.06865601480294826, "27": 0.06788334456699674, "28": 0.06708472074834806, "29": 0.06626044868182987, "30": 0.06541084350826801, "31": 0.06453623005399829, "32": 0.06363694270667948, "33": 0.06271332528744553, "34": 0.06176573091945568, "35": 0.0607945218928856, "36": 0.0598000695264132, "37": 0.058782754025254874, "38": 0.057742964335803795, "39": 0.05668109799692336, "40": 0.05559756098795994, "41": 0.05449276757352542, "42": 0.0533671401451124, "43": 0.052221109059603435, "44": 0.0510551124747346, "45": 0.04986959618157576, "46": 0.04866501343409277, "47": 0.04744182477585682, "48": 0.046200497863966974, "49": 0.04494150729025301, "50": 0.04366533439982449, "51": 0.042372467107041976, "52": 0.04106339970897377, "53": 0.03973863269641331, "54": 0.038398672562527915, "55": 0.03704403160921374, "56": 0.035675227751229305, "57": 0.03429278431818286, "58": 0.03289722985444971, "59": 0.03148909791709678, "60": 0.030068926871887988, "61": 0.02863725968745459, "62": 0.027194643727702847, "63": 0.0257416305425434, "64": 0.024278775657018387, "65": 0.02280663835891001, "66": 0.021325781484910364, "67": 0.019836771205434395, "68": 0.01834017680815679, "69": 0.016836570480360663, "70": 0.015326527090173611, "71": 0.013810623966780573, "72": 0.012289440679696492, "73": 0.010763558817180899, "74": 0.009233561763882604, "75": 0.007700034477794833, "76": 0.006163563266612271, "77": 0.004624735563568946, "78": 0.003084139702847752, "79": 0.0015423646946447558, "80": -2.5979218776228663e-14, "81": -0.0015423646946966865, "82": -0.0030841397028997172, "83": -0.004624735563620329, "84": -0.006163563266663043, "85": -0.007700034477844685, "86": -0.00923356176393167, "87": -0.010763558817229756, "88": -0.012289440679744901, "89": -0.013810623966828705, "90": -0.015326527090221267, "91": -0.01683657048040753, "92": -0.01834017680820251, "93": -0.01983677120547884, "94": -0.021325781484954346, "95": -0.022806638358953586, "96": -0.024278775657062046, "97": -0.025741630542587483, "98": -0.02719464372774746, "99": -0.028637259687499632, "100": -0.030068926871933688, "101": -0.031489097917143, "102": -0.03289722985449665, "103": -0.034292784318230234, "104": -0.035675227751277426, "105": -0.037044031609262854, "106": -0.03839867256257776, "107": -0.03973863269646374, "108": -0.04106339970902512, "109": -0.04237246710709418, "110": -0.04366533439987703, "111": -0.04494150729030603, "112": -0.046200497864020584, "113": -0.04744182477591035, "114": -0.04866501343414599, "115": -0.04986959618162908, "116": -0.051055112474787855, "117": -0.05222110905965656, "118": -0.05336714014516529, "119": -0.0544927675735781, "120": -0.055597560988012225, "121": -0.05668109799697516, "122": -0.05774296433585474, "123": -0.058782754025304654, "124": -0.05980006952646178, "125": -0.06079452189293321, "126": -0.06176573091950274, "127": -0.06271332528749143, "128": -0.0636369427067248, "129": -0.06453623005404346, "130": -0.06541084350831312, "131": -0.06626044868187554, "132": -0.06708472074839417, "133": -0.06788334456704344, "134": -0.06865601480299541, "135": -0.06940243604415741, "136": -0.07012232291411667, "137": -0.07081540018124498, "138": -0.07148140286392951, "139": -0.0721200763318799, "140": -0.07273117640348173, "141": -0.07331446943915314, "142": -0.07386973243067159, "143": -0.07439675308643466, "144": -0.07489532991262578, "145": -0.07536527229025067, "146": -0.07580640054801509, "147": -0.07621854603101903, "148": -0.0766015511652367, "149": -0.07695526951776199, "150": -0.0772795658527934, "151": -0.07757431618333781, "152": -0.07783940781861502, "153": -0.07807473940714149, "154": -0.0782802209754796, "155": -0.07845577396263767, "156": -0.07860133125010574, "157": -0.07871683718751547, "158": -0.07880224761391827, "159": -0.07885752987466867, "160": -0.06440742449836101, "161": 0.06441973812957008, "162": 0.04555453614768559, "163": 0.0643992132310115, "164": 0.04554002192796884, "165": 0.06435406682452847, "166": 0.045508096563697094, "167": 0.064284316170775, "168": 0.04545877226077401, "169": 0.06418998793725629, "170": 0.045392067877174716, "171": 0.06407111818812977, "172": 0.045308008915734, "173": 0.06392775237041513, "174": 0.045206627514395456, "175": 0.0637599452966267, "176": 0.045087962433929825, "177": 0.0635677611238078, "178": 0.04495205904310746, "179": 0.06335127332900803, "180": 0.044798969301359376, "181": 0.06311056468118682, "182": 0.04462875173890718, "183": 0.06284572720957252, "184": 0.04444147143438831, "185": 0.06255686216847554, "186": 0.04423719998997523, "187": 0.06224407999857645, "188": 0.044016015503997134, "189": 0.06190750028470051, "190": 0.04377800254108356, "191": 0.061547251710098005, "192": 0.04352325209983112, "193": 0.061163472007246256, "194": 0.04325186157801383, "195": 0.06075630790518856, "196": 0.04296393473534458, "197": 0.06032591507343856, "198": 0.04265958165380569, "199": 0.059872458062460894, "200": 0.04233891869556057, "201": 0.05939611024076197, "202": 0.042002068458467025, "203": 0.05889705372860506, "204": 0.04164915972920359, "205": 0.05837547932838047, "206": 0.04128032743403096, "207": 0.057831586451659825, "208": 0.04089571258720882, "209": 0.057265583042950846, "210": 0.04049546223707727, "211": 0.056677685500200276, "212": 0.04007972940984182, "213": 0.05606811859205334, "214": 0.0396486730510631, "215": 0.0554371153719251, "216": 0.03920245796489135, "217": 0.054784917088890994, "218": 0.038741254751053916, "219": 0.054111773095457824, "220": 0.03826523973963326, "221": 0.05341794075222604, "222": 0.037774594923651574, "223": 0.052703685329493655, "224": 0.037269507889486714, "225": 0.05196927990583885, "226": 0.03675017174515689, "227": 0.05121500526371284, "228": 0.03621678504648857, "229": 0.05044114978209035, "230": 0.035669551721203306, "231": 0.049648009326214854, "232": 0.03510868099095127, "233": 0.04883588713448046, "234": 0.034534387291320155, "235": 0.048005093702496254, "236": 0.033946890189849935, "237": 0.047155946664378244, "238": 0.033346414302089594, "239": 0.046288770671304116, "240": 0.032733189205715524, "241": 0.04540389726739589, "242": 0.03210744935276259, "243": 0.044501664762960316, "244": 0.0314694339799856, "245": 0.04358241810514212, "246": 0.03081938701739175, "247": 0.04264650874604354, "248": 0.03015755699498062, "249": 0.04169429450835424, "250": 0.029484196947724427, "251": 0.040726139448547666, "252": 0.02879956431882722, "253": 0.03974241371768989, "254": 0.028103920861295005, "255": 0.038743493419923225, "256": 0.027397532537863124, "257": 0.03772976046867195, "258": 0.02668066941931089, "259": 0.03670160244062614, "260": 0.025953605581206848, "261": 0.03565941242756068, "262": 0.02521661899912153, "263": 0.03460358888604619, "264": 0.024469991442350607, "265": 0.033534535485109186, "266": 0.023714008366187825, "267": 0.032452660951897805, "268": 0.02294895880278681, "269": 0.031358378915416006, "270": 0.022175135250657316, "271": 0.030252107748380334, "272": 0.021392833562834414, "273": 0.02913427040726733, "274": 0.02060235283376757, "275": 0.02800529427060522, "276": 0.019803995284967783, "277": 0.0268656109755753, "278": 0.01899806614946073, "279": 0.02571565625298658, "280": 0.0181848735550883, "281": 0.024555869760684117, "282": 0.017364728406703552, "283": 0.023386694915456984,