{"name": "eigen", "eigen": 2, "normalized": true, "process_time": 0.15881705284118652, "data": {"0": -0.06438270740898315, "1": -0.07875190082904832, "2": -0.07853098700926317, "3": -0.07818998705779964, "4": -0.07772942241678758, "5": -0.07714999736142056, "6": -0.07645259792301116, "7": -0.07563829053411066, "8": -0.07470832039776619, "9": -0.07366410958341153, "10": -0.07250725485230126, "11": -0.07123952521581378, "12": -0.06986285923035648, "13": -0.06837936203301177, "14": -0.06679130212245171, "15": -0.06510110789005198, "16": -0.06331136390650074, "17": -0.06142480696958752, "18": -0.059444321919212936, "19": -0.057372937226017356, "20": -0.05521382036037786, "21": -0.05297027294885075, "22": -0.05064572572547099, "23": -0.048243733285622245, "24": -0.04576796865050921, "25": -0.04322221765053143, "26": -0.040610373136160643, "27": -0.03793642902516366, "28": -0.03520447419527985, "29": -0.03241868623168778, "30": -0.02958332503882776, "31": -0.02670272632634145, "32": -0.02378129497909652, "33": -0.020823498321429185, "34": -0.01783385928591042, "35": -0.01481694949707342, "36": -0.011777382280689377, "37": -0.008719805609270562, "38": -0.005648894994595602, "39": -0.002569346338123578, "40": 0.0005141312497727937, "41": 0.003596822650772581, "42": 0.006674013948756774, "43": 0.00974099963812225, "44": 0.012793089819233223, "45": 0.015825617370010737, "46": 0.018833945082689176, "47": 0.021813472754831156, "48": 0.024759644223755265, "49": 0.02766795433361861, "50": 0.03053395582450325, "51": 0.033353266132971834, "52": 0.03612157409368852, "53": 0.03883464653186515, "54": 0.0414883347364454, "55": 0.0440785808041316, "56": 0.04660142384455147, "57": 0.049053006037078226, "58": 0.05142957853003928, "59": 0.05372750717329551, "60": 0.05594327807542434, "61": 0.05807350297700825, "62": 0.06011492443181109, "63": 0.062064420787923055, "64": 0.0639190109612516, "65": 0.06567585899406551, "66": 0.06733227839161623, "67": 0.0688857362302072, "68": 0.07033385703043002, "69": 0.07167442638964291, "70": 0.07290539436813737, "71": 0.07402487862381683, "72": 0.07503116729059, "73": 0.07592272159608254, "74": 0.07669817821466, "75": 0.07735635135216404, "76": 0.07789623455917821, "77": 0.0783170022700453, "78": 0.07861801106528675, "79": 0.07879880065549066, "80": 0.07885909458516618, "81": 0.07879880065548803, "82": 0.0786180110652817, "83": 0.07831700227003804, "84": 0.07789623455916883, "85": 0.07735635135215282, "86": 0.07669817821464708, "87": 0.07592272159606833, "88": 0.07503116729057448, "89": 0.07402487862379993, "90": 0.07290539436811949, "91": 0.07167442638962383, "92": 0.07033385703040987, "93": 0.0688857362301859, "94": 0.06733227839159422, "95": 0.0656758589940429, "96": 0.06391901096122826, "97": 0.0620644207878988, "98": 0.06011492443178623, "99": 0.058073502976982584, "100": 0.055943278075398686, "101": 0.05372750717327, "102": 0.0514295785300142, "103": 0.04905300603705408, "104": 0.0466014238445277, "105": 0.04407858080410794, "106": 0.04148833473642221, "107": 0.03883464653184239, "108": 0.03612157409366629, "109": 0.03335326613295046, "110": 0.030533955824482845, "111": 0.02766795433359881, "112": 0.02475964422373643, "113": 0.021813472754813587, "114": 0.018833945082672957, "115": 0.01582561736999656, "116": 0.012793089819220851, "117": 0.009740999638111411, "118": 0.006674013948747032, "119": 0.0035968226507638867, "120": 0.0005141312497653067, "121": -0.002569346338129705, "122": -0.005648894994599918, "123": -0.00871980560927274, "124": -0.011777382280689766, "125": -0.014816949497072116, "126": -0.01783385928590764, "127": -0.020823498321425535, "128": -0.023781294979091358, "129": -0.026702726326335594, "130": -0.029583325038820843, "131": -0.03241868623168024, "132": -0.035204474195271174, "133": -0.037936429025154435, "134": -0.04061037313615063, "135": -0.043222217650520846, "136": -0.045767968650498106, "137": -0.04824373328561055, "138": -0.05064572572545876, "139": -0.052970272948838534, "140": -0.055213820360365824, "141": -0.05737293722600579, "142": -0.05944432191920188, "143": -0.061424806969577236, "144": -0.06331136390649061, "145": -0.06510110789004209, "146": -0.06679130212244169, "147": -0.06837936203300127, "148": -0.06986285923034549, "149": -0.07123952521580218, "150": -0.07250725485228944, "151": -0.07366410958339967, "152": -0.0747083203977544, "153": -0.07563829053409922, "154": -0.07645259792299972, "155": -0.07714999736140862, "156": -0.07772942241677548, "157": -0.0781899870577876, "158": -0.07853098700925072, "159": -0.0787519008290356, "160": -0.06438270740897259, "161": -0.06443195392104062, "162": -0.04557188102856137, "163": -0.06434984152053605, "164": -0.04551380399815884, "165": -0.064169328172373, "166": -0.045386129260300834, "167": -0.06389068990962393, "168": -0.04518905204958063, "169": -0.06351435281366677, "170": -0.04492287372780281, "171": -0.06304089236263842, "172": -0.04458800132315021, "173": -0.0624710325514374, "174": -0.04418494690777671, "175": -0.061805644784626065, "176": -0.043714326814768986, "177": -0.06104574654391596, "178": -0.043176860695677076, "179": -0.060192499832276404, "180": -0.04257337042005236, "181": -0.059247209397054794, "182": -0.04190477881868418, "183": -0.05821132073481232, "184": -0.041172108272445315, "185": -0.05708641788093419, "186": -0.04037647914891396, "187": -0.05587422098739497, "188": -0.03951910808915597, "189": -0.054576583692372935, "190": -0.03860130614728961, "191": -0.05319549028575208, "192": -0.0376244767856816, "193": -0.051733052674832115, "194": -0.03659011372883225, "195": -0.05019150715489126, "196": -0.03549979867923834, "197": -0.04857321098954497, "198": -0.03435519889872382, "199": -0.04688063880611867, "200": -0.033158064658935116, "201": -0.04511637881155915, "202": -0.031910226564904345, "203": -0.04328312883466024, "204": -0.030613592755766285, "205": -0.041383692200664665, "206": -0.029270145986919013, "207": -0.03942097344453784, "208": -0.027881940598078074, "209": -0.03739797386948657, "210": -0.026451099371874648, "211": -0.03531778695749127, "212": -0.02497981028778451, "213": -0.033183593638896024, "214": -0.023470323176371436, "215": -0.030998657428264645, "216": -0.021924946278940902, "217": -0.02876631943396148, "218": -0.02034604271788197, "219": -0.026489993249072235, "220": -0.018736026883082, "221": -0.024173159731490285, "222": -0.017097360739950176, "223": -0.0218193616811406, "224": -0.015432550064687337, "225": -0.019432198422485652, "226": -0.013744140612562171, "227": -0.017015320300597086, "228": -0.01203471422505564, "229": -0.01457242309920951, "230": -0.01030688488182211, "231": -0.012107242389288127, "232": -0.008563294703506068, "233": -0.00962354781676051, "234": -0.006806609911528146, "235": -0.00712513733813884, "236": -0.005039516751016736, "237": -0.004615831412849922, "238": -0.00326471738311827, "239": -0.0020994671611610574, "240": -0.0014849257529742591, "241": 0.0004201075033789317, "242": 0.0002971365603262645, "243": 0.0029390397580006753, "244": 0.002078744505466382, "245": 0.005453477762278239, "246": 0.0038571737259281685, "247": 0.007959576548196179, "248": 0.005629704725960162, "249": 0.010453503899705023, "250": 0.007393627029109718, "251": 0.01293144621277763, "252": 0.009146243322965552, "253": 0.015389614327003937, "254": 0.010884873583767636, "255": 0.017824249319810127, "256": 0.012606859174583344, "257": 0.020231628254435953, "258": 0.014309566910777012, "259": 0.022608069872886688, "260": 0.01599039308656064, "261": 0.024949940225151814, "262": 0.01764676745646603, "263": 0.027253658226079454, "264": 0.01927615716565101, "265": 0.02951570113141647, "266": 0.020876070623030457, "267": 0.031732609924633025, "268": 0.022444061311306697, "269": 0.033900994606297245, "270": 0.023977731528076186, "271": 0.0360175393779163, "272": 0.025474736052291655, "273": 0.038079007712307614, "274": 0.02693278573047086, "275": 0.04008224730275416, "276": 0.02834965097716829,