{"name": "eigen", "eigen": 5, "normalized": true, "process_time": 0.15881705284118652, "data": {"0": 0.06420957793558897, "1": 0.07801412619830021, "2": 0.07664281048992827, "3": 0.07453950119035163, "4": 0.07172428640591377, "5": 0.06822405344890084, "6": 0.06407223204449963, "7": 0.059308475053042556, "8": 0.05397827975686455, "9": 0.0481325533287551, "10": 0.04182712663209144, "11": 0.0351222209962096, "12": 0.028081873059689774, "13": 0.020773323174711568, "14": 0.013266373213656896, "15": 0.005632719911364721, "16": -0.002054729889905127, "17": -0.009722555552896927, "18": -0.017297523864894308, "19": -0.024707288467217148, "20": -0.03188108081462834, "21": -0.0387503860654963, "22": -0.04524959744747635, "23": -0.05131664284905393, "24": -0.056893577652553116, "25": -0.0619271381466271, "26": -0.06636925023275239, "27": -0.07017748856721209, "28": -0.07331548175343643, "29": -0.07575325971481994, "30": -0.07746753993036545, "31": -0.07844194979939138, "32": -0.07866718301156275, "33": -0.07814108842880454, "34": -0.07686869063020632, "35": -0.07486214192370286, "36": -0.07214060628285104, "37": -0.06873007631719388, "38": -0.06466312502427066, "39": -0.059978594694220774, "40": -0.05472122593816614, "41": -0.04894123038341339, "42": -0.04269381111654298, "43": -0.03603863545449763, "44": -0.029039265079082388, "45": -0.021762548977495313, "46": -0.014277984986746123, "47": -0.006657056039664919, "48": 0.001027452548170174, "49": 0.008702148230193038, "50": 0.01629373218009783, "51": 0.023729699347992697, "52": 0.030939030935421635, "53": 0.03785287267562231, "54": 0.04440519244096159, "55": 0.05053341089692549, "56": 0.05617899917946812, "57": 0.061288037887473834, "58": 0.06581173205155727, "59": 0.06970687716087778, "60": 0.07293627179708173, "61": 0.07546907293442301, "62": 0.07728109051269305, "63": 0.07835501846957497, "64": 0.07868060002590349, "65": 0.07825472564523075, "66": 0.07708146273212277, "67": 0.07517201678553895, "68": 0.07254462437831216, "69": 0.06922437898485223, "70": 0.06524299132053712, "71": 0.06063848648172916, "72": 0.0554548407789414, "73": 0.049741561731656, "74": 0.04355321523614722, "75": 0.03694890442219256, "76": 0.02999170517596036, "77": 0.022748063720240484, "78": 0.01528716200554627, "79": 0.007680256973068967, "80": -1.6115581091824538e-14, "81": -0.007680256973101101, "82": -0.0152871620055775, "83": -0.022748063720270585, "84": -0.029991705175989907, "85": -0.03694890442222104, "86": -0.043553215236175294, "87": -0.04974156173168346, "88": -0.05545484077896828, "89": -0.060638486481755696, "90": -0.06524299132056244, "91": -0.06922437898487668, "92": -0.072544624378335, "93": -0.0751720167855597, "94": -0.0770814627321414, "95": -0.0782547256452472, "96": -0.07868060002591779, "97": -0.07835501846958767, "98": -0.0772810905127039, "99": -0.07546907293443234, "100": -0.07293627179708972, "101": -0.06970687716088436, "102": -0.06581173205156257, "103": -0.06128803788747781, "104": -0.056178999179470904, "105": -0.05053341089692749, "106": -0.04440519244096236, "107": -0.03785287267562158, "108": -0.030939030935419262, "109": -0.02372969934798861, "110": -0.016293732180091954, "111": -0.00870214823018535, "112": -0.001027452548160862, "113": 0.00665705603967566, "114": 0.014277984986758377, "115": 0.02176254897750919, "116": 0.02903926507909741, "117": 0.03603863545451356, "118": 0.04269381111655948, "119": 0.04894123038343052, "120": 0.0547212259381836, "121": 0.05997859469423828, "122": 0.0646631250242877, "123": 0.06873007631721, "124": 0.07214060628286584, "125": 0.07486214192371644, "126": 0.0768686906302187, "127": 0.07814108842881531, "128": 0.0786671830115719, "129": 0.07844194979939909, "130": 0.07746753993037211, "131": 0.07575325971482574, "132": 0.0733154817534417, "133": 0.07017748856721769, "134": 0.06636925023275732, "135": 0.06192713814663135, "136": 0.05689357765255637, "137": 0.051316642849056085, "138": 0.04524959744747672, "139": 0.0387503860654954, "140": 0.031881080814626275, "141": 0.02470728846721404, "142": 0.017297523864890724, "143": 0.009722555552893052, "144": 0.0020547298899008318, "145": -0.005632719911369155, "146": -0.01326637321366142, "147": -0.02077332317471596, "148": -0.028081873059694146, "149": -0.03512222099621412, "150": -0.04182712663209601, "151": -0.048132553328759806, "152": -0.05397827975686956, "153": -0.05930847505304791, "154": -0.06407223204450506, "155": -0.06822405344890642, "156": -0.07172428640591927, "157": -0.07453950119035666, "158": -0.07664281048993277, "159": -0.07801412619830426, "160": -0.06420957793559184, "161": 0.0645170151505643, "162": 0.04569295933633948, "163": 0.06400325635067056, "164": 0.045329099354636124, "165": 0.06287822073087077, "166": 0.04453231409252385, "167": 0.06115265318502165, "168": 0.04331021341845236, "169": 0.05884303411587344, "170": 0.041674469266886394, "171": 0.05597142203544893, "172": 0.039640704162992875, "173": 0.05256524289049991, "174": 0.03722834201636821, "175": 0.048657028125118254, "176": 0.03446042260882111, "177": 0.044284103982210304, "178": 0.031363381548001876, "179": 0.039488235011209474, "180": 0.027966797788462623, "181": 0.03431522518679466, "182": 0.02430311113151098, "183": 0.028814480448212484, "184": 0.020407312401934906, "185": 0.0230385368372615, "186": 0.01631660926062764, "187": 0.017042558741564767, "188": 0.012070070844848875, "189": 0.010883812035259836, "190": 0.007708254630052392, "191": 0.004621117148991917, "192": 0.0032728190770230092, "193": -0.0016857127072179706, "194": -0.0011938742361825572, "195": -0.007976442802858252, "196": -0.0056491651975695695, "197": -0.014190992171630328, "198": -0.010050502595747336, "199": -0.02027000742759991, "200": -0.014355850514397446, "201": -0.02615542963242966, "202": -0.018524089805302277, "203": -0.03179104879971656, "204": -0.02251541080558383, "205": -0.037123040740519024, "206": -0.02629169354842617, "207": -0.042100481122806635, "208": -0.029816871835985796, "209": -0.046675831835215134, "210": -0.033057277697349445, "211": -0.05080539500996555, "212": -0.03598196294170494, "213": -0.054449730368718745, "214": -0.038562994735672554, "215": -0.05757403190540883, "216": -0.0407757223818179, "217": -0.06014846030846568, "218": -0.04259901275042344, "219": -0.062148427947555346, "220": -0.0440154521159715, "221": -0.06355483370301444, "222": -0.045011512470664254, "223": -0.06435424539519186, "224": -0.045577680726564096, "225": -0.06453902807135278, "226": -0.04570854957237439, "227": -0.0641074169249381, "228": -0.04540286911712978, "229": -0.06306353415072527, "230": -0.04466355882754662, "231": -0.061417349574921266, "232": -0.043497679645027536, "233": -0.05918458543620393, "234": -0.04191636654863018, "235": -0.056386566227109136, "236": -0.039934722208062004, "237": -0.05305001502989393, "238": -0.03757167274239482, "239": -0.04920679829200995, "240": -0.03484978696210823, "241": -0.04489362147876885, "242": -0.03179506082082696, "243": -0.04015167850992446, "244": -0.02843666913539314, "245": -0.035026258328312014, "246": -0.02480668694552408, "247": -0.029566312358092234, "248": -0.020939783174268634, "249": -0.02382398698368149, "250": -0.01687288951502769, "251": -0.017854125514527617, "252": -0.012644847707497823, "253": -0.0117137443923284, "254": -0.00829603857131115, "255": -0.0054614886432803374, "256": -0.003867996340359312, "257": 0.0008429282238131972, "258": 0.0005969880188081138, "259": 0.007139294524210293, "260": 0.0050562707159281, "261": 0.013367475461831195, "262": 0.009467262415682689, "263": 0.019467987459519703, "264": 0.013787834996275712, "265": 0.025382566269700233, "266": 0.01797672390309288, "267": 0.031054723439560065, "268": 0.021993922254673268, "269": 0.03643028581612987, "270": 0.025801062937008536, "271": 0.04145791293859475, "272": 0.029361785036890985, "273": 0.04608958737636859, "274": 0.03264208111460732, "275": 0.05028107332985882, "276": 0.035610621999282804, "277": 0.05399233911395426,