{"name":"fiedler","normalized":true,"weight":"value","num_of_nodes":364,"num_of_edges":363,"process_time":0.024280786514282227,"data":{"0":-1.6228129950945913e-11,"1":-0.042504695850941944,"2":0.07228192497502457,"3":-0.029777229155078997,"4":-0.056510342506919255,"5":-0.056510334219074976,"6":-0.05651033989522,"7":0.09609939620626942,"8":0.09609940774253461,"9":0.0960994177542183,"10":-0.039589071522532646,"11":-0.0395890638749334,"12":-0.03958906971108603,"13":-0.06096272805854801,"14":-0.06096272804992642,"15":-0.060962728071497246,"16":-0.060962717085617,"17":-0.06096271711229855,"18":-0.06096271712148089,"19":-0.06096272459979628,"20":-0.06096272459812077,"21":-0.06096272459722826,"22":0.10367095405671842,"23":0.10367095404954454,"24":0.10367095406552579,"25":0.10367096933101246,"26":0.1036709692753972,"27":0.1036709693060514,"28":0.10367098254646749,"29":0.10367098252328254,"30":0.10367098251927097,"31":-0.04270824954346225,"32":-0.04270824954660288,"33":-0.04270824953766691,"34":-0.0427082394455808,"35":-0.04270823942499251,"36":-0.04270823944351995,"37":-0.04270824716174587,"38":-0.04270824715113179,"39":-0.04270824713354575,"40":-0.06221366197396861,"41":-0.062213661971268444,"42":-0.062213661972413986,"43":-0.062213661963968686,"44":-0.06221366196256134,"45":-0.06221366195909099,"46":-0.062213661988496774,"47":-0.06221366198994084,"48":-0.06221366198680472,"49":-0.06221365023682924,"50":-0.0622136502371408,"51":-0.06221365023633972,"52":-0.06221365027058625,"53":-0.06221365026731818,"54":-0.06221365026878983,"55":-0.06221365027901485,"56":-0.06221365028698388,"57":-0.062213650281923265,"58":-0.062213658267208996,"59":-0.06221365827170889,"60":-0.06221365825950859,"61":-0.06221365826447406,"62":-0.06221365825892495,"63":-0.062213658264040725,"64":-0.062213658265343356,"65":-0.062213658266396694,"66":-0.06221365825766029,"67":0.10579824476522084,"68":0.10579824476363746,"69":0.10579824476462628,"70":0.10579824475489596,"71":0.10579824475518951,"72":0.10579824475565469,"73":0.10579824477222297,"74":0.10579824477344811,"75":0.10579824477105115,"76":0.10579826110100432,"77":0.10579826110311275,"78":0.10579826110468553,"79":0.10579826102805513,"80":0.10579826103312061,"81":0.10579826103702988,"82":0.10579826106923237,"83":0.1057982610740581,"84":0.10579826106949416,"85":0.10579827521733708,"86":0.10579827522165389,"87":0.10579827521953428,"88":0.1057982751914728,"89":0.10579827519326218,"90":0.10579827518743724,"91":0.10579827518754947,"92":0.10579827518325093,"93":0.10579827518894003,"94":-0.04358460795959497,"95":-0.043584607952613715,"96":-0.04358460795929854,"97":-0.04358460796393096,"98":-0.04358460796285547,"99":-0.04358460796312558,"100":-0.04358460795217735,"101":-0.04358460794947331,"102":-0.04358460795045084,"103":-0.04358459717331117,"104":-0.04358459717301707,"105":-0.043584597174728686,"106":-0.04358459714667363,"107":-0.04358459714975812,"108":-0.043584597144682484,"109":-0.043584597168785835,"110":-0.04358459716690971,"111":-0.04358459717329293,"112":-0.04358460541779137,"113":-0.043584605419428296,"114":-0.04358460541783065,"115":-0.04358460540324968,"116":-0.04358460540523678,"117":-0.043584605404607665,"118":-0.043584605380423566,"119":-0.04358460538618619,"120":-0.04358460538179598,"121":-0.031196330133011152,"122":-0.03119633013269662,"123":-0.03119633013195713,"124":-0.031196330131885736,"125":-0.03119633013015623,"126":-0.03119633013161215,"127":-0.03119633013211549,"128":-0.03119633013106217,"129":-0.031196330131047046,"130":-0.03119633012788301,"131":-0.03119633012745189,"132":-0.031196330127897697,"133":-0.03119633012659112,"134":-0.031196330126488026,"135":-0.031196330127092785,"136":-0.031196330124661286,"137":-0.031196330124817657,"138":-0.031196330125433925,"139":-0.031196330139779405,"140":-0.03119633014082793,"141":-0.031196330140375567,"142":-0.03119633014166714,"143":-0.03119633014067721,"144":-0.03119633014077391,"145":-0.0311963301402119,"146":-0.031196330139244163,"147":-0.031196330138724204,"148":-0.03119632420807364,"149":-0.03119632420832078,"150":-0.031196324208971272,"151":-0.031196324209865973,"152":-0.03119632420907012,"153":-0.031196324207817507,"154":-0.031196324208375786,"155":-0.03119632420879433,"156":-0.031196324208216168,"157":-0.03119632422824525,"158":-0.031196324225868814,"159":-0.031196324226036107,"160":-0.031196324224824303,"161":-0.031196324225362643,"162":-0.031196324224498726,"163":-0.03119632422641026,"164":-0.031196324225364717,"165":-0.03119632422635711,"166":-0.03119632423196074,"167":-0.031196324230899183,"168":-0.031196324230756245,"169":-0.031196324235495714,"170":-0.031196324234195452,"171":-0.031196324235176428,"172":-0.03119632423281934,"173":-0.031196324231474736,"174":-0.031196324232256597,"175":-0.03119632826156239,"176":-0.03119632826082118,"177":-0.031196328262323318,"178":-0.031196328262658647,"179":-0.031196328263439887,"180":-0.03119632826316498,"181":-0.0311963282563341,"182":-0.031196328255462674,"183":-0.03119632825798393,"184":-0.031196328260831234,"185":-0.031196328260289816,"186":-0.031196328259630302,"187":-0.031196328256789915,"188":-0.031196328256391206,"189":-0.031196328256618455,"190":-0.031196328260340217,"191":-0.031196328258668218,"192":-0.03119632826028471,"193":-0.031196328257988296,"194":-0.031196328260507264,"195":-0.03119632826015063,"196":-0.031196328261207343,"197":-0.031196328258591113,"198":-0.031196328261548712,"199":-0.031196328256735278,"200":-0.031196328254653037,"201":-0.03119632825565588,"202":0.05305132122732451,"203":0.053051321227116505,"204":0.053051321228118335,"205":0.05305132122689544,"206":0.05305132122703477,"207":0.053051321225706174,"208":0.05305132122733978,"209":0.05305132122634464,"210":0.05305132122635713,"211":0.05305132122319376,"212":0.053051321223473974,"213":0.053051321223677436,"214":0.053051321222137855,"215":0.05305132122358966,"216":0.05305132122274502,"217":0.053051321223577884,"218":0.05305132122419676,"219":0.05305132122395486,"220":0.053051321232471804,"221":0.05305132123276355,"222":0.05305132123420779,"223":0.053051321233858785,"224":0.05305132123315287,"225":0.053051321232344524,"226":0.05305132123216165,"227":0.053051321231944136,"228":0.05305132123110334,"229":0.05305132947212234,"230":0.05305132947143381,"231":0.053051329473282706,"232":0.05305132947377153,"233":0.053051329473605364,"234":0.053051329473442765,"235":0.053051329475310355,"236":0.053051329474862574,"237":0.05305132947560997,"238":0.053051329435851294,"239":0.053051329435321745,"240":0.053051329434988526,"241":0.05305132943920647,"242":0.05305132943874144,"243":0.05305132943785642,"244":0.05305132944102661,"245":0.053051329441755606,"246":0.053051329439445044,"247":0.053051329454918764,"248":0.05305132945674692,"249":0.05305132945715988,"250":0.053051329459884174,"251":0.05305132945881048,"252":0.05305132945919723,"253":0.0530513294582337,"254":0.053051329457450724,"255":0.05305132945843104,"256":0.053051336595055516,"257":0.05305133659524523,"258":0.05305133659746303,"259":0.05305133659813686,"260":0.05305133659772194,"261":0.053051336597523265,"262":0.05305133659739352,"263":0.05305133659742746,"264":0.05305133659648927,"265":0.053051336581813796,"266":0.05305133658162778,"267":0.053051336582103044,"268":0.053051336585035025,"269":0.05305133658255915,"270":0.05305133658318189,"271":0.053051336580014555,"272":0.05305133658146164,"273":0.05305133657910354,"274":0.05305133657982834,"275":0.053051336579470275,"276":0.053051336578818595,"277":0.05305133657803249,"278":0.053051336578139575,"279":0.05305133657720161,"280":0.05305133658204129,"281":0.05305133658262001,"282":0.05305133658067063,"283":-0.021855003796526606,"284":-0.02185500379670752,"285":-0.021855003797825966,"286":-0.021855003794252856,"287":-0.021855003792835753,"288":-0.02185500379309628,"289":-0.02185500379738192,"290":-0.021855003798505544,"291":-0.021855003796749033,"292":-0.021855003801054804,"293":-0.02185500380154063,"294":-0.021855003800060637,"295":-0.0218550037994513,