{"name": "eigen", "eigen": 1, "normalized": false, "process_time": 0.003635883331298828, "data": {"0": -0.20153053924114045, "1": -0.1992452982863031, "2": -0.1947007297009379, "3": -0.1741265174385711, "4": -0.14958066866665198, "5": -0.12162304750337943, "6": -0.09228629060091051, "7": -0.06190305998956676, "8": -0.030107887896108736, "9": 0.0020286904117272977, "10": 0.03414226453155768, "11": 0.06507175999849517, "12": 0.09526337895544139, "13": 0.12437476572571789, "14": 0.1520758138472969, "15": 0.17630817802928747, "16": 0.19449698039738847, "17": -0.20161165412735213, "18": -0.20392403596495146, "19": -0.2039240359649514, "20": -0.20161165412735277, "21": -0.20392403596495223, "22": -0.20392403596495193, "23": -0.1761236589139098, "24": -0.15129628189832695, "25": -0.06261305620596302, "26": 0.03493918944838584, "27": 0.03533992395676815, "28": 0.15382004510912908, "29": 0.17833034202798992, "30": 0.17833034202798992, "31": 0.19903679320867104, "32": 0.2013196427176537, "33": 0.19903679320867104, "34": 0.2013196427176537, "35": 0.2014006727192243, "36": 0.20371063470873343, "37": 0.20371063470873343}}