{"name": "eigen", "eigen": 5, "normalized": true, "process_time": 0.03549075126647949, "data": {"0": 0.0, "1": 0.0, "2": 0.0, "3": 2.189013233441264e-16, "4": -2.587101747842568e-16, "5": 1.6181452966421863e-16, "6": 5.838000557530343e-17, "7": -2.386992393661619e-16, "8": 9.234264209820169e-17, "9": -6.06095234157253e-17, "10": 3.03650685449653e-17, "11": -4.49590813910774e-16, "12": -3.990512090026348e-16, "13": -3.842241594542749e-16, "14": -2.1087319035216216e-16, "15": 6.443890770135297e-16, "16": 7.759574686480695e-16, "17": -0.4999999999999998, "18": -0.3535533905932735, "19": -0.3535533905932735, "20": 0.4999999999999995, "21": 0.35355339059327395, "22": 0.3535533905932733, "23": -1.4929292018439197e-16, "24": 2.0263332944225788e-16, "25": 2.3674577537217454e-16, "26": 5.830060478053399e-16, "27": 1.6827681687073406e-16, "28": -1.0678467167721618e-17, "29": 5.734818862210744e-16, "30": 3.9307064471948646e-16, "31": 6.379828172516478e-16, "32": 2.151677461051229e-16, "33": -4.163336342344337e-17, "34": -4.926614671774132e-16, "35": 1.3530843112619095e-15, "36": 7.077671781985373e-16, "37": 6.522560269672795e-16}}