{"name": "fiedler", "normalized": true, "process_time": 0.010683298110961914, "data": {"0": -0.145190634212093, "1": -0.20410673340000482, "2": -0.2834788686229748, "3": -0.22004885263841747, "4": -0.18934371648797763, "5": -0.12583652438089324, "6": -0.09557450700834941, "7": -0.07859578078629989, "8": -0.031239610355778262, "9": 0.002066358902671008, "10": 0.043291907776465445, "11": 0.06735211370482487, "12": 0.09855365506418627, "13": 0.12858037837898081, "14": 0.19237600197108606, "15": 0.2571292937104165, "16": 0.2829081417500107, "17": -0.2530595362040858, "18": -0.14698003565028134, "19": -0.14698003565028755, "20": -0.25305953620190735, "21": -0.1469800356592263, "22": -0.1469800356592051, "23": -0.12780703172438346, "24": -0.10997311761129511, "25": -0.04564937846023518, "26": 0.03599256171109525, "27": 0.02560318745366968, "28": 0.11173430573135346, "29": 0.1293355243425006, "30": 0.1293355243425003, "31": 0.20369580405480303, "32": 0.14489832051520046, "33": 0.20369580403953108, "34": 0.14489832050601492, "35": 0.2525500478789417, "36": 0.14668411813628662, "37": 0.14668411813636043}}