{"name": "fiedler", "normalized": true, "process_time": 0.06563782691955566, "data": {"0": -0.06354300844305905, "1": -0.06280763351905329, "2": -0.06331268900296633, "3": -0.06331268900297086, "4": -0.06331268900296043, "5": -0.06331268900296093, "6": -0.06331268900296799, "7": -0.06331268900296304, "8": -0.06331268900296927, "9": -0.06331268900297178, "10": -0.06331268900296345, "11": -0.06331268900296924, "12": -0.0633126890029738, "13": -0.06331268900296219, "14": -0.06331268900296633, "15": -0.06331268900296178, "16": -0.06331268900296633, "17": -0.06331268900297211, "18": -0.06331268900296924, "19": -0.06331268900297209, "20": -0.06331268900296093, "21": -0.06331268900296921, "22": -0.06331268900296462, "23": -0.0633126890029646, "24": -0.06331268900295918, "25": -0.06331268900296921, "26": -0.06331268900297128, "27": -0.06331268900296842, "28": -0.0633126890029663, "29": -0.06331268900296921, "30": -0.0633126890029738, "31": -0.06331268900296191, "32": -0.06331268900296838, "33": -0.06331268900296678, "34": -0.06331268900296304, "35": -0.06331268900296537, "36": -0.06331268900297178, "37": -0.06331268900296802, "38": -0.0633126890029675, "39": -0.06331268900297696, "40": -0.06331268900297511, "41": -0.06331268900296345, "42": -0.06331268900296715, "43": -0.06331268900297476, "44": -0.06331268900296898, "45": -0.06331268900296441, "46": -0.06331268900295885, "47": -0.06331268900298893, "48": -0.0633126890029676, "49": -0.06331268900297168, "50": -0.06331268900296085, "51": -0.06331268900296662, "52": -0.06331268900296826, "53": -0.06331268900296537, "54": -0.06331268900296745, "55": -0.06331268900297374, "56": -0.06331268900296119, "57": -0.06331268900296537, "58": -0.06331268900295897, "59": -0.0633126890029671, "60": -0.06331268900296878, "61": -0.06331268900296327, "62": -0.06331268900296781, "63": -0.0633126890029641, "64": -0.06331268900297363, "65": -0.06331268900296577, "66": -0.06331268900297246, "67": -0.06331268900296534, "68": -0.06331268900296359, "69": -0.06331268900297873, "70": -0.0633126890029639, "71": -0.06331268900296133, "72": -0.06331268900296921, "73": -0.06331268900296085, "74": -0.06331268900297082, "75": -0.06331268900295868, "76": -0.06331268900295836, "77": -0.06331268900296518, "78": -0.06331268900296472, "79": -0.06331268900296051, "80": 0.0095512085782373, "81": 0.01118431015161679, "82": 0.01039030457419244, "83": 0.010390304574191288, "84": 0.010390304574185787, "85": 0.010390304574178196, "86": 0.010390304574195859, "87": 0.01039030457419373, "88": 0.010390304574196952, "89": 0.010390304574192998, "90": 0.010390304574186719, "91": 0.010390304574188793, "92": 0.01039030457418488, "93": 0.010390304574182338, "94": 0.010390304574187383, "95": 0.010390304574187065, "96": 0.010390304574180168, "97": 0.010390304574190653, "98": 0.010390304574182444, "99": 0.010390304574187183, "100": 0.010390304574200888, "101": 0.010390304574180621, "102": 0.010390304574189761, "103": 0.0103903045741996, "104": 0.010390304574190316, "105": 0.010390304574199354, "106": 0.010390304574195144, "107": 0.010390304574184496, "108": 0.010390304574189012, "109": 0.010390304574189681, "110": 0.010390304574201733, "111": 0.010390304574186188, "112": 0.010390304574176728, "113": 0.01039030457418669, "114": 0.010390304574191052, "115": 0.01039030457418494, "116": 0.010390304574186573, "117": 0.01039030457419368, "118": 0.01039030457418694, "119": 0.010390304574194948, "120": 0.010390304574185463, "121": 0.010390304574188299, "122": 0.010390304574181976, "123": 0.01039030457418083, "124": 0.010390304574184578, "125": 0.010390304574192892, "126": 0.01039030457419726, "127": 0.010390304574190448, "128": 0.010390304574192448, "129": 0.010390304574187569, "130": 0.01039030457419076, "131": 0.010390304574188651, "132": 0.01039030457418589, "133": 0.010390304574180954, "134": 0.010390304574184493, "135": 0.010390304574185117, "136": 0.010390304574185539, "137": 0.010390304574194154, "138": 0.01039030457418026, "139": 0.010390304574176522, "140": 0.010390304574188667, "141": 0.010390304574188417, "142": 0.010390304574188752, "143": 0.010390304574186295, "144": 0.010390304574181015, "145": 0.01039030457418687, "146": 0.010390304574193187, "147": 0.010390304574191477, "148": 0.010390304574186314, "149": 0.010390304574180807, "150": 0.010390304574196887, "151": 0.010390304574191435, "152": 0.01039030457418196, "153": 0.010390304574196943, "154": 0.010390304574188377, "155": 0.010390304574189227, "156": 0.010390304574190937, "157": 0.010390304574189936, "158": 0.010390304574194176, "159": 0.010390304574185716, "160": 0.06944572540731393, "161": 0.0697196689651765, "162": 0.06973399484946415, "163": 0.06973399484946494, "164": 0.06973399484946366, "165": 0.06973399484946165, "166": 0.06973399484946366, "167": 0.06973399484946494, "168": 0.0697339948494658, "169": 0.06973399484946537, "170": 0.0697339948494631, "171": 0.06973399484947777, "172": 0.0697339948494724, "173": 0.069733994849478, "174": 0.0697339948494666, "175": 0.06973399484946337, "176": 0.06973399484946223, "177": 0.06973399484946223, "178": 0.0697339948494634, "179": 0.06973399484945848, "180": 0.06973399484946372, "181": 0.06973399484947035, "182": 0.06973399484946724, "183": 0.06973399484946342, "184": 0.06973399484945246, "185": 0.0697339948494661, "186": 0.06973399484945789, "187": 0.06973399484946725, "188": 0.0697339948494592, "189": 0.0697339948494699, "190": 0.0697339948494603, "191": 0.06973399484947342, "192": 0.06973399484945551, "193": 0.06973399484946054, "194": 0.06973399484947125, "195": 0.06973399484946706, "196": 0.06973399484946675, "197": 0.06973399484946428, "198": 0.06973399484946051, "199": 0.06973399484946471, "200": 0.06973399484946262, "201": 0.06973399484946967, "202": 0.06973399484946186, "203": 0.06973399484946138, "204": 0.06973399484946315, "205": 0.06973399484946316, "206": 0.0697339948494651, "207": 0.06973399484945551, "208": 0.06973399484946229, "209": 0.06973399484947342, "210": 0.06973399484947387, "211": 0.06973399484946745, "212": 0.06973399484947392, "213": 0.06973399484945465, "214": 0.0697339948494699, "215": 0.06973399484946412, "216": 0.06973399484947122, "217": 0.06973399484947033, "218": 0.06973399484946334, "219": 0.06973399484946412, "220": 0.06973399484944968, "221": 0.0697339948494675, "222": 0.06973399484946675, "223": 0.069733994849453, "224": 0.06973399484946734, "225": 0.06973399484947165, "226": 0.06973399484946348, "227": 0.06973399484946322, "228": 0.0697339948494573, "229": 0.06973399484945544, "230": 0.06973399484946424, "231": 0.06973399484946258, "232": 0.06973399484946002, "233": 0.06973399484945701, "234": 0.06973399484946453, "235": 0.06973399484946032, "236": 0.06973399484946993, "237": 0.06973399484946209, "238": 0.06973399484946001, "239": 0.06973399484946996, "240": 0.03336906354200921, "241": 0.031905265549788224, "242": 0.03270813373641313, "243": 0.03270813373640754, "244": 0.032708133736412084, "245": 0.032708133736416824, "246": 0.032708133736408476, "247": 0.03270813373641756, "248": 0.03270813373640529, "249": 0.03270813373641771, "250": 0.0327081337364093, "251": 0.03270813373641639, "252": 0.03270813373641638, "253": 0.03270813373640494, "254": 0.03270813373642117, "255": 0.03270813373641027, "256": 0.03270813373640163, "257": 0.03270813373640755, "258": 0.03270813373641045, "259": 0.03270813373640579, "260": 0.0327081337364021, "261": 0.03270813373641107, "262": 0.03270813373641781, "263": 0.032708133736404556, "264": 0.03270813373641063, "265": 0.03270813373641637, "266": 0.032708133736412064, "267": 0.032708133736411606, "268": 0.03270813373640753, "269": 0.03270813373640262, "270": 0.032708133736411904, "271": 0.03270813373641191, "272": 0.03270813373641502, "273": 0.032708133736425074, "274": 0.03270813373641005, "275": 0.03270813373641376, "276": 0.03270813373642073, "277": 0.032708133736405326, "278": 0.032708133736416574, "279": 0.032708133736409004, "280": 0.0327081337364172, "281": 0.032708133736416366,