{"name":"fiedler","normalized":true,"weight":"value","num_of_nodes":400,"num_of_edges":15805,"process_time":0.14405369758605957,"data":{"0":-0.059986607701714156,"1":-0.05910072975918179,"2":-0.05967314062974886,"3":-0.05967314062974675,"4":-0.0596731406297354,"5":-0.05967314062974029,"6":-0.0596731406297446,"7":-0.05967314062973952,"8":-0.059673140629749315,"9":-0.05967314062974408,"10":-0.05967314062974636,"11":-0.059673140629740676,"12":-0.05967314062974347,"13":-0.0596731406297446,"14":-0.0596731406297393,"15":-0.059673140629745755,"16":-0.059673140629744374,"17":-0.05967314062974949,"18":-0.059673140629744846,"19":-0.059673140629746435,"20":-0.059673140629748725,"21":-0.05967314062974797,"22":-0.059673140629734424,"23":-0.05967314062974797,"24":-0.059673140629737095,"25":-0.05967314062973321,"26":-0.059673140629753124,"27":-0.05967314062974347,"28":-0.059673140629740745,"29":-0.0596731406297459,"30":-0.05967314062974956,"31":-0.05967314062975426,"32":-0.05967314062973534,"33":-0.05967314062973738,"34":-0.059673140629744166,"35":-0.05967314062974976,"36":-0.059673140629734875,"37":-0.059673140629743604,"38":-0.05967314062974396,"39":-0.05967314062973705,"40":-0.0596731406297405,"41":-0.05967314062974718,"42":-0.05967314062974134,"43":-0.05967314062973974,"44":-0.05967314062974018,"45":-0.05967314062974809,"46":-0.05967314062974665,"47":-0.05967314062974298,"48":-0.05967314062974962,"49":-0.059673140629739024,"50":-0.05967314062974099,"51":-0.05967314062974214,"52":-0.05967314062974278,"53":-0.0596731406297486,"54":-0.059673140629748725,"55":-0.0596731406297572,"56":-0.059673140629737456,"57":-0.05967314062974691,"58":-0.059673140629746206,"59":-0.05967314062973004,"60":-0.05967314062975439,"61":-0.059673140629743396,"62":-0.059673140629748836,"63":-0.05967314062974208,"64":-0.05967314062973655,"65":-0.05967314062973703,"66":-0.0596731406297539,"67":-0.059673140629748156,"68":-0.05967314062974615,"69":-0.05967314062975114,"70":-0.05967314062974364,"71":-0.0596731406297503,"72":-0.05967314062974472,"73":-0.05967314062973753,"74":-0.059673140629745935,"75":-0.05967314062974185,"76":-0.05967314062974378,"77":-0.059673140629746435,"78":-0.059673140629742966,"79":-0.05967314062974423,"80":0.016807990347488436,"81":0.018406784403080273,"82":0.017645674156991503,"83":0.017645674156985498,"84":0.017645674157004156,"85":0.017645674157000548,"86":0.017645674156988315,"87":0.017645674156996256,"88":0.017645674156985997,"89":0.017645674156988842,"90":0.017645674156998005,"91":0.017645674156981435,"92":0.017645674156995805,"93":0.01764567415699223,"94":0.017645674157003324,"95":0.017645674156988388,"96":0.01764567415699702,"97":0.017645674156991944,"98":0.017645674156992534,"99":0.01764567415699546,"100":0.017645674156992988,"101":0.017645674156992346,"102":0.017645674156996447,"103":0.017645674156993963,"104":0.017645674156993047,"105":0.01764567415698816,"106":0.01764567415699204,"107":0.01764567415700447,"108":0.017645674156994,"109":0.0176456741569829,"110":0.0176456741569837,"111":0.017645674156997245,"112":0.017645674156986927,"113":0.01764567415699151,"114":0.017645674156994515,"115":0.017645674156989553,"116":0.017645674157000173,"117":0.017645674156987937,"118":0.017645674156987236,"119":0.01764567415700727,"120":0.01764567415699155,"121":0.017645674156993356,"122":0.017645674156995597,"123":0.01764567415700048,"124":0.01764567415699083,"125":0.017645674157002477,"126":0.01764567415699263,"127":0.017645674156988513,"128":0.017645674156995746,"129":0.017645674156995937,"130":0.01764567415699668,"131":0.01764567415699955,"132":0.017645674156996524,"133":0.01764567415699588,"134":0.01764567415699649,"135":0.017645674156992384,"136":0.01764567415699538,"137":0.017645674156994334,"138":0.017645674156990053,"139":0.017645674156998838,"140":0.01764567415699172,"141":0.01764567415699492,"142":0.01764567415699154,"143":0.017645674156998126,"144":0.017645674156997544,"145":0.01764567415698827,"146":0.017645674156994938,"147":0.017645674156998442,"148":0.017645674156996548,"149":0.01764567415699487,"150":0.017645674156990487,"151":0.017645674156989616,"152":0.017645674156995035,"153":0.017645674157003608,"154":0.01764567415699597,"155":0.017645674156993047,"156":0.017645674156997054,"157":0.0176456741569856,"158":0.01764567415700183,"159":0.017645674157000676,"160":0.07037430573619932,"161":0.07047654007787126,"162":0.07057855395160471,"163":0.07057855395160212,"164":0.07057855395161032,"165":0.07057855395160272,"166":0.07057855395159601,"167":0.07057855395160315,"168":0.07057855395160455,"169":0.07057855395159983,"170":0.07057855395160866,"171":0.07057855395160212,"172":0.0705785539515952,"173":0.07057855395160438,"174":0.07057855395159938,"175":0.07057855395160796,"176":0.0705785539516133,"177":0.07057855395160295,"178":0.07057855395160835,"179":0.07057855395160326,"180":0.07057855395160516,"181":0.07057855395159907,"182":0.07057855395160507,"183":0.07057855395158805,"184":0.07057855395160492,"185":0.07057855395160835,"186":0.0705785539516126,"187":0.07057855395159938,"188":0.07057855395160219,"189":0.07057855395160043,"190":0.07057855395160272,"191":0.07057855395161405,"192":0.0705785539516031,"193":0.07057855395161436,"194":0.07057855395159734,"195":0.07057855395159975,"196":0.07057855395160166,"197":0.07057855395161954,"198":0.07057855395159945,"199":0.07057855395159301,"200":0.07057855395160752,"201":0.07057855395160008,"202":0.07057855395160106,"203":0.07057855395159945,"204":0.07057855395160623,"205":0.07057855395160668,"206":0.07057855395160738,"207":0.0705785539515984,"208":0.07057855395161057,"209":0.07057855395160378,"210":0.07057855395160395,"211":0.07057855395160054,"212":0.07057855395160241,"213":0.07057855395160395,"214":0.07057855395160288,"215":0.07057855395161212,"216":0.0705785539516066,"217":0.07057855395159959,"218":0.07057855395160315,"219":0.07057855395160176,"220":0.07057855395159374,"221":0.0705785539515959,"222":0.07057855395160541,"223":0.07057855395160682,"224":0.0705785539516024,"225":0.07057855395159685,"226":0.07057855395160713,"227":0.07057855395160563,"228":0.07057855395160043,"229":0.07057855395160723,"230":0.07057855395160281,"231":0.0705785539516158,"232":0.07057855395160754,"233":0.07057855395160612,"234":0.07057855395160502,"235":0.07057855395159984,"236":0.07057855395159676,"237":0.07057855395160215,"238":0.07057855395161097,"239":0.0705785539516073,"240":0.02668602146982863,"241":0.025150410917310684,"242":0.025974574424496164,"243":0.025974574424490242,"244":0.025974574424494194,"245":0.025974574424499203,"246":0.025974574424483473,"247":0.02597457442449374,"248":0.02597457442450613,"249":0.025974574424509088,"250":0.0259745744245008,"251":0.025974574424493583,"252":0.02597457442449609,"253":0.02597457442449374,"254":0.025974574424488417,"255":0.025974574424495064,"256":0.025974574424490995,"257":0.025974574424492327,"258":0.025974574424507416,"259":0.025974574424499134,"260":0.025974574424496362,"261":0.02597457442449491,"262":0.02597457442449742,"263":0.025974574424497493,"264":0.025974574424491224,"265":0.025974574424497607,"266":0.025974574424496317,"267":0.02597457442449951,"268":0.02597457442450145,"269":0.025974574424484496,"270":0.025974574424488753,"271":0.02597457442449605,"272":0.025974574424505948,"273":0.025974574424489912,"274":0.02597457442450357,"275":0.025974574424501254,"276":0.025974574424496712,"277":0.02597457442450061,"278":0.025974574424501254,"279":0.025974574424494988,"280":0.025974574424490898,"281":0.025974574424494794,"282":0.0259745744244814,"283":0.025974574424503176,"284":0.02597457442450211,"285":0.025974574424494343,"286":0.025974574424489947,"287":0.02597457442449964,"288":0.02597457442449784,"289":0.025974574424505174,"290":0.02597457442449763,"291":0.02597457442450955,"292":0.02597457442449921,"293":0.02597457442449587,"294":0.025974574424505865,"295":0.025974574424500903,"296":0.025974574424496646,"297":0.025974574424494724,"298":0.025974574424502975,"299":0.02597457442449716,