{"name": "eigen", "eigen": 1, "normalized": true, "process_time": 0.024079084396362305, "data": {"0": -0.0996557217626113, "1": -0.09965572176261173, "2": -0.099655721762611, "3": -0.0996557217626111, "4": -0.09965572176261091, "5": -0.09965572176261098, "6": -0.09965572176261105, "7": -0.09965572176261114, "8": -0.09965572176261167, "9": -0.09965572176261145, "10": -0.09965572176261114, "11": -0.09965572176261124, "12": -0.09965572176261141, "13": -0.09965572176261145, "14": -0.09965572176261121, "15": -0.09965572176261131, "16": -0.09965572176261119, "17": -0.09965572176261146, "18": -0.09965572176261145, "19": -0.09965572176261131, "20": -0.09965572176261141, "21": -0.09965572176261156, "22": -0.09965572176261149, "23": -0.09965572176261132, "24": -0.09965572176261127, "25": -0.09965572176261149, "26": -0.09965572176261141, "27": -0.09965572176261141, "28": -0.09965572176261128, "29": -0.09965572176261145, "30": -0.09965572176261131, "31": -0.09965572176261137, "32": -0.09965572176261131, "33": -0.09965572176261148, "34": -0.09965572176261134, "35": -0.09965572176261128, "36": -0.09965572176261132, "37": -0.09965572176261145, "38": -0.0996557217626115, "39": -0.09965572176261153, "40": -0.09965572176261137, "41": -0.09965572176261153, "42": -0.09965572176261159, "43": -0.09965572176261146, "44": -0.09965572176261149, "45": -0.09965572176261164, "46": -0.0996557217626117, "47": -0.0996557217626117, "48": -0.09965572176261153, "49": -0.10058913065983095, "50": -0.019334016201435107, "51": -0.01854959207456461, "52": -0.017764578670670567, "53": -0.016979000927787508, "54": -0.016192883801876588, "55": -0.015406252266034481, "56": -0.01461913130970035, "57": -0.013831545937860127, "58": -0.013043521170253347, "59": -0.012255082040578668, "60": -0.011466253595697244, "61": -0.010677060894838003, "62": -0.009887529008802019, "63": -0.009097683019165106, "64": -0.00830754801748116, "65": -0.007517149104485971, "66": -0.006726511389298419, "67": -0.005935659988624055, "68": -0.005144620025956598, "69": -0.004353416630779925, "70": -0.0035620749377697357, "71": -0.002770620085995208, "72": -0.0019790772181202897, "73": -0.001187471479604943, "74": -0.0003958280179064395, "75": 0.0003958280183195936, "76": 0.0011874714800180785, "77": 0.0019790772185333816, "78": 0.002770620086408264, "79": 0.0035620749381827226, "80": 0.004353416631192807, "81": 0.005144620026369401, "82": 0.005935659989036729, "83": 0.006726511389710916, "84": 0.0075171491048982705, "85": 0.008307548017893357, "86": 0.009097683019576993, "87": 0.009887529009213736, "88": 0.010677060895249425, "89": 0.011466253596108268, "90": 0.012255082040989544, "91": 0.013043521170664093, "92": 0.01383154593827045, "93": 0.014619131310110358, "94": 0.015406252266444214, "95": 0.01619288380228573, "96": 0.016979000928196382, "97": 0.01776457867107929, "98": 0.01854959207497257, "99": 0.019334016201841848, "100": 0.10058913066186478, "101": 0.09965572176462467, "102": 0.09965572176462467, "103": 0.09965572176462467, "104": 0.09965572176462466, "105": 0.09965572176462467, "106": 0.09965572176462467, "107": 0.09965572176462469, "108": 0.09965572176462469, "109": 0.0996557217646247, "110": 0.09965572176462469, "111": 0.09965572176462469, "112": 0.09965572176462469, "113": 0.09965572176462467, "114": 0.09965572176462467, "115": 0.09965572176462467, "116": 0.09965572176462467, "117": 0.09965572176462467, "118": 0.09965572176462467, "119": 0.09965572176462467, "120": 0.09965572176462467, "121": 0.09965572176462466, "122": 0.09965572176462467, "123": 0.09965572176462466, "124": 0.09965572176462463, "125": 0.09965572176462463, "126": 0.09965572176462464, "127": 0.09965572176462462, "128": 0.09965572176462463, "129": 0.09965572176462463, "130": 0.09965572176462466, "131": 0.09965572176462464, "132": 0.09965572176462464, "133": 0.09965572176462466, "134": 0.09965572176462466, "135": 0.09965572176462464, "136": 0.09965572176462464, "137": 0.09965572176462464, "138": 0.09965572176462464, "139": 0.09965572176462463, "140": 0.09965572176462464, "141": 0.09965572176462462, "142": 0.09965572176462463, "143": 0.09965572176462464, "144": 0.09965572176462464, "145": 0.09965572176462463, "146": 0.09965572176462463, "147": 0.09965572176462463, "148": 0.09965572176462463, "149": 0.09965572176462463}}