{"name":"fiedler","normalized":true,"weight":"value","num_of_nodes":9,"num_of_edges":14,"process_time":0.008973360061645508,"data":{"0":-0.22418855648411506,"1":-0.22418855643991645,"2":-0.22418855645326433,"3":-0.22418855643651098,"4":-0.15879758704596345,"5":0.17794424929396752,"6":0.42371636772770066,"7":0.5918513719597343,"8":0.46070980925294003}}