{"0": 0.28047920218381595, "1": 0.28047920218381606, "2": 0.2804792021838161, "3": 0.28047920218381595, "4": 0.22786040307073793, "5": -0.02536213679117969, "6": -0.2738266583383604, "7": -0.47092041936309537, "8": -0.579667997313358}