{"0": -0.28047920047875463, "1": -0.28047920021197353, "2": -0.280479200242169, "3": -0.28047920028884904, "4": -0.22786040307087435, "5": 0.025362129277307587, "6": 0.27382665082562946, "7": 0.47092041936374646, "8": 0.5796680048259373}