{"0": -0.22418855552119954, "1": -0.22418855549845884, "2": -0.224188555501033, "3": -0.22418855550501235, "4": -0.15879758841499028, "5": 0.17794424473135345, "6": 0.4237163648102262, "7": 0.5918513738625105, "8": 0.46070981262548205}