{"0": 0.11818823799991343, "1": 0.11818823799991343, "2": 0.11818823799991343, "3": 0.11818823799991345, "4": 0.1539805764538161, "5": 0.08671379935193962, "6": 0.10322673577037633, "7": 0.116953097616712, "8": 0.06637283880750228}