{"0": 1.9261904761904758, "1": 1.4817460317460318, "2": 1.0928571428571427, "3": 0.8706349206349205, "4": 0.7965608465608465, "5": 0.7965608465608465, "6": 0.841005291005291, "7": 0.915079365079365, "8": 1.0242063492063491, "9": 1.0242063492063491}