{"0": 1.2831919030523982, "1": 1.9149518370955945, "2": 2.757923126609163, "3": 3.7011306740810275, "4": 4.727640792261966, "5": 5.368584514024758, "6": 5.519283171797101, "7": 5.277504512770522, "8": 4.763461836391106, "9": 4.763461836391106}