{"0": 1.2710060443311204, "1": 1.2710060443311204, "2": 1.4063413275677332, "3": 1.2716769695869252, "4": 1.271341537418995, "5": 1.271341537418995, "6": 1.2716769695869252, "7": 1.4063413275677332, "8": 1.2710060443311204, "9": 1.2710060443311204}