{"0": -0.046879538552305734, "1": 0.46513793563812744, "2": -0.5024048389193506, "3": 0.19378394355127204, "4": 0.25702591076742287, "5": -0.38476109041140033, "6": 0.0344114772299805, "7": 0.4318206013981952, "8": -0.2118130941303219, "9": -0.2118130941303219}