{"0": -0.33118775995846206, "1": -0.3333890053798523, "2": -0.32029704218930183, "3": -0.2686161842777401, "4": -0.1699516035769906, "5": -0.020562532764198622, "6": 0.16887135226842329, "7": 0.3696076596895793, "8": 0.4527625580931875, "9": 0.45276255809535604}