{"0": -0.29283531203082847, "1": -0.25672941714636055, "2": -0.2613729013946149, "3": -0.07336465427876435, "4": 0.06558067613512772, "5": 0.19989123577911885, "6": 0.32168170375027183, "7": 0.5081918104018568, "8": 0.4293273543662221, "9": 0.42932735435874314}