{"0": -0.29283530135831715, "1": -0.2567294067973728, "2": -0.26137289727717616, "3": -0.07336466766834757, "4": 0.06558065196226316, "5": 0.19989121253858172, "6": 0.32168169263256285, "7": 0.5081918189160055, "8": 0.42932736758732276, "9": 0.42932736758933887}