{"0": 0.1367996560448619, "1": 0.10444624583557448, "2": 0.1473293305965681, "3": 0.08744618921234007, "4": 0.08469803683653655, "5": 0.08463397322018305, "6": 0.08364167829269778, "7": 0.11709137042724871, "8": 0.07695675976699472, "9": 0.07695675976699472}