{"name":"fiedler","normalized":false,"weight":"value","num_of_nodes":28,"num_of_edges":42,"process_time":0.011716365814208984,"data":{"0":-0.037713570279659825,"1":-0.11354910407467236,"2":-0.09401691822963273,"3":-0.11974986393075829,"4":-0.21966042540562614,"5":-0.2727311358519793,"6":-0.25906225346242345,"7":-0.25437954739490437,"8":-0.23619850384362395,"9":-0.2265410579297352,"10":-0.22902842782036997,"11":-0.19745624067921966,"12":-0.07487427989105266,"13":-0.009760925904393872,"14":-0.026531509358346656,"15":0.008155654406883633,"16":0.14283180279092633,"17":0.21436937319861096,"18":0.19594416985843427,"19":0.2076261675474851,"20":0.25298261383619564,"21":0.2770751491576941,"22":0.2708698803813159,"23":0.2507499334440013,"24":0.1726323627927634,"25":0.13113770140445047,"26":0.14182505863099684,"27":0.1050538966066401}}