{"name":"fiedler","normalized":true,"weight":"value","num_of_nodes":28,"num_of_edges":42,"process_time":0.011112689971923828,"data":{"0":-0.02638685727311807,"1":0.037006418839152996,"2":0.02730948626235441,"3":0.06898817930993878,"4":0.18326645271553962,"5":0.19905728389447172,"6":0.23068796348322235,"7":0.27433411849631023,"8":0.25491638697765456,"9":0.2112139523796886,"10":0.2603536976602974,"11":0.2731008682191531,"12":0.134609076459987,"13":0.0643222004775057,"14":0.09396777976291737,"15":0.06621708734844102,"16":-0.0870616125851494,"17":-0.13100547568815332,"18":-0.1431777881468309,"19":-0.1905295050645296,"20":-0.24317312628558646,"21":-0.22768335248111918,"22":-0.2725075559438354,"23":-0.3038034901195072,"24":-0.2161703200142631,"25":-0.15291102741966017,"26":-0.196633583083897,"27":-0.18830725818186683}}