{"directed": false, "multigraph": true, "graph": {}, "nodes": [{"cover": {"level": 0, "range": [0.0, 0.3333333333333333]}, "min_value": 0.0, "max_value": 0.16788558250055993, "avg_value": 0.09831377397227314, "component_count": 9, "components": ["10", "2", "0", "8", "13", "1", "9", "12", "11"], "x": 250.00000000000003, "y": 500.0, "id": "mapper_node_0"}, {"cover": {"level": 1, "range": [0.3333333333333333, 0.6666666666666666]}, "min_value": 0.36034420612993034, "max_value": 0.6338647597760713, "avg_value": 0.47068066252916796, "component_count": 4, "components": ["3", "14", "4", "15"], "x": 250.0, "y": 250.0, "id": "mapper_node_1"}, {"cover": {"level": 2, "range": [0.6666666666666666, 1.0]}, "min_value": 0.7652309480832991, "max_value": 1.0, "avg_value": 0.8773267533995952, "component_count": 4, "components": ["6", "7", "16", "5"], "x": 249.99999999999994, "y": 0.0, "id": "mapper_node_2"}], "links": [{"value": 1, "source": "mapper_node_0", "target": "mapper_node_1", "key": 0}, {"value": 1, "source": "mapper_node_1", "target": "mapper_node_2", "key": 0}], "info": {"component_method": "connected_components", "link_method": "connectivity", "cover_overlap": 0.0, "cover_intervals": 3, "compute_time": 0.0004782676696777344}}