{"name": "agd", "process_time": 0.0005519390106201172, "data": {"0": 1.6666666666666667, "1": 1.6666666666666667, "2": 1.7777777777777777, "3": 1.5555555555555556, "4": 1.5555555555555556, "5": 1.1111111111111112, "6": 1.1111111111111112, "7": 1.2222222222222223, "8": 1.3333333333333333, "9": 1.4444444444444444}}