{"name": "density", "eps": 0.5, "process_time": 0.0005819797515869141, "data": {"0": 1.2730188048685425, "1": 1.5430184460859633, "2": 1.138018984259832, "3": 1.5430184460859633, "4": 1.6780182666946737, "5": 2.2180175491295153, "6": 1.9480179079120945, "7": 1.9480179079120945, "8": 1.813018087303384, "9": 1.6780182666946737}}