{"name": "eigen", "eigen": 5, "normalized": false, "process_time": 0.001936197280883789, "data": {"0": 0.08986165610771639, "1": -0.18738175214960032, "2": 4.579669976578771e-16, "3": 0.1623227850117144, "4": -0.5017295014588808, "5": 2.498001805406602e-16, "6": -0.34784021712547575, "7": -0.04220524264941853, "8": 0.0863652763178229, "9": 0.7406069959461221}}