{"0": 0.31622776601683766, "1": 0.24246093440027428, "2": 0.06858578697767129, "3": -0.09735512060714492, "4": -0.6008349007603998, "5": 0.48946986210051496, "6": -0.027403136716715154, "7": 0.336284217427573, "8": 0.16396304168720033, "9": -0.29278909798249464}