{"0": -0.2979382348632108, "1": 0.23930545549781257, "2": 0.47647879240104457, "3": -0.39016426671532556, "4": 0.06858578697767129, "5": 0.2751224691699929, "6": -0.45719655903178086, "7": -0.017177103026441848, "8": -0.15333880104363193, "9": 0.40183652766291966}