{"name": "fiedler", "normalized": true, "process_time": 0.0526578426361084, "data": {"0": -0.3945501334475141, "1": -0.3945501334475179, "2": 0.37475267781137866, "3": -0.01677892295436791, "4": 0.34888126398490343, "5": -0.10380730305471988, "6": -0.157903665350203, "7": -0.30890284215443686, "8": 0.4874634647566322, "9": 0.23972907038765842}}