{"name": "fiedler", "normalized": true, "process_time": 0.06549191474914551, "data": {"0": -0.4863501289017296, "1": 0.101640441788756, "2": -0.4872983884734544, "3": 0.00763889418658078, "4": 0.24246092845860334, "5": -0.42425617831398416, "6": -0.15395198347794772, "7": 0.2796429676519509, "8": 0.24089691964825405, "9": 0.3419084167733245}}