{"name": "fiedler", "normalized": true, "process_time": 0.0844428539276123, "data": {"0": -0.398090486758673, "1": -0.0625246587522286, "2": 0.29232965944703854, "3": 0.5252570484437791, "4": -0.07435771323660204, "5": 0.2421405329780093, "6": -0.00973820105328369, "7": -0.28354917386798106, "8": -0.42469220694579995, "9": 0.38890036029522357}}