{"Sen. Jeff Bingaman [D, 1983-2012]": -0.006894874582001948, "Sen. Richard Durbin [D, 1997-2020]": -0.006783682745111579, "Sen. Richard Burr [R, 2005-2022]": 0.018080404809755993, "Sen. Frank Lautenberg [D, 2003-2013]": -0.006480749274276859, "Sen. Richard Lugar [R, 1977-2012]": 0.013935639358346574, "Sen. Pat Roberts [R, 1997-2020]": 0.014407080498793856, "Sen. Barack Obama [D, 2005-2008]": -0.02039322454844056, "Sen. Wayne Allard [R, 1997-2008]": 0.021331720973441715, "Sen. Roger Wicker [R, 2007-2018]": 0.018371202534584685, "Sen. Ron Wyden [D, 1996-2022]": -0.007643139355359374, "Sen. Russell Feingold [D, 1993-2010]": -0.012472855582050496, "Sen. Christopher \u201cKit\u201d Bond [R, 1987-2010]": 0.01729846190431336, "Sen. Jefferson \u201cJeff\u201d Sessions [R, 1997-2017]": 0.018552648837571864, "Sen. John Ensign [R, 2001-2011]": 0.0222787072245358, "Sen. Kay Hutchison [R, 1993-2012]": 0.017916190203859088, "Sen. Edward \u201cTed\u201d Kennedy [D, 1962-2009]": -0.01091010483583054, "Sen. John \u201cJay\u201d Rockefeller IV [D, 1985-2014]": -0.005840110152845827, "Sen. Ken Salazar [D, 2005-2009]": -0.006061812741060768, "Sen. Byron Dorgan [D, 1992-2010]": -0.007707752377249522, "Sen. Robert \u201cBob\u201d Men\u00e9ndez [D, 2006-2018]": -0.00602048233095532, "Sen. John Thune [R, 2005-2022]": 0.016180533236273217, "Sen. Lisa Murkowski [R, 2003-2022]": 0.014898452585558986, "Sen. Orrin Hatch [R, 1977-2018]": 0.016597769284233642, "Sen. Arlen Specter [R, 1981-2010]": 0.014006128959083148, "Sen. Bill Nelson [D, 2001-2018]": -0.006471919828854962, "Sen. Mark Pryor [D, 2003-2014]": -0.005266700505792411, "Sen. Jon Tester [D, 2007-2018]": -0.007711425467112144, "Sen. Jim Bunning [R, 1999-2010]": 0.022548615339221173, "Sen. Joseph Biden Jr. [D, 1973-2009]": -0.00771740892275853, "Sen. Kent Conrad [D, 1992-2012]": -0.007582055962768899, "Sen. Bob Corker [R, 2007-2018]": 0.016904169814828424, "Sen. Mary Landrieu [D, 1997-2014]": -0.005996189803187873, "Sen. Norm Coleman [R, 2003-2008]": 0.013406744710325198, "Vice President Richard Cheney [R, 2001-2009]": 0.36302793049628856, "Sen. Hillary Clinton [D, 2001-2009]": -0.008496139636526413, "Sen. Elizabeth Dole [R, 2003-2008]": 0.014604855393854714, "Sen. James \u201cJim\u201d Inhofe [R, 1994-2020]": 0.028509637738206816, "Sen. Samuel \u201cSam\u201d Brownback [R, 1996-2010]": 0.01582684243939152, "Sen. Jon Kyl [R, 1995-2012]": 0.03507359748634691, "Sen. Thad Cochran [R, 1979-2020]": 0.017130213580860542, "Sen. Claire McCaskill [D, 2007-2018]": -0.008245572995346733, "Sen. Christopher Dodd [D, 1981-2010]": -0.006891528723740506, "Sen. Herbert \u201cHerb\u201d Kohl [D, 1989-2012]": -0.006247939026483369, "Sen. Max Baucus [D, 1978-2014]": -0.0064194013078349875, "Sen. Jim DeMint [R, 2005-2012]": -0.9187587701180174, "Sen. Benjamin Cardin [D, 2007-2018]": -0.007144939824177197, "Sen. Bernard \u201cBernie\u201d Sanders [I, 2007-2018]": -0.009217142037721936, "Sen. Robert \u201cBob\u201d Casey Jr. [D, 2007-2018]": -0.006289286281420217, "Sen. Tim Johnson [D, 1997-2014]": -0.006224805546378496, "Sen. Saxby Chambliss [R, 2003-2014]": 0.01826738131640274, "Sen. John McCain [R, 1987-2022]": 0.023659536714055292, "Sen. Mitch McConnell [R, 1985-2020]": 0.017492085857297193, "Sen. Barbara Mikulski [D, 1987-2016]": -0.005805264427779867, "Sen. Charles \u201cChuck\u201d Hagel [R, 1997-2008]": 0.01638009157790272, "Sen. Carl Levin [D, 1979-2014]": -0.006674946392378741, "Sen. Barbara Boxer [D, 1993-2016]": -0.007473803232899777, "Sen. John Warner [R, 1979-2008]": 0.01399698908449369, "Sen. John Barrasso [R, 2007-2018]": 0.02168132001775712, "Sen. Sherrod Brown [D, 2007-2018]": -0.007436726404664562, "Sen. Michael Enzi [R, 1997-2020]": 0.02115657081319963, "Sen. Judd Gregg [R, 1993-2010]": 0.0233536687375738, "Sen. Evan Bayh [D, 1999-2010]": 0.011603417403214997, "Sen. John Cornyn [R, 2002-2020]": 0.018568383171562414, "Sen. Mel Martinez [R, 2005-2009]": 0.015278413064986875, "Sen. Olympia Snowe [R, 1995-2012]": 0.011991271326248004, "Sen. Ted Stevens [R, 1968-2008]": 0.014941304112557828, "Sen. Pete Domenici [R, 1973-2008]": 0.014058176540367118, "Sen. Amy Klobuchar [D, 2007-2018]": -0.006804827876248604, "Sen. Charles \u201cChuck\u201d Schumer [D, 1999-2022]": -0.00652540664833391, "Sen. Daniel Inouye [D, 1963-2012]": -0.0059022568443809036, "Sen. Richard Shelby [R, 1987-2022]": 0.016693221787873493, "Sen. Lindsey Graham [R, 2003-2020]": 0.017428843491111897, "Sen. John \u201cJohnny\u201d Isakson [R, 2005-2022]": 0.01731469875188947, "Sen. George Voinovich [R, 1999-2010]": 0.014797801878143554, "Sen. Patty Murray [D, 1993-2022]": -0.007080230189930812, "Sen. Gordon Smith [R, 1997-2008]": 0.012712645014426162, "Sen. Charles \u201cChuck\u201d Grassley [R, 1981-2022]": 0.01593317922952459, "Sen. Susan Collins [R, 1997-2020]": 0.012211806889051621, "Sen. Blanche Lincoln [D, 1999-2010]": -0.0052991395563273475, "Sen. Larry Craig [R, 1991-2008]": 0.018585111226483746, "Sen. John \u201cJack\u201d Reed [D, 1997-2020]": -0.008503177354390736, "Sen. Debbie Stabenow [D, 2001-2018]": -0.007533745489619457, "Sen. Ben Nelson [D, 2001-2012]": -0.005131446857846872, "Sen. Patrick Leahy [D, 1975-2022]": -0.007462061446732078, "Sen. Robert Byrd [D, 1959-2010]": -0.006930793227447246, "Sen. Harry Reid [D, 1987-2016]": -0.00663768176485776, "Sen. Thomas Coburn [R, 2005-2014]": 0.07175249385528837, "Sen. Robert Bennett [R, 1993-2010]": 0.017100804942811392, "Sen. John Kerry [D, 1985-2013]": -0.007186504931681506, "Sen. David Vitter [R, 2005-2016]": 0.02749596758083943, "Sen. Lamar Alexander [R, 2003-2020]": 0.016443350512842222, "Sen. Michael Crapo [R, 1999-2022]": 0.01761605312044837, "Sen. Dianne Feinstein [D, 1992-2018]": -0.006012775565236975, "Sen. Maria Cantwell [D, 2001-2018]": -0.007203296540750717, "Sen. Thomas \u201cTom\u201d Harkin [D, 1985-2014]": -0.007318997717163182, "Sen. Thomas Carper [D, 2001-2018]": -0.006943614484453114, "Sen. Jim Webb [D, 2007-2012]": -0.006420298195631899, "Sen. Joseph Lieberman [I, 1989-2012]": -0.006038057369434842, "Sen. Daniel Akaka [D, 1990-2012]": -0.006845914520698835, "Sen. John Sununu [R, 2003-2008]": 0.015730988875958855, "Sen. Sheldon Whitehouse [D, 2007-2018]": -0.008072142751793533}