{"Sen. Jeff Bingaman [D, 1983-2012]": 0.06171444227472394, "Sen. Richard Durbin [D, 1997-2020]": 0.10620398125090089, "Sen. Richard Burr [R, 2005-2022]": -0.024369583040779547, "Sen. Frank Lautenberg [D, 2003-2013]": 0.10489330524905416, "Sen. Richard Lugar [R, 1977-2012]": 0.0478909324786837, "Sen. Pat Roberts [R, 1997-2020]": -0.0016924498701319374, "Sen. Barack Obama [D, 2005-2008]": 0.1615407466913421, "Sen. Wayne Allard [R, 1997-2008]": -0.03156619015726747, "Sen. Roger Wicker [R, 2007-2018]": -0.01212915201628223, "Sen. Ron Wyden [D, 1996-2022]": 0.07545963260657602, "Sen. Russell Feingold [D, 1993-2010]": 0.10818819312299034, "Sen. Christopher \u201cKit\u201d Bond [R, 1987-2010]": -0.004306223128172817, "Sen. Jefferson \u201cJeff\u201d Sessions [R, 1997-2017]": -0.013865229358813255, "Sen. John Ensign [R, 2001-2011]": 0.005105423018974097, "Sen. Kay Hutchison [R, 1993-2012]": -0.023927218695045313, "Sen. Edward \u201cTed\u201d Kennedy [D, 1962-2009]": 0.15715377375296105, "Sen. John \u201cJay\u201d Rockefeller IV [D, 1985-2014]": -0.16393205076134396, "Sen. Ken Salazar [D, 2005-2009]": -0.14454149555453497, "Sen. Byron Dorgan [D, 1992-2010]": -0.01815800120259415, "Sen. Robert \u201cBob\u201d Men\u00e9ndez [D, 2006-2018]": 0.09274583235896393, "Sen. John Thune [R, 2005-2022]": -0.016127115078328712, "Sen. Lisa Murkowski [R, 2003-2022]": 0.0625802448754977, "Sen. Orrin Hatch [R, 1977-2018]": 0.005426264155078755, "Sen. Arlen Specter [R, 1981-2010]": 0.11927936006136837, "Sen. Bill Nelson [D, 2001-2018]": -0.16143035271143305, "Sen. Mark Pryor [D, 2003-2014]": -0.2516647219081163, "Sen. Jon Tester [D, 2007-2018]": -0.03701930034693227, "Sen. Jim Bunning [R, 1999-2010]": -0.026106825056737486, "Sen. Joseph Biden Jr. [D, 1973-2009]": 0.05560261946876193, "Sen. Kent Conrad [D, 1992-2012]": -0.12157597901470477, "Sen. Bob Corker [R, 2007-2018]": -0.0027480651932008304, "Sen. Mary Landrieu [D, 1997-2014]": -0.28780351886458105, "Sen. Norm Coleman [R, 2003-2008]": 0.002996431950487292, "Vice President Richard Cheney [R, 2001-2009]": 0.3201180416509355, "Sen. Hillary Clinton [D, 2001-2009]": 0.0857004680367414, "Sen. Elizabeth Dole [R, 2003-2008]": 0.010587640331058221, "Sen. James \u201cJim\u201d Inhofe [R, 1994-2020]": -0.05590644122528259, "Sen. Samuel \u201cSam\u201d Brownback [R, 1996-2010]": -0.013161865462911898, "Sen. Jon Kyl [R, 1995-2012]": -0.004389920054998676, "Sen. Thad Cochran [R, 1979-2020]": 0.014386940867716807, "Sen. Claire McCaskill [D, 2007-2018]": -0.1286882885369885, "Sen. Christopher Dodd [D, 1981-2010]": 0.07409122898099656, "Sen. Herbert \u201cHerb\u201d Kohl [D, 1989-2012]": -0.03771821081003698, "Sen. Max Baucus [D, 1978-2014]": -0.09736660451198531, "Sen. Jim DeMint [R, 2005-2012]": -0.009850595491304974, "Sen. Benjamin Cardin [D, 2007-2018]": 0.09335937885654283, "Sen. Bernard \u201cBernie\u201d Sanders [I, 2007-2018]": 0.11067761388006653, "Sen. Robert \u201cBob\u201d Casey Jr. [D, 2007-2018]": -0.02770580458074257, "Sen. Tim Johnson [D, 1997-2014]": -0.20937444462569102, "Sen. Saxby Chambliss [R, 2003-2014]": -0.00464902951388289, "Sen. John McCain [R, 1987-2022]": -0.06204973622944829, "Sen. Mitch McConnell [R, 1985-2020]": -0.0017341112918032326, "Sen. Barbara Mikulski [D, 1987-2016]": -0.1429729406511537, "Sen. Charles \u201cChuck\u201d Hagel [R, 1997-2008]": -0.002044207922937408, "Sen. Carl Levin [D, 1979-2014]": 0.0229090175615359, "Sen. Barbara Boxer [D, 1993-2016]": 0.11692917628272066, "Sen. John Warner [R, 1979-2008]": -0.022738534796534298, "Sen. John Barrasso [R, 2007-2018]": -0.04069555331940606, "Sen. Sherrod Brown [D, 2007-2018]": 0.10934194123309265, "Sen. Michael Enzi [R, 1997-2020]": -0.03971818559107165, "Sen. Judd Gregg [R, 1993-2010]": 0.008008218358477847, "Sen. Evan Bayh [D, 1999-2010]": 0.038188858382572036, "Sen. John Cornyn [R, 2002-2020]": -0.025514068774344555, "Sen. Mel Martinez [R, 2005-2009]": 0.01579395631041297, "Sen. Olympia Snowe [R, 1995-2012]": 0.024450446687806843, "Sen. Ted Stevens [R, 1968-2008]": 0.01803179221570943, "Sen. Pete Domenici [R, 1973-2008]": 0.02779350253679274, "Sen. Amy Klobuchar [D, 2007-2018]": 0.05517037436492821, "Sen. Charles \u201cChuck\u201d Schumer [D, 1999-2022]": 0.1110296594942683, "Sen. Daniel Inouye [D, 1963-2012]": -0.17914004779427276, "Sen. Richard Shelby [R, 1987-2022]": 0.00011186258591697053, "Sen. Lindsey Graham [R, 2003-2020]": 0.03451171061727282, "Sen. John \u201cJohnny\u201d Isakson [R, 2005-2022]": -0.0059431156282309825, "Sen. George Voinovich [R, 1999-2010]": 0.051432465434436136, "Sen. Patty Murray [D, 1993-2022]": 0.058376903053873136, "Sen. Gordon Smith [R, 1997-2008]": 0.029773156148591322, "Sen. Charles \u201cChuck\u201d Grassley [R, 1981-2022]": -0.011550196692142854, "Sen. Susan Collins [R, 1997-2020]": 0.06239578696766119, "Sen. Blanche Lincoln [D, 1999-2010]": -0.21243139379712433, "Sen. Larry Craig [R, 1991-2008]": -0.00044912145067572186, "Sen. John \u201cJack\u201d Reed [D, 1997-2020]": 0.10697137058323405, "Sen. Debbie Stabenow [D, 2001-2018]": 0.023877744163752546, "Sen. Ben Nelson [D, 2001-2012]": -0.28444887656323226, "Sen. Patrick Leahy [D, 1975-2022]": 0.0867125588000893, "Sen. Robert Byrd [D, 1959-2010]": 0.11489836111271011, "Sen. Harry Reid [D, 1987-2016]": 0.09916199874349603, "Sen. Thomas Coburn [R, 2005-2014]": -0.00502445216646599, "Sen. Robert Bennett [R, 1993-2010]": 0.05955222158043194, "Sen. John Kerry [D, 1985-2013]": 0.11858390300755153, "Sen. David Vitter [R, 2005-2016]": -0.03341502836173423, "Sen. Lamar Alexander [R, 2003-2020]": 0.009119152759648433, "Sen. Michael Crapo [R, 1999-2022]": -0.015040743568064781, "Sen. Dianne Feinstein [D, 1992-2018]": -0.045656686057839256, "Sen. Maria Cantwell [D, 2001-2018]": 0.0681513142492384, "Sen. Thomas \u201cTom\u201d Harkin [D, 1985-2014]": 0.09824374339050229, "Sen. Thomas Carper [D, 2001-2018]": -0.19247652562135406, "Sen. Jim Webb [D, 2007-2012]": -0.07434056522681708, "Sen. Joseph Lieberman [I, 1989-2012]": -0.21432468718592254, "Sen. Daniel Akaka [D, 1990-2012]": 0.07382192427446477, "Sen. John Sununu [R, 2003-2008]": 0.026485657332337844, "Sen. Sheldon Whitehouse [D, 2007-2018]": 0.0692503767083752}