{"Sen. Jeff Bingaman [D, 1983-2012]": -0.014231981959977267, "Sen. Richard Durbin [D, 1997-2020]": -0.05565835766929733, "Sen. Richard Burr [R, 2005-2022]": 0.06557430821869441, "Sen. Frank Lautenberg [D, 2003-2013]": -0.07504419195522896, "Sen. Richard Lugar [R, 1977-2012]": -0.11728157773031014, "Sen. Pat Roberts [R, 1997-2020]": -0.09991788962204834, "Sen. Barack Obama [D, 2005-2008]": 0.14547429189021954, "Sen. Wayne Allard [R, 1997-2008]": 0.07258592579202441, "Sen. Roger Wicker [R, 2007-2018]": -0.1655306666054539, "Sen. Ron Wyden [D, 1996-2022]": -0.02135534139076689, "Sen. Russell Feingold [D, 1993-2010]": 0.10107514590922523, "Sen. Christopher \u201cKit\u201d Bond [R, 1987-2010]": -0.05907348079467556, "Sen. Jefferson \u201cJeff\u201d Sessions [R, 1997-2017]": 0.027632715928317675, "Sen. John Ensign [R, 2001-2011]": 0.07597996482639215, "Sen. Kay Hutchison [R, 1993-2012]": -0.12649652873717507, "Sen. Edward \u201cTed\u201d Kennedy [D, 1962-2009]": 0.02754813158790609, "Sen. John \u201cJay\u201d Rockefeller IV [D, 1985-2014]": 0.03200547021015353, "Sen. Ken Salazar [D, 2005-2009]": 0.03691432061927373, "Sen. Byron Dorgan [D, 1992-2010]": -0.014544004222039173, "Sen. Robert \u201cBob\u201d Men\u00e9ndez [D, 2006-2018]": -0.08358589891730883, "Sen. John Thune [R, 2005-2022]": 0.008223580442408318, "Sen. Lisa Murkowski [R, 2003-2022]": -0.1303991760325226, "Sen. Orrin Hatch [R, 1977-2018]": -0.12060487312471263, "Sen. Arlen Specter [R, 1981-2010]": 0.02143933921922021, "Sen. Bill Nelson [D, 2001-2018]": 0.023588897270954052, "Sen. Mark Pryor [D, 2003-2014]": -0.014167729450651107, "Sen. Jon Tester [D, 2007-2018]": 0.029504696430206555, "Sen. Jim Bunning [R, 1999-2010]": 0.0259319717061287, "Sen. Joseph Biden Jr. [D, 1973-2009]": -0.005622720086714686, "Sen. Kent Conrad [D, 1992-2012]": 0.07581985560350195, "Sen. Bob Corker [R, 2007-2018]": 0.008884791737207184, "Sen. Mary Landrieu [D, 1997-2014]": -0.091474083316982, "Sen. Norm Coleman [R, 2003-2008]": 0.06265990104163432, "Vice President Richard Cheney [R, 2001-2009]": 0.22114646469086496, "Sen. Hillary Clinton [D, 2001-2009]": 0.04267532226132396, "Sen. Elizabeth Dole [R, 2003-2008]": 0.02284703034184293, "Sen. James \u201cJim\u201d Inhofe [R, 1994-2020]": 0.11683400051720995, "Sen. Samuel \u201cSam\u201d Brownback [R, 1996-2010]": -0.03198852865623158, "Sen. Jon Kyl [R, 1995-2012]": 0.13497530845955033, "Sen. Thad Cochran [R, 1979-2020]": -0.2122759538829097, "Sen. Claire McCaskill [D, 2007-2018]": 0.139593670627771, "Sen. Christopher Dodd [D, 1981-2010]": -0.018822819678594935, "Sen. Herbert \u201cHerb\u201d Kohl [D, 1989-2012]": 0.03137644797953072, "Sen. Max Baucus [D, 1978-2014]": 0.03570986797493591, "Sen. Jim DeMint [R, 2005-2012]": 0.19793247281949072, "Sen. Benjamin Cardin [D, 2007-2018]": -0.012329582168468429, "Sen. Bernard \u201cBernie\u201d Sanders [I, 2007-2018]": -0.007925394120466616, "Sen. Robert \u201cBob\u201d Casey Jr. [D, 2007-2018]": -0.0012113122460712619, "Sen. Tim Johnson [D, 1997-2014]": -0.0005198258533800148, "Sen. Saxby Chambliss [R, 2003-2014]": -0.07303987219641284, "Sen. John McCain [R, 1987-2022]": 0.005783629815035964, "Sen. Mitch McConnell [R, 1985-2020]": -0.0796342161250154, "Sen. Barbara Mikulski [D, 1987-2016]": 0.04017448912275423, "Sen. Charles \u201cChuck\u201d Hagel [R, 1997-2008]": -0.05235097995315763, "Sen. Carl Levin [D, 1979-2014]": 0.008260997689651215, "Sen. Barbara Boxer [D, 1993-2016]": -0.03342480703186495, "Sen. John Warner [R, 1979-2008]": -0.10729287251090454, "Sen. John Barrasso [R, 2007-2018]": 0.09790194660102207, "Sen. Sherrod Brown [D, 2007-2018]": -0.016157543971897902, "Sen. Michael Enzi [R, 1997-2020]": 0.09083134013373924, "Sen. Judd Gregg [R, 1993-2010]": -0.013842826006115142, "Sen. Evan Bayh [D, 1999-2010]": 0.3931641487005067, "Sen. John Cornyn [R, 2002-2020]": -0.031892027816220345, "Sen. Mel Martinez [R, 2005-2009]": -0.0662400396001564, "Sen. Olympia Snowe [R, 1995-2012]": 0.25662520946957157, "Sen. Ted Stevens [R, 1968-2008]": -0.19370812025868991, "Sen. Pete Domenici [R, 1973-2008]": -0.11458485369948787, "Sen. Amy Klobuchar [D, 2007-2018]": -0.006734625252291609, "Sen. Charles \u201cChuck\u201d Schumer [D, 1999-2022]": -0.07318755162616182, "Sen. Daniel Inouye [D, 1963-2012]": 0.047233994493635176, "Sen. Richard Shelby [R, 1987-2022]": -0.09209413831767922, "Sen. Lindsey Graham [R, 2003-2020]": 0.012558974551995658, "Sen. John \u201cJohnny\u201d Isakson [R, 2005-2022]": -0.09818835141155902, "Sen. George Voinovich [R, 1999-2010]": 0.05867372216305416, "Sen. Patty Murray [D, 1993-2022]": -0.015318877428069826, "Sen. Gordon Smith [R, 1997-2008]": 0.11093056866639449, "Sen. Charles \u201cChuck\u201d Grassley [R, 1981-2022]": -0.005410676565292887, "Sen. Susan Collins [R, 1997-2020]": 0.3124599069438305, "Sen. Blanche Lincoln [D, 1999-2010]": -0.030324038810040286, "Sen. Larry Craig [R, 1991-2008]": -0.10408909815036553, "Sen. John \u201cJack\u201d Reed [D, 1997-2020]": 0.015036248574796367, "Sen. Debbie Stabenow [D, 2001-2018]": -0.019745344953862057, "Sen. Ben Nelson [D, 2001-2012]": -0.015665234484729885, "Sen. Patrick Leahy [D, 1975-2022]": 0.014889471504658454, "Sen. Robert Byrd [D, 1959-2010]": -0.050839434128350805, "Sen. Harry Reid [D, 1987-2016]": -0.18992553386985409, "Sen. Thomas Coburn [R, 2005-2014]": 0.18428514294849918, "Sen. Robert Bennett [R, 1993-2010]": -0.18024996043925773, "Sen. John Kerry [D, 1985-2013]": -0.03413766622497244, "Sen. David Vitter [R, 2005-2016]": -0.019665260542864323, "Sen. Lamar Alexander [R, 2003-2020]": -0.11860876263923756, "Sen. Michael Crapo [R, 1999-2022]": -0.08621783106524943, "Sen. Dianne Feinstein [D, 1992-2018]": -0.022063537267356645, "Sen. Maria Cantwell [D, 2001-2018]": -0.05213930685009476, "Sen. Thomas \u201cTom\u201d Harkin [D, 1985-2014]": -0.04603760190308748, "Sen. Thomas Carper [D, 2001-2018]": 0.05963273734015288, "Sen. Jim Webb [D, 2007-2012]": 0.017367367226029926, "Sen. Joseph Lieberman [I, 1989-2012]": 0.044659385278120474, "Sen. Daniel Akaka [D, 1990-2012]": -0.002403549844117993, "Sen. John Sununu [R, 2003-2008]": 0.05861348452316001, "Sen. Sheldon Whitehouse [D, 2007-2018]": 0.014619591736317127}