{"Sen. Jeff Bingaman [D, 1983-2012]": -0.10247413810220153, "Sen. Richard Durbin [D, 1997-2020]": -0.10244547550120608, "Sen. Richard Burr [R, 2005-2022]": 0.12555889889964678, "Sen. Frank Lautenberg [D, 2003-2013]": -0.10550593623726844, "Sen. Richard Lugar [R, 1977-2012]": 0.07126844233690599, "Sen. Pat Roberts [R, 1997-2020]": 0.08331811793540798, "Sen. Barack Obama [D, 2005-2008]": -0.13429834216565156, "Sen. Wayne Allard [R, 1997-2008]": 0.13248812097479068, "Sen. Roger Wicker [R, 2007-2018]": 0.10073309125151958, "Sen. Ron Wyden [D, 1996-2022]": -0.09952362408054283, "Sen. Russell Feingold [D, 1993-2010]": -0.0915827391681627, "Sen. Christopher \u201cKit\u201d Bond [R, 1987-2010]": 0.10059140525753724, "Sen. Jefferson \u201cJeff\u201d Sessions [R, 1997-2017]": 0.1207499204659546, "Sen. John Ensign [R, 2001-2011]": 0.13587834720090583, "Sen. Kay Hutchison [R, 1993-2012]": 0.0979311414601897, "Sen. Edward \u201cTed\u201d Kennedy [D, 1962-2009]": -0.11074479589320496, "Sen. John \u201cJay\u201d Rockefeller IV [D, 1985-2014]": -0.07405586569954369, "Sen. Ken Salazar [D, 2005-2009]": -0.08231829693923255, "Sen. Byron Dorgan [D, 1992-2010]": -0.08923831944203685, "Sen. Robert \u201cBob\u201d Men\u00e9ndez [D, 2006-2018]": -0.10426561935209638, "Sen. John Thune [R, 2005-2022]": 0.11004309388775659, "Sen. Lisa Murkowski [R, 2003-2022]": 0.05776212724557261, "Sen. Orrin Hatch [R, 1977-2018]": 0.09887753168186626, "Sen. Arlen Specter [R, 1981-2010]": 0.03253657109349413, "Sen. Bill Nelson [D, 2001-2018]": -0.0848422941282449, "Sen. Mark Pryor [D, 2003-2014]": -0.06687072161717719, "Sen. Jon Tester [D, 2007-2018]": -0.09060152701728075, "Sen. Jim Bunning [R, 1999-2010]": 0.1217546946563378, "Sen. Joseph Biden Jr. [D, 1973-2009]": -0.10672693539136247, "Sen. Kent Conrad [D, 1992-2012]": -0.08728034697377643, "Sen. Bob Corker [R, 2007-2018]": 0.09367715889974945, "Sen. Mary Landrieu [D, 1997-2014]": -0.0491656173667237, "Sen. Norm Coleman [R, 2003-2008]": 0.04570958008234915, "Vice President Richard Cheney [R, 2001-2009]": 0.26035841782089203, "Sen. Hillary Clinton [D, 2001-2009]": -0.1169349102528722, "Sen. Elizabeth Dole [R, 2003-2008]": 0.05894026636914643, "Sen. James \u201cJim\u201d Inhofe [R, 1994-2020]": 0.1378537879586651, "Sen. Samuel \u201cSam\u201d Brownback [R, 1996-2010]": 0.10628405774191793, "Sen. Jon Kyl [R, 1995-2012]": 0.1430271649867162, "Sen. Thad Cochran [R, 1979-2020]": 0.08139689964061854, "Sen. Claire McCaskill [D, 2007-2018]": -0.07161311882897868, "Sen. Christopher Dodd [D, 1981-2010]": -0.09820893354077953, "Sen. Herbert \u201cHerb\u201d Kohl [D, 1989-2012]": -0.09232872012218142, "Sen. Max Baucus [D, 1978-2014]": -0.08565950818206267, "Sen. Jim DeMint [R, 2005-2012]": 0.1542489302817721, "Sen. Benjamin Cardin [D, 2007-2018]": -0.09892281691639435, "Sen. Bernard \u201cBernie\u201d Sanders [I, 2007-2018]": -0.10313719439684199, "Sen. Robert \u201cBob\u201d Casey Jr. [D, 2007-2018]": -0.09039850258957911, "Sen. Tim Johnson [D, 1997-2014]": -0.0674913321995992, "Sen. Saxby Chambliss [R, 2003-2014]": 0.10720461787191125, "Sen. John McCain [R, 1987-2022]": 0.1336279542772278, "Sen. Mitch McConnell [R, 1985-2020]": 0.10846390593434153, "Sen. Barbara Mikulski [D, 1987-2016]": -0.08584032015981208, "Sen. Charles \u201cChuck\u201d Hagel [R, 1997-2008]": 0.06878522315157841, "Sen. Carl Levin [D, 1979-2014]": -0.09966698496926614, "Sen. Barbara Boxer [D, 1993-2016]": -0.10605161216806024, "Sen. John Warner [R, 1979-2008]": 0.0641166523243657, "Sen. John Barrasso [R, 2007-2018]": 0.13327003538517682, "Sen. Sherrod Brown [D, 2007-2018]": -0.10148804004313113, "Sen. Michael Enzi [R, 1997-2020]": 0.13126246573872444, "Sen. Judd Gregg [R, 1993-2010]": 0.12176616230423057, "Sen. Evan Bayh [D, 1999-2010]": -0.02284445488309279, "Sen. John Cornyn [R, 2002-2020]": 0.11346778652025004, "Sen. Mel Martinez [R, 2005-2009]": 0.06462591572330902, "Sen. Olympia Snowe [R, 1995-2012]": -0.01619805364400437, "Sen. Ted Stevens [R, 1968-2008]": 0.05653175738450806, "Sen. Pete Domenici [R, 1973-2008]": 0.07066426311241689, "Sen. Amy Klobuchar [D, 2007-2018]": -0.09325508619322943, "Sen. Charles \u201cChuck\u201d Schumer [D, 1999-2022]": -0.10252077275580927, "Sen. Daniel Inouye [D, 1963-2012]": -0.07669617164130958, "Sen. Richard Shelby [R, 1987-2022]": 0.10344178457750978, "Sen. Lindsey Graham [R, 2003-2020]": 0.10872258884428869, "Sen. John \u201cJohnny\u201d Isakson [R, 2005-2022]": 0.10284046914056769, "Sen. George Voinovich [R, 1999-2010]": 0.046217949538223876, "Sen. Patty Murray [D, 1993-2022]": -0.10253895344430917, "Sen. Gordon Smith [R, 1997-2008]": 0.01726020803147542, "Sen. Charles \u201cChuck\u201d Grassley [R, 1981-2022]": 0.10126992558257804, "Sen. Susan Collins [R, 1997-2020]": 0.0009548908910869265, "Sen. Blanche Lincoln [D, 1999-2010]": -0.07038677795006212, "Sen. Larry Craig [R, 1991-2008]": 0.10484094858992923, "Sen. John \u201cJack\u201d Reed [D, 1997-2020]": -0.10253364489462553, "Sen. Debbie Stabenow [D, 2001-2018]": -0.10267352985130403, "Sen. Ben Nelson [D, 2001-2012]": -0.05057990124208857, "Sen. Patrick Leahy [D, 1975-2022]": -0.10347213047075648, "Sen. Robert Byrd [D, 1959-2010]": -0.08899549583965097, "Sen. Harry Reid [D, 1987-2016]": -0.07301207300935447, "Sen. Thomas Coburn [R, 2005-2014]": 0.14410611324317826, "Sen. Robert Bennett [R, 1993-2010]": 0.08153054157609489, "Sen. John Kerry [D, 1985-2013]": -0.10172279779517923, "Sen. David Vitter [R, 2005-2016]": 0.12754844608530272, "Sen. Lamar Alexander [R, 2003-2020]": 0.09514322421302779, "Sen. Michael Crapo [R, 1999-2022]": 0.10824535964540664, "Sen. Dianne Feinstein [D, 1992-2018]": -0.08905363718467803, "Sen. Maria Cantwell [D, 2001-2018]": -0.09947670767503256, "Sen. Thomas \u201cTom\u201d Harkin [D, 1985-2014]": -0.10168058730073688, "Sen. Thomas Carper [D, 2001-2018]": -0.06750479016693682, "Sen. Jim Webb [D, 2007-2012]": -0.08372361373605833, "Sen. Joseph Lieberman [I, 1989-2012]": -0.06944147346189557, "Sen. Daniel Akaka [D, 1990-2012]": -0.1015782444919289, "Sen. John Sununu [R, 2003-2008]": 0.09201017626778048, "Sen. Sheldon Whitehouse [D, 2007-2018]": -0.09530814229807612}