{"0": 0.0, "1": -4.248733900822875e-17, "2": -6.119261952475605e-17, "3": 1.0006814874873461e-16, "4": 0.013137548922177543, "5": 0.0027867147311982166, "6": -0.01592426365337581, "7": 0.002803150424374381, "8": 0.027206166252139424, "9": -0.030009316676514172, "10": -0.029242957703110056, "11": -0.03614036401554293, "12": 0.06538332171865342, "13": 0.01961016721354468, "14": 0.01961016721354724, "15": 0.0196101672135463, "16": 0.004159675612167842, "17": 0.0041596756121687496, "18": 0.004159675612167891, "19": -0.023769842825714448, "20": -0.02376984282571407, "21": -0.0237698428257141, "22": 0.004184208856029138, "23": 0.004184208856030684, "24": 0.004184208856030127, "25": 0.040610122375517956, "26": 0.040610122375517525, "27": 0.040610122375518615, "28": -0.04479433123154888, "29": -0.04479433123154876, "30": -0.0447943312315475, "31": -0.043650401895636584, "32": -0.04365040189563692, "33": -0.04365040189563693, "34": -0.0539460279616414, "35": -0.05394602796164104, "36": -0.053946027961640164, "37": 0.09759642985727898, "38": 0.09759642985727725, "39": 0.09759642985727777, "40": 0.0222955124946207, "41": 0.022295512494620626, "42": 0.022295512494621257, "43": 0.02229551249462442, "44": 0.022295512494624022, "45": 0.02229551249462406, "46": 0.022295512494623467, "47": 0.022295512494623485, "48": 0.022295512494623485, "49": 0.0047292865264601, "50": 0.004729286526461266, "51": 0.004729286526460268, "52": 0.00472928652646194, "53": 0.004729286526461903, "54": 0.0047292865264619306, "55": 0.004729286526460832, "56": 0.004729286526460915, "57": 0.004729286526460972, "58": -0.027024799021084508, "59": -0.02702479902108442, "60": -0.027024799021084615, "61": -0.027024799021083772, "62": -0.02702479902108381, "63": -0.027024799021083824, "64": -0.027024799021083873, "65": -0.027024799021084026, "66": -0.027024799021083665, "67": 0.004757179263890507, "68": 0.004757179263890403, "69": 0.004757179263890493, "70": 0.004757179263892646, "71": 0.004757179263892608, "72": 0.00475717926389266, "73": 0.004757179263891912, "74": 0.004757179263891919, "75": 0.004757179263891936, "76": 0.04617112546628789, "77": 0.04617112546628773, "78": 0.04617112546628797, "79": 0.04617112546628759, "80": 0.04617112546628759, "81": 0.046171125466287447, "82": 0.046171125466289036, "83": 0.04617112546628924, "84": 0.04617112546628923, "85": -0.05092830473018095, "86": -0.05092830473018092, "87": -0.050928304730180896, "88": -0.0509283047301806, "89": -0.0509283047301807, "90": -0.05092830473018073, "91": -0.050928304730179064, "92": -0.05092830473017896, "93": -0.050928304730179015, "94": -0.049627729853685874, "95": -0.04962772985368592, "96": -0.04962772985368612, "97": -0.04962772985368651, "98": -0.049627729853686735, "99": -0.04962772985368653, "100": -0.04962772985368651, "101": -0.0496277298536865, "102": -0.0496277298536865, "103": -0.061333201668123796, "104": -0.061333201668123775, "105": -0.06133320166812378, "106": -0.06133320166812334, "107": -0.061333201668123435, "108": -0.06133320166812329, "109": -0.06133320166812208, "110": -0.06133320166812218, "111": -0.06133320166812213, "112": 0.11096093152181118, "113": 0.11096093152181137, "114": 0.11096093152181148, "115": 0.11096093152180878, "116": 0.11096093152180898, "117": 0.11096093152180918, "118": 0.11096093152180929, "119": 0.11096093152180932, "120": 0.11096093152180939, "121": 0.023142431341111512, "122": 0.023142431341111686, "123": 0.02314243134111165, "124": 0.02314243134111156, "125": 0.023142431341111443, "126": 0.023142431341111658, "127": 0.023142431341112234, "128": 0.023142431341112296, "129": 0.0231424313411122, "130": 0.023142431341115974, "131": 0.02314243134111603, "132": 0.023142431341115918, "133": 0.023142431341115564, "134": 0.023142431341115405, "135": 0.023142431341115474, "136": 0.023142431341115495, "137": 0.023142431341115252, "138": 0.02314243134111557, "139": 0.023142431341114485, "140": 0.023142431341114565, "141": 0.02314243134111452, "142": 0.02314243134111463, "143": 0.023142431341114506, "144": 0.02314243134111467, "145": 0.023142431341114402, "146": 0.0231424313411145, "147": 0.023142431341114343, "148": 0.004908933524513451, "149": 0.0049089335245134065, "150": 0.0049089335245133025, "151": 0.004908933524514308, "152": 0.004908933524514551, "153": 0.0049089335245144, "154": 0.004908933524513472, "155": 0.004908933524513519, "156": 0.004908933524513472, "157": 0.0049089335245152705, "158": 0.004908933524515263, "159": 0.004908933524515272, "160": 0.00490893352451527, "161": 0.004908933524515211, "162": 0.004908933524515219, "163": 0.004908933524515199, "164": 0.004908933524515252, "165": 0.004908933524515257, "166": 0.004908933524514122, "167": 0.004908933524514125, "168": 0.004908933524514103, "169": 0.004908933524514246, "170": 0.004908933524514235, "171": 0.004908933524514193, "172": 0.0049089335245142895, "173": 0.004908933524514271, "174": 0.004908933524514271, "175": -0.028051364865628883, "176": -0.028051364865628862, "177": -0.028051364865628873, "178": -0.028051364865628727, "179": -0.028051364865628755, "180": -0.02805136486562876, "181": -0.028051364865629, "182": -0.028051364865629043, "183": -0.028051364865628974, "184": -0.028051364865628176, "185": -0.02805136486562819, "186": -0.02805136486562819, "187": -0.028051364865628203, "188": -0.028051364865628217, "189": -0.028051364865628217, "190": -0.028051364865628294, "191": -0.028051364865628238, "192": -0.02805136486562821, "193": -0.028051364865628328, "194": -0.028051364865628262, "195": -0.028051364865628314, "196": -0.028051364865628613, "197": -0.02805136486562862, "198": -0.02805136486562853, "199": -0.028051364865628148, "200": -0.02805136486562811, "201": -0.028051364865628065, "202": 0.004937885797355358, "203": 0.004937885797355334, "204": 0.004937885797355388, "205": 0.00493788579735523, "206": 0.004937885797355216, "207": 0.00493788579735523, "208": 0.0049378857973553705, "209": 0.004937885797355334, "210": 0.004937885797355388, "211": 0.004937885797357669, "212": 0.0049378857973576395, "213": 0.004937885797357669, "214": 0.004937885797357622, "215": 0.004937885797357634, "216": 0.00493788579735762, "217": 0.004937885797357685, "218": 0.004937885797357686, "219": 0.004937885797357683, "220": 0.004937885797356818, "221": 0.004937885797356819, "222": 0.0049378857973568285, "223": 0.004937885797356834, "224": 0.004937885797356823, "225": 0.0049378857973568415, "226": 0.0049378857973568805, "227": 0.0049378857973568484, "228": 0.004937885797356871, "229": 0.04792498496292611, "230": 0.04792498496292607, "231": 0.047924984962926104, "232": 0.04792498496292592, "233": 0.04792498496292592, "234": 0.04792498496292592, "235": 0.04792498496292625, "236": 0.04792498496292625, "237": 0.04792498496292619, "238": 0.047924984962925646, "239": 0.047924984962925625, "240": 0.047924984962925674, "241": 0.047924984962925646, "242": 0.047924984962925625, "243": 0.047924984962925646, "244": 0.04792498496292547, "245": 0.04792498496292548, "246": 0.04792498496292549, "247": 0.04792498496292723, "248": 0.04792498496292723, "249": 0.04792498496292727, "250": 0.04792498496292747, "251": 0.0479249849629274, "252": 0.04792498496292754, "253": 0.047924984962927485, "254": 0.04792498496292747, "255": 0.0479249849629275, "256": -0.052862870760284134, "257": -0.052862870760284154, "258": -0.05286287076028413, "259": -0.05286287076028412, "260": -0.0528628707602841, "261": -0.05286287076028409, "262": -0.052862870760284064, "263": -0.05286287076028405, "264": -0.05286287076028405, "265": -0.05286287076028379, "266": -0.05286287076028376, "267": -0.05286287076028372, "268": -0.052862870760283856, "269": -0.052862870760283856, "270": -0.052862870760283856, "271": -0.05286287076028391, "272": -0.05286287076028387, "273": -0.05286287076028388, "274": -0.052862870760282024, "275": -0.052862870760281996, "276": -0.052862870760282045, "277": -0.05286287076028199, "278": -0.0528628707602819, "279": -0.052862870760281885,