{"name": "eigen", "eigen": 5, "normalized": false, "process_time": 0.12755894660949707, "data": {"0": 0.0, "1": 2.8676267273280065e-16, "2": 4.0105394125089044e-16, "3": -6.875345359668858e-16, "4": -0.0020834710294282744, "5": -0.0004419423626222798, "6": 0.0025254133920519363, "7": 0.06933618055301762, "8": -0.026284569378668965, "9": -0.043051611174346686, "10": -0.020812584239606583, "11": 0.02631706666863643, "12": -0.005504482429033281, "13": -0.0031099572312695556, "14": -0.003109957231268539, "15": -0.0031099572312676266, "16": -0.0006596788853929329, "17": -0.000659678885393155, "18": -0.0006596788853926502, "19": 0.0037696361166629122, "20": 0.00376963611666286, "21": 0.0037696361166632835, "22": 0.10349678639810586, "23": 0.10349678639810692, "24": 0.10349678639810705, "25": -0.03923447240463825, "26": -0.03923447240463759, "27": -0.03923447240463755, "28": -0.06426231399346682, "29": -0.06426231399346667, "30": -0.06426231399346688, "31": -0.03106654517538675, "32": -0.031066545175387143, "33": -0.031066545175387233, "34": 0.039282980485865135, "35": 0.03928298048586511, "36": 0.03928298048586469, "37": -0.008216435310481617, "38": -0.00821643531048035, "39": -0.008216435310482592, "40": -0.003535823511978848, "41": -0.0035358235119790945, "42": -0.0035358235119788734, "43": -0.003535823511979317, "44": -0.003535823511979421, "45": -0.003535823511979296, "46": -0.0035358235119779882, "47": -0.003535823511977898, "48": -0.0035358235119779917, "49": -0.0007500129229677799, "50": -0.0007500129229678042, "51": -0.0007500129229678944, "52": -0.0007500129229680835, "53": -0.0007500129229679482, "54": -0.0007500129229681025, "55": -0.0007500129229673358, "56": -0.0007500129229674659, "57": -0.0007500129229674815, "58": 0.004285836434948492, "59": 0.00428583643494853, "60": 0.004285836434947185, "61": 0.00428583643494795, "62": 0.004285836434948032, "63": 0.004285836434947923, "64": 0.004285836434948301, "65": 0.004285836434948441, "66": 0.004285836434948438, "67": 0.11766926151952088, "68": 0.11766926151952102, "69": 0.1176692615195208, "70": 0.11766926151952223, "71": 0.11766926151952206, "72": 0.11766926151952209, "73": 0.11766926151952233, "74": 0.11766926151952233, "75": 0.11766926151952235, "76": -0.044607098970237444, "77": -0.04460709897023753, "78": -0.04460709897023743, "79": -0.04460709897023646, "80": -0.044607098970236646, "81": -0.04460709897023651, "82": -0.044607098970236375, "83": -0.04460709897023638, "84": -0.04460709897023645, "85": -0.07306216254928302, "86": -0.07306216254928301, "87": -0.07306216254928277, "88": -0.07306216254928241, "89": -0.07306216254928238, "90": -0.07306216254928248, "91": -0.07306216254928319, "92": -0.073062162549283, "93": -0.07306216254928312, "94": -0.0353206853659133, "95": -0.035320685365913235, "96": -0.03532068536591318, "97": -0.03532068536591327, "98": -0.03532068536591323, "99": -0.035320685365913235, "100": -0.0353206853659134, "101": -0.0353206853659134, "102": -0.035320685365913394, "103": 0.044662249572437716, "104": 0.044662249572437834, "105": 0.04466224957243786, "106": 0.04466224957243784, "107": 0.04466224957243783, "108": 0.04466224957243775, "109": 0.04466224957243726, "110": 0.044662249572437425, "111": 0.04466224957243726, "112": -0.00934156420652813, "113": -0.009341564206528171, "114": -0.009341564206528302, "115": -0.009341564206526487, "116": -0.009341564206526088, "117": -0.009341564206527282, "118": -0.009341564206528142, "119": -0.00934156420653012, "120": -0.009341564206530864, "121": -0.003670135543195027, "122": -0.0036701355431950564, "123": -0.003670135543195038, "124": -0.003670135543195392, "125": -0.0036701355431954163, "126": -0.0036701355431954163, "127": -0.0036701355431951153, "128": -0.003670135543195079, "129": -0.003670135543195184, "130": -0.003670135543195759, "131": -0.003670135543195757, "132": -0.0036701355431957693, "133": -0.0036701355431959203, "134": -0.0036701355431958908, "135": -0.0036701355431958977, "136": -0.00367013554319574, "137": -0.0036701355431957346, "138": -0.0036701355431957485, "139": -0.0036701355431942462, "140": -0.0036701355431942983, "141": -0.0036701355431942983, "142": -0.003670135543194149, "143": -0.003670135543194149, "144": -0.00367013554319417, "145": -0.0036701355431942324, "146": -0.003670135543194295, "147": -0.003670135543194267, "148": -0.0007785029646173898, "149": -0.0007785029646173438, "150": -0.0007785029646174028, "151": -0.0007785029646174358, "152": -0.0007785029646174644, "153": -0.0007785029646174488, "154": -0.0007785029646175294, "155": -0.0007785029646174965, "156": -0.0007785029646175294, "157": -0.0007785029646178851, "158": -0.0007785029646178851, "159": -0.0007785029646179007, "160": -0.0007785029646177159, "161": -0.0007785029646177341, "162": -0.0007785029646177341, "163": -0.0007785029646179111, "164": -0.0007785029646179545, "165": -0.0007785029646179553, "166": -0.0007785029646170706, "167": -0.0007785029646170307, "168": -0.0007785029646170446, "169": -0.0007785029646171972, "170": -0.0007785029646171695, "171": -0.0007785029646172042, "172": -0.0007785029646172371, "173": -0.0007785029646172371, "174": -0.0007785029646172371, "175": 0.0044486385078147395, "176": 0.004448638507814682, "177": 0.00444863850781475, "178": 0.004448638507814778, "179": 0.004448638507814786, "180": 0.00444863850781476, "181": 0.004448638507813031, "182": 0.004448638507812981, "183": 0.004448638507813016, "184": 0.0044486385078142, "185": 0.004448638507814199, "186": 0.004448638507814183, "187": 0.004448638507814275, "188": 0.004448638507814281, "189": 0.004448638507814281, "190": 0.00444863850781413, "191": 0.004448638507814135, "192": 0.004448638507814144, "193": 0.004448638507814561, "194": 0.004448638507814567, "195": 0.004448638507814557, "196": 0.004448638507814763, "197": 0.004448638507814759, "198": 0.004448638507814767, "199": 0.0044486385078147455, "200": 0.004448638507814762, "201": 0.004448638507814758, "202": 0.12213905405098276, "203": 0.12213905405098276, "204": 0.12213905405098274, "205": 0.12213905405098284, "206": 0.12213905405098283, "207": 0.12213905405098284, "208": 0.1221390540509826, "209": 0.12213905405098263, "210": 0.12213905405098265, "211": 0.12213905405098424, "212": 0.12213905405098421, "213": 0.12213905405098426, "214": 0.12213905405098413, "215": 0.12213905405098412, "216": 0.12213905405098412, "217": 0.12213905405098414, "218": 0.12213905405098416, "219": 0.12213905405098414, "220": 0.12213905405098435, "221": 0.12213905405098438, "222": 0.12213905405098435, "223": 0.12213905405098437, "224": 0.12213905405098437, "225": 0.12213905405098435, "226": 0.12213905405098437, "227": 0.12213905405098437, "228": 0.12213905405098437, "229": -0.04630154725054958, "230": -0.046301547250549586, "231": -0.04630154725054961, "232": -0.04630154725054968, "233": -0.04630154725054967, "234": -0.04630154725054967, "235": -0.046301547250549614, "236": -0.046301547250549614, "237": -0.046301547250549545, "238": -0.04630154725054856, "239": -0.046301547250548566, "240": -0.04630154725054857, "241": -0.04630154725054876, "242": -0.0463015472505488, "243": -0.046301547250548816, "244": -0.046301547250548636, "245": -0.04630154725054865, "246": -0.04630154725054866, "247": -0.046301547250548476, "248": -0.046301547250548476, "249": -0.04630154725054852, "250": -0.04630154725054854, "251": -0.04630154725054845, "252": -0.04630154725054852, "253": -0.04630154725054856, "254": -0.04630154725054858, "255": -0.04630154725054855, "256": -0.07583750680043301, "257": -0.07583750680043302, "258": -0.07583750680043297, "259": -0.07583750680043298, "260": -0.07583750680043297, "261": -0.07583750680043298, "262": -0.07583750680043273, "263": -0.07583750680043272, "264": -0.07583750680043273, "265": -0.07583750680043233, "266": -0.07583750680043234, "267": -0.07583750680043236, "268": -0.07583750680043227, "269": -0.07583750680043227, "270": -0.07583750680043225, "271": -0.07583750680043243, "272": -0.07583750680043243,