{"name": "eigen", "eigen": 5, "normalized": true, "process_time": 0.12808489799499512, "data": {"0": 0.0, "1": -2.600717085514138e-16, "2": 8.034033825284173e-16, "3": -4.923739834515062e-16, "4": -0.03236675840713241, "5": 0.0861084977057619, "6": -0.05374173929863039, "7": 0.0627142842369856, "8": -0.013624862421883554, "9": -0.04908942181510011, "10": 0.07784177484743891, "11": 0.01939726111832142, "12": -0.09723903596576136, "13": -0.0405208210522639, "14": -0.04052082105226342, "15": -0.04052082105226509, "16": 0.1078015593259313, "17": 0.1078015593259262, "18": 0.10780155932592937, "19": -0.06728073827366582, "20": -0.06728073827366457, "21": -0.06728073827366546, "22": 0.07851371017826721, "23": 0.07851371017827238, "24": 0.07851371017827546, "25": -0.017057334105390332, "26": -0.01705733410538688, "27": -0.017057334105390714, "28": -0.061456376072879834, "29": -0.06145637607288017, "30": -0.061456376072881694, "31": 0.09745222519066475, "32": 0.09745222519066421, "33": 0.09745222519066579, "34": 0.024283956298394922, "35": 0.02428395629839626, "36": 0.024283956298396796, "37": -0.12173618148906244, "38": -0.12173618148906176, "39": -0.1217361814890627, "40": -0.040087847061474155, "41": -0.04008784706147396, "42": -0.04008784706147407, "43": -0.04008784706147357, "44": -0.040087847061474086, "45": -0.04008784706147361, "46": -0.040087847061475584, "47": -0.04008784706147556, "48": -0.04008784706147549, "49": 0.10664967567346395, "50": 0.10664967567346344, "51": 0.10664967567346363, "52": 0.10664967567345791, "53": 0.10664967567345746, "54": 0.10664967567345746, "55": 0.10664967567346097, "56": 0.10664967567346118, "57": 0.10664967567346104, "58": -0.06656182861198756, "59": -0.06656182861198742, "60": -0.06656182861198698, "61": -0.06656182861198588, "62": -0.06656182861198606, "63": -0.06656182861198494, "64": -0.06656182861198748, "65": -0.06656182861198805, "66": -0.06656182861198663, "67": 0.07767477371190604, "68": 0.07767477371190668, "69": 0.07767477371190631, "70": 0.07767477371191261, "71": 0.07767477371191253, "72": 0.07767477371191267, "73": 0.07767477371191615, "74": 0.07767477371191617, "75": 0.07767477371191608, "76": -0.016875072694390994, "77": -0.016875072694391084, "78": -0.016875072694391008, "79": -0.016875072694386817, "80": -0.01687507269438673, "81": -0.01687507269438663, "82": -0.016875072694391285, "83": -0.016875072694391674, "84": -0.016875072694391015, "85": -0.060799701017519664, "86": -0.06079970101751933, "87": -0.0607997010175195, "88": -0.06079970101751993, "89": -0.06079970101751997, "90": -0.0607997010175199, "91": -0.060799701017521246, "92": -0.06079970101752129, "93": -0.060799701017521385, "94": 0.09641092647666019, "95": 0.09641092647666005, "96": 0.0964109264766602, "97": 0.09641092647665955, "98": 0.09641092647665962, "99": 0.09641092647665932, "100": 0.09641092647666151, "101": 0.09641092647666145, "102": 0.09641092647666138, "103": 0.024024476820989356, "104": 0.02402447682098917, "105": 0.024024476820989307, "106": 0.024024476820991056, "107": 0.02402447682099101, "108": 0.024024476820990917, "109": 0.02402447682099166, "110": 0.02402447682099152, "111": 0.024024476820991587, "112": -0.12043540329765257, "113": -0.12043540329765252, "114": -0.12043540329765268, "115": -0.12043540329765173, "116": -0.12043540329765146, "117": -0.1204354032976514, "118": -0.12043540329765298, "119": -0.1204354032976524, "120": -0.12043540329765268, "121": -0.019800033269476526, "122": -0.019800033269476533, "123": -0.019800033269476547, "124": -0.019800033269476443, "125": -0.019800033269476415, "126": -0.019800033269476415, "127": -0.019800033269476464, "128": -0.019800033269476464, "129": -0.01980003326947645, "130": -0.019800033269476196, "131": -0.019800033269476238, "132": -0.019800033269476203, "133": -0.01980003326947647, "134": -0.01980003326947647, "135": -0.01980003326947645, "136": -0.019800033269476183, "137": -0.01980003326947614, "138": -0.019800033269476165, "139": -0.019800033269477237, "140": -0.019800033269477244, "141": -0.019800033269477237, "142": -0.019800033269477237, "143": -0.019800033269477237, "144": -0.019800033269477203, "145": -0.01980003326947714, "146": -0.019800033269477133, "147": -0.019800033269477154, "148": 0.05267599238430664, "149": 0.05267599238430668, "150": 0.05267599238430661, "151": 0.05267599238430633, "152": 0.052675992384306376, "153": 0.052675992384306404, "154": 0.05267599238430654, "155": 0.052675992384306494, "156": 0.052675992384306584, "157": 0.05267599238430371, "158": 0.05267599238430374, "159": 0.05267599238430371, "160": 0.05267599238430342, "161": 0.052675992384303434, "162": 0.05267599238430346, "163": 0.052675992384303434, "164": 0.052675992384303406, "165": 0.052675992384303434, "166": 0.05267599238430527, "167": 0.05267599238430529, "168": 0.05267599238430529, "169": 0.05267599238430541, "170": 0.052675992384305426, "171": 0.05267599238430541, "172": 0.052675992384305356, "173": 0.05267599238430527, "174": 0.05267599238430529, "175": -0.03287595911482917, "176": -0.03287595911482914, "177": -0.03287595911482925, "178": -0.03287595911482914, "179": -0.03287595911482917, "180": -0.0328759591148292, "181": -0.032875959114828865, "182": -0.03287595911482892, "183": -0.03287595911482895, "184": -0.03287595911482824, "185": -0.032875959114828185, "186": -0.032875959114828254, "187": -0.03287595911482835, "188": -0.03287595911482838, "189": -0.03287595911482835, "190": -0.032875959114827775, "191": -0.03287595911482781, "192": -0.03287595911482778, "193": -0.03287595911482914, "194": -0.032875959114828886, "195": -0.032875959114829004, "196": -0.03287595911482946, "197": -0.03287595911482928, "198": -0.03287595911482932, "199": -0.032875959114828664, "200": -0.03287595911482859, "201": -0.032875959114828615, "202": 0.038364821671175164, "203": 0.03836482167117514, "204": 0.038364821671175116, "205": 0.038364821671175456, "206": 0.03836482167117546, "207": 0.03836482167117545, "208": 0.038364821671175234, "209": 0.038364821671175234, "210": 0.03836482167117527, "211": 0.03836482167117844, "212": 0.0383648216711784, "213": 0.0383648216711784, "214": 0.038364821671178384, "215": 0.038364821671178384, "216": 0.03836482167117836, "217": 0.03836482167117844, "218": 0.03836482167117842, "219": 0.03836482167117843, "220": 0.03836482167118015, "221": 0.03836482167118017, "222": 0.038364821671180174, "223": 0.0383648216711802, "224": 0.038364821671180195, "225": 0.03836482167118019, "226": 0.03836482167118016, "227": 0.03836482167118013, "228": 0.038364821671180147, "229": -0.00833487017303271, "230": -0.008334870173032707, "231": -0.008334870173032697, "232": -0.008334870173032746, "233": -0.00833487017303276, "234": -0.008334870173032747, "235": -0.00833487017303272, "236": -0.008334870173032695, "237": -0.008334870173032702, "238": -0.008334870173030588, "239": -0.008334870173030619, "240": -0.008334870173030612, "241": -0.008334870173030574, "242": -0.008334870173030575, "243": -0.00833487017303057, "244": -0.008334870173030515, "245": -0.008334870173030506, "246": -0.00833487017303048, "247": -0.008334870173032891, "248": -0.008334870173032968, "249": -0.008334870173032919, "250": -0.00833487017303312, "251": -0.008334870173033162, "252": -0.008334870173033162, "253": -0.008334870173032801, "254": -0.008334870173032808, "255": -0.008334870173032801, "256": -0.030029951498144743, "257": -0.030029951498144778, "258": -0.030029951498144775, "259": -0.03002995149814462, "260": -0.030029951498144584, "261": -0.030029951498144625, "262": -0.03002995149814469, "263": -0.030029951498144695, "264": -0.030029951498144702, "265": -0.030029951498144858, "266": -0.030029951498144858, "267": -0.030029951498144858, "268": -0.03002995149814488, "269": -0.03002995149814485, "270": -0.03002995149814485, "271": -0.030029951498144802, "272": -0.030029951498144837, "273": -0.030029951498144872, "274": -0.03002995149814556, "275": -0.03002995149814556, "276": -0.030029951498145552,