{"name": "eigen", "eigen": 5, "normalized": false, "process_time": 0.023478031158447266, "data": {"E3": 0.012644906223790931, "E9": 0.03725763385878916, "Dorothy Murchison": -0.24164951715857366, "Eleanor Nye": 0.21828834755906493, "Flora Price": -0.05580710651225446, "Myra Liddel": 0.18545493065570046, "E10": 0.0663490280285024, "Ruth DeSand": 0.18122878028483566, "E7": 0.082688318918217, "E5": 0.08033678873536541, "Charlotte McDowd": 0.10632768912204615, "E14": -0.2714768644699538, "Sylvia Avondale": -0.039046398744020355, "E6": 0.09389920937858232, "Katherina Rogers": -0.07354786295645939, "E12": 0.1031352973924664, "E8": 0.07670602009148783, "Helen Lloyd": 0.12574789216015017, "Nora Fayette": -0.030852156850322346, "Brenda Rogers": -0.021939992679034463, "E2": -0.4016551738378686, "Theresa Anderson": -0.005658396205122669, "E1": -0.43246860789887115, "Laura Mandeville": -0.10773105618921526, "E13": -0.27147686446995617, "Frances Anderson": 0.17246019851757938, "Verne Sanderson": 0.19614543571993492, "Olivia Carleton": -0.055807106512253665, "E4": -0.013159540166592792, "Evelyn Jefferson": -0.09884224658278952, "Pearl Oglethorpe": 0.3933870147917326, "E11": -0.010938600204956891}}