{"name": "fiedler", "normalized": true, "process_time": 0.023465871810913086, "data": {"E3": -0.24009784792498734, "E9": 0.16850672212523413, "Dorothy Murchison": 0.04055834972062719, "Eleanor Nye": -0.09671749582566558, "Flora Price": 0.14667183370147324, "Myra Liddel": 0.156512011080462, "E10": 0.23644424625590196, "Ruth DeSand": -0.03181381134417901, "E7": -0.03847506278195598, "E5": -0.23661838706271593, "Charlotte McDowd": -0.1842631809885204, "E14": 0.1924743297812429, "Sylvia Avondale": 0.21856605456820843, "E6": -0.15320840627671095, "Katherina Rogers": 0.24234970284881024, "E12": 0.2369964474855796, "E8": -0.012027308463869854, "Helen Lloyd": 0.17094933149842975, "Nora Fayette": 0.23332679576033427, "Brenda Rogers": -0.21413927925351925, "E2": -0.15838583766567027, "Theresa Anderson": -0.1750140828316204, "E1": -0.1722798207584607, "Laura Mandeville": -0.21099188858237927, "E13": 0.1924743297812429, "Frances Anderson": -0.15091549702163953, "Verne Sanderson": 0.08207778201138428, "Olivia Carleton": 0.14667183370147324, "E4": -0.1960789813343026, "Evelyn Jefferson": -0.21398345535205404, "Pearl Oglethorpe": -0.006369644167011864, "E11": 0.23128582878792542}}