{"0": 0.40308110195608116, "1": 0.02952649305276823, "2": -0.43260759500884954, "3": -0.15661663345235746, "4": 0.13683824028363514, "5": 0.01977839316872286, "6": -0.573500589001478, "7": 0.5239268459373885, "8": 0.04957374306408972}