{"0": 0.11111111111111109, "1": 0.11111111111111109, "2": 0.11111111111111109, "3": 0.11111111111111109, "4": 0.11111111111111109, "5": 0.11111111111111109, "6": 0.1111111111111111, "7": 0.1111111111111111, "8": 0.1111111111111111}