{"name": "eigen", "eigen": 3, "normalized": false, "process_time": 0.004595279693603516, "data": {"YUG": 0.0308010561802055, "ROM": -0.038560606826532486, "NOR": -0.06156356501894213, "CHE": 0.11950884814764368, "BGR": -0.04136765271333028, "PRT": 0.008419060323464697, "NLD": -0.039414189837745285, "AUT": -0.03546274893819836, "BEL": -0.024992499676316424, "GBR": -0.05997028683369046, "DEU": -0.0486577469055628, "ESP": -0.016307107081512794, "FRA": 0.0405695676132943, "ITA": -0.024673516365806673, "TUR": -0.028204837358808608, "SCO": -0.06378429892426256, "GRE": -0.05505043475319717, "DNK": -0.059146872973248915, "HRV": -0.03827349560296223, "PRY": 0.011152679638750702, "ARG": -0.04990770842761911, "COL": -0.054142723962578194, "BRA": 0.015918541074167836, "CHL": -0.2800734468493205, "KOR": 0.7483720440029937, "IRN": -0.23437274317992265, "JPN": 0.48056986416736064, "MEX": -0.008098230737071542, "JAM": -0.09080854099411338, "USA": -0.09985556389023803, "ZAF": -0.02877894238966287, "NGA": -0.016296788571493928, "TUN": 0.002376343001729506, "MAR": -0.0157841338189208, "CMR": 0.05586067848144819}}