{"name": "eigen", "eigen": 3, "normalized": true, "process_time": 0.006632804870605469, "data": {"YUG": -0.047003930743808646, "ROM": 0.10697359293437236, "NOR": -0.20789998122947367, "CHE": 0.0643311696438994, "BGR": 0.19580799271255078, "PRT": 0.09728926325944248, "NLD": 0.0601645081174666, "AUT": 0.11948803354458104, "BEL": 0.11116218923937857, "GBR": -0.3067151234123908, "DEU": 0.23143000473004738, "ESP": 0.1047677143758405, "FRA": 0.042733806026014544, "ITA": 0.05127785601757068, "TUR": 0.19667791609161386, "SCO": -0.22131461158346152, "GRE": -0.02723589288344988, "DNK": -0.1028515413526458, "HRV": 0.06532763762513441, "PRY": -0.16072905902082274, "ARG": 0.06284648188582105, "COL": 0.015215030243120225, "BRA": -0.15130396498329302, "CHL": 0.031991717508605834, "KOR": -0.45217136720299195, "IRN": 0.10023291921157967, "JPN": -0.46901378751079625, "MEX": -0.07309489410617356, "JAM": -0.18817569281201085, "USA": 0.0332141976793671, "ZAF": 0.08481038862784755, "NGA": 0.16265649710460808, "TUN": 0.09238937639448853, "MAR": 0.1487749527299586, "CMR": 0.004826639976167155}}