{"name": "fiedler", "normalized": true, "process_time": 0.03223705291748047, "data": {"YUG": -0.12004454233609785, "ROM": 0.05293879629645761, "NOR": 0.30677957148045654, "CHE": 0.017629065465802164, "BGR": 0.013682484140380965, "PRT": -0.09170334529287154, "NLD": 0.07110007119704399, "AUT": 0.031236685995693965, "BEL": -0.006916936693935705, "GBR": 0.45452959348180483, "DEU": 0.07578576653313224, "ESP": -0.1311190340485774, "FRA": -0.09461699463864699, "ITA": -0.13317953597973403, "TUR": 0.04068152113145461, "SCO": 0.2838897650640773, "GRE": 0.07880050902881812, "DNK": 0.2142640824372894, "HRV": 0.007402108642977946, "PRY": -0.33865525182189576, "ARG": -0.12374007632805856, "COL": -0.11457161469817674, "BRA": -0.363969350999956, "CHL": -0.03030029419496356, "KOR": -0.2141045748807729, "IRN": 0.026998689736563043, "JPN": -0.25173657000924676, "MEX": -0.12668196116946967, "JAM": 0.22937961344323782, "USA": 0.03157809546328635, "ZAF": 0.08996201790777768, "NGA": -0.012461915989927764, "TUN": -0.03012858531678096, "MAR": -0.07171816162761883, "CMR": -0.11235823068244216}}