{"name": "eigen", "eigen": 1, "normalized": false, "process_time": 0.0035200119018554688, "data": {"0": -0.028409317792038563, "1": -0.13191539373046257, "2": -0.10997564049659647, "3": -0.1099756404965967, "4": -0.13856060857453886, "5": -0.2734170878172433, "6": -0.3230378844325381, "7": -0.3125199701638617, "8": -0.31251997016386174, "9": -0.2528934006931696, "10": 0.0284093177920388, "11": 0.13191539373046354, "12": 0.10997564049659746, "13": 0.10997564049659743, "14": 0.13856060857453917, "15": 0.2734170878172423, "16": 0.3230378844325362, "17": 0.3125199701638602, "18": 0.31251997016386024, "19": 0.25289340069316846}}