{"name": "fiedler", "normalized": false, "process_time": 0.01866292953491211, "data": {"0": -0.1208831939624373, "1": -0.23514857095918493, "2": -0.21092821341626336, "3": -0.21092821341626336, "4": -0.21721650841201032, "5": -0.24688305785938097, "6": -0.2577989423022013, "7": -0.2554851475203639, "8": -0.2554851475203639, "9": -0.18966049525683673, "10": 0.12088317485676782, "11": 0.23514853539991942, "12": 0.21092818120180648, "13": 0.21092818120180648, "14": 0.21721648572832958, "15": 0.24688307696505027, "16": 0.25779897786146677, "17": 0.25548517973482077, "18": 0.25548517973482077, "19": 0.1896605179405174}}