{"0": 1.816326530612245, "1": 1.816326530612245, "2": 1.836734693877551, "3": 1.816326530612245, "4": 1.7959183673469388, "5": 1.816326530612245, "6": 1.836734693877551, "7": 1.836734693877551, "8": 1.7959183673469388, "9": 1.816326530612245, "10": 1.8571428571428572, "11": 1.816326530612245, "12": 1.7959183673469388, "13": 1.816326530612245, "14": 1.8571428571428572, "15": 1.8775510204081634, "16": 1.7959183673469388, "17": 1.7959183673469388, "18": 1.7959183673469388, "19": 1.816326530612245, "20": 1.816326530612245, "21": 1.836734693877551, "22": 1.816326530612245, "23": 1.7959183673469388, "24": 1.7959183673469388, "25": 1.816326530612245, "26": 1.816326530612245, "27": 1.816326530612245, "28": 1.7959183673469388, "29": 1.816326530612245, "30": 1.836734693877551, "31": 1.836734693877551, "32": 1.7959183673469388, "33": 1.816326530612245, "34": 1.816326530612245, "35": 1.7959183673469388, "36": 1.8775510204081634, "37": 1.836734693877551, "38": 1.816326530612245, "39": 1.7959183673469388, "40": 1.0, "41": 1.0204081632653061, "42": 1.0408163265306123, "43": 1.0612244897959184, "44": 1.0816326530612246, "45": 1.1020408163265305, "46": 1.1224489795918366, "47": 1.1428571428571428, "48": 1.163265306122449, "49": 1.183673469387755}