{"name": "density", "eps": 0.5, "process_time": 0.03194594383239746, "data": {"0": 2.096436233636901, "1": 2.366435874854322, "2": 2.366435874854322, "3": 2.366435874854322, "4": 2.366435874854322, "5": 2.2314360542456115, "6": 2.2314360542456115, "7": 2.2314360542456115, "8": 2.366435874854322, "9": 1.9614364130281907, "10": 2.366435874854322, "11": 2.366435874854322, "12": 2.2314360542456115, "13": 2.366435874854322, "14": 2.096436233636901, "15": 2.2314360542456115, "16": 2.366435874854322, "17": 2.366435874854322, "18": 2.366435874854322, "19": 2.366435874854322, "20": 2.096436233636901, "21": 2.2314360542456115, "22": 2.096436233636901, "23": 2.096436233636901, "24": 2.096436233636901, "25": 2.2314360542456115, "26": 1.9614364130281907, "27": 2.366435874854322, "28": 2.096436233636901, "29": 2.366435874854322, "30": 2.366435874854322, "31": 2.366435874854322, "32": 2.096436233636901, "33": 1.1514374893759283, "34": 2.2314360542456115, "35": 2.2314360542456115, "36": 2.366435874854322, "37": 1.9614364130281907, "38": 2.2314360542456115, "39": 2.2314360542456115, "40": 7.631428878594016, "41": 7.496429057985306, "42": 7.361429237376597, "43": 7.226429416767887, "44": 7.091429596159178, "45": 6.956429775550468, "46": 6.821429954941759, "47": 6.686430134333049, "48": 6.55143031372434, "49": 6.41643049311563}}