{"name": "eigen", "eigen": 2, "normalized": false, "process_time": 0.005709171295166016, "data": {"0": -0.011858976374612147, "1": 0.0042170831404362485, "2": 0.004217083140436503, "3": 0.004217083140437453, "4": 0.004217083140437768, "5": 0.01660001748171853, "6": -0.006223974609755854, "7": -0.00235951788230407, "8": 0.004217083140436171, "9": 0.748278349666216, "10": 0.004217083140436388, "11": 0.0042170831404359545, "12": -0.0058183851831870945, "13": 0.0042170831404359805, "14": 0.01533753365902765, "15": -0.006223974609759144, "16": 0.004217083140437224, "17": 0.004217083140435007, "18": 0.004217083140437498, "19": 0.0042170831404362615, "20": 0.007936219014957292, "21": 0.016600017481718486, "22": -0.01108218026222811, "23": 0.025561732046450323, "24": -0.0046219556880143665, "25": -0.0023595178823047967, "26": -0.6069838709703683, "27": 0.004217083140436621, "28": 0.043576714662410886, "29": 0.004217083140436621, "30": 0.004217083140436621, "31": 0.004217083140436621, "32": -0.027598812545011772, "33": -2.4774597082397493e-17, "34": -0.0023595178823047967, "35": -0.005818385183185873, "36": 0.004217083140436562, "37": -0.2528658326905025, "38": -0.006223974609755445, "39": -0.006223974609755917, "40": -6.873882076522079e-17, "41": 5.746231211209193e-17, "42": 0.00011247652765924271, "43": -0.01975064189854034, "44": -6.70350343552694e-05, "45": -0.01482047968089174, "46": -0.021695745544616507, "47": 0.025217547511579584, "48": 0.017979437921249508, "49": 0.026066293781045167}}