{"0": -0.043952570956677754, "1": -0.042882360253347164, "2": -0.05856468849082532, "3": -0.034405530950787466, "4": -0.028531448730939147, "5": -0.048080532232171354, "6": -0.08365645949886591, "7": -0.09959360522058561, "8": -0.0285314487309389, "9": -0.04808053223217152, "10": 0.6894385957652692, "11": -0.034405530950787036, "12": -0.028531448730938914, "13": -0.026412479078955407, "14": 0.6710890112048216, "15": 0.07539274773137933, "16": -0.028531448730939192, "17": -0.02853144873093922, "18": -0.028531448730939192, "19": -0.03440553095078687, "20": -0.04808053223217136, "21": -0.03633981403343981, "22": -0.02641247907895567, "23": -0.028531448730939206, "24": -0.028531448730939206, "25": -0.03449297192349283, "26": -0.04808053223217135, "27": -0.03610978525863442, "28": -0.028531448730939206, "29": -0.02641247907895567, "30": -0.039625303490762494, "31": -0.05556244921247826, "32": -0.028531448730939206, "33": -0.03610978525863442, "34": -0.03440553095078684, "35": -0.028531448730939206, "36": 0.05417564298578182, "37": -0.03885901404759895, "38": -0.048080532232171416, "39": -0.028531448730939237, "40": 1.9489667291441893e-16, "41": -0.0017963947628395242, "42": -0.00027565488149263107, "43": -0.014352784902169822, "44": -0.016793687676913905, "45": 0.0018315041628324572, "46": -0.0169658519394357, "47": -0.013610311887894393, "48": 0.009959128853202747, "49": -0.03270353003505617}