{"0": -0.00011055663166037455, "1": -0.005779494107686258, "2": -0.010421379775077828, "3": 0.005920546829168959, "4": -0.0002837802107024042, "5": 0.006461606193113064, "6": 7.919066130218995e-05, "7": 0.009962487850025438, "8": -0.0002837802107024042, "9": 0.006461606193113064, "10": -0.002664564337329862, "11": 0.005920546829168959, "12": -0.0002837802107024042, "13": -0.0008221858170934824, "14": -0.01995920211709142, "15": 0.717247703410877, "16": -0.0002837802107024042, "17": -0.0002837802107024042, "18": -0.0002837802107024042, "19": 0.005920546829168959, "20": 0.006461606193113064, "21": -0.009985025824534977, "22": -0.0008221858170934824, "23": -0.0002837802107024042, "24": -0.0002837802107024042, "25": -0.006295966533731702, "26": 0.006461606193113064, "27": -0.00678407665419325, "28": -0.0002837802107024042, "29": -0.0008221858170934824, "30": -0.010707902430138597, "31": -0.0008246052414153529, "32": -0.0002837802107024042, "33": -0.00678407665419325, "34": 0.005920546829168959, "35": -0.0002837802107024042, "36": -0.6943412801085446, "37": -0.0015919839200061146, "38": 0.006461606193113064, "39": -0.0002837802107024042, "40": -2.42615245927245e-12, "41": -0.01664954300993838, "42": 0.016638197780038028, "43": 0.0007783167061455514, "44": 0.018228479513873345, "45": -0.0008171565411528308, "46": -0.01938766639714513, "47": 0.019731429138650208, "48": -0.02105365533344047, "49": 0.0013740322562628086}