{"name": "fiedler", "normalized": false, "process_time": 0.012249231338500977, "data": {"0": -0.020619653557467865, "1": -0.020619652158883714, "2": -0.020619652150825275, "3": -0.02061965221697855, "4": -0.020619652046347126, "5": -0.020619652850109988, "6": -0.020619652128680596, "7": -0.02061965192891853, "8": -0.020619652506537373, "9": -0.020619656476281074, "10": -0.02061965219724664, "11": -0.02061965238177159, "12": -0.020619652231970893, "13": -0.02061965206961079, "14": -0.02061965472717871, "15": -0.020619652729541683, "16": -0.020619652348783754, "17": -0.020619652188304544, "18": -0.020619652170837017, "19": -0.020619652485090248, "20": -0.020619655993120115, "21": -0.020619652512671494, "22": -0.0206196514814659, "23": -0.02061964999456502, "24": -0.02061965192486294, "25": -0.020619651779829568, "26": -0.02061965830374761, "27": -0.02061965221778668, "28": -0.020619650762009764, "29": -0.020619652363037047, "30": -0.020619652371209288, "31": -0.020619652312284645, "32": -0.02061965271306211, "33": 0.9897433186124089, "34": -0.020619652087152957, "35": -0.0206196520422932, "36": -0.020619652063693553, "37": -0.020619648381533618, "38": -0.02061965173129758, "39": -0.020619652121972518, "40": -7.947459357282567e-11, "41": -0.020619652457107937, "42": -0.02061965248217217, "43": -0.020619652415447543, "44": -0.020619652536290514, "45": -0.020619652591089957, "46": -0.020619652198416678, "47": -0.020619652475389928, "48": -0.020619652315135226, "49": -0.020619652352920948}}