{"0": 0.01201781237406454, "1": 0.012016217692647503, "2": 0.011014117245796, "3": 0.012014438346004972, "4": 0.0130171576046342, "5": 0.012012386732444287, "6": 0.011010897314016301, "7": 0.01101304150187463, "8": 0.0130171576046342, "9": 0.012012386732444287, "10": 0.010009095377082906, "11": 0.012014438346004972, "12": 0.0130171576046342, "13": 0.012013304054140118, "14": 0.010011381214451477, "15": 0.009010113901600671, "16": 0.0130171576046342, "17": 0.0130171576046342, "18": 0.0130171576046342, "19": 0.012014438346004972, "20": 0.012012386732444287, "21": 0.011012932154861692, "22": 0.012013304054140118, "23": 0.0130171576046342, "24": 0.0130171576046342, "25": 0.012016785705355774, "26": 0.012012386732444287, "27": 0.012015668186206212, "28": 0.0130171576046342, "29": 0.012013304054140118, "30": 0.01101181463571213, "31": 0.01101395882357046, "32": 0.0130171576046342, "33": 0.012015668186206212, "34": 0.012014438346004972, "35": 0.0130171576046342, "36": 0.009015011144371426, "37": 0.011011753113729907, "38": 0.012012386732444287, "39": 0.0130171576046342, "40": 0.0577596991240488, "41": 0.05648491166689912, "42": 0.05534856753737312, "43": 0.05420397646981537, "44": 0.05296318080689502, "45": 0.05173304592827779, "46": 0.05072795007682922, "47": 0.04948742939815939, "48": 0.04846740740925382, "49": 0.04724207254662867}