{"name": "eigen", "eigen": 2, "normalized": true, "process_time": 0.0034339427947998047, "data": {"0": -0.13185170668106555, "1": -0.11974868909706948, "2": -0.6744193638818562, "3": 0.2427677718741762, "4": 0.2199624918523302, "5": -0.4558851029779772, "6": 0.21627096506314408, "7": 0.07610263666729741, "8": -0.02836223315527412, "9": 0.3806754872848044}}