{"0": 2.049382716049383, "1": 2.320987654320988, "2": 2.4814814814814814, "3": 2.0123456790123457, "4": 2.049382716049383, "5": 2.320987654320988, "6": 2.4814814814814814, "7": 2.0123456790123457, "8": 2.049382716049383, "9": 2.320987654320988, "10": 2.4814814814814814, "11": 2.0123456790123457, "12": 2.049382716049383, "13": 2.320987654320988, "14": 2.4814814814814814, "15": 2.0123456790123457, "16": 2.049382716049383, "17": 2.320987654320988, "18": 2.4814814814814814, "19": 2.0123456790123457, "20": 2.049382716049383, "21": 2.320987654320988, "22": 2.4814814814814814, "23": 2.0123456790123457, "24": 2.049382716049383, "25": 2.320987654320988, "26": 2.4814814814814814, "27": 2.0123456790123457}