{"name": "eigen", "eigen": 5, "normalized": true, "process_time": 0.07285904884338379, "data": {"0": 1.0672055302512702e-08, "1": 0.044271355762120115, "2": 0.043795508092062785, "3": 0.06471771172452258, "4": 0.10315107597572253, "5": 0.06583385908378328, "6": 0.1098824985462085, "7": 0.031962406312201555, "8": -0.1858718269615823, "9": -0.1628998707388477, "10": -0.24179692872699698, "11": -0.12231197778560605, "12": 0.23177838304933895, "13": 0.22770156515827658, "14": 0.32582051172867954, "15": 0.1884361620006049, "16": -0.23177838779884957, "17": -0.2474041720216745, "18": -0.3453113464561532, "19": -0.21723825331351662, "20": 0.1858718402694171, "21": 0.21810534840313078, "22": 0.29640903405224206, "23": 0.20301364430535226, "24": -0.10315109520610169, "25": -0.1456080856467884, "26": -0.18879927723604262, "27": -0.14857969324355802}}