{"name": "fiedler", "normalized": false, "process_time": 0.01732182502746582, "data": {"0": -0.19139932496661527, "1": -0.17209502914009578, "2": -0.17730489770086735, "3": -0.13249265768609123, "4": 0.013942922784675436, "5": 0.07011567355847309, "6": 0.04841853013421502, "7": 0.08971036067095453, "8": 0.20878585415869444, "9": 0.2595278299967925, "10": 0.23768180492427274, "11": 0.2443596397865646, "12": 0.24640878592076146, "13": 0.2535102516784537, "14": 0.2479658438366658, "15": 0.2150011371212528, "16": 0.09848088407127181, "17": 0.05659429063970126, "18": 0.07152655213423265, "19": 0.023742395979754406, "20": -0.12360514271709219, "21": -0.1829383435183906, "22": -0.15877370653884984, "23": -0.18539486593327686, "24": -0.25261397925169576, "25": -0.2847146732149343, "26": -0.269514126789669, "27": -0.25492600993915837}}