{"name": "fiedler", "normalized": true, "process_time": 0.026121854782104492, "data": {"0": -0.21814766355343895, "1": -0.1220381649907694, "2": -0.20192554688330477, "3": -0.14554156437792312, "4": 0.009664184677686299, "5": 0.04440292370227487, "6": 0.047409511955794875, "7": 0.0903803372594775, "8": 0.23019871138226666, "9": 0.17740771086064092, "10": 0.2610442496069412, "11": 0.2582440079534555, "12": 0.27738891367718305, "13": 0.17682087198075874, "14": 0.27810734179274743, "15": 0.23164467077156867, "16": 0.11569959945881604, "17": 0.043084304872642844, "18": 0.08574992546952763, "19": 0.03061216645215386, "20": -0.13311387043624204, "21": -0.12309561887907873, "22": -0.1711789291120444, "23": -0.19347191836608565, "24": -0.281689875059152, "25": -0.19658202746636974, "26": -0.29920655291975873, "27": -0.2718676998062076}}