{"0": 0.035220794044929615, "1": 0.025383526292602182, "2": 0.03596103154896377, "3": 0.04629179097064729, "4": 0.03522079404492961, "5": 0.025383526292602175, "6": 0.03596103154896376, "7": 0.04629179097064729, "8": 0.0352207940449296, "9": 0.025383526292602175, "10": 0.03596103154896376, "11": 0.04629179097064729, "12": 0.0352207940449296, "13": 0.025383526292602175, "14": 0.03596103154896376, "15": 0.04629179097064729, "16": 0.0352207940449296, "17": 0.025383526292602175, "18": 0.03596103154896376, "19": 0.04629179097064729, "20": 0.0352207940449296, "21": 0.025383526292602175, "22": 0.03596103154896376, "23": 0.0462917909706473, "24": 0.03522079404492961, "25": 0.025383526292602182, "26": 0.03596103154896377, "27": 0.046291790970647305}