{"name": "eigen", "eigen": 2, "normalized": true, "process_time": 0.003999948501586914, "data": {"0": 0.21442646382075067, "1": 0.19128181791269105, "2": 0.160672558559263, "3": -0.050304662153660105, "4": -0.2237725136476716, "5": -0.35872061767358504, "6": -0.4264308134613282, "7": -0.4098600703819479, "8": -0.3097539819587163, "9": -0.14533182697203764, "10": 0.049556900502132684, "11": 0.28396173540415603, "12": 0.28314675473898776, "13": 0.2831467547389878}}