{"0": 0.034530132252195006, "1": 0.2247579020185848, "2": -0.25928803427077995, "3": 0.2740243146938126, "4": -0.23753170965206594, "5": -0.03649260504174669, "6": 0.18759184976018412, "7": -0.1626097043253955, "8": 0.17591479902804347, "9": -0.06239761965062138, "10": -0.024982145434788494, "11": 0.44177213090587847, "12": 0.2971153686725482, "13": -0.47303016770059125, "14": -0.37937451125525745}