{"0": -0.09045821536312466, "1": -0.09045821536312507, "2": -0.09045821536312473, "3": 0.2805817256838547, "4": 0.28058172568385503, "5": 0.28058172568385514, "6": -0.4263884593224826, "7": -0.42638845932248426, "8": 0.1797462399822594, "9": 0.17974623998226008, "10": -0.4263884593224847, "11": 0.17974623998226041, "12": 0.17974623998225958, "13": 0.17974623998226014, "14": 0.17974623998226125}