{"name": "eigen", "eigen": 4, "normalized": true, "process_time": 0.010489940643310547, "data": {"0": -0.017669809484129287, "1": -0.07550936743766061, "2": -0.10464901836267325, "3": -0.0983225181056309, "4": -0.10785118449100978, "5": -0.07071155805292678, "6": -0.05053237736193316, "7": -0.028330362959226297, "8": -0.004994271431104974, "9": 0.018541743020568636, "10": 0.05062547003288537, "11": 0.060803046723626686, "12": 0.0953299730417434, "13": 0.08860666073002232, "14": 0.13552374637522757, "15": 0.10696292999299041, "16": 0.0720631290387938, "17": 0.06485445819031022, "18": -0.09330492651863938, "19": -0.1828748150144483, "20": -0.11932573480503875, "21": -0.12806273486980965, "22": -0.08138570087567978, "23": -0.05438255417062393, "24": -0.0753692038899564, "25": -0.07081279910715711, "26": -0.06342172624158093, "27": -0.05349185325232136, "28": -0.041420677405177554, "29": -0.033914916395000466, "30": -0.02137219948595105, "31": -0.017388250362911625, "32": -0.00376605554357487, "33": -0.022803051299447166, "34": 0.08906268306391826, "35": 0.03184924052089215, "36": 0.05406037288093897, "37": -0.04693255503247474, "38": -0.07966254088999272, "39": 0.06914584272346197, "40": 0.07618668437540874, "41": 0.03562329636181579, "42": 0.005470035272122323, "43": 0.09742543586562605, "44": 0.13502266768835755, "45": 0.12685994475791754, "46": -0.01898829006581865, "47": 0.04733888317697996, "48": 0.09176278514522165, "49": 0.15575663031242662, "50": 0.14004176713635635, "51": 0.10383249306542416, "52": 0.05297658474706355, "53": 0.15117352180043245, "54": 0.1109790851855335, "55": 0.0940829641793313, "56": 0.0890626830639186, "57": 0.0032164644924312343, "58": 0.15136869611005008, "59": -0.05495071050712552, "60": 0.03887136119199711, "61": -0.02256533195014309, "62": -0.031273468680026756, "63": -0.029382847910349265, "64": -0.07544714598278196, "65": 0.08988229694364992, "66": 0.08444851090710122, "67": 0.056162898597526476, "68": 0.03887136119199696, "69": -0.2442037489012313, "70": -0.19057223126399225, "71": -0.0189882900658186, "72": -0.011978856817916168, "73": -0.020332712983819282, "74": 0.113618961386961, "75": 0.0917627851452215, "76": -0.23117300014011832, "77": -0.3923892181787586, "78": -0.2880596810308661, "79": 0.004918143158783264, "80": -0.04160927881581808, "81": 0.009094065279286558, "82": 0.08035223554659042, "83": 0.0032164644924311406, "84": 0.006304172469783119, "85": 0.11624757698795038, "86": 0.1611084191490764, "87": 0.029825594712631236, "88": -0.0635396711539967, "89": 0.13556961633036685, "90": 0.005470035272122115, "91": 0.009284747191658817, "92": 0.009639410842870955, "93": 0.019532788526457567, "94": 0.004448340303841003, "95": -0.007229843496026497, "96": -0.23117300014011827, "97": -0.014298654561047633, "98": -0.01981661632850977, "99": -0.012749628785495511}}