{"name": "eigen", "eigen": 3, "normalized": false, "process_time": 0.037026166915893555, "data": {"0": -1.2927963182564232e-15, "1": 0.0049808342778573204, "2": 0.004731007647689461, "3": 0.004731007647689421, "4": 0.004731007647689622, "5": 0.004731007647689375, "6": 0.004731007647689465, "7": 0.004731007647689505, "8": 0.004731007647689414, "9": 0.004731007647689433, "10": 0.0047310076476894366, "11": 0.004731007647689484, "12": 0.004731007647689499, "13": 0.004731007647689467, "14": 0.004731007647689489, "15": 0.004731007647689474, "16": 0.004731007647689495, "17": 0.004731007647689451, "18": 0.0047310076476894634, "19": 0.008914906914517812, "20": 0.09232998908300699, "21": 0.0969803945903581, "22": 0.09674714147009666, "23": 0.0967471414700968, "24": 0.09674714147009666, "25": 0.09674714147009666, "26": 0.09674714147009676, "27": 0.09674714147009679, "28": 0.0967471414700968, "29": 0.09674714147009675, "30": 0.09674714147009676, "31": 0.09674714147009675, "32": 0.09674714147009678, "33": 0.09674714147009676, "34": 0.09674714147009678, "35": 0.09674714147009679, "36": 0.09674714147009679, "37": 0.09674714147009675, "38": 0.09674714147009678, "39": 0.09485175240497916, "40": 0.05706307143420352, "41": 0.054956345821357264, "42": 0.055062014095221545, "43": 0.055062014095221545, "44": 0.055062014095221545, "45": 0.055062014095221545, "46": 0.05506201409522153, "47": 0.05506201409522155, "48": 0.055062014095221545, "49": 0.055062014095221545, "50": 0.055062014095221545, "51": 0.055062014095221545, "52": 0.05506201409522154, "53": 0.055062014095221545, "54": 0.05506201409522155, "55": 0.055062014095221545, "56": 0.055062014095221545, "57": 0.05506201409522155, "58": 0.05506201409522154, "59": 0.04970669996424582, "60": -0.05706307143420522, "61": -0.06301550497526506, "62": -0.06271694527022302, "63": -0.06271694527022302, "64": -0.06271694527022299, "65": -0.06271694527022302, "66": -0.06271694527022299, "67": -0.062716945270223, "68": -0.062716945270223, "69": -0.06271694527022302, "70": -0.06271694527022302, "71": -0.06271694527022302, "72": -0.06271694527022302, "73": -0.06271694527022302, "74": -0.062716945270223, "75": -0.06271694527022302, "76": -0.06271694527022302, "77": -0.062716945270223, "78": -0.062716945270223, "79": -0.06413132235848071, "80": -0.09232998908299897, "81": -0.09390206971430225, "82": -0.09382321794277944, "83": -0.09382321794277947, "84": -0.09382321794277942, "85": -0.09382321794277945, "86": -0.09382321794277945, "87": -0.09382321794277944, "88": -0.09382321794277944, "89": -0.09382321794277945, "90": -0.09382321794277945, "91": -0.09382321794277945, "92": -0.09382321794277945, "93": -0.09382321794277945, "94": -0.09382321794277945, "95": -0.09382321794277945, "96": -0.09382321794277947, "97": -0.09382321794277945, "98": -0.09382321794277945, "99": -0.0893420369252567, "100": 2.26150598781311e-15, "101": 0.004980834277860619, "102": 0.0047310076476927984, "103": 0.0047310076476928, "104": 0.004731007647692801, "105": 0.004731007647692797, "106": 0.004731007647692798, "107": 0.0047310076476927984, "108": 0.0047310076476928, "109": 0.0047310076476928, "110": 0.004731007647692801, "111": 0.0047310076476928, "112": 0.004731007647692799, "113": 0.004731007647692801, "114": 0.0047310076476928, "115": 0.0047310076476928, "116": 0.004731007647692799, "117": 0.004731007647692799, "118": 0.004731007647692799, "119": 0.008914906914520846, "120": 0.09232998908300319, "121": 0.09698039459035399, "122": 0.09674714147009261, "123": 0.09674714147009261, "124": 0.09674714147009264, "125": 0.09674714147009264, "126": 0.09674714147009258, "127": 0.09674714147009261, "128": 0.0967471414700926, "129": 0.09674714147009258, "130": 0.09674714147009261, "131": 0.0967471414700926, "132": 0.09674714147009263, "133": 0.09674714147009261, "134": 0.0967471414700926, "135": 0.09674714147009258, "136": 0.09674714147009257, "137": 0.09674714147009258, "138": 0.0967471414700926, "139": 0.09485175240497534, "140": 0.05706307143420545, "141": 0.05495634582135953, "142": 0.05506201409522384, "143": 0.05506201409522385, "144": 0.05506201409522385, "145": 0.055062014095223856, "146": 0.05506201409522385, "147": 0.05506201409522384, "148": 0.05506201409522386, "149": 0.05506201409522385, "150": 0.05506201409522384, "151": 0.05506201409522384, "152": 0.055062014095223856, "153": 0.05506201409522386, "154": 0.05506201409522387, "155": 0.055062014095223856, "156": 0.05506201409522386, "157": 0.055062014095223856, "158": 0.05506201409522386, "159": 0.04970669996424841, "160": -0.05706307143420092, "161": -0.06301550497526053, "162": -0.06271694527021844, "163": -0.06271694527021844, "164": -0.06271694527021845, "165": -0.06271694527021843, "166": -0.06271694527021845, "167": -0.06271694527021844, "168": -0.06271694527021844, "169": -0.06271694527021845, "170": -0.06271694527021844, "171": -0.06271694527021845, "172": -0.06271694527021844, "173": -0.06271694527021841, "174": -0.06271694527021843, "175": -0.06271694527021844, "176": -0.06271694527021844, "177": -0.06271694527021845, "178": -0.06271694527021844, "179": -0.06413132235847664, "180": -0.092329989083006, "181": -0.09390206971430984, "182": -0.09382321794278703, "183": -0.09382321794278703, "184": -0.09382321794278703, "185": -0.09382321794278703, "186": -0.09382321794278702, "187": -0.09382321794278703, "188": -0.09382321794278704, "189": -0.09382321794278702, "190": -0.09382321794278702, "191": -0.09382321794278703, "192": -0.09382321794278703, "193": -0.09382321794278703, "194": -0.09382321794278703, "195": -0.09382321794278704, "196": -0.09382321794278703, "197": -0.09382321794278704, "198": -0.09382321794278702, "199": -0.08934203692526409}}