{"name": "eigen", "eigen": 4, "normalized": false, "process_time": 0.037026166915893555, "data": {"0": -0.09708149568511704, "1": -0.10035285024293794, "2": -0.10018876699108223, "3": -0.10018876699108237, "4": -0.1001887669910824, "5": -0.1001887669910824, "6": -0.10018876699108253, "7": -0.10018876699108241, "8": -0.10018876699108245, "9": -0.10018876699108276, "10": -0.10018876699108231, "11": -0.10018876699108228, "12": -0.10018876699108235, "13": -0.10018876699108231, "14": -0.10018876699108242, "15": -0.10018876699108241, "16": -0.1001887669910824, "17": -0.10018876699108244, "18": -0.10018876699108241, "19": -0.09683640571003017, "20": -0.029999832006042823, "21": -0.02627368126249127, "22": -0.026460575993740947, "23": -0.02646057599374095, "24": -0.02646057599374094, "25": -0.026460575993740937, "26": -0.026460575993740954, "27": -0.026460575993740947, "28": -0.026460575993740944, "29": -0.026460575993740944, "30": -0.026460575993740947, "31": -0.02646057599374095, "32": -0.02646057599374095, "33": -0.02646057599374095, "34": -0.02646057599374095, "35": -0.02646057599374095, "36": -0.026460575993740947, "37": -0.026460575993740944, "38": -0.026460575993740947, "39": -0.021445514725371595, "40": 0.07854057984859636, "41": 0.08411482221313775, "42": 0.0838352316650517, "43": 0.08383523166505169, "44": 0.0838352316650517, "45": 0.08383523166505169, "46": 0.08383523166505172, "47": 0.08383523166505172, "48": 0.08383523166505172, "49": 0.0838352316650517, "50": 0.08383523166505172, "51": 0.0838352316650517, "52": 0.08383523166505173, "53": 0.08383523166505173, "54": 0.0838352316650517, "55": 0.0838352316650517, "56": 0.0838352316650517, "57": 0.0838352316650517, "58": 0.0838352316650517, "59": 0.08358234870351484, "60": 0.07854057984859783, "61": 0.07825950034786297, "62": 0.07827359861746197, "63": 0.07827359861746198, "64": 0.07827359861746197, "65": 0.07827359861746196, "66": 0.07827359861746197, "67": 0.07827359861746198, "68": 0.07827359861746197, "69": 0.07827359861746197, "70": 0.07827359861746197, "71": 0.07827359861746197, "72": 0.07827359861746198, "73": 0.07827359861746197, "74": 0.07827359861746197, "75": 0.07827359861746198, "76": 0.07827359861746197, "77": 0.07827359861746198, "78": 0.07827359861746198, "79": 0.07310224708368768, "80": -0.029999832006023866, "81": -0.03574779105555977, "82": -0.03545948729767894, "83": -0.03545948729767895, "84": -0.03545948729767896, "85": -0.03545948729767896, "86": -0.03545948729767896, "87": -0.035459487297678956, "88": -0.035459487297678956, "89": -0.035459487297678956, "90": -0.03545948729767896, "91": -0.03545948729767896, "92": -0.03545948729767896, "93": -0.035459487297678956, "94": -0.03545948729767895, "95": -0.03545948729767896, "96": -0.03545948729767896, "97": -0.03545948729767897, "98": -0.03545948729767897, "99": -0.038402675351788505, "100": -0.09708149568509496, "101": -0.10035285024291561, "102": -0.10018876699106005, "103": -0.10018876699106007, "104": -0.10018876699106007, "105": -0.10018876699106005, "106": -0.10018876699106005, "107": -0.10018876699106005, "108": -0.10018876699106005, "109": -0.10018876699106005, "110": -0.10018876699106005, "111": -0.10018876699106005, "112": -0.10018876699106005, "113": -0.10018876699106005, "114": -0.10018876699106005, "115": -0.10018876699106007, "116": -0.10018876699106005, "117": -0.10018876699106008, "118": -0.10018876699106008, "119": -0.09683640571000791, "120": -0.02999983200602033, "121": -0.026273681262469196, "122": -0.026460575993718708, "123": -0.026460575993718708, "124": -0.02646057599371871, "125": -0.026460575993718708, "126": -0.02646057599371871, "127": -0.02646057599371871, "128": -0.026460575993718708, "129": -0.02646057599371871, "130": -0.026460575993718708, "131": -0.026460575993718715, "132": -0.02646057599371871, "133": -0.02646057599371871, "134": -0.026460575993718715, "135": -0.026460575993718708, "136": -0.02646057599371872, "137": -0.02646057599371871, "138": -0.026460575993718722, "139": -0.021445514725350247, "140": 0.07854057984859739, "141": 0.08411482221313799, "142": 0.08383523166505187, "143": 0.08383523166505187, "144": 0.08383523166505187, "145": 0.08383523166505188, "146": 0.0838352316650519, "147": 0.0838352316650519, "148": 0.08383523166505188, "149": 0.08383523166505191, "150": 0.08383523166505188, "151": 0.08383523166505188, "152": 0.08383523166505191, "153": 0.0838352316650519, "154": 0.0838352316650519, "155": 0.08383523166505188, "156": 0.08383523166505188, "157": 0.08383523166505187, "158": 0.08383523166505188, "159": 0.08358234870351489, "160": 0.07854057984859716, "161": 0.0782595003478618, "162": 0.07827359861746097, "163": 0.07827359861746096, "164": 0.07827359861746096, "165": 0.07827359861746096, "166": 0.07827359861746098, "167": 0.07827359861746097, "168": 0.07827359861746098, "169": 0.078273598617461, "170": 0.078273598617461, "171": 0.078273598617461, "172": 0.07827359861746098, "173": 0.07827359861746097, "174": 0.07827359861746098, "175": 0.07827359861746096, "176": 0.07827359861746098, "177": 0.07827359861746096, "178": 0.07827359861746096, "179": 0.07310224708368608, "180": -0.029999832006040433, "181": -0.035747791055576766, "182": -0.035459487297696046, "183": -0.035459487297696046, "184": -0.03545948729769605, "185": -0.03545948729769605, "186": -0.03545948729769604, "187": -0.03545948729769606, "188": -0.03545948729769606, "189": -0.035459487297696046, "190": -0.035459487297696046, "191": -0.03545948729769605, "192": -0.035459487297696046, "193": -0.035459487297696046, "194": -0.03545948729769605, "195": -0.03545948729769605, "196": -0.03545948729769605, "197": -0.03545948729769605, "198": -0.03545948729769605, "199": -0.03840267535180607}}