{"name": "fiedler", "normalized": true, "process_time": 0.021333932876586914, "data": {"0": -0.004309429750692928, "1": -0.001321592260766515, "2": -0.0015055781080180182, "3": -0.0015055781080831458, "4": -0.0015055781078439426, "5": -0.0015055781081759522, "6": -0.0015055781077521297, "7": -0.0015055781080819373, "8": -0.0015055781082287656, "9": -0.0015055781082679261, "10": -0.0015055781080945024, "11": -0.0015055781079414171, "12": -0.001505578107985748, "13": -0.0015055781081158535, "14": -0.0015055781080556435, "15": -0.0015055781081426967, "16": -0.0015055781083080132, "17": -0.0015055781082359504, "18": -0.0015055781081706168, "19": 0.001207164053765929, "20": 0.054772556982906936, "21": 0.05620977164877194, "22": 0.057603683165287044, "23": 0.057603683165052016, "24": 0.05760368316535208, "25": 0.057603683165222096, "26": 0.05760368316537679, "27": 0.05760368316519258, "28": 0.057603683165321024, "29": 0.05760368316513168, "30": 0.05760368316511222, "31": 0.05760368316526221, "32": 0.05760368316514559, "33": 0.05760368316521826, "34": 0.05760368316535662, "35": 0.057603683165466324, "36": 0.05760368316521224, "37": 0.05760368316537969, "38": 0.057603683165072424, "39": 0.060830271485652204, "40": 0.09293332760590403, "41": 0.09227095349370744, "42": 0.09471033654553605, "43": 0.0947103365457031, "44": 0.09471033654557309, "45": 0.09471033654556675, "46": 0.0947103365456844, "47": 0.09471033654577563, "48": 0.09471033654564247, "49": 0.09471033654556058, "50": 0.09471033654562552, "51": 0.09471033654571091, "52": 0.09471033654556071, "53": 0.09471033654547954, "54": 0.09471033654570472, "55": 0.0947103365457885, "56": 0.09471033654587711, "57": 0.09471033654557309, "58": 0.09471033654562461, "59": 0.09721832448457932, "60": 0.09559675583276842, "61": 0.09308779595745936, "62": 0.09564088995096123, "63": 0.09564088995074188, "64": 0.09564088995094015, "65": 0.09564088995084084, "66": 0.09564088995081918, "67": 0.09564088995078854, "68": 0.09564088995077444, "69": 0.09564088995090118, "70": 0.09564088995088253, "71": 0.09564088995100634, "72": 0.09564088995083316, "73": 0.09564088995098174, "74": 0.09564088995074368, "75": 0.09564088995076388, "76": 0.09564088995109385, "77": 0.09564088995065659, "78": 0.09564088995094583, "79": 0.09647230969826195, "80": 0.061745452416244136, "81": 0.05834824214985515, "82": 0.060039851477074815, "83": 0.06003985147707469, "84": 0.060039851477155015, "85": 0.06003985147712128, "86": 0.060039851477065566, "87": 0.0600398514773223, "88": 0.0600398514772326, "89": 0.06003985147704683, "90": 0.06003985147699433, "91": 0.06003985147707389, "92": 0.06003985147720147, "93": 0.060039851476985616, "94": 0.060039851477152746, "95": 0.060039851477203025, "96": 0.060039851477155105, "97": 0.06003985147715023, "98": 0.06003985147694789, "99": 0.058877127377219264, "100": 0.004309442213416928, "101": 0.001321600523301611, "102": 0.0015055867975969344, "103": 0.0015055867975113761, "104": 0.001505586797641625, "105": 0.0015055867973389858, "106": 0.0015055867973672288, "107": 0.0015055867973630965, "108": 0.0015055867974516283, "109": 0.0015055867976245976, "110": 0.0015055867974233174, "111": 0.0015055867974433682, "112": 0.0015055867975523394, "113": 0.0015055867975935565, "114": 0.0015055867977023288, "115": 0.0015055867973880197, "116": 0.0015055867975864276, "117": 0.0015055867974253982, "118": 0.0015055867974462503, "119": -0.0012071593724552535, "120": -0.054772634708213475, "121": -0.056209851751475526, "122": -0.05760376524751225, "123": -0.057603765247793925, "124": -0.057603765247687136, "125": -0.05760376524775367, "126": -0.0576037652476083, "127": -0.05760376524764383, "128": -0.057603765247852615, "129": -0.05760376524754266, "130": -0.05760376524771182, "131": -0.0576037652477561, "132": -0.057603765247982476, "133": -0.05760376524786417, "134": -0.0576037652477331, "135": -0.05760376524752684, "136": -0.0576037652477048, "137": -0.05760376524757196, "138": -0.057603765247819246, "139": -0.06083035464720239, "140": -0.0929333879223588, "141": -0.0922710110655959, "142": -0.09471039576360564, "143": -0.09471039576385253, "144": -0.09471039576372284, "145": -0.09471039576377543, "146": -0.09471039576387438, "147": -0.0947103957638373, "148": -0.0947103957634754, "149": -0.09471039576381231, "150": -0.09471039576392659, "151": -0.09471039576361154, "152": -0.09471039576376274, "153": -0.09471039576390655, "154": -0.09471039576380766, "155": -0.09471039576351457, "156": -0.09471039576360982, "157": -0.0947103957636806, "158": -0.09471039576373591, "159": -0.09721838037250395, "160": -0.09559671551100805, "161": -0.09308775157575486, "162": -0.09564084461016423, "163": -0.09564084461049828, "164": -0.09564084461025107, "165": -0.09564084461036869, "166": -0.0956408446103715, "167": -0.09564084461021077, "168": -0.09564084460992636, "169": -0.0956408446102417, "170": -0.09564084461020121, "171": -0.0956408446100499, "172": -0.0956408446101952, "173": -0.09564084461031289, "174": -0.09564084461022145, "175": -0.09564084461018747, "176": -0.09564084461025922, "177": -0.09564084460996036, "178": -0.09564084461003593, "179": -0.09647226121635695, "180": -0.0617453671571335, "181": -0.05834815711849292, "182": -0.06003976420677478, "183": -0.060039764206872334, "184": -0.060039764206925174, "185": -0.06003976420677805, "186": -0.060039764206592586, "187": -0.060039764206981774, "188": -0.06003976420677157, "189": -0.0600397642066698, "190": -0.06003976420667439, "191": -0.06003976420666581, "192": -0.060039764206697696, "193": -0.06003976420661857, "194": -0.060039764206636474, "195": -0.06003976420678733, "196": -0.06003976420673896, "197": -0.060039764206686934, "198": -0.06003976420654423, "199": -0.05887704149203339}}