{"name": "eigen", "eigen": 5, "normalized": false, "process_time": 0.011034250259399414, "data": {"Meyer, R.": -0.12398846730680355, "Briskin, M.": 0.036456462988327124, "Landers, H.": 0.04596858193260252, "Solomon, J.": -0.06618397262572133, "Levine, J.E.": 0.012134749991301623, "Turman-Foster": 0.02355021131073043, "Brunner, R.": -0.048491751732824676, "Frontiere, D.": 0.009948785191483164, "Seltzer, W.": 0.021076819509799158, "Anderson, B.": -0.043892734261815516, "Myrow, F.": -0.031054524068960407, "Preminger, O.": -0.004978268183011121, "Jacobs, A.": 0.02068170389348462, "David, S.": 0.027956674042418493, "Jarre, M.": 0.03092379543153842, "Walsh, B.": -0.05531565235386382, "Baker, B.": -0.0453536938744411, "Miller, R.": -0.04907270950565601, "Bruns, G.": -0.04850654375037303, "Towers, I.": -0.084548000935948, "Sherman, R/R": -0.007720290181611793, "Hibler, W.": -0.02506079833164407, "Lewis, E.": 0.027899153806222543, "Mancini, H.": 0.01256120470925541, "Edwards, B.": 0.015434257259676273, "Devol, F.": -0.010936498471890599, "Small, M.": 0.03882141575152677, "Chartoff-Winkler": 0.030517306074532458, "Arthur, R.": 0.035095624248048046, "Phillips, S.": -0.07113417168213709, "Karlin, F.": 0.03441645616949063, "Wise, R.": 0.03636785114135942, "Hamlisch, M.": -0.009836053197026032, "Jones, Q.": 0.03194233940499838, "Mandel, J.": -0.019236222669818417, "Grusin, D.": 0.030490186207110845, "Fielding, J.": 0.027948900957487307, "Rosenberg, A.": 0.018385082063547522, "Shire, D.": 0.03616588647720707, "Conrad, W.": 0.044462041599862355, "Goldsmith, J.": 0.023220143609525533, "Bernstein, E.": 0.02536421225741207, "Dorfman, R.": 0.040473234574992446, "Rosenman, L.": 0.034985313877354554, "Dehaven, C.": -0.007757315435757708, "Schwartz, M.": 0.03584256663192749, "Previn, A.": 0.034654113185200015, "Schifrin, L.": 0.027998563902855447, "North, A.": 0.04102988091553407, "Mizzy, V.": 0.03212071335142918, "Fryer-Cresson": 0.032546346619755764, "Montagne, E.": 0.03277623703243059, "Hefti, N.": 0.04063711300515583, "Radnitz, R.": 0.044100567423010946, "Lyles, A.C.": -0.04818259752887283, "Haskell, J.": -0.04524838770266609, "Aldrich, R.": -0.017041236173102034, "Fried, J.": -0.026829242993089975, "Arkoff, S.": -0.11226937738462597, "Baxter, L.": -0.11572526377584649, "Bernstein, C.": -0.0402195371554037, "Katzman, S.": -0.6230754710962664, "Karger, F.": -0.5898745857023135, "Pressman, E": 0.04595687440322186, "Corman, R.": -0.09058464406562065, "Wallis, H.": 0.03658081507392874, "Barry, J.": 0.040399155026689997, "Rosenthal, L.": 0.04468003252232582, "Jewison, N.": 0.026299295911897537, "Williams, J.": 0.024381678715153905, "Legrand, M.": 0.01403440159125612, "Allen, I.": 0.027564934503803627, "Mirisch, W.": 0.014175966480187412, "Weintraub-Heller": 0.03263595929396469, "Frankovich, M.": 0.02812756716190134, "Kastner, E.": 0.01991965117917352, "Delaurentis, D.": 0.03756714472433781, "Lang, J.": 0.02878048949406558, "Relyea, R.": 0.025681630997644728, "Levy-Gardner": -0.005420256738579252, "Daley, R.": 0.027533264064784124, "Ransohoff, M.": -0.07281342451099232, "Howard, S.": 0.04183208593904951, "Wolper, D.": 0.01899901373662084, "Scharf, W.": 0.03073510084082253, "Lawrence, D.": 0.048802129033272516, "Beckerman, S.": 0.0368411053579245, "Castle, W.": 0.07060725729077975, "Fox, C.": 0.14705897985402275, "Hunter, R.": 0.04421039463696554, "Ruddy, A.": 0.25632712217806397, "Zanuck-Brown": 0.007284776461136108, "Williams, P.": -0.018170010040651212, "Pakula, A.": 0.036591254913025256, "Foreman, J.": 0.03423803065677514, "Koch, H.": 0.05155367487430135, "Riddle, N.": 0.0898592192829747, "Stark, R.": 0.03652693380707408, "Brooks, R.": 0.03254557381340843, "Kramer, S.": 0.0010324011464711508, "Joffe, C.": 0.0042032919217195215}}