{"name": "fiedler", "normalized": false, "process_time": 0.15906786918640137, "data": {"Meyer, R.": -0.08684566102600821, "Briskin, M.": -0.02549073390010794, "Landers, H.": -0.02043121263698221, "Solomon, J.": -0.06597367609664645, "Levine, J.E.": -0.03822679715621507, "Turman-Foster": -0.015576730666549167, "Brunner, R.": 0.2935667888388064, "Frontiere, D.": -0.058773399798890534, "Seltzer, W.": -0.025093493054365087, "Anderson, B.": 0.2787830750521112, "Myrow, F.": 0.24250471347793423, "Preminger, O.": 0.14664329900212042, "Jacobs, A.": 0.07239722750769374, "David, S.": 0.021218073693434324, "Jarre, M.": 0.014631701585206953, "Walsh, B.": 0.2999230558386283, "Baker, B.": 0.2799243546433947, "Miller, R.": 0.2940141985312987, "Bruns, G.": 0.2730770784340911, "Towers, I.": 0.36202644726299804, "Sherman, R/R": 0.16693987590732007, "Hibler, W.": 0.2031650910397426, "Lewis, E.": -0.00045318193221111926, "Mancini, H.": -0.029347650560406727, "Edwards, B.": -0.022936999998726282, "Devol, F.": -0.06083346086953968, "Small, M.": -0.021626009726506874, "Chartoff-Winkler": -0.012079065750870848, "Arthur, R.": 0.013715536135095635, "Phillips, S.": -0.06550777450098377, "Karlin, F.": -0.01611594766801584, "Wise, R.": -0.008826844875553595, "Hamlisch, M.": -0.03809214610957392, "Jones, Q.": -0.021107090007100034, "Mandel, J.": -0.029102702358553945, "Grusin, D.": -0.02196365310451716, "Fielding, J.": -0.021437308571169347, "Rosenberg, A.": -0.009955157095666141, "Shire, D.": -0.01588726443782632, "Conrad, W.": 0.047733819587785706, "Goldsmith, J.": 0.014751841036865134, "Bernstein, E.": -0.030751881703447597, "Dorfman, R.": 0.01955695508171098, "Rosenman, L.": 0.041869755610182385, "Dehaven, C.": -0.0262110932296117, "Schwartz, M.": -0.009940888473320801, "Previn, A.": -0.030232531395735347, "Schifrin, L.": -0.021927738009854217, "North, A.": -0.02020430474644026, "Mizzy, V.": -0.01884487375420888, "Fryer-Cresson": -0.004090458875402023, "Montagne, E.": -0.016203797268515497, "Hefti, N.": -0.022146855161731902, "Radnitz, R.": 0.01468037691205186, "Lyles, A.C.": -0.16180940414953052, "Haskell, J.": -0.1561299335550166, "Aldrich, R.": -0.06839335615144963, "Fried, J.": -0.07791176696435485, "Arkoff, S.": -0.14752047482833466, "Baxter, L.": -0.14991843729680754, "Bernstein, C.": -0.09448919823742806, "Katzman, S.": -0.06923325611022633, "Karger, F.": -0.06710694141104086, "Pressman, E": -0.023744269815005693, "Corman, R.": -0.12986945978754125, "Wallis, H.": -0.013411041392741036, "Barry, J.": -0.014735415489241692, "Rosenthal, L.": -0.008188983055591612, "Jewison, N.": -0.031064364307603027, "Williams, J.": -0.030792203265687757, "Legrand, M.": -0.027084434818502413, "Allen, I.": -0.03279664482208582, "Mirisch, W.": -0.03471849649855904, "Weintraub-Heller": -0.023883811102064535, "Frankovich, M.": -0.02751242814381483, "Kastner, E.": -0.020851113523367135, "Delaurentis, D.": -0.011202693756750984, "Lang, J.": -0.028662045050534657, "Relyea, R.": -0.029447890637164013, "Levy-Gardner": -0.07801278119816049, "Daley, R.": -0.023939274956086713, "Ransohoff, M.": -0.033608338956329434, "Howard, S.": 0.0042671557123007756, "Wolper, D.": -0.035366509292219385, "Scharf, W.": -0.03164828918049487, "Lawrence, D.": -0.029070261081790106, "Beckerman, S.": -0.023774263123450323, "Castle, W.": -0.02406455861085563, "Fox, C.": -0.03245155199827014, "Hunter, R.": -0.040768684384487434, "Ruddy, A.": -0.04302200105794005, "Zanuck-Brown": -0.037997555106133556, "Williams, P.": -0.05162762422552974, "Pakula, A.": -0.02114077559097681, "Foreman, J.": -0.01316801638250859, "Koch, H.": -0.022294793322222405, "Riddle, N.": -0.029556878353760096, "Stark, R.": -0.02589073050062592, "Brooks, R.": -0.008230952064320316, "Kramer, S.": -0.05140570770864269, "Joffe, C.": -0.035634425104269285}}