{"name": "fiedler", "normalized": true, "process_time": 0.06264305114746094, "data": {"Meyer, R.": -0.013038878833848688, "Briskin, M.": -0.024008082988520512, "Landers, H.": -0.012448129558939588, "Solomon, J.": -0.029843420754719442, "Levine, J.E.": -0.026332420017922843, "Turman-Foster": -0.01790959781328181, "Brunner, R.": 0.3694280817594508, "Frontiere, D.": -0.029615893858662794, "Seltzer, W.": -0.01277524519878015, "Anderson, B.": 0.39968565421420177, "Myrow, F.": 0.11756908719248774, "Preminger, O.": 0.06354956784192672, "Jacobs, A.": 0.06649444651361, "David, S.": 0.012510576000147641, "Jarre, M.": 0.010195748389773185, "Walsh, B.": 0.17530725281602322, "Baker, B.": 0.4140447541334685, "Miller, R.": 0.36878448865914865, "Bruns, G.": 0.21792594038831664, "Towers, I.": 0.09227106930256117, "Sherman, R/R": 0.1239250975453201, "Hibler, W.": 0.2074173687437359, "Lewis, E.": -0.003803827008511854, "Mancini, H.": -0.04600855283986618, "Edwards, B.": -0.025523288564622708, "Devol, F.": -0.06325912422780991, "Small, M.": -0.030077209603945856, "Chartoff-Winkler": -0.017960202651228045, "Arthur, R.": 0.0044636765830885885, "Phillips, S.": -0.030795241938923672, "Karlin, F.": -0.02513249346253062, "Wise, R.": -0.010839206932116135, "Hamlisch, M.": -0.03329663434823363, "Jones, Q.": -0.025664143590110877, "Mandel, J.": -0.031029358673556967, "Grusin, D.": -0.02787388737791182, "Fielding, J.": -0.02758620192862562, "Rosenberg, A.": -0.011686626275766438, "Shire, D.": -0.01604630359687579, "Conrad, W.": 0.018902018501478445, "Goldsmith, J.": 0.018297964778435007, "Bernstein, E.": -0.051880374892191446, "Dorfman, R.": 0.0036521882283745946, "Rosenman, L.": 0.038661810895662105, "Dehaven, C.": -0.010925485367428833, "Schwartz, M.": -0.009363359688540749, "Previn, A.": -0.021847637338799276, "Schifrin, L.": -0.04322213874367566, "North, A.": -0.02197468695006722, "Mizzy, V.": -0.028315574421552355, "Fryer-Cresson": -0.0048886594976324475, "Montagne, E.": -0.0220297843188449, "Hefti, N.": -0.024851542757218886, "Radnitz, R.": 0.0033072869429088747, "Lyles, A.C.": -0.18960019128992645, "Haskell, J.": -0.19543507230155863, "Aldrich, R.": -0.07453856460094806, "Fried, J.": -0.06068516698052704, "Arkoff, S.": -0.15029611146478103, "Baxter, L.": -0.1517541712437906, "Bernstein, C.": -0.05942863941472688, "Katzman, S.": -0.13153787143822265, "Karger, F.": -0.13452246341562277, "Pressman, E": -0.01763093791185237, "Corman, R.": -0.05924994311382872, "Wallis, H.": -0.02280194122607499, "Barry, J.": -0.0178175124725398, "Rosenthal, L.": -0.008716221438947106, "Jewison, N.": -0.02947379135963556, "Williams, J.": -0.05126235331182372, "Legrand, M.": -0.034852559563817144, "Allen, I.": -0.02753735078692462, "Mirisch, W.": -0.044281421051900784, "Weintraub-Heller": -0.018300496865760133, "Frankovich, M.": -0.027139555501251692, "Kastner, E.": -0.026404955401376374, "Delaurentis, D.": -0.01021809280442217, "Lang, J.": -0.02771315486287815, "Relyea, R.": -0.0254828168075648, "Levy-Gardner": -0.07010157251179011, "Daley, R.": -0.023695586171566314, "Ransohoff, M.": -0.04829523454695831, "Howard, S.": -0.0013967272387010133, "Wolper, D.": -0.03810893452359409, "Scharf, W.": -0.02781940542510314, "Lawrence, D.": -0.01056579679175052, "Beckerman, S.": -0.01820360174250026, "Castle, W.": -0.0192100970915208, "Fox, C.": -0.01760687487310255, "Hunter, R.": -0.013892798098694557, "Ruddy, A.": -0.010542749919485173, "Zanuck-Brown": -0.03162194331567709, "Williams, P.": -0.02434325883387747, "Pakula, A.": -0.03201614516121986, "Foreman, J.": -0.020444643425045754, "Koch, H.": -0.02776946524933477, "Riddle, N.": -0.009600160966776284, "Stark, R.": -0.021871347962156545, "Brooks, R.": -0.011031448094943318, "Kramer, S.": -0.02575997196593847, "Joffe, C.": -0.02373367439275748}}