{"name": "eigen", "eigen": 1, "normalized": false, "process_time": 0.01270604133605957, "data": {"0": 0.025452415452665664, "1": 0.06216754973102383, "2": -0.001409872556348668, "3": 0.02539437202344394, "4": -0.0020610373130312484, "5": 0.006181423460883406, "6": 0.01056252753627213, "7": 0.010886577973352393, "8": 0.014325646718833393, "9": 0.007910595828000716, "10": 0.01859762967103741, "11": 0.03169193383436006, "12": 0.01736230761574209, "13": 0.04676677381086841, "14": -0.00800245266169805, "15": -0.02816357994468513, "16": -0.08946676706664955, "17": -0.04400981078886146, "18": -0.10006207051623478, "19": -0.0395870334130104, "20": -0.0129973744324004, "21": -0.005861113602793511, "22": 0.0252215790823071, "23": 0.06999193608443346, "24": 0.06791703241859945, "25": 0.04479375660944501, "26": 0.07785878241907343, "27": -0.026469807241371712, "28": 0.43307135629023075, "29": 0.38503163686205977, "30": 0.31236033432208, "31": 0.2596316530328131, "32": 0.19196666007967944, "33": 0.19744062589932432, "34": 0.10540509944960917, "35": 0.0409045968818046, "36": 0.01852068516095344, "37": -0.026698368171753018, "38": -0.04641296551499968, "39": -0.02423532881773255, "40": -0.05064465578616204, "41": -0.047775176492645156, "42": -0.03377992018057827, "43": -0.011246224601566065, "44": 0.0029408709141368772, "45": 0.0048377824586984695, "46": 0.004471991268243644, "47": 0.011211105207725936, "48": 0.01445090525119416, "49": 0.04109385924834549, "50": 0.014959242010492467, "51": -0.02584905654753772, "52": -0.080334027504763, "53": -0.015249916683961206, "54": -0.029265616645613304, "55": 0.0008825500586361655, "56": 0.018831088892414086, "57": 0.0011151607747645741, "58": 0.0952545324701353, "59": -0.002478560052878573, "60": -0.07741934504797691, "61": -0.0515943689913099, "62": -0.05608484849414347, "63": -0.05029044187997387, "64": -0.02318119569911954, "65": -0.03437250992129365, "66": -0.03413922815875024, "67": -0.03817680120616044, "68": -0.027523701811014677, "69": -0.02968213808773056, "70": -0.006291259052905246, "71": 0.0002833730235478225, "72": 0.03125856310548366, "73": 0.23257695158145253, "74": 0.015894095996008675, "75": -0.022611047690400253, "76": -0.02150424563142731, "77": -0.009994566604045053, "78": -0.011902874542710506, "79": -0.01551259416894687, "80": 0.00011842547671998957, "81": -0.20457114420211786, "82": -0.1600766696831428, "83": -0.1693523526484555, "84": -0.18368822051262823, "85": -0.17897566768171597, "86": -0.1558127084097993, "87": -0.1276863506925925, "88": -0.14043630570159568, "89": -0.10035366051790201, "90": -0.08254457437853904, "91": -0.06944773085005004, "92": -0.06630452965578412, "93": -0.04552990411204242, "94": -0.041859662264935954, "95": -0.01176946233608112, "96": -0.0008675653017697748, "97": -0.0015155002708483198, "98": -0.008728539057637735, "99": 0.014266465815928626}}