{"name": "eigen", "eigen": 3, "normalized": false, "process_time": 0.01270604133605957, "data": {"0": 0.06278686584965759, "1": 0.08086214179621745, "2": -0.014912877427029556, "3": 0.0023699001520679497, "4": 0.0013429011371031696, "5": -0.07638041492794159, "6": -0.07051310067503588, "7": -0.26490092099518203, "8": -0.31006159479397244, "9": -0.2646188890813379, "10": -0.2325348473121752, "11": -0.206791311076686, "12": -0.16772306000176188, "13": -0.1079839528823082, "14": -0.006230728975022665, "15": 0.03473737755355712, "16": 0.005705360428114703, "17": 0.024331555684792103, "18": -0.016014552300919166, "19": 0.07974515598875487, "20": 0.013197306841482986, "21": 0.026558206745657592, "22": -0.052746060632157726, "23": -0.09945948178568657, "24": -0.07497316292530636, "25": -0.07001414453619315, "26": -0.06525393221830125, "27": 0.11482027711061296, "28": 0.1333105927603908, "29": 0.10520057383228806, "30": 0.0891332750215976, "31": 0.03611310475157675, "32": 0.011913495780144667, "33": 0.030294684095347184, "34": -0.012980107172178026, "35": 0.010866435150023598, "36": -0.009760272284292514, "37": -0.007924281478733274, "38": 0.03201908173461124, "39": -0.03544939372380659, "40": -0.013610939247274828, "41": -0.011033990015613601, "42": -0.008807390595404113, "43": -0.040290694936820054, "44": -0.08410266193009427, "45": -0.0838552168767614, "46": -0.07902489182396444, "47": -0.06816756428284008, "48": -0.08738794021166069, "49": -0.05167469467183768, "50": 0.025638262808528902, "51": -0.007315789103264657, "52": -0.0660262086053178, "53": -0.10748926014408522, "54": -0.07350837305068832, "55": -0.07465919712044114, "56": -0.08079561789666669, "57": -0.08446549426475375, "58": -0.04673818471774182, "59": -0.04195339862556066, "60": -0.024249181843638584, "61": -0.008785011532384757, "62": 0.0016568350144361838, "63": 0.034169349933285686, "64": 0.004593768843327142, "65": -0.032634717475461754, "66": 0.03599556297832236, "67": 0.04768244362186341, "68": 0.10482225261231502, "69": 0.07020408384851444, "70": -0.08558118737973326, "71": 0.04511666244162271, "72": 0.017673940193286837, "73": 0.11661473241119018, "74": -0.018325153988014944, "75": 0.09409337955873424, "76": 0.06727504955039, "77": 0.05916093596195346, "78": -0.002916450378248253, "79": 0.042485965153965057, "80": 0.010609271763075703, "81": -0.03904517073602476, "82": -0.022152101140976113, "83": -0.03476609381392093, "84": 0.05710344138407948, "85": 0.047636588772858375, "86": 0.026490484808897888, "87": 0.033485018590842845, "88": 0.11486163775193164, "89": 0.04897162201057524, "90": 0.17622641306622272, "91": 0.33238868244355113, "92": 0.270958558708843, "93": 0.21358187155409822, "94": 0.21471066463676075, "95": 0.15305365290787057, "96": 0.05412965801237232, "97": 0.06829837211482603, "98": 0.047300709471654774, "99": 0.014291498271033307}}