{"name": "eigen", "eigen": 5, "normalized": false, "process_time": 0.009731054306030273, "data": {"0": 0.002559392728604976, "1": -0.041462133907917614, "2": 0.07330101478862895, "3": 0.10812460281053973, "4": 0.05653851105438611, "5": 0.10688982284397781, "6": 0.09983407678645073, "7": 0.09982742156478187, "8": 0.04609056283957313, "9": 0.0035007002007018738, "10": -0.04093108871469813, "11": -0.019754226830389354, "12": -0.07138243960143466, "13": -0.11823759823788717, "14": -0.0977954042868581, "15": -0.12577517120366055, "16": -0.11187603290538911, "17": -0.06329272687922143, "18": -0.12844239142044173, "19": -0.07038694843314551, "20": -0.09895038615045125, "21": -0.05409710235326205, "22": -0.034103710981166005, "23": 0.014613229160234519, "24": -0.09872654587573344, "25": -0.03801519384131659, "26": 0.18491788645881335, "27": -0.005016626393120728, "28": 0.07989015646695816, "29": -0.0028762336900946977, "30": 0.016230233611127, "31": 0.03685700785823934, "32": -0.021553922500862025, "33": -0.013100976532054654, "34": 0.004373920943484044, "35": 0.005679687425764864, "36": 0.07112041991068983, "37": 0.03118606507753862, "38": 0.10624059203024888, "39": -0.06537075716234897, "40": 0.05803386312715764, "41": 0.006206239727889039, "42": 0.045854680359993946, "43": 0.05786965992801725, "44": -0.05392100019951176, "45": 0.0393068524033415, "46": 0.01009935978924988, "47": 0.06656466063362823, "48": -0.0211623216097715, "49": -0.03762525727202451, "50": -0.018807152361248462, "51": -0.02803132875433239, "52": -0.010307694479063635, "53": -0.023199690260307763, "54": 0.11025889759033851, "55": -0.025602711037577892, "56": 0.09428629474486741, "57": -0.12452316889187169, "58": -0.15519859294031155, "59": -0.06515998684425571, "60": -0.17433946989756752, "61": -0.061931359867308994, "62": -0.16113165120972184, "63": -0.00227948923334146, "64": -0.04818704870501018, "65": 0.0412518530330346, "66": -0.016259409597860125, "67": 0.029613527526011804, "68": -0.03896412921809906, "69": -0.0006671107228859927, "70": -0.0369592090479087, "71": 0.033129627770030895, "72": -0.015217188442160447, "73": -0.04057695813192541, "74": -0.0708317994758528, "75": 0.14437737802077696, "76": 0.15710723983238986, "77": 0.05916696372401298, "78": 0.17020755456383552, "79": 0.11571321792872923, "80": -0.03436914943574167, "81": -0.22062894429267996, "82": -0.16002654947003156, "83": -0.37955971321793236, "84": -0.23082409409548302, "85": 0.30363755231614753, "86": 0.22743892691260614, "87": 0.17623239052846854, "88": -0.05338914836340643, "89": 0.10433040008287517, "90": 0.1361988656037596, "91": 0.0737105664115527, "92": 0.14064016960964623, "93": 0.046364775949431225, "94": 0.06438175888723743, "95": 0.036327681391995326, "96": 0.017409500147770804, "97": -0.02221464623305919, "98": -0.03421685725192559, "99": -0.026235314643908388}}