{"name": "eigen", "eigen": 3, "normalized": true, "process_time": 0.01461935043334961, "data": {"0": -0.034455883278219815, "1": -0.13870459432450527, "2": -0.01461916844910955, "3": -0.008053782871307265, "4": 0.018609015288845305, "5": -0.024829564858227873, "6": -0.035273841094565224, "7": -0.10204484403461324, "8": -0.005585120280656955, "9": -0.09966193251187368, "10": -0.14679440954043216, "11": 0.15272733433703437, "12": 0.19756264644413496, "13": -0.06839104964499892, "14": 0.12345876630260488, "15": 0.08792471016269623, "16": 0.060264693292034724, "17": -0.029376743929828586, "18": -0.028277248025800228, "19": -0.019965522108302408, "20": -0.09873037646246927, "21": -0.11717873869552897, "22": -0.12476970704325349, "23": -0.15928606747776186, "24": -0.11653976831907631, "25": 0.02075850023343545, "26": -0.003310620686137189, "27": 0.0400527875216348, "28": -0.06227525953843199, "29": 0.08988783374674957, "30": -0.0036083625244604928, "31": 0.04280812856862662, "32": 0.044274801604671454, "33": 0.1446339844100888, "34": 0.10914214174786, "35": 0.12797373794996875, "36": 0.006159710873427177, "37": -0.1271340004015356, "38": -0.09474059305400796, "39": -0.06880796895974516, "40": -0.10265529112948224, "41": -0.1115123354043305, "42": -0.08304005075036981, "43": -0.11727886816361577, "44": -0.07985608833134258, "45": -0.07381794939124665, "46": 0.014406834365603152, "47": -0.013299059252828094, "48": 0.04699269588327385, "49": 0.07434106595695072, "50": 0.03433250587931244, "51": 0.15301779087201584, "52": 0.08398885039265569, "53": 0.15713144286413236, "54": 0.025415609160602766, "55": 0.1546541505455767, "56": 0.015950571644765932, "57": -0.23048805630087876, "58": -0.1949892680310244, "59": -0.12666875771874897, "60": -0.17248093989422403, "61": 0.15612517122248373, "62": -0.1683712819022212, "63": 0.16338530777003718, "64": 0.14895853964440212, "65": -0.013269237572968523, "66": 0.13690803304877913, "67": 0.07420392340826107, "68": 0.09649008923289834, "69": 0.08073158974430586, "70": 0.1053148851702842, "71": 0.0526488436348336, "72": 0.07677779831453083, "73": 0.07069991829495391, "74": 0.10656316176421725, "75": -0.1348658491716389, "76": -0.14314577432683798, "77": -0.19033545093949603, "78": -0.09891342093131447, "79": -0.11781636355776849, "80": -0.14890003526590312, "81": 0.05364496251338287, "82": 0.03868689251598174, "83": 0.06828152702797621, "84": 0.09591714467076004, "85": 0.02496916866827681, "86": 0.03352197294602252, "87": 0.06881425826447823, "88": 0.0870744916128145, "89": 0.053686042484646535, "90": -0.03274896680880912, "91": 0.0666949701069555, "92": -0.0996238688939884, "93": 0.1101242616398889, "94": -0.06228837781637442, "95": 0.07803905756799909, "96": 0.013965616533372416, "97": 0.057904937378992966, "98": -0.020606715858532847, "99": 0.08633396166706354}}