{"name": "eigen", "eigen": 1, "normalized": true, "process_time": 0.01461935043334961, "data": {"0": -0.050050752474131266, "1": -0.07558178913189349, "2": -0.07410843275633648, "3": -0.05029536539920154, "4": -0.03272399942426493, "5": -0.04155597323639479, "6": -0.022709701445219888, "7": 0.014887165775617106, "8": 0.0335269143647525, "9": -0.11962740812208064, "10": -0.12313109178176762, "11": 0.0346155263438819, "12": 0.02836515843806235, "13": 0.08772490473664084, "14": 0.1409530545382348, "15": 0.1552110922716946, "16": 0.24041368739610866, "17": 0.20367350445815746, "18": 0.24343135198747937, "19": 0.16094137050273957, "20": 0.2818999738172603, "21": 0.24997870758594865, "22": 0.2712308023922919, "23": 0.22836733847260196, "24": 0.06316135538604994, "25": -0.10529886588140924, "26": -0.0070942458021567845, "27": -0.0020516026527716003, "28": -0.11522965190798548, "29": 0.11055814096781102, "30": 0.058316368790613055, "31": 0.024263031896373313, "32": -0.10847078428701107, "33": -0.03542627959160285, "34": -0.12225629948802244, "35": 0.0011221298118195139, "36": -0.10701454661221596, "37": -0.09169363888760108, "38": -0.043402986698818403, "39": -0.08241939936065516, "40": 0.04110339439547871, "41": 0.005614226208922456, "42": -0.01843595618966372, "43": -0.08666211490381935, "44": -0.09913598189947627, "45": -0.11966623291242476, "46": -0.1323368401068864, "47": -0.08786054814970506, "48": -0.10093970979370215, "49": -0.09925402413775278, "50": -0.05789857381128622, "51": -0.1174560904586984, "52": -0.0179426897832771, "53": -0.10046850535313315, "54": 0.08658724432736083, "55": -0.031465485239552636, "56": 0.17946440592716026, "57": -0.06051687598762464, "58": -0.10466524121286502, "59": 0.02328187707835367, "60": -0.10768988103018029, "61": -0.021486237378270975, "62": -0.09270640732068985, "63": -0.07891921086862581, "64": -0.05079900941551518, "65": 0.05112138602423338, "66": -0.012741576502084174, "67": -0.03845786345036576, "68": 0.04573787563647946, "69": -0.04376872943589266, "70": 0.0545301479429103, "71": -0.0882332969795083, "72": 0.011711361036668609, "73": -0.00920247725898354, "74": 0.013953388138535599, "75": -0.02114284030895153, "76": -0.00195922095614625, "77": -0.08710675210435737, "78": -0.03249844513500644, "79": -0.07980275026464848, "80": 0.06290179223311972, "81": -0.009892868513207144, "82": -0.01792260786206462, "83": 0.013211624086071055, "84": 0.04250836798268612, "85": 0.014445682808485849, "86": 0.0942023803685741, "87": 0.047159077275943026, "88": 0.14193940308488637, "89": 0.07600323636591678, "90": 0.03402899448471406, "91": 0.03884907113736474, "92": 0.06396150273327397, "93": -0.027888956453313532, "94": -0.07940851127666308, "95": -0.1022124722793423, "96": -0.1417207862687325, "97": -0.1042350447696147, "98": 0.12946485766017216, "99": 0.019178769939451633}}