{"name": "fiedler", "normalized": true, "process_time": 0.22413110733032227, "data": {"0": -0.05005065838206968, "1": -0.075581784672207, "2": -0.07410821517758003, "3": -0.05029514998603891, "4": -0.0327237400970816, "5": -0.041555804876416406, "6": -0.022709519148446565, "7": 0.014887258477509229, "8": 0.03352691270761791, "9": -0.1196274752340509, "10": -0.12313118388715283, "11": 0.034615425207428996, "12": 0.028365049058340905, "13": 0.08772486905456556, "14": 0.14095300708525235, "15": 0.1552111184805597, "16": 0.24041367145047668, "17": 0.2036734903636704, "18": 0.24343131210389038, "19": 0.16094133934760932, "20": 0.28189991405732573, "21": 0.24997865666663524, "22": 0.27123072792996605, "23": 0.2283673229130095, "24": 0.06316127087712693, "25": -0.10529899697210342, "26": -0.007094209431076171, "27": -0.0020516019739545647, "28": -0.11522964764079766, "29": 0.1105580797701411, "30": 0.058316343019547495, "31": 0.024262944396749343, "32": -0.1084708149514243, "33": -0.035426297303999814, "34": -0.12225633502888483, "35": 0.0011221363144175672, "36": -0.1070145656796912, "37": -0.0916936586545755, "38": -0.04340296923697144, "39": -0.08241947332589242, "40": 0.04110338469010478, "41": 0.005614189245497042, "42": -0.01843597267623505, "43": -0.0866621188930732, "44": -0.09913596309026275, "45": -0.11966619017138286, "46": -0.1323368449830053, "47": -0.08786043449219402, "48": -0.1009397792716972, "49": -0.09925411738133921, "50": -0.05789866110328833, "51": -0.11745619923372992, "52": -0.017942737205846562, "53": -0.10046860386448957, "54": 0.08658718431819043, "55": -0.03146555741114138, "56": 0.17946435291233342, "57": -0.06051695761533845, "58": -0.10466533260713567, "59": 0.023281828944108966, "60": -0.10768996513696497, "61": -0.021486315806101067, "62": -0.09270646076446724, "63": -0.07891928514561493, "64": -0.050799112130445204, "65": 0.05112137903685997, "66": -0.012741610965019686, "67": -0.038457871437721836, "68": 0.04573786566918695, "69": -0.04376871854679999, "70": 0.05453016801206655, "71": -0.08823321109001216, "72": 0.011711457729337571, "73": -0.00920242870669712, "74": 0.013953476750106896, "75": -0.021142804783822695, "76": -0.001959171846850956, "77": -0.08710678004232596, "78": -0.03249835666285708, "79": -0.07980270378571781, "80": 0.06290175295906278, "81": -0.009892672044061863, "82": -0.01792249376668143, "83": 0.013211777893902843, "84": 0.0425085013357913, "85": 0.014445745050080665, "86": 0.09420240205692665, "87": 0.04715919332934901, "88": 0.14193943028331305, "89": 0.07600329918416739, "90": 0.034029044881441546, "91": 0.038849100862392905, "92": 0.06396153385401541, "93": -0.027888938339801578, "94": -0.079408554084972, "95": -0.10221252631155693, "96": -0.14172088125871368, "97": -0.10423514030979786, "98": 0.12946486561090625, "99": 0.019178822689364387}}