{"0": 5.0630776607495065, "1": 5.0630776607495065, "2": 5.0630776607495065, "3": 5.0630776607495065, "4": 5.0630776607495065, "5": 5.0630776607495065, "6": 5.0630776607495065, "7": 5.0630776607495065, "8": 5.0630776607495065, "9": 5.0630776607495065, "10": 4.7930780195320875, "11": 4.7930780195320875, "12": 4.7930780195320875, "13": 4.7930780195320875, "14": 4.7930780195320875, "15": 4.7930780195320875, "16": 4.7930780195320875, "17": 4.7930780195320875, "18": 4.7930780195320875, "19": 4.7930780195320875, "20": 4.7930780195320875, "21": 4.7930780195320875, "22": 5.3330773019669255, "23": 5.3330773019669255, "24": 5.3330773019669255, "25": 5.3330773019669255, "26": 5.3330773019669255, "27": 5.3330773019669255, "28": 5.3330773019669255, "29": 5.3330773019669255, "30": 5.603076943184345, "31": 5.603076943184345, "32": 5.603076943184345, "33": 5.603076943184345, "34": 5.603076943184345, "35": 5.603076943184345, "36": 5.873076584401764, "37": 5.873076584401764, "38": 5.873076584401764, "39": 5.873076584401764}