{"0": 0.0, "1": 2.05405141509341e-15, "2": 1.3880044057579682e-17, "3": -1.6883546158480729e-15, "4": 9.831505930773065e-16, "5": 1.6210437440635031e-15, "6": 9.328561399223473e-16, "7": -3.7602637326801685e-15, "8": 1.687524372314771e-15, "9": -1.8115469619658774e-15, "10": -0.26555208621293935, "11": 0.2655520862129392, "12": 0.2977720657378971, "13": -0.33338309729743704, "14": -0.5480080367531747, "15": 0.2623607560836433, "16": 0.01745357881277777, "17": 0.492345545918875, "18": -0.21069503325112585, "19": 0.04738805447702975, "20": -0.025665857701655276, "21": 0.0004320239731693024, "22": 3.096273527610434e-16, "23": -7.824217904242246e-16, "24": 1.3251600362489057e-15, "25": 2.264946424929199e-16, "26": 4.734293163889708e-16, "27": -2.4821564961738103e-16, "28": 4.06390391205639e-16, "29": -8.426105114976621e-16, "30": 5.070767405420529e-16, "31": 3.139570770755165e-18, "32": -8.082773351173966e-16, "33": 2.1867896266087342e-16, "34": -3.194707727307555e-16, "35": 2.817216923814336e-16, "36": -1.0662422579711744e-16, "37": 4.606431036059253e-16, "38": -1.57090688242278e-17, "39": -6.570826915128854e-16}