{"0": 0.0, "1": 2.159405444141668e-15, "2": 1.3125540196308425e-17, "3": -1.9402086913494486e-15, "4": -2.5327680222582274e-15, "5": -6.459325060064079e-16, "6": -2.349383865176107e-15, "7": 4.529630829079712e-15, "8": 4.276760218096005e-18, "9": 7.649360258067775e-16, "10": -0.0702811219142594, "11": 0.0702811219142594, "12": -0.019380658719233522, "13": 0.058567149363771394, "14": 0.3735648029469466, "15": -0.4379812989274896, "16": -0.2805497991472668, "17": 0.5526271583704501, "18": -0.0775964338674919, "19": 0.2706976651395847, "20": -0.4376395739797554, "21": -0.0023090111795153697, "22": -1.3188375347079564e-15, "23": 9.727254240012273e-16, "24": -5.668049207687751e-17, "25": -3.55996925667844e-16, "26": -3.815443005883575e-16, "27": 1.0062344801930879e-15, "28": -3.329966092390458e-16, "29": 7.029814850108553e-20, "30": -7.062728811601067e-16, "31": -2.4245119177079873e-16, "32": 4.476434910162249e-16, "33": 5.794824751904622e-16, "34": 3.984413332632531e-17, "35": -1.2634500067201235e-18, "36": 3.995247288388258e-17, "37": 3.220211040387362e-16, "38": 6.368959233536964e-17, "39": -2.305398976134274e-16}