{"0": 0.0, "1": -5.416353538368425e-16, "2": 2.859783086345681e-18, "3": 4.014459074252829e-16, "4": -1.797631649743325e-15, "5": 5.153489872825683e-16, "6": 8.462893628725761e-16, "7": -1.600082409106227e-16, "8": -8.611768610061412e-16, "9": 1.5870586583218476e-15, "10": -0.2345902167120329, "11": 0.23459021671203295, "12": 0.29927687542643333, "13": 0.05935640399177122, "14": -0.184005345129162, "15": -0.41354027536133503, "16": 0.5187010580497885, "17": -0.32600207472685566, "18": 0.24552849291493428, "19": 0.16171837035042674, "20": -0.3608410365656484, "21": -0.00019246895035300544, "22": -1.8503889462971787e-15, "23": 1.6446251706566614e-15, "24": 1.1841486452861163e-16, "25": 1.085707275000983e-16, "26": 4.492968033061879e-16, "27": 6.07187446873832e-17, "28": 2.1168775108856098e-16, "29": -3.4342376122401717e-16, "30": -7.837983834651187e-17, "31": 2.295335786393839e-16, "32": -6.707879053925787e-16, "33": 4.567823539923461e-16, "34": -2.930040343488999e-16, "35": 2.6369003308987966e-16, "36": -2.1123642324681145e-17, "37": -8.461653372684134e-17, "38": 1.2271571019197054e-16, "39": -8.568607405320707e-17}