{"0": 0.024306331057375532, "1": 0.024306331057375532, "2": 0.024306331057375532, "3": 0.024306331057375532, "4": 0.024306331057375532, "5": 0.024306331057375532, "6": 0.024306331057375532, "7": 0.024306331057375532, "8": 0.024306331057375532, "9": 0.024306331057375532, "10": 0.022864391554938152, "11": 0.022864391554938152, "12": 0.022864391554938152, "13": 0.022864391554938152, "14": 0.022864391554938152, "15": 0.022864391554938152, "16": 0.022864391554938152, "17": 0.022864391554938152, "18": 0.022864391554938152, "19": 0.022864391554938152, "20": 0.022864391554938152, "21": 0.022864391554938152, "22": 0.02572635221704996, "23": 0.02572635221704996, "24": 0.02572635221704996, "25": 0.02572635221704996, "26": 0.02572635221704996, "27": 0.02572635221704996, "28": 0.02572635221704996, "29": 0.02572635221704996, "30": 0.027124558955208017, "31": 0.027124558955208017, "32": 0.027124558955208017, "33": 0.027124558955208017, "34": 0.027124558955208017, "35": 0.027124558955208017, "36": 0.028501454824834904, "37": 0.028501454824834904, "38": 0.028501454824834904, "39": 0.028501454824834904}