{"name": "eigen", "eigen": 5, "normalized": false, "process_time": 0.004658937454223633, "data": {"ENSP00000457063": 0.004330003005421662, "ENSP00000454779": -0.008420311949979007, "ENSP00000456731": -0.016716701779884463, "ENSP00000454364": -0.004150593139881773, "ENSP00000457178": 0.01879568759142991, "ENSP00000455600": -0.04723896340468366, "ENSP00000455553": -0.0031991725622584747, "ENSP00000456599": 0.678250696232652, "ENSP00000398034": -0.32280454025143385, "ENSP00000456263": -0.5778497949690402, "ENSP00000454263": -0.22217791502464143, "ENSP00000455226": 0.055317448755713636, "ENSP00000455965": -0.013583901057004733, "ENSP00000455215": 0.04762190049045656, "ENSP00000456796": 0.01106485101120129, "ENSP00000456682": 0.01078994296384659, "ENSP00000457806": 0.010789942963846586, "ENSP00000456794": 0.010789942963846586, "ENSP00000457994": 0.010789942963846586, "ENSP00000454607": 0.010789942963846586, "ENSP00000458014": 0.010789942963846586, "ENSP00000456781": 0.010789942963846586, "ENSP00000456819": 0.010789942963846586, "ENSP00000458063": 0.010789942963846586, "ENSP00000457307": 0.010789942963846586, "ENSP00000456166": 0.010789942963846586, "ENSP00000455245": 0.010789942963846586, "ENSP00000456787": 0.010789942963846586, "ENSP00000455209": 0.010789942963846586, "ENSP00000456603": 0.010789942963846586, "ENSP00000458087": 0.010789942963846586, "ENSP00000455351": 0.010789942963846586, "ENSP00000455074": 0.010789942963846586, "ENSP00000457979": 0.010789942963846586, "ENSP00000454933": 0.010789942963846586, "ENSP00000456256": 0.010789942963846586, "ENSP00000457635": 0.010789942963846586, "ENSP00000455812": 0.010789942963846586, "ENSP00000457456": 0.010789942963846586, "ENSP00000454879": 0.010789942963846586, "ENSP00000457073": 0.010789942963846586, "ENSP00000456632": 0.010789942963846586, "ENSP00000454321": 0.010789942963846586, "ENSP00000444911": 0.010789942963846586, "ENSP00000456147": 0.010789942963846586, "ENSP00000457953": 0.010789942963846586, "ENSP00000457657": 0.010789942963846586, "ENSP00000454855": 0.010789942963846586, "ENSP00000455176": 0.010789942963846586, "ENSP00000456002": 0.010789942963846586, "ENSP00000454574": 0.010789942963846586, "ENSP00000454490": -0.11745552088643157, "ENSP00000457612": -0.02826420617382749, "ENSG00000205336": -7.806255641895632e-18, "ENSP00000456362": 0.02518064832874965, "ENSP00000456544": -0.008766416739677835, "ENSP00000456620": -0.009299467266505112, "ENSP00000454233": -0.012328425611123225, "ENSP00000373465": -0.011196272598815796, "ENSP00000457143": -0.011189561348827407, "ENSP00000457122": -0.010830651125806116, "ENSP00000456494": -0.011235739533448466, "ENSP00000457223": -0.011255647938477603, "ENSP00000454289": 0.1437930223929526, "ENSP00000456469": 0.04117360416884629, "ENSP00000456238": 0.03399799468584704}}