{"name": "eigen", "eigen": 5, "normalized": true, "process_time": 0.006783008575439453, "data": {"ENSP00000457063": 0.0, "ENSP00000454779": 0.05726628648845491, "ENSP00000456731": -0.03435977189307297, "ENSP00000454364": -0.024353835011590667, "ENSP00000457178": -0.04528398809615193, "ENSP00000455600": -0.024558864211894887, "ENSP00000455553": -0.000599646068044947, "ENSP00000456599": -0.08457913381529071, "ENSP00000398034": -0.11567381808388916, "ENSP00000456263": -0.10879746208617894, "ENSP00000454263": -0.043198690540856, "ENSP00000455226": -0.048065916170621156, "ENSP00000455965": -0.024400158752413803, "ENSP00000455215": -0.07150894830061291, "ENSP00000456796": -0.23134704610638632, "ENSP00000456682": -0.060682370754377844, "ENSP00000457806": -0.04984870095870695, "ENSP00000456794": -0.057923607372615, "ENSP00000457994": 0.015921057681747695, "ENSP00000454607": -0.00894497322624734, "ENSP00000458014": 0.09940026236294948, "ENSP00000456781": -0.026334583106296272, "ENSP00000456819": 0.025128999471911904, "ENSP00000458063": -0.018417066915938297, "ENSP00000457307": 0.06449298020805659, "ENSP00000456166": 0.028111936602015157, "ENSP00000455245": -0.07642644031395116, "ENSP00000456787": -0.08530893628608317, "ENSP00000455209": 0.007931073154424666, "ENSP00000456603": 0.16608833069458512, "ENSP00000458087": 0.06805387999583971, "ENSP00000455351": 0.06846676178591769, "ENSP00000455074": -0.1287356773161604, "ENSP00000457979": -0.008538169080664368, "ENSP00000454933": 0.01281667742282776, "ENSP00000456256": -0.07338372642534266, "ENSP00000457635": -0.09800516256924567, "ENSP00000455812": -0.20338308134275682, "ENSP00000457456": 0.2728350673473121, "ENSP00000454879": -0.33186910500943756, "ENSP00000457073": 0.581787706423765, "ENSP00000456632": 0.07197462608408985, "ENSP00000454321": 0.06841458094279322, "ENSP00000444911": 0.17167020674261893, "ENSP00000456147": 0.010574740496655391, "ENSP00000457953": 0.21098689750522504, "ENSP00000457657": -0.09222307534572231, "ENSP00000454855": -0.09046036104810536, "ENSP00000455176": -0.0903989869000114, "ENSP00000456002": -0.09233227374160431, "ENSP00000454574": -0.0923186230546409, "ENSP00000454490": 0.022336185840288687, "ENSP00000457612": 0.13393727661946409, "ENSG00000205336": 1.3877787807814457e-17, "ENSP00000456362": 0.052490296901417065, "ENSP00000456544": 0.06705792405567794, "ENSP00000456620": -0.08126049033442159, "ENSP00000454233": -0.11172166462412012, "ENSP00000373465": -0.06245074212713274, "ENSP00000457143": 0.07890681645657638, "ENSP00000457122": 0.07618214217347488, "ENSP00000456494": 0.01600975556120529, "ENSP00000457223": 0.08130912425797597, "ENSP00000454289": 0.02745291383741951, "ENSP00000456469": 0.09947806525328913, "ENSP00000456238": 0.14061252462260782}}