{"name": "fiedler", "normalized": false, "process_time": 0.00517725944519043, "data": {"ENSP00000457063": -0.15758581529321347, "ENSP00000454779": -0.1358394193731395, "ENSP00000456731": -0.24525529615850952, "ENSP00000454364": -0.06881154136947626, "ENSP00000457178": 0.008315309222928578, "ENSP00000455600": 0.24460002467202294, "ENSP00000455553": 0.012324355581174264, "ENSP00000456599": 0.2634716166755702, "ENSP00000398034": -0.03180218712151732, "ENSP00000456263": 0.020758982428685624, "ENSP00000454263": -0.009239190713847916, "ENSP00000455226": 0.2652158731594884, "ENSP00000455965": -0.15660059792080908, "ENSP00000455215": -0.07723134452422, "ENSP00000456796": 0.005310905516535089, "ENSP00000456682": 0.0833677311598101, "ENSP00000457806": 0.026307785849784004, "ENSP00000456794": 0.13135026973750205, "ENSP00000457994": -0.28034824338752207, "ENSP00000454607": -0.058977632474094197, "ENSP00000458014": 0.03447136709294359, "ENSP00000456781": -0.17912797652444015, "ENSP00000456819": 0.1441702789322515, "ENSP00000458063": 0.003945148891084521, "ENSP00000457307": -0.11315677256261723, "ENSP00000456166": 0.11946118056671556, "ENSP00000455245": 0.11903614688992652, "ENSP00000456787": -0.03097778161073732, "ENSP00000455209": 0.10351484135969899, "ENSP00000456603": -0.04934445535196353, "ENSP00000458087": -0.02549915154857108, "ENSP00000455351": 0.15969305603536751, "ENSP00000455074": -0.10831274828964232, "ENSP00000457979": -0.009219899577875407, "ENSP00000454933": 0.11269590347127324, "ENSP00000456256": -0.0058584581902695375, "ENSP00000457635": 0.1260905503917997, "ENSP00000455812": 0.2030148817248771, "ENSP00000457456": 0.072440573646732, "ENSP00000454879": 0.021789713872690974, "ENSP00000457073": 0.026223715614401528, "ENSP00000456632": -0.21197868544210766, "ENSP00000454321": -0.13396039411898403, "ENSP00000444911": 0.02108401129274302, "ENSP00000456147": 0.07002653420595834, "ENSP00000457953": 0.10250196280893507, "ENSP00000457657": -0.16754316235648248, "ENSP00000454855": 0.06991079842204427, "ENSP00000455176": 0.06831957708758529, "ENSP00000456002": -0.09289945078930044, "ENSP00000454574": -0.056031439282904674, "ENSP00000454490": -0.04895193283953716, "ENSP00000457612": 0.172571372107132, "ENSG00000205336": 5.314015503553956e-09, "ENSP00000456362": -0.2649478934072484, "ENSP00000456544": 0.019124146517557037, "ENSP00000456620": 0.1433397849104406, "ENSP00000454233": -0.08725745529672234, "ENSP00000373465": -0.022407765081210326, "ENSP00000457143": 0.04101373927091448, "ENSP00000457122": -0.07925210574578352, "ENSP00000456494": 0.036597027362307084, "ENSP00000457223": -0.22358644053726295, "ENSP00000454289": -0.04802961034798083, "ENSP00000456469": 0.06778314681870568, "ENSP00000456238": 0.06019252862638812}}