{"name": "fiedler", "normalized": true, "process_time": 0.014252185821533203, "data": {"ENSP00000457063": -0.006277258360549043, "ENSP00000454779": -0.24402232825452227, "ENSP00000456731": 0.010401429809424876, "ENSP00000454364": -0.030719359764043684, "ENSP00000457178": 0.10771065364839877, "ENSP00000455600": 0.09660563369693899, "ENSP00000455553": -0.13084174067670098, "ENSP00000456599": -9.105877673717063e-05, "ENSP00000398034": -0.0985070860541861, "ENSP00000456263": -0.02552449971851176, "ENSP00000454263": -0.017450886681137902, "ENSP00000455226": 0.060465751204746246, "ENSP00000455965": 0.06385451225339801, "ENSP00000455215": 0.026304203450947618, "ENSP00000456796": -0.024926360031979115, "ENSP00000456682": -0.1556907679025413, "ENSP00000457806": -0.05355939209430155, "ENSP00000456794": -0.06724904860019272, "ENSP00000457994": -0.061334886307296506, "ENSP00000454607": -0.09759739813658508, "ENSP00000458014": 0.043525187775459544, "ENSP00000456781": 0.04660581044971162, "ENSP00000456819": -0.10741859627938362, "ENSP00000458063": -0.16881371253406494, "ENSP00000457307": -0.04902466810254558, "ENSP00000456166": 0.0713779792494072, "ENSP00000455245": -0.19126344961827127, "ENSP00000456787": -0.07721224600513557, "ENSP00000455209": 0.10153033179925093, "ENSP00000456603": 0.22388896983249296, "ENSP00000458087": -0.00599799285444019, "ENSP00000455351": 0.07376271767673796, "ENSP00000455074": -0.19125674469147436, "ENSP00000457979": 0.15927434319457776, "ENSP00000454933": -0.1439917780231874, "ENSP00000456256": 0.13190116427408446, "ENSP00000457635": 0.06264062590973488, "ENSP00000455812": 0.28408597945671066, "ENSP00000457456": 0.23115338553900525, "ENSP00000454879": 0.1528819896300519, "ENSP00000457073": -0.06785243352976437, "ENSP00000456632": -0.2062915589633506, "ENSP00000454321": -0.10294175402121093, "ENSP00000444911": 0.031371925111202896, "ENSP00000456147": -0.1443949097625387, "ENSP00000457953": 0.14405633143421095, "ENSP00000457657": -0.0463199105717044, "ENSP00000454855": 0.08761441812404419, "ENSP00000455176": -0.047059879980622464, "ENSP00000456002": 0.14157990914345014, "ENSP00000454574": -0.1041635415136409, "ENSP00000454490": 0.2163675704977072, "ENSP00000457612": 0.07645259430037839, "ENSG00000205336": 6.958581778610818e-09, "ENSP00000456362": -0.15732244829907552, "ENSP00000456544": 0.17741916533104002, "ENSP00000456620": 0.08448443228174474, "ENSP00000454233": -0.035914715714316876, "ENSP00000373465": -0.22074939664868656, "ENSP00000457143": 0.07470503711424867, "ENSP00000457122": -0.16893846725235062, "ENSP00000456494": 0.04975987166507935, "ENSP00000457223": 0.18332926852373066, "ENSP00000454289": 0.08465559052792085, "ENSP00000456469": 0.09213449632969993, "ENSP00000456238": -0.14118105961236735}}