{"0": 0.0, "1": 1.3877787807814457e-17, "2": -1.776814925594104e-17, "3": -6.909854010480491e-17, "4": -2.256348870472025e-16, "5": 3.1546017826784444e-16, "6": -5.2378330373900636e-17, "7": -9.75310531601764e-17, "8": 2.8250630458322275e-16, "9": -1.0767101284456559e-16, "10": 1.3916462820596475e-16, "11": 2.7309442176968836e-16, "12": -2.3800938428464906e-16, "13": -1.1473852079459385e-17, "14": -3.285353864164351e-16, "15": 6.635777746085766e-17, "16": 1.7845416041138942e-16, "17": -6.06570395348962e-17, "18": -2.8884091173899985e-17, "19": 8.73279299418848e-16, "20": 2.4046951048522356e-15, "21": -3.330238741480439e-15, "22": 9.704119823561415e-16, "23": -1.0067402375632262e-15, "24": 7.087575414428322e-18, "25": 8.073700062115983e-17, "26": -1.1165526206291912e-15, "27": 1.4562565812438782e-15, "28": -7.154694066906662e-16, "29": 6.296587233724751e-15, "30": -6.320700857711966e-15, "31": -0.09472440500650604, "32": 0.14314110835614718, "33": -0.013524320077710896, "34": 0.0750392903693303, "35": -0.10990919749756646, "36": 0.6466835860957236, "37": -0.726670555021937, "38": 0.07996449278251966}