{"0": -3.752440826562818e-05, "1": 0.06114907865572124, "2": -0.0611115542474556, "3": -0.1722762137275741, "4": 0.0025154275886047715, "5": 0.1697607861389671, "6": -0.06477753563515869, "7": -0.016570053152453544, "8": 0.08134758878761278, "9": 0.04443989873583437, "10": 0.09945033695537545, "11": 0.04044759140526423, "12": -0.18433782709647362, "13": 0.3205216181270321, "14": -0.285854471460543, "15": -0.3744338574766461, "16": 0.6154858368099032, "17": -0.27571912599974563, "18": -0.09102517230298804, "19": 0.020534382371355728, "20": 0.009523681586910498, "21": 0.009523681586910498, "22": -0.08898759312812156, "23": 0.14043101988593304, "24": 0.02089496591820166, "25": -0.04230096902283678, "26": -0.01977400088772583, "27": 0.008417245769778559, "28": 0.03711046063485755, "29": -0.0068630744653420065, "30": 0.0025153720530664537, "31": -0.07528971616271393, "32": -0.06649976715314401, "33": -0.000537045804257957, "34": -0.08304631813094743, "35": -0.016595759324032157, "36": 0.06219215404379345, "37": -0.005041122527999244, "38": 0.1848175750593019}