{"0": -2.220446049250313e-16, "1": 2.6295473737124112e-17, "2": 1.1217327581460724e-17, "3": -1.5602089699442195e-17, "4": -1.0588259878428854e-17, "5": -4.983032920283224e-18, "6": -7.519230961810141e-18, "7": -1.0381877070624414e-17, "8": -5.991500401801078e-18, "9": -7.701943716174118e-18, "10": -6.943569493968645e-18, "11": -1.680928077775703e-17, "12": -1.2337264329955374e-17, "13": -1.7796226538040214e-17, "14": -1.8298567312951467e-17, "15": -4.568988565827046e-18, "16": -6.541079256120986e-18, "17": -9.05924868117342e-18, "18": -3.618057744671574e-15, "19": 1.3348013846909033e-15, "20": 6.924731707868239e-16, "21": 4.053683924036482e-15, "22": -3.821510499776337e-15, "23": 1.3078217123711862e-15, "24": -2.133949392684825e-08, "25": 1.8622356900740475e-07, "26": -1.0782638180346588e-07, "27": 8.217825951227145e-08, "28": -1.4532516001512474e-07, "29": 8.707609486431897e-08, "30": -8.098688771851621e-08, "31": 0.03816673973541326, "32": 0.35824277343598954, "33": 0.22230218178592268, "34": 0.2317267086805453, "35": 0.283207550224303, "36": 0.03406706116234675, "37": -0.6282747685484205, "38": -0.5394382464760997}