{"0": 1.5416765955743537, "1": 1.5416765955743537, "2": 1.5416765955743537, "3": 1.5416765955743537, "4": 1.5416765955743537, "5": 1.5416765955743537}