{"name": "eigen", "eigen": 1, "normalized": false, "process_time": 0.002228975296020508, "data": {"0": -0.0, "1": -0.7068577170913628, "2": -0.01876613408207184, "3": 0.01876613408207159, "4": 0.7068577170913634, "5": 2.7755575615628914e-17}}