{"name": "fiedler", "normalized": false, "process_time": 0.03336691856384277, "data": {"0": -0.2977619967767795, "1": -0.6378391849118972, "2": -0.06707427824846801, "3": 0.0670742683106655, "4": 0.6378392036469077, "5": 0.2977619879795716}}