{"name": "eigen", "eigen": 3, "normalized": true, "process_time": 0.005318164825439453, "data": {"0": -0.07189982889267177, "1": -0.18130209440482942, "2": -0.016685375872231012, "3": 0.07225169631741288, "4": 0.15134576382664403, "5": 0.2648330482824459, "6": 0.24003564198810468, "7": 0.29554008182007746, "8": 0.16831200513302041, "9": 0.07951962488077702, "10": -0.028987719722912753, "11": -0.12616414505093682, "12": -0.2683423545378531, "13": -0.1856003879879351, "14": -0.0788417301218971, "15": 0.04953489600581981, "16": 0.17593217822195334, "17": -0.11309285051114014, "18": -0.083906230067314, "19": -0.07189982889267184, "20": -0.07189982889267181, "21": -0.07189982889267184, "22": -0.11309285051113965, "23": -0.08390623006731347, "24": -0.010107632027533078, "25": 0.16043000896514753, "26": 0.2816028925094861, "27": 0.20892777023242967, "28": -0.012416880003128739, "29": -0.012416880003128766, "30": -0.019530788537825257, "31": -0.014490348674069453, "32": -0.012416880003128752, "33": -0.07642745138067264, "34": -0.1980548917433128, "35": -0.14694155499188172, "36": -0.1259152348122852, "37": -0.1259152348122852, "38": -0.2439730601086161, "39": -0.14779348904648817, "40": -0.14779348904648817, "41": -0.04776057804082632, "42": 0.025986950289165936, "43": 0.025986950289165936, "44": 0.09229737293041733, "45": 0.14517660417484643, "46": 0.10770991707460877, "47": 0.2002806098688844, "48": 0.12132556810863884, "49": 0.12132556810863884}}