{"name":"fiedler","normalized":true,"weight":"value","num_of_nodes":50,"num_of_edges":49,"process_time":0.017764568328857422,"data":{"0":-0.154221928325198,"1":-0.40590887994333696,"2":-0.24203911698598574,"3":-0.1741605385546987,"4":-0.1488838026782492,"5":-0.14948875435922104,"6":-0.09268554626163215,"7":-0.07636173898502999,"8":-0.0300481286932877,"9":0.0025656680630698936,"10":0.06088635495747064,"11":0.08025929662957602,"12":0.14948697539332098,"13":0.14525919540630253,"14":0.16856780595999343,"15":0.21750164520667292,"16":0.23355296242901633,"17":-0.2204155031081974,"18":-0.156672847462551,"19":-0.1542219283209228,"20":-0.1542219283223849,"21":-0.1542219283220676,"22":-0.22041550311226507,"23":-0.1566728474666179,"24":-0.14047257033224295,"25":-0.08675899081141203,"26":-0.06333995952558429,"27":-0.04502247631044014,"28":0.02498681779881409,"29":0.02498681779533984,"30":0.03571140733905144,"31":0.025383912830484287,"32":0.02498681780239098,"33":0.04658019687790884,"34":0.09604637067649796,"35":0.06827041737093183,"36":0.06720242573809845,"37":0.06720242573211993,"38":0.1491492548240036,"39":0.08656195511910995,"40":0.08656195511657888,"41":0.09783192586265439,"42":0.10931988003494464,"43":0.10931988003623608,"44":0.11738753423743617,"45":0.1677714223158444,"46":0.1192530743676375,"47":0.2076794193756053,"48":0.12053118575427474,"49":0.12053118576177763}}