{"name": "fiedler", "normalized": false, "process_time": 0.01277780532836914, "data": {"0": -0.24483928631588703, "1": 0.08202721551311327, "2": 0.06767237836560888, "3": -0.1817959879632724, "4": -0.19685152439327627, "5": -0.3726011768969734, "6": -0.20367336230092795, "7": 0.3152961006125144, "8": 0.31924221175575834, "9": 0.15562041471155771, "10": -0.18570073698152365, "11": -0.2954675368759808, "12": -0.1223906876400413, "13": 0.2169807685418185, "14": 0.43054002098946004, "15": 0.21344032321847917, "16": 0.13600098653629375, "17": -0.13350012087672142}}