{"name": "agd", "process_time": 0.28384995460510254, "data": {"0": 1.494949494949495, "1": 1.494949494949495, "2": 1.494949494949495, "3": 1.494949494949495, "4": 1.494949494949495, "5": 1.494949494949495, "6": 1.494949494949495, "7": 1.494949494949495, "8": 1.494949494949495, "9": 1.4848484848484849, "10": 1.494949494949495, "11": 1.494949494949495, "12": 1.494949494949495, "13": 1.494949494949495, "14": 1.494949494949495, "15": 1.494949494949495, "16": 1.4848484848484849, "17": 1.494949494949495, "18": 1.494949494949495, "19": 1.494949494949495, "20": 1.494949494949495, "21": 1.494949494949495, "22": 1.505050505050505, "23": 1.494949494949495, "24": 1.494949494949495, "25": 1.505050505050505, "26": 1.494949494949495, "27": 1.494949494949495, "28": 1.494949494949495, "29": 1.4848484848484849, "30": 1.494949494949495, "31": 1.505050505050505, "32": 1.5151515151515151, "33": 1.494949494949495, "34": 1.4848484848484849, "35": 1.494949494949495, "36": 1.494949494949495, "37": 1.494949494949495, "38": 1.494949494949495, "39": 1.5151515151515151, "40": 1.494949494949495, "41": 1.505050505050505, "42": 1.494949494949495, "43": 1.505050505050505, "44": 1.494949494949495, "45": 1.4848484848484849, "46": 1.4848484848484849, "47": 1.494949494949495, "48": 1.494949494949495, "49": 1.494949494949495, "50": 1.494949494949495, "51": 1.494949494949495, "52": 1.494949494949495, "53": 1.494949494949495, "54": 1.494949494949495, "55": 1.494949494949495, "56": 1.4848484848484849, "57": 1.494949494949495, "58": 1.494949494949495, "59": 1.494949494949495, "60": 1.494949494949495, "61": 1.494949494949495, "62": 1.494949494949495, "63": 1.505050505050505, "64": 1.505050505050505, "65": 1.4848484848484849, "66": 1.494949494949495, "67": 1.494949494949495, "68": 1.494949494949495, "69": 1.505050505050505, "70": 1.494949494949495, "71": 1.494949494949495, "72": 1.505050505050505, "73": 1.494949494949495, "74": 1.494949494949495, "75": 1.494949494949495, "76": 1.4848484848484849, "77": 1.494949494949495, "78": 1.494949494949495, "79": 1.494949494949495, "80": 1.494949494949495, "81": 1.494949494949495, "82": 1.494949494949495, "83": 1.494949494949495, "84": 1.4848484848484849, "85": 1.494949494949495, "86": 1.494949494949495, "87": 1.505050505050505, "88": 1.494949494949495, "89": 1.4848484848484849, "90": 1.505050505050505, "91": 1.494949494949495, "92": 1.494949494949495, "93": 1.494949494949495, "94": 1.494949494949495, "95": 1.494949494949495, "96": 1.4848484848484849, "97": 1.4747474747474747, "98": 1.494949494949495, "99": 1.4848484848484849}}