{"name": "eigen", "eigen": 2, "normalized": false, "process_time": 0.015264034271240234, "data": {"0": -0.009110386533724717, "1": -0.018904135291389332, "2": -0.027669926648697628, "3": -0.036595810626809604, "4": -0.04480363430729535, "5": -0.05339949914800778, "6": -0.061195831878873765, "7": -0.06586906869277581, "8": -0.07715795762211886, "9": -0.07950656094063552, "10": -0.09132557113356932, "11": -0.09497558570718832, "12": -0.10432305428666183, "13": -0.11035591697931267, "14": -0.11591298380269059, "15": -0.12110383422820213, "16": -0.11789315874152384, "17": -0.12984570629539482, "18": -0.13341926441701704, "19": -0.13651758569063896, "20": -0.13909394393656313, "21": -0.13560164434720526, "22": -0.1451355372189671, "23": -0.14320951154227013, "24": -0.14345275286828363, "25": -0.14766239967463163, "26": -0.13406608538865084, "27": -0.14089831832828795, "28": -0.13885338397485697, "29": -0.12408358454049961, "30": -0.13311675722682106, "31": -0.118083961921085, "32": -0.1257166461968029, "33": -0.11944780953955864, "34": -0.10906463305066402, "35": -0.11091750400875941, "36": -0.09290786866484756, "37": -0.09851031771619077, "38": -0.09145910077294037, "39": -0.0824846322869404, "40": -0.08021468554721563, "41": -0.06835639630160466, "42": -0.061234333948829496, "43": -0.05075192511866268, "44": -0.0442601714422565, "45": -0.03640635278774499, "46": -0.028640799842624166, "47": -0.017588425790075544, "48": -0.008387138065933681, "49": 0.0007645710826104412, "50": 0.009913986640352677, "51": 0.018895624459823682, "52": 0.026507015336415505, "53": 0.03641313580205904, "54": 0.045192060325958135, "55": 0.05317984511814697, "56": 0.05546187945328929, "57": 0.06112676847496675, "58": 0.07002265713294295, "59": 0.08060256668386506, "60": 0.09132557113356929, "61": 0.09821476903573736, "62": 0.10429386290272677, "63": 0.11664422271664725, "64": 0.11885900280093424, "65": 0.11336524346454885, "66": 0.11983178119553524, "67": 0.12984570629539482, "68": 0.12995054819805296, "69": 0.13871173544516266, "70": 0.13906391171442592, "71": 0.1411308837835858, "72": 0.144416974947805, "73": 0.14320951154227002, "74": 0.14358187025116662, "75": 0.14326675359949517, "76": 0.13379937748685117, "77": 0.14086120903292138, "78": 0.13312881771529564, "79": 0.13625587201256792, "80": 0.12623335635407068, "81": 0.1294599418344585, "82": 0.12558818829289048, "83": 0.11406386359145507, "84": 0.10993111768996634, "85": 0.11091750400875937, "86": 0.10497250667033883, "87": 0.0975955336906816, "88": 0.09165976491000519, "89": 0.08245341743246769, "90": 0.07515568225879476, "91": 0.06920171334554386, "92": 0.06123433394882946, "93": 0.05283336866914285, "94": 0.044330188261646856, "95": 0.035465219022974, "96": 0.02836731584846855, "97": 0.010522564721315786, "98": 0.008387138065933629, "99": 0.0032816406194318827}}