{"name": "pagerank", "alpha": 0.85, "process_time": 0.10564208030700684, "data": {"0": 0.009993988831050347, "1": 0.009994084986775216, "2": 0.00999469521357496, "3": 0.009994833349610719, "4": 0.009994461301143755, "5": 0.009994616988435033, "6": 0.009995269944200254, "7": 0.00999558345534854, "8": 0.00999658459767692, "9": 0.010166817710653189, "10": 0.009996940698295601, "11": 0.009996190266005851, "12": 0.009997299570255658, "13": 0.009997015753280221, "14": 0.009998285657425285, "15": 0.009998974244246365, "16": 0.010169628179493339, "17": 0.009999489956756908, "18": 0.01000025753097208, "19": 0.010000531277445029, "20": 0.010000317525805172, "21": 0.00999917744142977, "22": 0.009830460721264946, "23": 0.010002094746746135, "24": 0.010002372422339164, "25": 0.009832737666167175, "26": 0.010001729125342158, "27": 0.010003589035969105, "28": 0.010003814225527442, "29": 0.010172997660045556, "30": 0.010004261635299916, "31": 0.009832285162752847, "32": 0.009662543446360075, "33": 0.010002628704589763, "34": 0.01017496647042754, "35": 0.010005079879995457, "36": 0.010002761612860081, "37": 0.01000534924669321, "38": 0.010005967554681814, "39": 0.00966589801765623, "40": 0.01000451965551738, "41": 0.009835618182260728, "42": 0.010006707009210398, "43": 0.009836146298702964, "44": 0.010007208205506884, "45": 0.010177591616146425, "46": 0.010177582926082902, "47": 0.010007644868818394, "48": 0.01000708503469911, "49": 0.010006995180017885, "50": 0.010006894476755181, "51": 0.010005787045226316, "52": 0.010004541675911872, "53": 0.010005557581614356, "54": 0.010005410655848064, "55": 0.010005750428324514, "56": 0.010176069689610205, "57": 0.010004576545229684, "58": 0.01000271641654928, "59": 0.010002051713947762, "60": 0.010003441754199136, "61": 0.010003243128353812, "62": 0.010003585897937775, "63": 0.009832767626753065, "64": 0.009832053524810352, "65": 0.010171931777907357, "66": 0.010000879965774898, "67": 0.01000089249573783, "68": 0.010000091788261932, "69": 0.009829289181879516, "70": 0.009999576778420125, "71": 0.009999302327329589, "72": 0.00982801942224117, "73": 0.0099982877057486, "74": 0.00999752933255945, "75": 0.009997264592995702, "76": 0.010167530701283185, "77": 0.009996772851076247, "78": 0.009997035353587447, "79": 0.009996340978378575, "80": 0.009995218559975526, "81": 0.00999590804446865, "82": 0.009996192131503729, "83": 0.009996085043962655, "84": 0.01016596113384771, "85": 0.009995302572499287, "86": 0.009995159371605956, "87": 0.00982462395857038, "88": 0.009994916644030944, "89": 0.010164904507137404, "90": 0.009823219214957957, "91": 0.009993702284151846, "92": 0.009993675443284344, "93": 0.009993665471706322, "94": 0.009993675575771712, "95": 0.009993187358571217, "96": 0.010163722506137961, "97": 0.01033483920924749, "98": 0.009993297417795628, "99": 0.01016386934495836}}