{"name": "eigen", "eigen": 4, "normalized": false, "process_time": 0.0024290084838867188, "data": {"0": -0.024211729190322405, "1": -0.024211729190322377, "2": -0.024211729190322242, "3": -0.024211729190322582, "4": -0.02421172919032276, "5": -0.024211729190322436, "6": -0.02421172919032225, "7": -0.02421172919032249, "8": -0.02421172919032243, "9": 0.04374422709509754, "10": 0.5325692926994354, "11": -0.4733875835042326, "12": -0.15067001114631162, "13": 0.594938657113798, "14": -0.32928901954488476}}