{"name": "eigen", "eigen": 1, "normalized": true, "process_time": 0.009840965270996094, "data": {"0": 0.09331591623837679, "1": 0.0933159162383771, "2": 0.0933159162383769, "3": 0.09331591623837684, "4": 0.09331591623837696, "5": 0.09331591623837676, "6": 0.09331591623837679, "7": 0.09331591623837694, "8": 0.09331591623837696, "9": 0.05289980985509495, "10": -0.1714802468084331, "11": -0.3490050265129112, "12": -0.49068300106230445, "13": -0.5819622231703993, "14": -0.4337868690969363}}