{"name": "eigen", "eigen": 3, "normalized": true, "process_time": 0.00504302978515625, "data": {"0": -0.06843825332834728, "1": -0.0684382533283484, "2": -0.06843825332834608, "3": -0.06843825332834672, "4": -0.06843825332834783, "5": -0.0684382533283481, "6": -0.0684382533283462, "7": -0.06843825332834766, "8": -0.06843825332834753, "9": 0.5187441535016521, "10": 0.4989502714894324, "11": -0.14226404943351084, "12": -0.5245333763566163, "13": 0.04793809409128458, "14": 0.37699681110370636}}