{"0": 1.6428571428571428, "1": 1.6428571428571428, "2": 1.6428571428571428, "3": 1.6428571428571428, "4": 1.6428571428571428, "5": 1.6428571428571428, "6": 1.6428571428571428, "7": 1.6428571428571428, "8": 1.6428571428571428, "9": 1.6428571428571428, "10": 1.2857142857142858, "11": 1.2857142857142858, "12": 1.2857142857142858, "13": 1.2857142857142858, "14": 1.2857142857142858}