{"0": 0.0, "1": -0.02165572234806218, "2": -0.0004239334686219826, "3": -0.0677718725115094, "4": -0.1561789985817021, "5": 0.7682520932775162, "6": -0.6059206001164549, "7": 0.11277959898020865, "8": -0.009401527206905338, "9": -0.01967903802446903, "10": -3.9898639947466563e-17, "11": -6.765421556309548e-17, "12": 1.5612511283791264e-17, "13": 4.336808689942018e-17, "14": 4.336808689942018e-17}