{"0": 0.0, "1": -0.33810132045264346, "2": -0.06624109837309324, "3": 0.004142406175443047, "4": -0.35464504268035363, "5": 0.6628095042713547, "6": 0.00817977699541612, "7": 0.0076324806661469645, "8": 0.06080349750962211, "9": 0.015419795888107032, "10": 0.043762749787364316, "11": 0.13135280161769816, "12": -0.488697962968491, "13": 0.10693385880227833, "14": 0.20664855276114985}