{"0": 0.0, "1": 0.011299862819184693, "2": 0.0022138787379061284, "3": -0.14761392552916908, "4": 0.0963039042482771, "5": 0.11832560346240288, "6": -0.011943350047594094, "7": 0.05232718479470115, "8": -0.05806894681552957, "9": -0.06284421167017919, "10": 0.721723942927276, "11": -0.6489770035025532, "12": -0.04437897178214379, "13": -0.02344438929526948, "14": -0.004923578347309473}