{"info": {"component_method": "connected_components", "link_method": "connectivity", "cover_overlap": 0, "cover_intervals": 2, "cover": [{"level": 0, "range": [0, 0.5]}, {"level": 1, "range": [0.5, 1]}], "compute_time": 0.0006}, "nodes": [{"cover": 0, "min_v": 0, "max_v": 0.3972, "avg_v": 0.0623, "comp_len": 13, "x": 83.05902849193292, "y": 99.00000027644927, "id": "mn0", "index": 0, "vy": -4.303924124689972e-25, "vx": 2.491496592371689e-17}, {"cover": 1, "min_v": 0.5267, "max_v": 1, "avg_v": 0.8118, "comp_len": 7, "x": 114.94097150806708, "y": 98.99999972355072, "id": "mn1", "index": 1, "vy": 4.303924124689972e-25, "vx": -2.491496592371689e-17}], "links": [{"value": 1, "source": "mn0", "target": "mn1"}]}