{"name": "eigen", "eigen": 3, "normalized": true, "process_time": 0.09966301918029785, "data": {"0": 0.05320618714559288, "1": 0.03475066674563149, "2": -0.007826252336991746, "3": 0.024568192947737044, "4": -0.021451645379184772, "5": -0.0037554404536720015, "6": 0.02933427858890028, "7": 0.02756504639734889, "8": -0.041981396376021274, "9": 0.07144465150722706, "10": 0.03406229820397379, "11": -0.021809149567540598, "12": -0.06177844425583673, "13": -0.034522337514000606, "14": -0.03637577237185244, "15": 0.039823340038079566, "16": 0.06768752643973676, "17": 0.11920542242899347, "18": -0.011613559694379452, "19": -0.0018352315842529651, "20": 0.05972454681998101, "21": -0.04742238343288739, "22": -0.051077148821183506, "23": -0.012864165150352116, "24": -0.03317627003388489, "25": 0.10858465545658907, "26": -0.024665286358699773, "27": -0.04705745512901299, "28": -0.04686032803121978, "29": 0.06107376370011086, "30": -0.01826301592974139, "31": -0.005460334473518846, "32": -0.006778494316735273, "33": -0.04134394035119598, "34": 0.09947069387526676, "35": 0.046749752939250294, "36": 0.000310620293620556, "37": -0.04243006466550637, "38": 0.07401753244134804, "39": -0.02964529557628636, "40": -0.01006212220871828, "41": 0.0030997531259681845, "42": 0.018960048919885536, "43": -0.004649138594172835, "44": 0.06520056653152993, "45": -0.050343280414731705, "46": -0.04275684678890313, "47": -0.05913787065224006, "48": 0.039363496725684566, "49": 0.005611807542954343, "50": 0.0985741662035671, "51": 0.05634421841310877, "52": -0.03838096226694431, "53": 0.04064681718572637, "54": 0.04010713092926147, "55": -0.05658147901295557, "56": 0.0424457995477133, "57": 0.04838432193040802, "58": 0.09164872842321571, "59": -0.04582473047203587, "60": 0.010729803154185945, "61": 0.034007578828907495, "62": 0.037825192567930134, "63": -0.002897466820181799, "64": 0.08911650759741674, "65": -0.010883672257764937, "66": -0.0010849554917616924, "67": 0.06520056653152997, "68": 0.046269508794754624, "69": 0.11183322271202363, "70": -0.01947342281058029, "71": -0.09013361363593111, "72": -0.007015901116001942, "73": 0.11249140305121413, "74": 0.024092696723659997, "75": -0.0070634901042258115, "76": 0.09680304578254337, "77": -0.023907407081571627, "78": 0.04314522107540215, "79": -0.013695178210791999, "80": -0.01943204517418162, "81": 0.008251201237653962, "82": 0.06745491263549157, "83": -0.044542430706752824, "84": -0.09302102505576, "85": -0.001629852052376278, "86": 0.08457102167795673, "87": 0.038807945457138705, "88": -0.04697129216152805, "89": 0.05939476974825189, "90": -0.018753008480081143, "91": -0.05665089437571771, "92": -0.0919367114631268, "93": -0.01596801002574659, "94": -0.04761438690935807, "95": 0.05833824277655073, "96": -0.015968010025746583, "97": 0.06080911154348055, "98": 0.030818634191636506, "99": -0.10249591999859017, "100": -0.007780919056275473, "101": -0.00048772713012655566, "102": 0.05246349667536368, "103": -0.05762244491618058, "104": 0.017226995793610773, "105": 0.02450959221552121, "106": -0.018334179433223942, "107": -0.006209293950443743, "108": 0.059880725157688414, "109": -0.037586412788776224, "110": -0.03857613331480411, "111": -0.02843640745494614, "112": -0.06881053386553329, "113": 0.037825192567930134, "114": 0.0032244268091080473, "115": -0.0032729090874033264, "116": 0.09926330811301139, "117": -0.06589203390571707, "118": -0.00155035408469244, "119": -0.04113642474314196, "120": -0.013929396293825108, "121": 0.04651380275520967, "122": -0.0067554467215998094, "123": -0.004352343316076986, "124": -0.011235222866331052, "125": 0.0425291416772795, "126": 0.03439367704582352, "127": -0.04430363973075266, "128": 0.063291571361967, "129": -0.01690016789442578, "130": 0.054486180766224926, "131": 0.0014765783820162837, "132": 0.06246233716654721, "133": 0.03628568337192285, "134": 0.05204948602082955, "135": 0.001842555385666196, "136": -0.030344816792806706, "137": 0.004998471170364872, "138": 0.04697742627065141, "139": -0.056904109560020164, "140": 0.0007492394351531241, "141": -0.010009245036485393, "142": -0.020564702210780293, "143": -0.03030500604331104, "144": 0.05801224226698133, "145": 0.060672974069100216, "146": 0.027271450681647477, "147": -0.007953573891181938, "148": 0.03780540593791118, "149": 0.04418720421472686, "150": -0.04703941438424146, "151": 0.035616120433907265, "152": -0.011214659684820492, "153": 0.0032279224628536784, "154": -0.015596727143429509, "155": 0.02952786129848856, "156": -0.005576914980223509, "157": -0.05669447778105566, "158": -0.04540117772019715, "159": -0.04172386055403892, "160": -0.045921758512018296, "161": 0.020759100725404166, "162": -0.10410854388949263, "163": -0.029744940566498117, "164": -0.014563688280077832, "165": 0.019066826488824806, "166": 0.04266416113315557, "167": 0.06637475785744076, "168": -0.07790253454923511, "169": -0.07667154675610283, "170": 0.04329451478974088, "171": 0.053983734840484736, "172": -0.01494697314815538, "173": -0.027253598594223404, "174": -0.015583954033726852, "175": -0.02011513831566451, "176": -0.04814797215951351, "177": 0.07167380188253629, "178": -0.04134394035119625, "179": -0.061300111715065095, "180": 0.03397946831617079, "181": -0.018356605320722405, "182": 0.05024387826714904, "183": 0.05034402397230948, "184": 0.04073433587559003, "185": 0.02391548661756006, "186": 0.022958543400779914, "187": -0.04768751574356277, "188": 0.03137642805049558, "189": -0.07069202229637271, "190": -0.06561150909560998, "191": 0.02329499996463345, "192": 0.030328093821002634, "193": -0.05690410956002018, "194": 0.02236144704918974, "195": -0.01569222123773665, "196": -0.05817931503611484, "197": -0.10487280743406081, "198": -0.011204655548695062, "199": 0.019922540722138993, "200": 0.05252680964024996, "201": 0.0653495719557988, "202": 0.10693939065984838, "203": -0.004352343316076965, "204": -0.029448291830667432, "205": 0.04706954367604828, "206": -0.027253598594223393, "207": -0.005210566643678579, "208": 0.008417695725177548, "209": -0.005871611561819451, "210": -0.04848940281607671, "211": -0.025035597794128894, "212": -0.021440858458796647, "213": 0.09955551717705417, "214": -0.04866417821943722, "215": 0.01132419885534269, "216": -0.01624007555356298, "217": 0.002191265744422752, "218": -0.043431037586928435, "219": -0.031201033656674843, "220": -0.05595788177471333, "221": -0.030011809559584875, "222": -0.01152497724027013, "223": -0.008626854396253329, "224": 0.050126373475322145, "225": -0.01710121053939533, "226": -0.07972599670575915, "227": 0.021081190442767923, "228": -0.03687022405031549, "229": -0.04124693664173246, "230": -0.046971292161528067, "231": 0.039498852113908814, "232": 0.0916487284232157, "233": 0.046749752939250225, "234": -0.04286747105138293, "235": 0.12864100400344924, "236": -0.0676725759487135, "237": 0.024752528936543748, "238": 0.0379758298946231, "239": -0.04113642474314196, "240": 0.045953159735793676, "241": 0.034443372884281946, "242": -0.04068083893917663, "243": -0.007063490104225819, "244": -0.02626379103085882, "245": -0.0294196679117633, "246": 0.09130076457704862, "247": 0.06647313741200861, "248": 0.002837499127569431, "249": 0.06699931880372445, "250": -0.1057449836233391, "251": -0.05415466182451621, "252": 0.03717383959509825, "253": -0.09487431047979092, "254": 0.056975794085848006, "255": -0.001580082846682443, "256": -0.03745690884161066, "257": 0.05153238246421882, "258": -0.09315559398240841, "259": -0.007298283628539773, "260": -0.08981360628621447, "261": -0.07067306358815967, "262": -0.04430363973075266, "263": 0.02810963090232295, "264": -0.047669609323277094, "265": -0.0030908731459438044, "266": -0.030644596640091473, "267": -0.017236632689773136, "268": 0.006510751992715572, "269": 0.0034554056177530518, "270": -0.0977007225586512, "271": -0.007323188986089288, "272": -0.05155630201284482, "273": -0.026019093229473267, "274": -0.04617182080956253, "275": 0.029748037550236407,