{"name": "eigen", "eigen": 4, "normalized": true, "process_time": 0.08832621574401855, "data": {"0": -0.06274941011009409, "1": 0.1005222697388628, "2": 0.012215229261390237, "3": 0.053080602922099845, "4": -0.028555062675022086, "5": -0.05532414409870949, "6": 0.08497605754305061, "7": -0.0024627590010610004, "8": -0.0685397324909818, "9": -0.08730496376552976, "10": -0.001308784603600316, "11": 0.012686311156820451, "12": 0.017057909136567462, "13": -0.021210566139650278, "14": -0.006746032640442226, "15": -0.0007743248949818931, "16": -0.07602672026403848, "17": -0.02242657648775903, "18": -0.03933346362631243, "19": -0.029026481712650598, "20": -0.08840941229319618, "21": -0.012071045060331909, "22": -0.004495791943449429, "23": 0.015384399673271848, "24": -0.010962795440387446, "25": -0.020951061935039927, "26": 0.016542776037581225, "27": -0.06826968122923356, "28": -0.007982505325710015, "29": -0.011897068091404686, "30": 0.01161229128012048, "31": -0.05565249348471871, "32": 0.0210896545110269, "33": -0.002970612893868424, "34": -0.01763512239369083, "35": 0.13242407311023507, "36": -0.015068913348686826, "37": -0.0525155170125619, "38": -0.09591291275708343, "39": -0.05056777662446472, "40": 0.01524663027806318, "41": 0.052105036959600046, "42": 0.08212358215439655, "43": 0.028149976227074713, "44": -0.06413655765452131, "45": -0.04380461971724015, "46": 0.0019739403946149557, "47": -0.05780288657421254, "48": 0.11308167673490521, "49": -0.05552884984006092, "50": -0.018852433920157806, "51": -0.02424281645489728, "52": -0.006621878270220758, "53": -0.004273333982970397, "54": 0.08832414624262752, "55": -0.06531052133439873, "56": 0.11332394557374961, "57": -0.08579828456913685, "58": -0.01575230840434448, "59": -0.0725715048990844, "60": 0.06700675670137148, "61": -0.05333830842699331, "62": -0.0009107983953108335, "63": -0.05423108994549811, "64": -0.01608895109518178, "65": -0.006249291054859855, "66": -0.029751638507064523, "67": -0.06413655765452128, "68": 0.10896058440111286, "69": -0.02056656676342889, "70": -0.020403549092985373, "71": 0.009844565396227105, "72": -0.04780348124111018, "73": -0.021689010770103597, "74": 0.03361433927617424, "75": -0.0016455551284363656, "76": -0.017969354778158583, "77": -0.04134050926791646, "78": 0.10615649992040117, "79": 0.007963307214899538, "80": -0.019865460262244644, "81": 0.06599159876800308, "82": -0.10091357076983684, "83": -0.07202135209151582, "84": 0.00929351859357789, "85": 0.011605543852635212, "86": -0.014435125047254905, "87": -0.0001882919720635895, "88": -0.041911280679844704, "89": -0.07056769884831535, "90": -0.01476079915936908, "91": -0.07005801127510994, "92": 0.010356385188322199, "93": 0.016063417097046864, "94": -0.045850134058880325, "95": -0.06734137395617387, "96": 0.01606341709704687, "97": -0.00894051140065998, "98": 0.003021843782446531, "99": 0.014975515696254148, "100": 0.024468073687151946, "101": 0.013016926568178544, "102": -0.04989821110119056, "103": -0.06995190462366382, "104": 0.007775932215799959, "105": 0.05456284740548037, "106": -0.015077508565082718, "107": 0.005987349025147547, "108": -0.034932327290518976, "109": -0.06164289959843091, "110": 0.01644818532252817, "111": -0.016822461836412474, "112": 0.00016612103457728372, "113": -0.0009107983953108405, "114": 0.054967446033309726, "115": 0.028389095577937788, "116": -0.018133228292332482, "117": 0.014378417776054336, "118": 0.03700873044475413, "119": -0.02462454306643351, "120": -0.010447331761347331, "121": -0.07437744485777963, "122": 0.016381993494234998, "123": 0.025568325393497206, "124": 0.01031567456490852, "125": 0.11395627642226727, "126": -0.07040637587319437, "127": -0.03865934576566736, "128": -0.07022278746016322, "129": -0.01904330586268875, "130": -0.07684499685410588, "131": 0.04950737218395973, "132": -0.07624327381905098, "133": -0.0016217945059684644, "134": -0.045746045878297885, "135": 0.01449615412459061, "136": -0.0034203126504399675, "137": 0.059938228452252114, "138": 0.13387469089816378, "139": 0.017316621215227902, "140": 0.00871381516651369, "141": 0.019577184493724635, "142": 0.01516873563170357, "143": -0.05061420031816686, "144": -0.08693025179831976, "145": -0.09842160372491658, "146": 0.05150810887279176, "147": 0.02190461893081891, "148": 0.04282810890266858, "149": 0.11691924433380448, "150": 0.012884728804851472, "151": 0.0011463177411398084, "152": 0.015705959998364806, "153": 0.05089242256190975, "154": 0.0066068094030731295, "155": 0.07632048529373005, "156": -0.055741013739625915, "157": -0.047262202608739576, "158": 0.004314525888662159, "159": -0.0358935252245442, "160": -0.07525147049957936, "161": 0.00523549675982621, "162": 0.011887703263944229, "163": 0.013921558078654256, "164": 0.006129511911064525, "165": 0.035267656064528745, "166": 0.1224452074212544, "167": -0.0984755623710651, "168": 0.004722960392486864, "169": 0.004211772997397743, "170": -0.01069863840092865, "171": -0.06897660555325211, "172": -0.0044729445667058354, "173": 0.015053526280517567, "174": 0.00684498141148626, "175": -0.03955437776658095, "176": -0.003911460179881167, "177": -0.09180379756198942, "178": -0.00297061289386858, "179": 0.01840015306341304, "180": -0.0027514399816615347, "181": 0.012306503677991102, "182": -0.046151883832308775, "183": -0.005259472845062591, "184": -0.0014754203301987623, "185": 0.04183508975227611, "186": -0.037254804828400545, "187": 0.0014524134644105853, "188": 0.0959894268971958, "189": 0.01770946238987522, "190": 0.01894808615519531, "191": -0.05882265655304097, "192": 0.09370820085485869, "193": 0.017316621215227906, "194": 0.05420623069902057, "195": 0.0021743539309083196, "196": -0.07216407842213202, "197": 0.011648323945646579, "198": 0.017274840370854472, "199": 0.0060567895010389654, "200": -0.08915825616199571, "201": -0.08996273697478, "202": -0.020433293402722402, "203": 0.025568325393497206, "204": -0.04603082829969695, "205": 0.13458433683261012, "206": 0.015053526280517558, "207": 0.02082915278415743, "208": 0.06530815663298664, "209": -0.034551851232786576, "210": -0.04017580687445313, "211": 0.017020289436851587, "212": 0.0119092754651354, "213": -0.01916277159993407, "214": -0.06100058308832929, "215": -0.0013773789054709166, "216": 0.014959797352443724, "217": 0.052815394823604034, "218": -0.029067519367043236, "219": 0.010187450762088147, "220": -0.06542843280382789, "221": 0.014192411437263887, "222": 0.016844040105170714, "223": 0.015222369643385233, "224": -0.041387446491583074, "225": -0.013475144376792968, "226": 0.009311863414152223, "227": -0.0068519143222866355, "228": -0.01888407046175557, "229": -0.06431867766974701, "230": -0.04191128067984472, "231": 0.015026723811057071, "232": -0.015752308404344485, "233": 0.132424073110235, "234": -0.06901260833044091, "235": -0.024145492097699627, "236": 0.012035383013636101, "237": 0.005581015449339333, "238": 0.11442179429954337, "239": -0.024624543066433503, "240": -0.0252231437176707, "241": 0.10189511791042563, "242": -0.06530492792305463, "243": -0.0016455551284363795, "244": -0.003781309917550704, "245": -0.011090874160918257, "246": -0.015896512210118535, "247": -0.09684011537959403, "248": 0.0552508469137946, "249": -0.08101774342495979, "250": 0.013420212948231685, "251": -0.04379864532409883, "252": -0.04456453418088991, "253": 0.010387370009950722, "254": -0.09289034811025282, "255": -0.03333259320306745, "256": -0.06319167364681193, "257": 0.14370474124588833, "258": 0.008797660344503667, "259": 0.02524646158621996, "260": 0.0139022852657213, "261": 0.01697758559934586, "262": -0.038659345765667354, "263": 0.0899568942411583, "264": -0.007356738512050466, "265": 0.04607793303338088, "266": -0.013023429667137024, "267": 0.003043655004684352, "268": 0.008215078447764276, "269": 0.029644872558228084, "270": 0.00943259932256334, "271": -0.04550954746159291, "272": -0.06347085568598032, "273": 0.014832412896643206, "274": -0.07491669602338717, "275": 0.09505682301621421,