{"0": 6.684081895937729, "1": 6.684081895937729, "2": 6.684081895937729, "3": 6.684081895937729, "4": 6.684081895937729, "5": 6.684081895937729, "6": 6.684081895937729, "7": 6.684081895937729, "8": 6.684081895937729, "9": 6.684081895937729, "10": 6.684081895937729, "11": 6.684081895937729, "12": 6.684081895937729, "13": 6.684081895937729, "14": 6.684081895937729, "15": 6.684081895937729, "16": 6.684081895937729, "17": 6.684081895937729, "18": 6.684081895937729, "19": 6.684081895937729, "20": 6.684081895937729, "21": 6.684081895937729, "22": 6.684081895937729, "23": 6.684081895937729, "24": 6.684081895937729, "25": 6.684081895937729, "26": 6.684081895937729, "27": 6.684081895937729, "28": 6.684081895937729, "29": 6.684081895937729, "30": 6.684081895937729, "31": 6.684081895937729, "32": 6.684081895937729, "33": 6.684081895937729, "34": 6.684081895937729, "35": 6.684081895937729, "36": 6.684081895937729, "37": 6.684081895937729, "38": 6.684081895937729, "39": 6.684081895937729, "40": 6.684081895937729, "41": 6.684081895937729, "42": 6.684081895937729}