{"name": "eigen", "eigen": 1, "normalized": false, "process_time": 0.005831003189086914, "data": {"0": -0.423028246624317, "1": -0.15006962509501282, "2": -0.11374778862672387, "3": -0.15866661758587655, "4": -0.14537947915910168, "5": -0.11488922229632423, "6": -0.11201966649857939, "7": -0.11744036595072399, "8": 0.14018768081239022, "9": 0.11741931537304084, "10": -0.11976714338933671, "11": 0.11765848743965773, "12": 0.15599472593684555, "13": -0.1018760666325125, "14": -0.15102284472263353, "15": -0.1542728711261408, "16": -0.1528915350185793, "17": 0.11524310075389965, "18": 0.10230553010440849, "19": -0.08250315217208122, "20": 0.10454338958767176, "21": 0.17668452299763598, "22": 0.1767012646521181, "23": 0.17118465074348102, "24": 0.15006948218833818, "25": -0.15728012326673993, "26": 0.006697344136127461, "27": 0.13919861702487765, "28": 0.10881463620443568, "29": -0.05255377041006049, "30": -0.13823119389295804, "31": -0.03190280407583431, "32": 0.2765972220310776, "33": 0.23862497768313626, "34": 0.30206221050033316, "35": 0.08235942783299949, "36": 0.051831087708173684, "37": -0.10862393829680862, "38": -0.16300834479324178, "39": 0.0070573460899140475, "40": -0.12693790421800072, "41": 0.08966670906382637, "42": 0.045210974987200475}}