{"0": -0.014705538461263209, "1": -0.06416102398556589, "2": 0.05883214634499843, "3": 0.03918493095906402, "4": -0.03371042584985946, "5": 0.012707403617611818, "6": 0.0016228689115896, "7": -0.04398765837472466, "8": -0.011149225900767454, "9": -0.01789070866974888, "10": -0.010014461950777185, "11": -0.06951605036806033, "12": -0.018629201815183787, "13": -0.14959719434840718, "14": 0.21645805175925795, "15": 0.25279535050426455, "16": -0.020951318995549743, "17": -0.061690288142090106, "18": -0.24735976911522195, "19": -0.27496995221841003, "20": 0.13682929429511873, "21": 0.35432046604344614, "22": 0.35437690516727777, "23": 0.3530823561597128, "24": -0.09673331659971894, "25": -0.07749079625836706, "26": -0.21875535631465462, "27": -0.1327527473465615, "28": -0.1846612653454455, "29": -0.0032392047851376392, "30": 0.18526988598426997, "31": 0.16138129650705196, "32": -0.06145699830551376, "33": 0.009348892069401812, "34": -0.03688855414117997, "35": -0.28605698726685913, "36": 0.07090269467989213, "37": 0.08323034571677027, "38": -0.1329569634696203, "39": 0.10579293861751997, "40": -0.08699812534605467, "41": 0.033108858077912924, "42": -0.033989354278397624}