{"name": "eigen", "eigen": 1, "normalized": true, "process_time": 0.006705045700073242, "data": {"0": 0.15473142532799292, "1": 0.1755672226382477, "2": 0.16444198845567096, "3": 0.1914966226001018, "4": 0.2003732249789339, "5": 0.1841306398226538, "6": 0.18446029896080715, "7": 0.16078330280156947, "8": -0.16758990668711526, "9": -0.15192158147584273, "10": 0.15384332626704367, "11": -0.16237571852580096, "12": -0.19555731152485803, "13": 0.13703989832491256, "14": 0.18772559025159308, "15": 0.16376489837863936, "16": 0.17549303801515248, "17": -0.1563633141144775, "18": -0.13644046040277844, "19": 0.1161099930340104, "20": -0.08274611760165795, "21": -0.1895619874296536, "22": -0.18940734080799387, "23": -0.18797991076667944, "24": -0.1916047837552257, "25": 0.1045995244633658, "26": 0.012486238778032076, "27": -0.18543838814440797, "28": -0.14826926542058877, "29": 0.06142919794420497, "30": 0.16748098480978474, "31": 0.03606942117577837, "32": -0.1939160745704093, "33": -0.20716446915739642, "34": -0.20989404067299802, "35": -0.10740578077173217, "36": -0.018594395603916, "37": 0.142530746858743, "38": 0.09476738083276781, "39": 0.017197169783858164, "40": 0.10816716227311297, "41": -0.10341857585980335, "42": -0.014905923533920229}}