{"name":"fiedler","normalized":false,"weight":"value","num_of_nodes":6,"num_of_edges":12,"process_time":0.015521764755249023,"data":{"0":-0.5186875245774787,"1":-0.4726422946445329,"2":-0.08702016451130473,"3":0.08702015315921803,"4":0.47264231139029217,"5":0.5186875191838063}}