{"name":"density","eps":0.5,"weight":"value","num_of_nodes":12,"num_of_edges":12,"process_time":0.0013091564178466797,"data":{"0":1.2720124474448327,"1":1.1360062389524277,"2":1.4066768358855748,"3":1.2720124474448327,"4":1.1360062389524277,"5":1.4066768358855748,"6":1.2720124474448327,"7":1.1360062389524277,"8":1.4066768358855748,"9":1.2720124474448327,"10":1.1360062389524277,"11":1.4066768358855748}}