{"name":"fiedler","normalized":false,"weight":"value","num_of_nodes":12,"num_of_edges":12,"process_time":0.014332056045532227,"data":{"0":-0.3006576461112529,"1":-0.3373405696529686,"2":-0.22774902422546953,"3":0.028739774321742555,"4":0.40864953565089635,"5":0.27589190821262677,"6":0.3006576477648632,"7":0.3373405054830064,"8":0.22774899738592191,"9":-0.028739775595681923,"10":-0.408649471341965,"11":-0.275891881891719}}