{"name":"pagerank","alpha":0.85,"weight":"value","num_of_nodes":12,"num_of_edges":12,"process_time":0.004641294479370117,"data":{"0":0.08141932392509012,"1":0.04695966196254506,"2":0.12162101411236469,"3":0.08141932392509012,"4":0.04695966196254506,"5":0.12162101411236469,"6":0.08141932392509012,"7":0.04695966196254506,"8":0.12162101411236469,"9":0.08141932392509012,"10":0.04695966196254506,"11":0.12162101411236469}}