{"0": -0.15035519431614586, "1": -0.03223929004020127, "2": -0.11133714133348496, "3": -0.1948641443368362, "4": -0.4030372115619167, "5": -0.1068689422955656, "6": 0.4022568969754169, "7": 0.06964893563716225, "8": -0.1924212867942995, "9": -0.2682476081563069, "10": 0.21609909862321458, "11": 0.606097172728565, "12": 0.2387948384072157, "13": -0.07352612353681734}