{"0": 0.05989851227302861, "1": -0.02993276975219622, "2": -0.029965742520737998, "3": -0.029380068075610583, "4": -0.029347739753236866, "5": 0.05872780782866174, "6": 0.06509678772189892, "7": 0.06502515855025826, "8": 0.06629746224846333, "9": 0.06636769144226769, "10": -0.1301219462717545, "11": -0.1288496425735503, "12": 0.06255358030272395, "13": -0.12885104255138674, "14": 0.06248195113108586, "15": 0.02638010864931639, "16": 0.026351081328668043, "17": 0.026866675276820184, "18": 0.026895135264289563, "19": 0.11003864136614154, "20": 0.1099755831813145, "21": 0.11109564585856209, "22": 0.1111574715837756, "23": -0.05273118997781798, "24": -0.05221559602966698, "25": 0.025349488085944977, "26": 0.03095637005965507, "27": -0.14090292591988568, "28": -0.13978286324263908, "29": 0.028717477164245605, "30": -0.05221616336284452, "31": 0.02532046076529739, "32": 0.03086428455418057, "33": -0.14093195324053334, "34": -0.1398131230228998, "35": 0.028625391658773355, "36": -0.1392962966151358, "37": 0.03249994117957912, "38": 0.03259022689226297, "39": -0.13926906908727865, "40": 0.10676912790736094, "41": 0.10670606972253632, "42": 0.021546378789830102, "43": 0.021522670257987365, "44": 0.021943789922666667, "45": 0.021967035075995338, "46": 0.0898758333375793, "47": 0.08982432954909468, "48": 0.0907391587877886, "49": 0.09078965594502625, "50": 0.062037236239503225, "51": 0.06201636461766673, "52": 0.062387094043140245, "53": 0.06240755773330048, "54": 0.12219054075598385, "55": 0.12214519979588105, "56": 0.1229505626096195, "57": 0.12299501738972318, "58": -0.04306904904768148, "59": -0.042647929383002145, "60": 0.02070460283878407, "61": 0.02528411403191065, "62": -0.1150847350488053, "63": -0.11416990581011206, "64": 0.02345546218533764, "65": -0.00255448306616539, "66": -0.05943817301947065, "67": -0.059067443593998126, "68": -0.003295533985613312, "69": 0.0007360031188460295, "70": -0.12283662276066809, "71": -0.12203125994693041, "72": -0.0008738363290099584, "73": -0.12207672628060785, "74": -0.0009637574427896119, "75": -0.042648392761516156, "76": 0.020680894306941335, "77": 0.025208901711583225, "78": -0.11510844358064802, "79": -0.11419462097320181, "80": 0.02338024986501219, "81": -0.002599063219844641, "82": 0.0006460820050647757, "83": -0.05946188155131348, "84": -0.12288120291434682, "85": -0.059091560057516014, "86": -0.003340114139291964, "87": -0.12128399101045728, "88": 0.0022432939089549876, "89": -0.05867003246116154, "90": -0.0018072141296919064, "91": 0.026544850614956525, "92": -0.11377249467727533, "93": 0.002331457532548611, "94": -0.12124116834696633, "95": 0.02661859292552297, "96": -0.0017635052862028007, "97": -0.05864719523950791, "98": -0.11375025615519373, "99": 0.11895253347753329, "100": 0.11899787443763414, "101": 0.06045440936900943, "102": 0.08720540553996065, "103": 0.08715390175147765, "104": 0.060433537747173645, "105": 0.06906545766659535, "106": 0.1259282759980643, "107": 0.0689477412961723, "108": 0.12583143124947704, "109": 0.12755162330190928, "110": 0.0710386627740771, "111": 0.07115407840157947, "112": 0.12764657523925094, "113": -0.19487601729363466, "114": -0.1948968889154706, "115": -0.19315582524120384, "116": -0.19280596743756714, "117": 0.12174873378418796, "118": 0.06562696637216651, "119": -0.1931785896742855, "120": -0.19278739655865199, "121": 0.12165188903560413, "122": 0.06550925000174677}