{"name": "fiedler", "normalized": false, "process_time": 0.028981924057006836, "data": {"0": -0.03495597821620544, "1": 0.06711972806425749, "2": -0.03216375907626472, "3": 0.0658221905053282, "4": -0.13735851903414914, "5": 0.07153634680675071, "6": 0.026587435312583327, "7": -0.055483052738671115, "8": 0.025514871075380162, "9": -0.1424399602176239, "10": 0.028895577738579894, "11": 0.10989350165792842, "12": 0.11461696610300282, "13": -0.14013181768112387, "14": 0.032546477968506946, "15": 0.020862706422767115, "16": -0.043536578151772, "17": 0.02002107392756076, "18": -0.11177015278583188, "19": -0.0054281833766824435, "20": -0.05866241964465812, "21": -0.006123885796731708, "22": -0.115066184032805, "23": 0.022673855522889485, "24": 0.08623150760222197, "25": 0.08993793771391767, "26": 0.06078225029797912, "27": 0.06227941096160644, "28": 0.11481794492664414, "29": 0.11788176898084246, "30": -0.10995900368570964, "31": 0.025538653139378677, "32": -0.05685127054453596, "33": -0.002119873612932935, "34": -0.11175787414615361, "35": 0.000248248045746399, "36": 0.11397631243143758, "37": 0.05924491538272241, "38": -0.1814886095667426, "39": -0.17999144878021323, "40": 0.12074656659733161, "41": 0.0675123302367746, "42": 0.019298089794103922, "43": -0.04027151200538476, "44": 0.018519575127261188, "45": -0.10338784801939621, "46": -0.005021088538254543, "47": -0.05426297538622711, "48": -0.00566461863420465, "49": -0.10643668917321497, "50": -0.008455895895252554, "51": -0.04709514840134898, "52": -0.008960869952037502, "53": -0.08803495575653207, "54": -0.02423030242320353, "55": -0.056170580648968654, "56": -0.024647717673542742, "57": -0.09001255958029342, "58": 0.02097340895034149, "59": 0.07976449608298747, "60": 0.08319296022998766, "61": 0.056223832417471704, "62": 0.057608709631265714, "63": 0.10620706646815599, "64": 0.10904111872140218, "65": 0.052789025060473706, "66": 0.05387570686152123, "67": 0.09200998531083238, "68": 0.09423382382548284, "69": 0.0767405528396668, "70": 0.07763884461994632, "71": 0.10916170768962971, "72": 0.1109999842720096, "73": -0.08635226674381073, "74": -0.019149148333855344, "75": -0.10171252886315868, "76": 0.023623358430498974, "77": -0.052587656229989545, "78": -0.0019608921682229673, "79": -0.10337649271411956, "80": 0.00022963000684977743, "81": -0.04541982924511141, "82": -0.05340857969168385, "83": -0.005693894937967466, "84": -0.020570009685639185, "85": -0.0852729547992472, "86": -0.003975030480102119, "87": 0.10787821896600179, "88": 0.07503964886569849, "89": 0.09123147064398968, "90": 0.051505536336846035, "91": 0.05480178765467888, "92": 0.10542855180131325, "93": -0.19130670199220295, "94": -0.1904084101130051, "95": -0.1678777060309888, "96": -0.149475972614306, "97": -0.1483892908132587, "98": -0.166492828728131, "99": 0.08342851990975252, "100": 0.11536879821003239, "101": 0.0968837733056403, "102": 0.11169106820155965, "103": 0.06244918128649594, "104": 0.05824452079954405, "105": 0.052421374507308355, "106": 0.012695440200164262, "107": -0.0674000430725262, "108": -0.06848672487357338, "109": 0.01163449485387494, "110": 0.05085545510423263, "111": -0.19435554314602177, "112": -0.15450241759188604, "113": 0.05470454350138183, "114": 0.01606529099528507, "115": 0.1348257634079555, "116": 0.13432078935117017, "117": 0.14121695670144682, "118": 0.13949809224358156, "119": -0.1511325666087832, "120": -0.19207237396396587, "121": 0.060034791486103314, "122": 0.019676674522141637}}