{"name": "eigen", "eigen": 2, "normalized": false, "process_time": 0.010303974151611328, "data": {"0": 0.09040752940724923, "1": -0.015684971616218624, "2": 0.13275259006844117, "3": 0.054322952156687296, "4": -0.05649412478475525, "5": -0.03277533287855169, "6": -0.007627464616729793, "7": 0.013547732377350019, "8": -0.02020384925652932, "9": 0.007515341803320558, "10": -0.05829789218506129, "11": 4.282761377386035e-05, "12": -0.008769034157515981, "13": 0.023576896012180798, "14": 0.01818588005152197, "15": 0.03924643439961506, "16": -0.08540084263172579, "17": -0.08057477810918595, "18": 0.08939777384260894, "19": -0.037604779180722275, "20": -0.01061998145645325, "21": -0.039654743020105715, "22": -0.03271400145947155, "23": -0.023615116850932816, "24": -0.05477550083492774, "25": -0.03133618033953084, "26": -0.04364016913622154, "27": -0.04244563408724922, "28": -0.07194281631914251, "29": 0.018101753389571068, "30": -0.06594039323305881, "31": -0.009432207408361343, "32": -0.036321340138575076, "33": -0.004123364846038549, "34": -0.044039048188885335, "35": -0.011818434273319092, "36": -0.05983947132170485, "37": -0.04913254648125737, "38": -0.0751866160676394, "39": -0.024586433142831952, "40": -0.10438258776777325, "41": -0.008543286510762492, "42": -0.11809019038552603, "43": 0.0648186922504117, "44": -0.14982329017112897, "45": -0.11901190035585758, "46": -0.12213944282533483, "47": -0.07051241669954134, "48": -0.044910037602765365, "49": 0.10898742798855686, "50": 0.057964609032932796, "51": 0.07316076055797663, "52": 0.02175537809997976, "53": -0.04826124888217273, "54": -0.01997834318746954, "55": -0.03371012027587585, "56": -0.01718192502798315, "57": -0.037848464658538986, "58": -0.23942237849801712, "59": -0.05918008685051909, "60": -0.17789650515635924, "61": -0.1326217213398993, "62": -0.10824058996413564, "63": -0.038124273905049764, "64": -0.026698610215126026, "65": 0.01712637553049795, "66": 0.10426533831767038, "67": 0.14887105974085538, "68": 0.1107957852355573, "69": 0.05561666706631466, "70": 0.05561859119794212, "71": 0.02051369901783831, "72": 0.04215774349941712, "73": 0.024786728760535268, "74": 0.006312775069606952, "75": 0.010244123393275392, "76": 0.10100214410206727, "77": 0.4567074424135935, "78": 0.3067012265894865, "79": 0.3184369517682357, "80": 0.24452097187001914, "81": -0.09976882716395757, "82": -0.05619919781582128, "83": -0.08036372426084856, "84": 0.08980267853705479, "85": -0.10414397283963595, "86": 0.03442406857234672, "87": -0.1462168165514377, "88": -0.07800118519065088, "89": -0.03631687413243462, "90": -0.002235009750527775, "91": 0.030762413731051305, "92": 0.05152791941397854, "93": -0.025525397403305762, "94": 0.1269577625954601, "95": 0.11040142337861235, "96": 0.1614998042348147, "97": -0.02180690105322943, "98": 0.062179332835759445, "99": -0.043265211459779546}}