{"name": "eigen", "eigen": 3, "normalized": false, "process_time": 0.010303974151611328, "data": {"0": -0.06008429819807478, "1": -0.032780293508391754, "2": -0.004731308708688833, "3": 0.014099291406396375, "4": 0.007155074968950181, "5": 0.03204164921673059, "6": -0.013107942941993467, "7": 0.03842977374096121, "8": -0.016010326081881757, "9": -0.16231443757064523, "10": -0.04613375222073593, "11": -0.10200469359679361, "12": -0.031123254431065936, "13": -0.025537523169442487, "14": -0.0503209723067715, "15": -0.07108526614432734, "16": 0.07734072541105867, "17": 0.08113420261440246, "18": 0.11285959661009687, "19": -0.16278771655607, "20": -0.16363423733675542, "21": -0.20268934279829415, "22": -0.16303818582451055, "23": -0.1499575584195416, "24": -0.2013209574379355, "25": -0.14775791383753442, "26": -0.12349250588240915, "27": -0.1025153511426328, "28": -0.07221645876821732, "29": 0.1333964685877591, "30": -0.1284651051614023, "31": 0.06932712045914874, "32": 0.023071064915491657, "33": 0.006267698867527746, "34": -0.019857185233722995, "35": -0.01664319467335973, "36": 0.07477780864312097, "37": 0.06871046441474417, "38": 0.13664779014660525, "39": 0.06026296326923469, "40": 0.19178718858256152, "41": 0.06167883147289343, "42": 0.2155527958538188, "43": 0.07941249494720061, "44": 0.22810002621830203, "45": 0.07468012433021155, "46": 0.19400081771923605, "47": 0.16322344022779312, "48": 0.02330175824475153, "49": -0.013587019315557697, "50": -0.029850282416285984, "51": 0.018505141179545145, "52": -0.04576128134976544, "53": -0.07913810342643154, "54": -0.11599737778408527, "55": -0.07918202118588467, "56": -0.11342724100802762, "57": -0.07692277101440245, "58": 0.22706711780942954, "59": -0.06088291845560746, "60": 0.07783956295434233, "61": 0.005218721990172176, "62": -0.04640946037192209, "63": -0.11021773981430263, "64": -0.08556035826984121, "65": -0.07333363904626342, "66": 0.01866526079950427, "67": -0.03310699758593744, "68": -0.02918146503660908, "69": -0.005541922938862041, "70": -0.020764832531079608, "71": -0.022435638916346437, "72": -0.06522248986423881, "73": -0.09491542013022394, "74": -0.04088734756523005, "75": -0.11669016995817005, "76": -0.14602054375824508, "77": 0.20455436054319937, "78": 0.13308995204822494, "79": 0.1425170034273006, "80": 0.05999792824978001, "81": 0.03995241188321554, "82": 0.029434054975359898, "83": 0.02439595174655429, "84": -0.04738898943681247, "85": -0.021116272225665665, "86": 0.004756505310142101, "87": 0.23476401739348518, "88": 0.12230921310681209, "89": -0.029465241115877103, "90": 0.08180413646708978, "91": 0.0670463850752899, "92": 0.10111492775852846, "93": 0.08609131263721259, "94": 0.05622037857730698, "95": 0.04534573969858685, "96": 0.023063531268486856, "97": 0.0201244132663312, "98": -0.08436226322233525, "99": -0.03415760933968817}}