{"name": "eigen", "eigen": 1, "normalized": true, "process_time": 0.010441064834594727, "data": {"0": -0.10504726225025898, "1": 0.00021110538956475855, "2": -0.12057335390019146, "3": -0.0780105090419289, "4": -0.129143492324528, "5": -0.172691371781302, "6": -0.1709466661512033, "7": -0.1969629151699054, "8": -0.10095547599527654, "9": -0.060321813185655465, "10": -0.04577224388901424, "11": -0.10260594218273322, "12": -0.08564764330419228, "13": -0.08279500132094164, "14": -0.15817084895450714, "15": -0.13395846954756205, "16": 0.012067183842632057, "17": -0.02109329012813016, "18": 0.10717726182505997, "19": 0.10209140796845192, "20": 0.16320689701026264, "21": 0.14758234830560168, "22": 0.17179613104496172, "23": 0.12457815677885947, "24": 0.11447762165218552, "25": 0.19450399660176174, "26": 0.13718050097406725, "27": 0.14656644558839738, "28": 0.14200444528974618, "29": 0.13654095273170042, "30": 0.14863068099401344, "31": 0.09132405571381189, "32": 0.05914816012015574, "33": 0.09204604318047005, "34": 0.02614156062395652, "35": 0.09406151817427322, "36": -0.12026015896979088, "37": -0.11180761217084194, "38": -0.0762949739739485, "39": -0.09243216871210769, "40": -0.02657362540938603, "41": -0.03695745669139101, "42": -0.006170166904259774, "43": -0.017504003960825035, "44": 0.044021012121586545, "45": 0.061093085118478836, "46": 0.08458014426199355, "47": 0.08178912295582369, "48": 0.023560668075663913, "49": -0.04939129145592234, "50": -0.14392404867826772, "51": 0.08122901162966188, "52": -0.08985008072181536, "53": -0.06276357639763717, "54": -0.012259130616493025, "55": -0.11318792344587787, "56": 0.020596544113305186, "57": -0.06623540270752572, "58": 0.028725568007135483, "59": -0.026393381764748737, "60": 0.0285823727677572, "61": -0.05431934451429932, "62": 0.05391980767309245, "63": 0.1245652461555794, "64": 0.07929517556697369, "65": 0.14089017583282867, "66": 0.13081877899233255, "67": 0.006485514826520895, "68": -0.05321077757479683, "69": -0.05721650282520631, "70": -0.03126116993886133, "71": -0.03013303128179723, "72": -0.04982939491381204, "73": -0.027778156462077302, "74": 0.010557390251470067, "75": -0.04482995805225341, "76": 0.07144101089451192, "77": -0.11812458775303634, "78": -0.1539467618419809, "79": -0.12550010970212352, "80": -0.09303930573753035, "81": -0.13995140794070318, "82": -0.1209805908267431, "83": -0.16574525973454826, "84": -0.049122292518465435, "85": -0.12386850800847318, "86": -0.06323288928732683, "87": 0.10386168974428042, "88": 0.13953838275686184, "89": 0.14502537242677588, "90": 0.1276976513400157, "91": 0.059203986251461775, "92": 0.12663344717523256, "93": -0.03067724667326183, "94": 0.09106331222448184, "95": 0.014813597634708894, "96": 0.046206449368631095, "97": 0.005798983944626607, "98": 0.11425321300838606, "99": 0.07834257056452501}}