{"name":"fiedler","normalized":true,"weight":"value","num_of_nodes":100,"num_of_edges":200,"process_time":0.033879995346069336,"data":{"0":-0.09385849986169781,"1":-0.0751274045172736,"2":-0.10333916822553672,"3":-0.05575435977286334,"4":-0.04136621780347339,"5":0.017452666125747238,"6":-0.0231580689142171,"7":0.052318257543072,"8":0.005343913357820697,"9":0.0673902479343741,"10":0.05673098735535721,"11":0.06793521956550136,"12":0.07094337934668826,"13":0.07062559608681132,"14":0.08158925609643637,"15":0.08602239957765628,"16":0.09938661884428995,"17":0.10271215583148734,"18":0.0780112499732799,"19":0.08369443109363695,"20":0.084155196670039,"21":0.08784277079664446,"22":0.08422791362426496,"23":0.08673983241460204,"24":0.09319992448678419,"25":0.11050209308217966,"26":-0.013481350452329456,"27":-0.016351331230979718,"28":-0.0956463104604496,"29":-0.1157283518078208,"30":-0.15895063127197426,"31":-0.17579287605045252,"32":-0.17145514109899476,"33":-0.13526782851132413,"34":-0.15771236502738858,"35":-0.16771428510646905,"36":-0.1700381856315072,"37":-0.1707906001792997,"38":-0.197962524860747,"39":-0.22604988299001413,"40":-0.17544408044807477,"41":-0.19148274721743244,"42":-0.14743746615758657,"43":-0.15494681654452494,"44":-0.12857808637856108,"45":-0.08612065102634858,"46":-0.0820799643730412,"47":0.03015994676672563,"48":0.060541081082805516,"49":0.07734465943990934,"50":0.08754403063090216,"51":0.08670996266587466,"52":0.09577049581065088,"53":0.0920093550744375,"54":0.03975675223921576,"55":0.10162033297048141,"56":0.11196339806693985,"57":0.10875582057280825,"58":0.13170146949106407,"59":0.10330322744851227,"60":0.09241243964984071,"61":0.058270995357731725,"62":-0.042980061037265184,"63":0.008861403593811322,"64":0.05530214324017775,"65":0.088287417399154,"66":0.09127750686888096,"67":0.10946353271679071,"68":0.10695795454488606,"69":0.07128754927330436,"70":0.06862533343234463,"71":0.0740984238013412,"72":0.0841202032003003,"73":0.0790525420114884,"74":0.06168188920071748,"75":0.016080726971396047,"76":0.06460826134790025,"77":0.059833411224161914,"78":0.08704287006966144,"79":0.0738193624976132,"80":0.08022851732241763,"81":0.06517466386446676,"82":0.051069128588281595,"83":0.02225981230493995,"84":0.02803731004518193,"85":0.028747933163559267,"86":0.038515587604232134,"87":0.031210891580044385,"88":0.06026123283468836,"89":-0.02181074426868036,"90":-0.036112378807983125,"91":-0.05177170950135142,"92":-0.026992037157767126,"93":-0.1017307607752145,"94":-0.1267061261765068,"95":-0.16451582371376341,"96":-0.15499418163488654,"97":-0.15499418163490924,"98":-0.1536386868298936,"99":-0.06834653786743461}}