{"name":"fiedler","normalized":true,"weight":"value","num_of_nodes":40,"num_of_edges":39,"process_time":0.009931564331054688,"data":{"0":-2.547000388375409e-10,"1":-0.12397727348236452,"2":-0.13415474649698322,"3":0.2581320198161835,"4":-0.16005396653778908,"5":-0.16005397227030416,"6":-0.16005397640423238,"7":-0.17319302691131458,"8":-0.17319303649552273,"9":-0.17319303537628578,"10":0.333247002992237,"11":0.3332470057840012,"12":0.33324700532861967,"13":-0.08265151258229804,"14":-0.08265151260301459,"15":-0.08265151257723612,"16":-0.08265151590431889,"17":-0.0826515158854818,"18":-0.0826515159017244,"19":-0.0826515182886677,"20":-0.08265151828068243,"21":-0.0826515182824289,"22":-0.0894364941621874,"23":-0.08943649410989343,"24":-0.08943649415106979,"25":-0.08943649971386715,"26":-0.08943649963635146,"27":-0.0894364996733929,"28":-0.08943649904541764,"29":-0.08943649902638637,"30":-0.08943649901291605,"31":0.1720880123237383,"32":0.17208801225224635,"33":0.17208801225850892,"34":0.17208801389374787,"35":0.17208801391635717,"36":0.17208801386011252,"37":0.1720880136348602,"38":0.17208801363586843,"39":0.1720880136105589}}