{"name": "eigen", "eigen": 1, "normalized": false, "process_time": 0.009868860244750977, "data": {"0": 0.028031479231902242, "1": 0.042324986076499864, "2": 0.044926620170805565, "3": 0.051180541829468, "4": 0.05515881369085245, "5": 0.05888199455095299, "6": 0.06194975013682123, "7": 0.06329302359401281, "8": 0.0663137407824554, "9": 0.06178516442413292, "10": 0.07378315369283077, "11": 0.07887562278640307, "12": 0.08321366901628213, "13": 0.09143482549662574, "14": 0.08318469082917815, "15": 0.11433801315223074, "16": 0.1283833238058828, "17": 0.146687098907777, "18": 0.16072016278273282, "19": 0.17347697861236214, "20": 0.18356293723612607, "21": 0.19131253265344694, "22": 0.196441003419637, "23": 0.1989488175672616, "24": 0.19877565911573863, "25": 0.19593395225699117, "26": 0.19045834423330033, "27": 0.1824228999378635, "28": 0.17193771342558922, "29": 0.15913691548223316, "30": 0.14421066169226798, "31": 0.12731217218290755, "32": 0.10879188146075658, "33": 0.08857768144385952, "34": 0.06777655892170853, "35": 0.04449427230964213, "36": 0.024700501610699005, "37": -0.006059339739492187, "38": -0.0090647355064205, "39": -0.020938581680739338, "40": -0.024503790343857856, "41": -0.03084946139341635, "42": -0.0355203145157178, "43": -0.04036784939383225, "44": -0.04397984021697322, "45": -0.04841661771510491, "46": -0.048667365790609235, "47": -0.050501308175001466, "48": -0.04851035925934726, "49": -0.05302665447400582, "50": -0.03859529225338222, "51": -0.05073373491596804, "52": -0.05532219054066558, "53": -0.05488391091978312, "54": -0.05552109044227409, "55": -0.054718981337764754, "56": -0.0534386537060158, "57": -0.051365396617297505, "58": -0.04856807113596344, "59": -0.04529373981864697, "60": -0.04091981062146213, "61": -0.03728641931967615, "62": -0.029788859994827104, "63": -0.030644598452133007, "64": -0.02903250033365551, "65": -0.024417032965831947, "66": -0.029333959980660122, "67": -0.007020818674963215, "68": -0.05489973634365114, "69": -0.057046487670696096, "70": -0.07463977480985168, "71": -0.08780277440788195, "72": -0.10553803059242654, "73": -0.12095155291860483, "74": -0.13168561837853157, "75": -0.14182394194113926, "76": -0.14960432241328914, "77": -0.15555025067588257, "78": -0.15933206998370547, "79": -0.16101680622560605, "80": -0.16047960807476727, "81": -0.1579151046833734, "82": -0.15290025908878602, "83": -0.14668140765051751, "84": -0.13627863723620126, "85": -0.12980209370305124, "86": -0.10659837167267167, "87": -0.08408719550153959, "88": -0.06908210194099444, "89": -0.07094619215105638, "90": -0.07495411385905476, "91": -0.06696249982243078, "92": -0.06288728095797748, "93": -0.0545750658618776, "94": -0.0629100226692752, "95": -0.02188323051512052, "96": -0.007885975311065135, "97": -0.0017221932174369958, "98": 0.00047595930375174747, "99": 0.022519882689949505}}