{"name": "eigen", "eigen": 3, "normalized": false, "process_time": 0.009868860244750977, "data": {"0": -0.029001551560642623, "1": -0.048445906293026794, "2": -0.051445151795350606, "3": -0.059086370051286, "4": -0.06308277306282006, "5": -0.0662920946270184, "6": -0.06794908413988901, "7": -0.06710722818096229, "8": -0.06717278202391103, "9": -0.05897436196388742, "10": -0.06661200937382641, "11": -0.06651464137317828, "12": -0.06580499782069024, "13": -0.0666976083670617, "14": -0.05551117159692347, "15": -0.07096811214514874, "16": -0.07391219511576234, "17": -0.07924828381307629, "18": -0.08106527189000465, "19": -0.08155226068878674, "20": -0.07983534638245839, "21": -0.0762887895494728, "22": -0.07086942788500755, "23": -0.06375742569479026, "24": -0.055104784282254696, "25": -0.045127474538013176, "26": -0.034062316436833606, "27": -0.02217833096270641, "28": -0.009757429766421605, "29": 0.002891239032338788, "30": 0.015488795730601385, "31": 0.027665501402437065, "32": 0.03930005047506635, "33": 0.04966712166678147, "34": 0.05966996707269166, "35": 0.06608199982427385, "36": 0.07648121702548602, "37": 0.07059194339805012, "38": 0.10041720416798122, "39": 0.11193312397056493, "40": 0.12245763048640412, "41": 0.1293383015579552, "42": 0.1334693804791644, "43": 0.13399613783080772, "44": 0.13209354489589215, "45": 0.1250283027338198, "46": 0.1200532999520738, "47": 0.10900757988751897, "48": 0.0996993403077609, "49": 0.07818841014248283, "50": 0.0796023906220319, "51": 0.12322534153733095, "52": 0.11501042897321435, "53": 0.1602987083750811, "54": 0.16250979680244004, "55": 0.17595446877594334, "56": 0.17930413698812106, "57": 0.18062288793573367, "58": 0.17664570207955463, "59": 0.16894554269512774, "60": 0.15654507416303318, "61": 0.14172595043129957, "62": 0.12010633280656795, "63": 0.10432566707794898, "64": 0.08312698196920888, "65": 0.059843409661852136, "66": 0.03827248875534722, "67": 0.0064782401667418995, "68": -0.0009443733924410696, "69": -0.017467969765264046, "70": -0.023524487135469202, "71": -0.04978829813091454, "72": -0.08210122453755483, "73": -0.11178879531515462, "74": -0.13346619122081796, "75": -0.15398418925688848, "76": -0.16999903075559541, "77": -0.18223280876570716, "78": -0.18994415177874255, "79": -0.1931692661063166, "80": -0.19161695396738723, "81": -0.1857381787158, "82": -0.17465724152886797, "83": -0.16125465301634673, "84": -0.1390922653526579, "85": -0.12620986999372072, "86": -0.07758167226023033, "87": -0.025317000501031972, "88": -0.010411946257060163, "89": 0.015076025274306876, "90": -0.008093527002273573, "91": 0.013719853616572162, "92": 0.02460475791477344, "93": 0.02164828592239381, "94": 0.03549806474927093, "95": 0.01017663369901356, "96": 0.006597024428484921, "97": 0.001065256539431729, "98": 0.007758747055481713, "99": -0.02039901491899654}}