{"name": "eigen", "eigen": 4, "normalized": false, "process_time": 0.009868860244750977, "data": {"0": 0.09311752047161377, "1": 0.10403032853357413, "2": 0.10074945033944817, "3": 0.09729251135855979, "4": 0.08828606922017722, "5": 0.07652838167239134, "6": 0.06081026606015613, "7": 0.04432672729850534, "8": 0.021864509014539485, "9": 0.009184958691142803, "10": -0.031263181589558764, "11": -0.0597814401872616, "12": -0.09003042102917391, "13": -0.11498874549902932, "14": -0.13597367572378494, "15": -0.15103304478802435, "16": -0.16012409529569574, "17": -0.16265694100064557, "18": -0.15861482612592576, "19": -0.14812828105200196, "20": -0.13163576729199683, "21": -0.10980132341069382, "22": -0.0835127613013874, "23": -0.053835823038728026, "24": -0.02197488115855556, "25": 0.010777752500207266, "26": 0.04309278031696216, "27": 0.07366038777908966, "28": 0.10123734565662933, "29": 0.1247127768396908, "30": 0.14311389855888965, "31": 0.15574654378238217, "32": 0.16196358432053448, "33": 0.1618588105342047, "34": 0.1545470750375992, "35": 0.1426111107186775, "36": 0.12065902974555215, "37": 0.10468534774076466, "38": 0.056515291250752046, "39": 0.12169111105539959, "40": 0.1117096219946126, "41": 0.12419340847109012, "42": 0.1219620555368574, "43": 0.11642241363360492, "44": 0.11098330749257106, "45": 0.08512602045027057, "46": 0.09809225736135192, "47": 0.09086533823926954, "48": 0.08565763407608681, "49": 0.07630280978353532, "50": 0.06013531981426341, "51": -0.013543146056881214, "52": -0.00786106184695257, "53": -0.09017873686738909, "54": -0.1024379923034317, "55": -0.1364105891208295, "56": -0.1546904652011958, "57": -0.17088856308129124, "58": -0.17790010053804342, "59": -0.1801693307800021, "60": -0.1700575145392566, "61": -0.16558003416939676, "62": -0.1223640377548866, "63": -0.15641359362049667, "64": -0.15166398599462522, "65": -0.1545749974036682, "66": -0.1427876445486875, "67": -0.1363333824779818, "68": -0.09984851287486271, "69": -0.08456614762859777, "70": -0.05210164849902933, "71": -0.0329658489389824, "72": -0.033637141815128696, "73": -0.01954222442396826, "74": -0.023170858031383797, "75": -0.0186565429008506, "76": -0.016185412414352597, "77": -0.011973872460979668, "78": -0.007683777729323091, "79": -0.0029605444472496183, "80": 0.001930738899238317, "81": 0.006480412157791403, "82": 0.011498389788890312, "83": 0.014149168005185626, "84": 0.02111969760327636, "85": 0.01465127808121048, "86": 0.03993054930111328, "87": 0.0550300653370093, "88": 0.06088689885162226, "89": 0.053200380620274455, "90": 0.031650837031984534, "91": 0.03911358623174829, "92": 0.027334830335082334, "93": 0.036398417300193886, "94": 0.0009925616054103563, "95": 0.07082911907269097, "96": 0.08231328685923776, "97": 0.07952442488518145, "98": 0.080024407505391, "99": 0.0689301121386929}}