{"name": "pagerank", "alpha": 0.85, "process_time": 0.021456003189086914, "data": {"0": 0.010170282376023063, "1": 0.007966653306803245, "2": 0.010197436306778966, "3": 0.010063364637676887, "4": 0.010071778713835819, "5": 0.010035550249055924, "6": 0.010040627885906194, "7": 0.010039025954949278, "8": 0.010042215496693398, "9": 0.010064325037768641, "10": 0.01005331379721195, "11": 0.010164540947298293, "12": 0.009978382335677551, "13": 0.008008978147818858, "14": 0.010219385147879347, "15": 0.010240977646236389, "16": 0.010132632354728392, "17": 0.010099371216977442, "18": 0.01005804187917355, "19": 0.010031902559641571, "20": 0.010007112030143019, "21": 0.009983611886728057, "22": 0.009959420664325171, "23": 0.009926243978161949, "24": 0.009895290682967264, "25": 0.009818663283138244, "26": 0.009807670099407195, "27": 0.011903465721856014, "28": 0.009863258195254524, "29": 0.010014575571223787, "30": 0.010013583968651709, "31": 0.008002253978151288, "32": 0.010150041825641413, "33": 0.010430411822999128, "34": 0.008116645511232999, "35": 0.010376633967792447, "36": 0.010322262831254016, "37": 0.01018824950888593, "38": 0.010122407091722624, "39": 0.010058577382553982, "40": 0.010003220899658303, "41": 0.009961477127047477, "42": 0.009873819609114175, "43": 0.009885222472496225, "44": 0.011950542417868826, "45": 0.010067143495929035, "46": 0.007985068294825582, "47": 0.010223917478231575, "48": 0.010223758861878495, "49": 0.010112275609641772, "50": 0.010066348019106913, "51": 0.010010442355320967, "52": 0.009963380651777766, "53": 0.0099070341759765, "54": 0.009844615946202867, "55": 0.009746870760567133, "56": 0.009657117515178195, "57": 0.014106898883090715, "58": 0.0077562756794258055, "59": 0.009964554119635614, "60": 0.010072812783678862, "61": 0.010015112079823493, "62": 0.010022897492623336, "63": 0.010010516233454248, "64": 0.010007661992927791, "65": 0.01000255501122587, "66": 0.00999829310952164, "67": 0.009993051200303948, "68": 0.009986640425906614, "69": 0.009978120174886862, "70": 0.00996607509154952, "71": 0.009950327578870394, "72": 0.009924883229743886, "73": 0.00989708541283435, "74": 0.009833691984419418, "75": 0.00980812815386673, "76": 0.011985616691285499, "77": 0.009780040909536637, "78": 0.00977538306894286, "79": 0.009797325655101228, "80": 0.009782675627622542, "81": 0.009716112437807671, "82": 0.009697094310815954, "83": 0.011744006748520115, "84": 0.009689523984455876, "85": 0.011821997117765652, "86": 0.009994295530396428, "87": 0.007965912903246756, "88": 0.01020641388788209, "89": 0.010225037072704841, "90": 0.010127890679889843, "91": 0.010100051851300652, "92": 0.010066234919847594, "93": 0.010047613461228051, "94": 0.010033360427136116, "95": 0.010022326488169921, "96": 0.010019199374010891, "97": 0.010004620441849917, "98": 0.010030480014961957, "99": 0.0099497840666846}}