{"0": -3.523253832705466e-17, "1": 1.835534791274098e-15, "2": -1.1435604798138374e-15, "3": -6.204364744538956e-16, "4": -0.33663626479636616, "5": 0.8106681937616964, "6": -0.19379046209663964, "7": 0.13616781299050384, "8": -0.4164092798591943, "9": -4.587372411543091e-16, "10": 6.058137669548955e-16, "11": -5.848299538143733e-16, "12": 3.727374049248242e-16, "13": -7.015918253550435e-17, "14": -7.517361758324981e-17}